-0,1120483327	0,1145385172
4,5490443235	1,1704340673
0,4233599050	3,3057650294
-0,4078785767	-0,5020771691
0,8171809539	4,0409013354
5,1187388652	0,7017879603
1,2116667281	3,7299602825
0,2268474492	-1,0993231487
-0,4199981878	-0,5598105848
0,2873470235	2,7339044506
-0,8803980736	-0,9154258639
4,0349067992	-0,2968771460
0,2747795785	3,6735093707
0,7707163070	4,3766491388
0,8473120704	3,0617916377
-0,2293277627	3,6096456630
0,3461797447	4,1414646389
0,8451283888	3,5803674933
4,2112415748	0,6647939460
0,6637713257	3,6329574534
4,5482917635	0,7683764374
0,2170088877	3,7772784745
0,7692431262	3,5833337374
-0,5308933837	-0,7022657483
0,3292351222	3,1120074383
0,7630592156	3,5608722465
-0,4466692321	-0,7056014948
0,8463257047	3,0266123933
0,3280701555	3,2567549675
4,5568524873	0,6470635666
0,7470341343	3,3525973666
-0,8459779401	-0,8985267973
-0,8744898098	-0,5129580366
3,3783820784	0,9393829287
4,9392436628	1,0767792353
-0,1122319523	-0,4578282680
0,2314028161	3,7457139904
-0,8802505189	-0,1899339396
-0,9897486092	-0,8163149611
0,7250372696	3,9828078479
-0,7430650160	0,4324433402
-1,0183331317	-0,1829611099
-0,1225406586	-0,0124705740
-0,1350099223	-0,5653523089
-0,3596845649	-0,3993959453
4,4740412792	0,5346196457
0,4638094774	3,7841820646
-1,0455311287	-1,1534995558
0,8409602452	3,2180414431
0,3888164507	3,8084669426
0,5100463245	3,2498893662
4,2551672762	0,1944325957
0,9476118698	3,5645852063
0,2365751294	0,0633564252
-0,8279823019	-0,8946837500
4,7478391172	0,7471103407
-0,5853845636	-0,2384762937
0,3158294315	-0,3713675862
4,2771913582	1,0585686323
0,2575537864	3,4114313657
0,0915705708	-1,0646417887
-0,3440887685	3,3680223714
-0,8711701437	-0,2299556970
-0,2416813324	-0,9781561024
0,5366969358	3,1607333838
4,0661178652	-0,5561073688
0,8832340893	3,5615363963
0,2198591425	3,4523184261
0,2538021417	2,9617830257
4,4245266542	0,6662619133
0,2578486673	3,3497457614
0,4135005412	2,9966503205
4,2805599768	0,8682899330
-0,3686796040	-1,1983064020
-0,7019301773	-0,3721410124
0,7614631581	2,8566571093
4,5214767683	0,5804526327
-0,2917769584	0,0648267947
-1,3512880020	-0,5965072289
-0,9856282890	-0,6594500332
4,0218601555	0,6208717129
5,1835025866	0,5076440258
0,4679482607	3,2112192706
-0,0226216140	3,7318343668
-0,9516048186	-0,9671744190
-0,1910985155	-1,1743756409
1,0652475257	3,7446432577
4,4424115519	0,3662743637
-0,2814201530	-0,6606877857
4,1731139076	0,3830466996
0,4204823516	3,5002403123
-0,8650801212	-0,0610558429
4,8012357260	0,3691970126
-0,2855577927	-0,6487130304
0,0822078723	3,1342285356
0,4761751013	3,6000561774
-1,1890917291	-0,3312352398
-0,3800384661	-0,4936794295
0,5419046624	3,7959098506
-0,3922051589	-0,5188812825
0,9500568199	3,7104920839
-0,1197856175	0,1784464348
-0,2806841459	-0,1952877986
0,2917487606	2,7417231106
0,8444105692	2,8570330645
0,6769918611	3,8780571301
0,3563893888	4,1168118083
0,3214356542	3,9854430253
-0,0742978486	-1,1924075347
0,5437478650	3,6826810802
-0,2056820665	-0,5366379857
0,8128479912	3,8526383889
0,0339082959	3,9262650033
0,9919249437	3,3653558241
0,8908781893	3,4515903577
3,5856574001	0,4260252956
0,1463586828	4,0349204812
0,8402979853	3,4180405274
-0,9573128235	-1,2163652768
0,2200275196	3,3211105352
0,1500932671	-0,2245205921
-0,5468133412	-0,4473652851
0,6759629365	3,8895439906
-0,4998590273	-0,6472651677
0,9955548140	3,5090489561
4,6664624725	0,6809560072
5,0125039675	0,7914133865
0,4865081753	3,4299996310
4,6482816164	0,5934120007
0,2350503567	4,0796651415
-0,6444610293	0,2747473357
4,1235586957	1,0186929451
0,1852960301	-0,5980047521
0,1798920004	3,5265054355
0,4171499148	3,8576078977
4,8229242699	1,0143903622
-0,7090915491	0,1551838734
4,4283396368	0,3207984992
1,1487275688	3,6013422900
0,6259373363	4,1373658872
-0,1597410449	-0,2842772294
0,7809226859	3,6353593059
0,4180687286	3,8056095712
0,8966402806	3,2340009897
-0,1077855095	3,8503278638
-0,4593822666	-0,1485564966
0,3545331537	3,7230102290
-1,1263591501	-0,3773657934
3,8454643449	0,9083497967
4,0755739545	-0,1783039617
-0,3078909325	-0,3027306035
-0,3640647397	0,2140989403
4,3437835111	0,6629831559
4,2336138503	0,7270442137
0,1640361365	-1,0474700627
-0,7889464387	0,1472489832
1,1809591000	3,9147585428
-0,2077123621	3,7063136863
0,8958804049	3,4407115704
-0,5805598987	-0,1513530502
0,1285577876	3,0133702318
4,8281380379	0,1186694170
-0,0970196463	3,1133051616
0,3748404011	3,0500506131
0,0436826545	-0,9619976919
-0,6946799175	-0,0864290808
0,4488993387	4,2745082921
-1,1044835418	-0,2786336118
-0,1377625443	3,1532933040
4,7461675930	0,2002208047
-0,4614472669	-0,5886004789
-1,2510895956	-0,9762028385
4,4381982807	0,4994169940
0,4559455532	3,1121786336
-0,4164663311	-0,9905302257
-0,6567675765	-0,4494616892
-0,0900713510	4,0449362374
-0,5189752420	-0,3994256621
0,7299404161	4,1029113789
4,7388992768	0,7315068700
-0,7639636114	-0,4785891048
0,8336369524	3,5950516362
-0,1998475464	3,6450836267
0,8431970054	3,4394666499
4,6929244495	0,0336920818
4,7739165387	1,2732483024
-0,0904254893	3,7700333392
-0,0885787343	3,2263688701
4,7032064690	1,0649013293
-0,0630721188	-0,5202590012
-0,3423319623	-0,7600314618
0,5282478374	3,7328098705
1,1381100199	2,7792701091
0,5075723087	3,4262166083
5,0710536709	0,1610327518
0,0944944039	-0,0532263658
0,5771591525	4,0015861751
0,5267310737	-0,6422630556
-0,5751531546	0,0420296684
0,2697950234	3,6094365786
-0,3787426495	-0,6538527032
-0,9030626808	-0,5487264213
-0,3841318030	-0,9403205024
4,1617065629	0,3735324102
4,1855427703	0,4273387193
0,0645205862	-0,8468116036
4,4369550966	0,6614558665
0,9052532865	2,5756542324
0,6131235627	3,6343363056
4,2302268056	1,2541046451
0,1721249759	-0,0564072603
-0,0148234251	-0,3939645254
0,7968815707	4,3409275513
4,2526292966	0,0281514510
4,9049814807	0,4134782736
-0,9432402881	-0,6314640770
0,3382492571	3,9863693735
-0,2029417606	-0,3233511794
0,1240061823	-0,4670133320
0,8005571413	3,7706836055
-0,5506725967	-0,0769924656
5,1797186839	0,3939338886
4,6499165705	0,2781759470
1,0883647137	3,3458473904
0,0885929019	-0,7911992614
-1,0190498025	0,1024258676
-0,3041801501	-1,1978230386
-0,6808054034	3,2056573844
-0,2587085197	0,2869416322
4,0102768371	0,9505092814
0,1036087748	-0,2833176995
-0,6909163778	-0,3093516325
0,8030378808	3,9289886761
-0,5199692517	-0,2427401021
4,8679988036	0,5188347367
4,7136821733	0,8373285788
-0,4812665437	-0,6958030537
0,9195739838	2,8923242882
-0,7937114224	-1,0772693237
-0,7096981526	-0,0817173235
0,6690884090	3,4065537242
0,5345155497	3,5658270246
0,8940404675	3,1000139637
-0,9232107191	-0,5883474743
-1,1298513285	-0,3066528096
0,5118196875	3,0127078683
0,3542443127	3,6212594550
-0,4780624848	-0,9845412892
-0,3226810046	-0,3460203938
-0,4409358910	-1,8504821011
-0,9036605552	-0,4930038892
0,6253651585	3,4869025409
0,8626020786	3,7847759407
4,1608564383	0,4439087336
-0,1489403202	-0,6193177571
-0,1371145270	-0,3571717696
0,1619631385	3,6204112844
-0,2901857213	-0,4884439884
-0,1630259235	-0,4373000396
-0,8093177442	-1,0316721547
4,4941673564	0,8569700102
-0,4222188475	-0,2321781921
-0,0921450974	-0,4084345689
0,6160502830	4,0258067328
5,0518194941	0,1965853894
0,0950855393	2,9543706243
-0,4126636378	0,0872559777
-0,8845572489	-0,3254593883
-0,4825616847	-0,7775657765
4,2414219037	0,5820580874
-0,2451060278	3,2854902056
1,4043352110	3,5552028949
0,0874805216	3,5595056449
0,0947007352	3,2240115104
4,7325343786	-0,0208901712
4,0104213703	1,2135621509
0,9001824281	3,1832722308
4,4490739231	0,8788541178
4,8634621991	0,1991567682
0,1781106744	2,8533267475
0,1460704734	3,0669601319
4,8266703168	0,3914630011
0,3229702631	3,3150377739
-0,1119441020	-0,0906993309
4,6164627506	0,4789966170
-0,2495079074	-0,5690694673
4,8890407037	0,1584198651
5,1339046941	0,9272299017
0,7328666437	4,3427785131
4,2027153383	0,7538145070
0,6962192460	4,1685720883
0,0120071738	3,5810956884
0,2112255855	3,7058564747
4,2786254811	1,0949843157
0,8633675269	3,5870869147
4,4026776113	0,8133753411
0,2168393022	-0,4441932604
4,9059314503	0,5752617050
4,2664184549	1,3725947378
-0,3074224589	-0,3309193301
4,5339535684	0,0829680250
5,0547925727	1,1293778776
0,6404390620	4,4665085600
0,8894313503	3,3704894432
0,1625110723	3,2860643321
0,7528547049	3,5419575797
5,0779296085	0,3133716160
-0,5647032731	-0,9184246984
4,4292299465	0,6086728092
0,6344416062	3,7171463665
-0,2898225284	-1,1191687976
0,2944333461	3,6181663288
4,2836082674	0,5041744862
-1,3172482405	-0,0265373508
-0,1488665165	-0,8949378167
-0,4648921532	-0,4904999733
-1,0504036123	-0,3277447214
-0,5233687799	0,0895674550
4,3026322605	0,4068605309
0,8496466413	3,5210506320
0,3462705675	4,2121448099
-1,0021566663	-0,3259517398
0,8797929899	3,8600551447
-0,1698370220	-1,6028269805
-0,2828554587	-1,1636809327
-0,5411229714	-0,1773143682
4,4695202225	-0,0164832450
-0,9219821077	-0,1771957748
0,2225245343	2,8376476111
0,3315140560	3,6527551241
0,4701755723	2,9469220389
4,1372723690	0,4016930675
4,1391556500	0,3200366538
0,9490800216	2,8223803859
4,0421099899	0,4785284825
4,5077541598	1,2015589528
4,4192414524	0,4315295365
-1,1879307051	-0,5258683577
4,5034844609	0,0225518261
0,4073420188	3,5791026758
-0,9073489748	-0,2257859796
1,4819672752	4,1635118972
-0,3593035417	-0,6447759761
5,2827927110	0,9976443121
0,3903900944	3,1275940500
0,5888964936	2,7531143814
0,1966232131	-0,1267788724
0,2549766562	2,9089002051
4,1063461367	0,1748531119
-0,6325797490	-1,2097985253
-0,0122094332	3,6149210487
0,1350703930	3,4823201831
0,4661055745	4,0253334970
0,1095647790	3,4498589936
-0,5119314501	0,2571332562
0,0184155400	3,0352273943
4,6584709521	0,3731408551
-0,2164425454	-1,3300038830
0,6568512926	3,3638591535
0,5825111255	2,5617468313
0,9275360709	2,9574073947
4,6319998832	0,4579329393
3,9582249449	0,4623111705
0,2892873427	3,3141871195
0,8511151583	3,6552640474
-0,3180061688	-0,6432541726
1,6527771861	3,2739254099
4,1100754276	-0,2078951719
5,0552050454	0,3024256075
5,4222279056	0,7533097453
0,7071307005	3,7466130841
4,3467546580	0,2742588507
0,6220782299	3,8642288023
0,4348240948	3,9508976345
4,9529640913	0,3673954276
4,3229318547	1,0125372818
4,7548942099	0,4774558694
-0,2759185060	-0,6937703693
0,7813641522	2,8021443808
-0,3260816881	-0,9866314358
0,3466105633	3,1035825629
4,3910630765	0,3234245308
1,2317075650	3,7621470893
-0,8248175881	-1,0471937596
-0,1183982822	-0,5724260042
0,5516042031	3,8557800999
-0,0765168503	3,5668703808
0,9449321474	4,4270146334
4,7570406237	0,7178636252
0,5689600981	3,4087190975
-0,1769876155	3,3021034797
4,0927404775	0,5019032643
4,8083291298	0,1759946736
0,2169196305	3,4514907720
3,9118500771	1,3725358297
-0,9154730520	-0,9463655808
-0,8381721218	-0,5109753795
4,9708837405	1,5346721465
4,3687750877	0,2282597170
4,6071257135	0,6481357284
0,7275876347	3,3018795285
-0,7615559003	-0,6867979092
0,3627040460	3,3189270239
0,9091300124	4,0356023816
4,7384342530	0,7918182751
-0,5567653087	-0,3209100347
4,2562338977	0,6106090878
0,2288113537	2,9800222332
0,2091563209	0,5839491868
-0,5164797937	-0,2154279773
4,4652963677	0,4368914235
-1,2899335257	0,1362336563
0,0511515914	-1,4085755315
-0,9547503803	-1,0321070682
4,1972978812	0,7332340575
0,2726715045	3,8641430728
-0,5059133712	-0,9726393629
0,6033403597	3,4485888758
0,5282039494	3,7309669061
1,1542920451	3,5914910416
0,6120159769	3,2901184418
-0,2761204044	-0,6740631666
0,2193306601	3,5023991114
0,2542866523	3,6913300143
0,3755949986	2,7567627355
4,3529683442	0,3718376479
-0,3600413633	-0,9167046478
4,9417752154	-0,1753859165
-1,2275147458	-0,6546854855
4,7031838364	0,0670591604
4,8222155610	0,6222991958
3,8720496974	0,0352891152
1,0844633429	4,2263780156
0,2952068259	4,2871533433
-0,2804824867	-0,8350911065
0,1985326494	3,3602243804
4,0566352729	0,5650288975
-0,0695195402	-0,4703076751
4,4685698005	0,2763209290
3,9297212144	0,9499096702
0,9775196896	3,4775971679
4,9515790115	0,5642292813
-0,4321455620	-0,6411029109
4,9291504539	1,0644672508
4,2055687862	0,3054648881
-0,5233568658	-0,5667009817
-0,4290394059	-0,6814003244
4,9600553688	0,5066266013
4,3408527316	0,7734605302
-0,5155245455	-0,8583440570
0,3707432728	3,6720828171
0,1030001791	4,0148035190
0,1576016868	3,5436036561
-0,5173451289	-0,1058679231
-0,5515767119	-0,2943210963
0,7801397618	3,4465697158
0,3974875277	4,1581553908
3,8973168964	1,3177094108
-1,2757490853	0,1110890856
0,3171381413	3,1919991033
-0,0561494626	3,2693829943
5,0221131997	0,7575501283
3,8585437255	0,4187413236
4,2659997022	0,6555345244
4,4949835364	-0,2513132065
-0,5041394707	0,1466481633
-0,2389452865	3,5325590292
-0,3198345113	-0,5662816257
4,4718083101	0,6397994953
0,3824015503	3,6074747992
4,5434968461	1,0583407973
0,4783287912	3,6148892214
1,1048665563	3,4556098511
0,8412471077	2,7061749786
4,9298616314	1,0682825978
0,4750091495	3,1622434695
0,1136147169	3,0109149568
4,6125844955	-0,2076805128
-0,8656442566	-0,0552794837
-0,3291826013	-1,6097074278
4,4034323131	1,2976085151
4,4894382303	0,3414744365
-0,3001543303	-0,2680437978
-0,2592061896	-0,2952230990
-0,8529408516	-0,5592701604
-0,3048199906	-0,8729931173
-0,5406567540	-0,5850594037
-0,0278718809	3,2351326570
4,7809436585	0,8010139452
0,3090516253	3,0698244671
-0,9441517305	-0,0822040930
-0,8320876696	-0,5847871557
0,4836933489	3,9916265972
5,7077108102	0,7970182275
-0,7861143826	0,3315020936
1,0512818019	3,0781538105
-0,6561595528	-0,5714733730
0,4135514143	3,0425590037
-0,6236232201	-0,2066299443
-0,4552975161	-0,3196156492
0,6791252096	4,0492503760
4,1456782980	1,2409936638
-0,3720747144	0,0561992910
4,0225951442	0,6919017427
0,0301158783	-1,1575555169
0,7156351291	3,5543082084
0,8664765942	3,5891098090
-0,0682369466	-0,1685347527
0,2624577104	3,3999933785
4,4521267472	0,3763674738
-0,2721578222	-0,5769324136
0,7472785071	3,7081559569
-0,2936983563	3,0504108877
4,7343486067	1,0653383335
-0,5844854425	-0,7021781678
0,6545024303	3,7951714536
-0,4049232850	-0,9149604639
0,6297184291	3,4853335513
0,1573384630	3,4050739721
-0,6217953238	-0,0493152220
4,4791670438	-0,0488649106
5,3193402095	0,6269438686
3,8849614266	1,5198129876
0,3970114943	3,5371433008
0,5785569597	3,1314296893
-0,3579618565	-0,0433281354
-0,7086210036	-0,4144096478
4,6809889103	0,6159126212
4,6197995599	0,8410240826
4,8276799868	-0,1459091822
5,3019414037	0,4360711308
-0,4868142732	-0,4276483225
4,6676108080	0,3939772699
-0,6098593495	2,9875990853
4,4907350593	0,6393806093
-0,9311284920	-0,3964561351
1,3046068015	3,4827920732
-0,0880438740	-0,9199306279
-0,0521583250	-0,7882357522
3,8856252943	0,0225046294
5,0965909348	1,3976960588
0,1468323608	3,5485066821
0,0828480163	-0,1727455589
0,1757521745	3,3320504319
4,5542108853	-0,3512216301
0,5874179705	3,6310675416
-0,0397512569	3,7440542340
-0,6214280220	-0,0883183462
4,9520554450	-0,0693908065
0,7361836956	4,3471872168
-0,0044199744	0,0400932828
4,4376082645	0,7465103183
4,5689688672	0,7914708757
-0,7487856050	-0,4204784842
3,7945277887	1,0305337564
4,7848414699	-0,0012411643
-1,1017737300	-0,1640986484
-0,7077421031	-0,4745167804
-0,7250724528	-0,2240565650
-0,9157821525	-0,3073311977
-0,6158002426	0,1434820755
-0,3104864860	-0,7435316308
4,3194974165	1,0553558090
4,1461530415	0,7290368846
4,8830086243	0,5800752460
-0,2218818232	-0,5899875573
0,8824359989	3,5022596159
4,4987561496	0,7415407590
3,9657957458	-0,1293103941
4,4759353696	0,6475595909
-0,8003910673	-0,4192628957
-0,7691344010	-0,6795758428
-0,5098455481	-0,7450696761
-0,5034339010	-0,4970663712
4,0521879780	0,0591642163
-0,2752559251	-0,4560130479
0,2829024062	3,7416302120
0,2710721114	-0,4268337018
0,0581793265	3,6968840554
3,9535084699	1,4306731646
-0,5819375577	-0,8549320094
0,1027374280	3,5496441777
0,1239660483	-1,4041969036
5,1134878992	0,5145080383
0,2956311215	2,7026241261
4,1576549514	0,7773058493
0,8674823204	3,6988462588
-0,7163925134	-0,7403607092
0,0957283893	3,0461494979
-1,0502426536	0,3067821993
0,5419987236	2,7090216235
0,6303977867	3,2640940687
-0,8113831726	-0,2315572685
5,0107293551	0,0890473654
4,5508113541	0,7704153849
0,8633165634	3,1054973803
-0,2280626447	3,4464976123
-0,5969256707	-1,1751965602
4,7399855755	0,5975213437
3,4982976924	-0,3692010910
-0,5594821406	-1,1212723743
-0,8206220816	-0,8997734051
0,6144024518	2,7647328419
-0,3096037220	-1,0675053902
0,3169813950	3,5377857107
4,2259879029	0,2513926562
-0,5417544293	0,6299609399
0,1478841931	3,3406146431
3,5856300785	0,6688891341
0,4669818308	3,2377913269
4,1936632780	0,4669475069
4,4084273471	-0,0303583247
0,2848745889	-0,3346555040
0,8966997336	3,3428384189
0,1930562531	3,4732298958
0,9158853130	3,8001948026
4,6785594419	0,2916119275
3,4852547679	0,6329951389
5,1434823654	0,3197993422
0,5185546091	3,5185601804
-0,9932231478	-0,6011055545
0,0807617258	3,3744856731
-0,6771222462	-0,9150379755
4,1137624551	0,2362063081
4,9145890677	0,1842736131
0,9933995954	3,4650168073
-0,1462043339	-0,3521066716
-0,0479535110	-0,2881506668
1,1415533185	3,0146854149
0,2781193885	-0,8512654566
-0,1517958643	3,3550169955
-0,1597136878	-0,6868364988
4,5605600590	-0,0438916610
4,9904538612	0,8475508855
-0,3664357256	0,0913666191
4,9908511744	0,7429502324
-0,6363327044	-0,0984139156
4,3294403510	0,9820268240
3,7805580860	1,1886981642
0,0831361621	3,1606831596
-0,3089741615	-0,5828983041
0,6352449200	3,2239926797
1,1754553244	3,4841879778
4,7164215975	0,5813832570
0,5850728023	3,5224875568
-1,1341981152	-0,9956402300
-0,6045191287	-0,8795965224
0,5922850752	2,8521820683
3,8881757837	0,3244541134
-0,8409534338	-0,0071159664
0,1209936593	3,9344211572
4,1499853440	0,6533430314
-1,2394073512	-0,4990762321
0,4921869710	3,1596917594
-0,8555465224	-1,0569929272
0,1392757121	4,1449019797
0,4678488999	3,2410616628
0,0700848197	-0,9667119001
0,6408046776	3,5966325098
0,3207297394	-0,1517242773
4,7918647323	0,5049061105
0,6848165106	3,7799889273
0,4436272809	3,3116103544
0,8649296876	3,3048500227
0,6042097242	3,1171349767
-0,3532447610	-0,3107170709
0,2045087473	3,2989170091
-0,4240155071	-0,3602148233
4,3474158585	0,8933566457
-0,3946055743	-0,8119939676
-0,6606788153	-0,7098848110
-0,8055187933	-0,2642392047
4,9311000008	1,3052090400
0,6726290080	3,8217995076
0,4692721675	3,8367514971
0,2872097392	3,8223513215
-0,0074670649	-0,8942809960
-0,5544445483	-0,2673909832
-0,5197465477	-0,0876139672
0,0641445554	3,5480099573
-1,2520472775	-0,5027958606
4,1320801936	0,1956001941
4,5236096957	0,7612658599
-0,1865931750	2,8182982105
4,3240319817	0,7028663393
-0,8066346384	-1,0031932324
5,0052651051	0,4631364589
4,4295618428	-0,0137393787
-0,1461457676	-0,9590083538
0,4813840923	3,0059839596
-0,1546982475	-0,2967946234
0,7607609123	3,4043286707
0,2321385886	4,7568352716
0,5151869662	3,7646449486
-0,4954671972	0,0487802588
0,3134747487	-0,9050131795
0,5058168642	3,6638616207
3,7782574299	0,9491494774
-1,0253872519	-0,6898254829
0,5568095631	3,7619481801
4,3723893117	0,3305049042
0,8332186819	3,3018089690
0,1854289618	3,1384154330
0,4672712154	3,5392569758
3,8661677231	0,2802926687
4,1177742573	0,0147667503
4,5588840796	0,2404847286
0,9065883911	2,8525692189
4,0283660317	0,5842606234
0,4732253942	3,4694956932
-0,8220326037	-0,2476303573
4,4754077513	-0,3400879318
-1,0053315964	-0,4940935800
0,8185779803	3,4072036061
-0,2950606034	-0,7172026736
4,9170315009	0,1804857920
0,1171570500	3,4434886841
0,5351816275	3,0277172861
4,3827944632	-0,0090962574
0,8408177484	3,5592869291
-0,0511310625	0,1720783196
1,1400676300	3,1808306851
-0,0944714376	-1,0306362198
-0,1261645402	-0,9966687922
-1,0044464916	-0,1553868452
1,3381170715	2,3268768122
0,4666361838	3,7025417275
1,0291317723	3,2378465560
-1,1175097685	-0,7215281415
-0,2300567868	2,8497511889
0,0669607254	-0,5597028419
0,3575775342	2,9388266455
0,2037012561	3,9222012331
0,4853285249	-0,7403105858
3,7270030970	0,6483840458
0,2029013136	3,7657137887
0,1366748890	3,3890046739
4,7417247888	0,8700409707
3,8174720254	0,2502068539
-0,1619493000	-1,0101361885
0,4493590859	3,2304296394
1,0998025074	3,2467184457
-0,3923559165	0,1135190798
3,7746833340	-0,0006786915
-0,6189386533	-0,7208695280
5,3237460879	0,5407090710
3,9830268037	0,1725865441
5,0156672528	1,0592809172
-0,0088885064	3,0125179203
-0,4186649606	-0,4963936968
4,1410438191	0,6153304147
-0,9242722608	-0,2630874723
4,3792340925	0,4913513964
0,0080283167	3,4878951723
-0,0446764548	3,8156736407
-1,3306631539	-0,0142513692
4,6467448971	0,7645978862
4,9195778184	-0,4857720462
-0,7481603809	-0,2192673034
0,5143885292	3,2574651680
-0,5424327865	3,1252985499
4,1111800532	1,0230770934
0,4800423600	2,9942031512
0,1155880554	3,0990152529
4,3559893930	0,0782111694
-0,2192807761	3,4260539960
0,1609092963	-0,0235193036
-1,1604842496	-0,7093912382
0,0478404841	-0,5486015708
0,3372680944	3,1121856793
-0,3847047742	-0,4203116164
0,9226796363	3,6307287864
-0,7306497546	-0,4196020407
-0,8939541452	-0,3513768395
-1,0122757734	-0,8184236196
4,7405692872	0,7060774379
-0,9859574030	-0,4305768128
4,5087715585	0,7615822955
-0,1774647913	-1,3716878249
-0,0687398038	3,2791169827
1,0144088634	3,7170443149
0,2018931959	3,3106217596
4,2342136712	1,0360027965
-0,8614319208	-0,2767778301
4,7289114856	0,0792164292
-0,9371007395	0,2718673717
4,8619737834	1,2195321834
3,8595978770	1,1096962931
0,1720961509	-0,5150800467
4,2628754012	0,6275904816
0,2898368334	3,0301209899
0,3039299511	3,7304680915
0,4136587071	3,6857923788
0,5365463555	4,1206061069
0,2532944675	3,6949503635
0,3594594655	2,7514762135
4,3672712002	0,8279334539
-0,8486282944	-0,1922055017
1,0002417178	3,3945774691
0,6272463423	2,8881302913
0,6959497242	4,2405167806
4,3118783812	0,4333575607
-0,0982403179	3,1592203309
0,1133851433	-0,3603315235
4,2314327373	0,0232695375
-0,2267802923	-0,6913722773
0,0582035795	3,8019597218
1,2928876745	4,3345646943
3,9095327022	0,6376102674
4,2190638334	0,5176323757
-1,0996359171	-0,3713056501
-0,0419911016	3,0999800135
5,1840620937	1,2402414097
-1,0429392906	0,1031679168
0,9818881990	3,7105198081
-0,4726383748	-0,4387769932
5,5006624660	-0,0215074130
4,4050558133	0,2879466139
3,8629495241	0,4160447217
1,3095614230	3,1953962823
0,6417220230	3,9294164783
-0,0662204365	-0,2901062629
-0,6014529240	-0,2749337544
4,4803101418	0,0800040516
3,8721953022	-0,1694656556
-0,1020738647	-0,3740490061
-1,1192865951	-0,5601410233
0,5352466080	3,1161855782
-0,1368426463	-1,1145631483
-0,7162310720	-0,3437083391
3,6254638124	0,7090027806
0,3960723968	3,7284548044
0,9392245583	3,9552481259
0,3046583919	3,8623546994
4,3726932208	1,0921370966
0,2529767817	3,3311704625
0,0396995400	3,7911806463
0,0167528472	3,1323232440
4,3838100152	0,3137658825
5,1142901064	0,7879221316
5,2204081647	0,5895229096
-0,4332022808	-0,3033293059
5,3768454537	0,2414144025
0,0819773316	2,8727977103
0,7664799939	4,6279456508
4,2869162635	0,4798086649
-0,8881890493	-0,9371018772
0,4458821394	3,7380177008
-0,0831966964	3,3497187420
0,7655358913	2,5689030804
4,1339906770	0,5521609518
4,0900067926	0,6228298711
-0,1289102641	3,8925722098
-1,1079074488	-0,3255342014
4,9980739802	-0,1844141926
4,0207652409	1,2813625213
-0,6278508499	-0,6677381044
4,3766317924	0,3522124715
-0,4298068711	-1,0517097126
4,0104811949	0,3784170740
4,9633256241	-1,0542374432
4,4986661935	-0,5521726513
4,2568458082	1,0835675054
-0,1453349049	3,7995301913
5,1768995355	0,3579026777
0,0319102384	2,8678217681
-1,3310675170	-0,4217728765
-0,3930738637	3,2561162901
-1,2422294507	-0,3159829030
4,8406431823	0,1255683808
0,4999217702	3,7472023426
0,1773757126	3,4329351895
0,7366111047	3,4972008737
0,9950881298	3,4559375157
-0,4400001115	-0,8836947456
0,5711679764	4,8462749532
-0,5320220169	-0,0942189572
-0,9965580317	-0,0141808530
4,7237181046	0,3876558098
-0,1629166990	0,0450316887
-0,3096811999	-0,4466285023
0,4557951510	3,3663341485
4,2963334237	0,7356697893
-0,4001468149	0,2256090502
0,6075319914	3,1170384480
-0,1281484105	3,6874017304
0,1741495272	3,5203465950
4,2110193122	1,1666767941
0,3541358772	4,0869879893
-0,7880896099	-0,1894373356
0,8029368197	2,7080590131
0,2518370832	3,5852669919
0,8377264877	3,7485017743
0,6386688061	3,6663143998
-0,4841403574	-0,7256489108
0,2146335353	-0,4511527713
4,4647249557	0,7596172867
0,3628336959	3,0757120376
-0,5278224818	-0,2983045207
4,6961124325	0,8807222287
0,4676722502	3,2754267975
-0,5517141081	-0,3227779253
0,7037657042	3,9938050665
0,5933034130	3,3991894088
-0,4515755550	2,6634220422
3,7699974209	1,3373122636
4,2875362193	0,6050093125
0,0854217001	-0,9101207692
-0,7424223948	-0,4352777820
-0,2982497698	-0,7209925219
3,8913997343	0,4580276826
0,2121110906	3,6432537648
4,8374795477	-0,3238337575
1,1584409890	2,7586453667
-0,2480243625	2,9278230690
-1,0814010539	-0,2479165270
4,8590117989	0,3194119105
4,8709751317	0,3738204136
4,3794875246	0,9144836637
-0,1163338380	-0,6845330681
-0,4117060828	-0,5698313166
0,5503820638	3,1522863772
-0,0969318978	-0,9639694311
0,9441576119	3,4711857133
0,6835748599	3,3447912440
-0,6051802904	-0,5591734317
4,9869537847	0,4261120395
-0,2918040026	-0,7285087808
0,0611768911	-0,6781523072
3,7971862321	0,5945325149
-0,5714129399	-0,7038666944
-0,6107233344	-0,6190378923
5,0693078837	0,1255355360
0,7335866768	2,5635759246
4,3651275964	-0,3505899329
0,4077686441	3,2475888565
4,1629811330	0,1375530731
5,1112460426	0,9931217030
-1,2095281903	-0,5104995151
4,7876055860	0,2349311031
-0,4039802893	0,0229976332
1,2126507824	3,7666029885
-0,6094884317	-0,1831735635
0,8249783910	3,6338616207
4,4854705684	0,5305041280
-0,0337706288	3,9162670394
4,4531460272	0,4528685170
-0,0701534829	-1,0218299309
0,2195446117	2,6772684782
4,5104201026	0,6151668760
4,8768039084	0,3765743896
3,8647919796	0,2715802235
0,0873706805	-0,3056871398
3,7264201473	-0,2085877560
4,7522669982	0,8004349138
-0,0291837268	-0,8007243733
0,0515037452	3,9063776439
0,3440591265	3,5855242389
0,1139975874	4,0039983162
4,8475690522	0,6112353298
-0,8326408481	-0,6778416644
-1,5494798468	-0,2592405819
0,1123583202	3,4132659427
4,8468714364	0,3851780831
4,2290045232	-0,0095925378
4,9165385378	0,3395763354
4,9420248790	0,5470696399
0,4340485200	3,0910813384
0,5783558119	2,9503895360
-0,0010311105	-0,8142493650
0,3126140636	3,1219154419
0,3181463274	3,3145892273
0,3427737839	3,6072229150
4,4697730887	0,2030392895
-1,2760816221	-0,9654372623
-0,5536047768	-0,7536783824
0,5321745217	3,3513791708
0,1774154490	-0,3033921459
-0,0921965838	-0,3172514438
4,8021279347	0,9703658555
-1,0354109731	0,0632075486
0,3338631489	3,0194519244
0,3369360395	3,8085966663
0,0097366004	3,6461297596
0,1352856231	-0,2031462953
0,4244213633	3,1793596107
4,4018687510	1,5750837696
0,4998983451	3,2924199789
4,5556938662	0,3292401731
-0,2324088182	0,0623476685
1,0455487436	3,6458601260
0,2970491128	3,2430632613
4,4822196523	0,3442004102
0,8310779812	2,6144888193
-0,5326587429	-0,3185791643
-0,8226334848	-0,5764079463
0,2135757506	4,0829035191
-0,6867873269	-0,6777090118
0,9296222865	3,5569327451
1,1615306927	3,3687723285
0,7144211060	3,3167698291
-0,1487238247	-0,8594987023
-0,9443245044	-0,6128645359
0,3683866644	3,7410392907
0,1639946820	3,6704818609
0,7081648298	3,2995143839
-0,2876286744	3,6292723922
0,4175183583	3,6400362248
0,0398415122	3,7054973476
4,6746223445	0,8280715499
5,3481751983	0,5954764572
-1,0083956043	-0,0650337264
0,8887606739	3,9179188623
1,0714945299	3,1601157547
3,6783683518	-0,2303823571
0,2040138428	3,7569193304
0,1703216794	-0,7750490591
-0,5026227448	-0,7450440190
-0,1522946810	0,1148454334
4,4016166439	0,6786000760
0,2640710440	3,8539167670
0,5100985427	3,9076578422
0,6179146925	4,1848694351
3,5962306647	0,8513697509
0,6286945702	3,0997542424
1,1909462674	3,4985366009
4,5004043312	-0,0263040237
0,0600792574	4,2247799277
0,4639373453	3,6574762943
4,3343331565	0,7577082367
0,6803200154	3,8776683954
0,7768084395	3,4382223099
-0,1556704912	-0,3403824250
-0,4310735447	-1,0106388075
0,2084952888	0,5536291590
-0,1928633052	-0,5569822812
1,3165718247	3,9235468934
3,8486968668	0,9483782052
-0,3248668381	-0,1912174075
-1,6208335305	-1,3637644794
-0,6032282490	-0,3687323176
0,5499462388	4,1896456892
4,6209971920	0,5294407813
3,9763452306	0,6354158328
0,2021359228	4,2583334262
0,5735304692	3,4223480432
-0,7856019020	-0,6252419794
-0,1062040959	3,1282976071
-0,1852916647	3,0199280485
4,2139454867	0,6346306456
0,7381071169	3,5667768394
-0,4949305949	-0,1427032117
0,4036516356	3,5554805764
-1,1240639966	-0,3951907417
-0,4304564162	-0,8862466176
5,0380965807	0,8327704768
-0,3278450503	-0,3421994957
0,6172699052	2,8233974304
4,4734703905	0,3995344547
5,0150233660	1,1159394757
0,0796431334	3,4485229645
4,2054591857	0,2204133987
1,3064829666	3,8565823444
4,0706338174	1,0957062577
5,1768653685	0,3851955112
0,5624638833	3,2455435691
5,0379291617	0,7657972536
-0,8626729634	-0,7150210509
-0,2091603398	-0,4876108124
0,7736118167	3,6130601046
0,0440043819	3,3130461326
0,6238693365	3,6935272207
3,7970136407	-0,0268941742
4,2444998145	0,1245032762
0,4589703476	3,7229219092
0,7729401305	2,8706264944
4,1442191801	1,0601322772
-0,6597488799	-1,2236835997
-0,5095941931	-0,0327171295
4,4002047498	0,3124871192
-0,0169256710	-0,6677648542
0,0361410100	3,9826740174
-0,3736900375	-1,0285756542
-0,2914656562	-0,8510940746
-0,8265420596	-0,3891981232
0,7237413314	3,6414095540
-1,1333251669	-0,2539608261
4,1962207376	0,4255327039
0,2747268595	3,1477073072
-0,2048451647	3,3760375543
-0,1333677829	3,5248101110
5,3873534848	0,7919252872
3,8887347013	0,4478193972
0,9734450363	3,9045962731
0,8188607908	3,8084998926
-0,4286953984	-0,3608142576
-0,9522461411	-0,7364319156
-0,8441600812	-0,9396306862
-0,0326820140	3,1508396057
-0,6741504480	-0,5255414270
4,5157061295	1,5289974516
-0,9088841241	-0,5303253941
-0,4406568898	-0,5134949864
4,4070917246	-0,0744041295
-0,9172327872	-1,3681959107
4,4340458574	0,8080782665
0,2920089847	3,6108564073
4,2126379276	0,6241110706
-1,0633029785	-0,6638264471
0,6192979842	3,4271204954
-0,8706659499	-0,3909701421
4,7101989542	0,3412048449
-0,0776196582	3,5034774880
4,5667634789	-0,0336062612
0,2212859616	3,1207060110
-0,8634235818	-0,2401347375
0,4478376344	3,5636862503
-0,6138483453	-0,6768234411
-1,1556764875	-0,9499877383
5,1046277477	0,5902809360
0,3470652457	2,6942358577
0,3161525321	3,4004795106
-0,6985827455	-0,8619833377
0,9762997232	3,1491265240
-0,1711949354	3,7401286692
3,2726824597	1,2459411971
4,3687498692	0,9482048205
1,0471484955	3,3894204399
0,6150142221	3,4904361017
5,1667768047	1,4106617110
0,3976751078	0,0997535383
-0,6532608948	-0,7272421331
4,1086518746	1,1215629387
0,6236633630	3,6952025522
-0,1468941240	3,4610082614
0,6877800873	4,1769719565
-0,2667687657	4,0555194492
4,8407135325	0,8938546900
5,0812279914	0,7489676783
4,7156775234	0,5840616321
-0,2166025867	-0,5292566700
-0,7766301920	-0,3945968683
-0,9401939633	-0,2441395189
0,4051156091	3,2641206013
-0,9644811452	-0,7656438984
-0,9767321927	-0,3147225925
-0,2421812950	-0,7145972307
0,0912707087	3,5646072691
-0,2574022562	4,1451883626
4,2366893294	0,1378774169
0,2068658944	3,4289299249
4,5712071724	0,1885296630
0,9058722147	3,3346982614
-0,5651580056	-0,0383942714
-0,7434002353	-0,3332487338
-0,5172750636	-0,1957793207
-0,4933693642	-0,7586931591
-0,7683981405	-1,1014462532
4,9976749807	-0,3865671950
-0,1170631117	-0,7737953378
0,9757718113	3,1986940410
0,2885018545	3,5291971312
-0,3454901408	-0,7222699835
4,1733034741	0,7975797277
0,8060582513	3,4362358686
-0,7523119487	-1,1877904158
0,3267430344	0,4810521878
0,7047333069	3,6310452705
5,7295387906	-0,0722292149
4,4353059882	-0,0377418663
4,9970053916	0,5625955060
0,4290802259	3,9312561523
-0,2261300551	-1,1421024187
-0,4001372076	-1,0131932476
4,7848929935	-0,7490113700
0,1392353227	3,7250883585
-0,6715169089	-1,2029009666
4,9096909383	0,6214330257
-0,2750014237	-0,6103566237
5,1950888360	0,4787131463
0,3673084065	4,4229042628
-0,8222386911	-0,5855413265
0,8027291438	3,3941751208
0,1854825579	2,7122872659
3,8637581606	0,3493090602
-0,7769037278	-0,4578835684
0,8921127304	3,6220350045
1,2608832216	3,1682655216
-0,9335366970	-0,9110258896
5,1719395250	0,6730473233
-0,0418887002	-0,6232814406
1,4307570046	3,8709797938
0,2012901837	4,1817584797
4,8262377879	0,9555174874
4,2742792120	0,4283228854
4,1027707472	0,6522083589
-0,7271947098	-1,0741051265
-0,5766279451	-0,4668730029
0,1515367261	3,0761255077
0,3929993084	3,8168466110
-0,2551347787	-0,1739664932
0,7931723329	3,0401768420
4,5428168856	0,6744823819
-1,1700501114	-0,9824169928
-0,2730948185	-0,3123041084
-1,2215163347	-0,6386598732
-0,7559715377	-0,1104933695
4,4609430762	0,6953567371
0,3802092226	3,2662241182
-0,3798709970	-0,7038573359
-0,4359531095	-0,8926193442
-0,6406829816	-1,3295116007
-0,1312982736	2,9846865648
3,9902139486	-0,1786515529
-0,9250366770	-0,2023193945
0,1436826508	3,5913946892
-0,8403191713	-0,8526691868
0,9884473650	2,8333252166
4,5957210587	0,4620355819
-0,5450168212	-1,7459275037
0,2266085780	3,1190992706
-1,1433567782	-0,4090872968
-0,4069162510	-0,9304965974
1,0614559228	2,8560178475
5,0305679290	0,7806928027
1,0075663081	3,1311407343
0,0692181550	3,4996551201
-0,4360506164	4,1012893625
3,8527430753	0,0021169129
5,1763212878	0,7470443030
4,2913200749	0,2830728703
-1,2218505593	-0,3685434970
3,7887313211	1,1185493591
4,7916996289	0,9198389588
0,0952458637	3,8130011987
-0,3896714525	0,5170781551
0,7858015179	3,1556731799
-0,3279075522	-0,4909887752
-0,7405483999	-0,6779712055
-0,5716595077	-0,2010669941
-0,1034244125	-0,8280321475
-0,5208513345	-1,0971244444
0,4864258489	4,3949251518
0,3452637317	4,2027382634
3,6512634780	1,4995641514
-0,2003250544	-0,6778472555
5,3481164988	0,6568405004
1,0064061984	3,3802598975
0,5527954802	4,1263008432
-0,0705202780	-0,6481056511
4,4778256409	0,9648258609
-0,8989719689	-0,4931217721
0,6340487154	3,7840827351
-0,6601628496	-0,5534774128
0,9106810669	3,2531957988
3,7639739040	0,7042842036
-0,3550160889	-0,7109607762
4,3178590875	0,6743541812
0,0298972372	3,0416031480
-0,4351454523	-0,4333347569
0,9397210627	3,2368081897
-0,3833662394	3,0600255987
0,9774745659	3,7469798913
-0,2166430980	-0,4398454235
4,4845534505	0,1974047964
-0,2712043183	-1,4849080167
0,7030254301	3,3370162764
0,4994509152	3,3248206874
4,1453622922	1,1822265131
0,3653995185	2,9613475412
0,0970730932	3,5258053866
0,0547123138	3,7325356533
-1,0755171562	-0,0903062974
-0,9517195954	-0,2101046873
0,4109937945	3,7692147217
1,3762150058	3,3656499675
0,2178355806	4,2575888394
4,6425873483	0,1914067012
0,3634091298	-0,8834520755
-0,8042933230	-1,0313445318
4,4864471497	-0,0592326811
-0,4086632744	0,1665596542
4,5692696495	0,6786623996
-0,5490107296	-0,4617959389
0,0904291591	3,6663464945
-0,5498253477	-0,6189054485
0,5566878798	2,9996141548
0,3314360332	3,3764248532
0,5081270796	2,7140520924
-0,3262110199	-0,3491512063
-0,0823693217	4,1795747718
-0,4540828474	-0,5069012736
4,0344135625	0,2823713756
0,4922399786	4,0522509705
0,0523152922	0,1752696613
-0,4681868599	-0,9028911523
4,8840413125	0,7825863812
-0,7543692083	-0,2376340354
-0,7057747249	-0,6654551356
-0,3642019321	-0,3727114339
4,5203068701	0,7653436475
4,6771041757	0,9590504122
4,9834315158	0,0110161323
-0,2384547100	-0,7953480056
0,0870396933	-0,6019318048
-0,6726860172	-0,5748898575
-1,1117775638	-0,3147121699
0,8268814560	3,7361727423
-0,1988787959	3,0359713139
0,1606648704	3,6111836074
0,6903531504	2,9107161667
-0,3180462715	-0,2834169833
0,3352606945	0,0710872253
4,5028622475	0,0761258785
4,1819771686	0,4899841005
0,1571379281	3,6131029107
-0,1255323185	3,2229928361
0,7164922748	4,1182261091
4,5443335387	-0,0406569152
4,7568182572	1,1511948223
-0,4430877902	-0,6147294609
-0,9982093993	-0,1356330320
4,6759194359	0,9915839581
4,1636894254	0,9478904561
4,2024557103	0,6167815609
1,1778521809	3,5537830463
4,2515718439	0,9046711456
0,8584878288	3,9734234082
0,6070002177	3,3358708472
0,4356379611	3,2101515372
1,1611315980	3,7376937338
0,8446363496	4,0365571250
-0,4396705922	-0,7591254917
3,5620567711	0,4862289815
-0,0203953643	3,3826160351
-1,0718734394	-0,0236786487
0,1926939525	3,7038947673
0,0745351443	3,4370473359
0,3427669061	3,3682142267
0,6935568669	3,4089413078
-1,0720619473	-0,2044611735
-0,0563863622	-0,6357373512
4,3187085648	0,7145641852
0,6737252422	3,6813509057
0,5859831275	3,4485640007
-1,2936142349	-0,4309014786
-0,7818011472	-0,5227912643
4,9370666623	0,2793654651
-0,7304037880	-0,2043353680
-0,6328687096	-0,9150812478
4,4874198459	0,9281922149
4,8314017357	0,8533160048
0,7169230921	4,2877111943
3,6861413364	0,1963557034
4,0551852818	0,0356787471
0,3409479136	2,7691835985
-0,7361295353	-0,3781920306
-1,3655476735	0,0165081359
-0,0676497990	-0,7459250809
-0,8525149062	-0,8253016757
1,2266393519	2,8225229914
1,0001811124	3,9590879511
0,2647032210	2,9876341668
-0,8427152425	-0,4489234395
-0,9498909531	-0,4809416566
4,3228900896	0,0686982900
0,3604221557	3,9057579098
-0,5842628560	-0,7280736091
-0,9608629849	-0,7355158708
0,2311380083	4,1221099688
-0,5498368423	-0,2098757830
-0,7909201848	-0,8270652223
3,8272496628	0,8813655148
5,0192001214	0,0357258011
-0,3897907246	-1,0404287357
-1,2968714235	-0,1181048792
4,8305811667	0,5836397267
0,5827087438	2,7896408036
-0,5327228746	-0,7737291322
1,0856183242	3,4553860617
-1,0194071362	-0,0989918501
-0,5507654069	-0,7123911682
-0,1254851774	-0,6969145821
0,8071278315	3,3246597495
4,0776600306	0,5505381951
0,2470820785	4,2537400009
-0,5046712205	-0,9545945622
-0,2118963683	-0,4749140366
-0,2812721236	-0,3194109738
0,6377241001	3,7382944454
4,2349895146	0,1346641400
-0,7961838671	-0,7670889174
5,1601451026	0,2138430297
1,4940759562	3,1905669962
-0,9588204526	-0,4249988847
0,3644332004	3,6615413163
0,8134203422	3,6483786345
0,4040789772	4,0556611448
5,1062169143	0,7818370650
4,3534552801	1,3125556710
-0,3896700815	-0,2316011698
0,2604427849	4,1503856090
0,2537955465	3,0558675158
-0,6268134702	-1,3263684872
0,5043484158	3,6367529510
-0,0015882668	-0,6056925233
3,5696215011	0,4534751246
4,6751583923	1,2495970906
3,9279151096	0,2565803825
0,0192098320	0,3652281851
4,7461209283	0,7588143827
-1,1256576079	-0,2868674800
-0,0058647013	-0,5580142308
4,6404493475	0,3830252990
3,9287877112	0,7613700082
4,9526326870	0,8330427364
-0,2365012506	4,0618770961
-0,4815606437	-0,3137638467
-0,8112651553	-1,0697248835
-0,5074575996	0,0261949601
-0,2654370589	-1,1047615794
-0,4246593086	-0,8332894368
-1,0668957441	-0,3592851553
0,1094646688	3,8027444567
4,4941559296	0,0440539077
4,5462452822	0,1833721111
4,1530243851	0,1779664409
1,3813026074	3,2366853346
0,4603369738	2,7207315873
-0,3546459246	-0,6721505871
0,9738375645	3,5140531316
4,2567791115	0,4000296051
0,2848445154	2,6579419319
-0,0481009036	2,6294950503
0,1186721964	0,1219753694
0,4072710217	3,7482486367
4,3448880923	1,3824046794
0,8818718761	3,3474365116
-0,3600734595	3,4320563167
0,1835726198	-0,9695296639
4,1342351622	1,1932406501
4,6117576607	0,0879577345
-0,7279985511	-0,9853962742
-0,0372754778	3,1623008102
1,0093516773	3,7321040026
4,6278401211	0,7406362487
-0,5780600822	-0,4634829803
0,6516619656	3,4632043007
5,1778394625	0,3036667894
0,6011964825	3,5939386402
4,3759724121	0,4799814434
4,2980091569	0,1343256629
-0,1529603210	-0,7490099123
0,3455204810	3,0467570381
0,8646268305	4,1343093243
3,9169588486	0,2390390285
-0,3952963249	-0,4850508760
0,7067375053	3,8116623556
0,1153711217	3,5752474780
0,6512590926	3,5459645073
-0,0463675262	-0,9171541299
0,4928200434	2,9936519233
-0,9225835852	-0,4325947649
5,3499832361	1,0319110897
0,3546774860	4,5232745684
4,9399093550	0,2461340263
-0,0022754737	-0,6563712706
0,6506274209	3,6366281205
0,7774579712	3,7729968691
0,4546330461	3,3331933780
0,5601784805	2,9694357653
0,2137773753	3,5464842664
-0,4351834240	-0,6691828303
1,0105808789	3,3644521136
5,0028557621	0,6876544361
0,7779117753	3,9523271106
4,8182992272	0,2987397950
-0,0306748699	-0,4356081267
-0,4112514660	-0,4300483507
0,9630318837	4,1469424243
-0,2719164525	-0,9615706585
3,8725547951	0,4564018443
4,1556340820	0,4727254758
0,4614658947	4,0179446461
-0,4649510050	-0,6796296416
0,8730943213	3,6592242797
4,3661715999	0,2900981876
-0,2381074526	-0,0782259698
4,1485016583	1,0571022646
4,9232361627	0,7856863002
-0,1583753023	-0,2900405869
4,2162807608	0,3767945565
4,0776791939	-0,2558685285
3,7454237293	0,1537298957
0,7540544737	3,6323475452
-0,6078047209	0,2092352643
-0,7849663126	-0,9077787340
-0,7491823657	-0,2534539054
4,6083596896	0,5210652115
-0,8079689771	-0,0734123630
-0,5894585415	-0,5614329959
3,7240226361	0,4234434068
4,3091487370	0,3316144649
0,6448851035	3,6252750936
0,1998295473	3,0539888735
4,8845821674	1,1040000544
1,0316563219	3,1348512793
4,3392612906	-0,0744651404
0,2235269303	3,5718448990
-0,4757503529	-0,2750187271
0,8084310504	3,8148211416
4,7835765782	0,4549625672
-0,5915071968	-0,5786068911
0,6799024912	3,4123627446
0,6693014127	2,9174780652
-0,0894975717	-0,7465572475
3,7280986818	0,4144060441
0,1474958471	3,2343478069
0,4883414096	3,2073808181
-0,5985859675	-1,2008127888
0,6660812386	3,5116534688
-0,3856628140	-0,7716029943
4,9092400936	0,3057194532
4,8268995287	1,0147626942
0,2912531933	3,7387811649
3,7419697426	0,8252337628
-0,4741734140	-0,2757252750
0,2085629594	3,8953550321
-1,1495802818	-1,0563164117
1,0082166586	3,7936265353
4,9900155614	-0,3207859874
0,9299541059	4,1606662775
-0,9708435585	-0,9534326597
-0,1987474920	3,3319019012
-1,0772339097	-0,0633036851
0,5510475310	3,6416412961
4,6930922085	0,7942136558
0,4723377711	3,4034985920
-0,8080292796	-0,6961540846
-0,5784456824	-0,0327354506
4,8154911154	-0,4056554471
1,0752995866	2,8490089243
-0,4226144047	0,1226329403
1,1169432509	3,6935861793
-0,0539913902	3,2246734651
-0,0144389849	3,4902552491
4,4377551893	0,5390100915
0,2574741521	3,4016507286
-0,4416824546	-0,7189057958
0,3698473113	3,1876398305
4,5443607615	0,6272042373
0,2677487119	3,3787108530
0,9064808417	3,8559235258
-0,3637684275	-0,6835211557
4,8013166111	0,2705943486
-0,8827242723	-0,7014695848
5,4627469005	0,8580952111
-0,0731851695	2,8087556838
3,8148506454	0,1595473149
4,6842253575	-0,0477637274
-0,9585355086	-0,4044028454
0,5207224679	3,7441715121
4,3964534415	-0,0754553525
0,8676879661	3,4225058924
0,5297656668	3,6884762985
0,3621473119	4,2212973818
4,7255695782	0,6034032038
5,1178833498	0,3558643164
0,6514131357	3,0020514970
0,1666241369	-0,5397984924
4,2647460868	0,2567789292
-0,4932460978	-0,5141618214
-0,7253566179	-1,1293404748
-1,2232165127	-0,7822405112
-0,6045467541	-0,3399713614
4,2791681029	0,7671557378
4,9010851721	0,6299474542
1,3204740702	3,1234269608
-0,4768699201	-0,2089918612
4,2019884686	-0,0159726757
4,0018946583	0,0741636818
-0,2268221322	-0,6612944874
4,4391076001	0,3813034493
0,6012529386	3,9118115871
-0,7092758526	-0,8076495783
4,5428118547	-0,2272782170
-0,5644076542	-0,5048609573
4,3566350031	-0,0687796842
-1,0112594274	-0,1784336876
-0,9596798012	-0,1696861137
-0,8094674436	-0,0248900039
-0,6953211252	-1,3461520488
0,9873878442	3,8768663503
0,1915756621	-0,7280788605
-0,2195604087	-0,3672749532
4,3993366907	0,3020193595
-0,3450883573	0,4398150868
0,0355648651	-0,6052421354
5,4516597289	0,4811626591
-0,3055456993	-0,3698292639
3,2015885312	0,3281682140
-0,4543256949	-0,6242140658
5,2344131027	0,1725522045
3,7390410606	0,3140805159
0,0149330599	4,0208092630
1,6856212312	3,2712311517
-0,3940205097	-0,5101125357
0,2255907351	3,3438071394
4,9113544229	0,7468568314
4,1076956118	1,1776382383
1,1749352081	4,0172090922
-0,2982646666	-0,9182627510
-0,0087547192	-0,6363221032
4,9125616268	0,3172877536
-0,0171617399	3,1916868497
3,9861138844	-0,0824928797
-0,6951111339	-0,0146638732
0,0273152265	3,4209862616
1,1262701285	3,5496352812
-0,7488102445	-0,1093671083
0,3223775795	3,6853072289
4,7642923239	0,3913079338
-0,6518237319	-0,9619821652
0,2308399921	3,4487557362
0,5005461869	3,4714519755
1,1622336950	2,3942688724
0,2048612567	-0,9247799843
-0,5554003572	-0,8378551669
-0,2813898912	-1,0522526188
4,0694635035	0,3508382857
3,9944167862	0,8763309223
0,5899224111	3,2603298747
0,9750166244	3,2996258053
-0,1379396351	-0,0585096719
4,5926835724	0,3229931786
0,0574555690	-0,6462959892
0,8454440908	2,6717321012
0,7825537244	3,5182956081
1,1583038888	4,1581165354
0,4949756136	3,6354478116
5,4456909713	1,0687396464
3,6900637969	0,3707094137
4,1158494393	0,0907105749
4,1341802225	0,5991261398
-0,9469539159	-0,8498692223
0,4963242528	4,1203942557
4,6137987381	1,1431249172
4,5041907213	-0,1218859440
0,4776681835	3,4267520862
4,7593152099	0,3271942053
4,1582064236	0,7836438563
-0,7111638541	-0,8383284598
0,4766822208	3,4279113110
-0,0598700610	3,1510361053
4,4103369720	0,9784591437
-0,3366729738	-1,0185542782
-0,8262007023	-0,9902927057
4,1182856929	0,3643781310
-0,1824696843	3,0417590269
0,5811306989	3,6109314911
-0,1101689933	-0,6893435463
-0,3767521589	-0,7285251718
4,3402044993	0,4599090354
0,6921480696	3,6144073401
4,3685750282	0,1151370567
-1,1400577516	-0,9326636180
-0,8756964029	-0,2613249098
4,1909252316	0,2697156790
-0,7930179439	-0,2303386373
-0,5228024389	-0,2699961795
0,3161257835	-0,6398428710
0,6251450766	3,3987631259
4,5003035744	1,0288780150
3,8934472678	0,6713344059
5,2793314995	0,7694246831
-0,5296419827	-1,2199072053
4,0693912264	0,0118854068
0,2531927793	3,4486107328
-1,3714941741	-0,5200400178
0,4578586102	3,4247412990
0,3024019507	-0,5501626562
-0,7457276221	-0,4055243765
0,7646545754	3,1602349760
4,7296934373	0,4112886177
0,8891072501	3,0815735181
0,4897709434	3,0634592038
0,5224350732	3,4470451861
-1,0254210385	-0,4524731023
-0,6318753447	-0,0436024510
4,7255102768	-0,0094919703
0,5106739560	3,7684193742
0,6685437678	3,1089971339
-0,6766539119	-0,2971017970
-0,4683472923	-1,2489958590
0,3050788679	3,5752901071
0,0637032389	-0,6872632047
4,7950878455	0,7505721664
-1,0204240026	-0,5300986156
0,2079486024	0,0728013921
0,4596402146	3,8294013105
0,8256840130	3,0749643182
-0,0763239024	-0,1487441431
4,0350932386	-0,1440941762
0,2362751122	3,3549462329
0,7864071005	4,1981905922
-0,8666221794	-0,7180601163
4,4519969946	1,2932933496
0,6985222459	3,7649802869
0,8405299652	3,5319222012
0,7583801261	3,1020605410
1,2263475563	3,6966118888
0,9473177172	2,8939875110
0,1137345799	-1,2235269347
4,6027950834	0,3867320495
1,1527076300	3,4361824091
-0,3979725615	2,3819850809
-0,3024388525	-0,6204130839
0,4015581379	3,9370142031
4,5284663787	0,0845277286
0,8373882276	3,1271402168
0,5006739384	3,7173945074
4,2823285853	0,6649780809
-0,0251596349	-0,6550544816
0,4622125155	-1,1333184030
4,5453769870	-0,0800244002
-0,5351850328	0,8896437341
-1,3726079885	-1,0704743350
0,2880399097	3,6904417290
-1,3943617750	-0,0179704609
0,6026646801	4,6377942066
3,6570760278	0,5118340148
0,4503247084	2,9286294743
-0,7553205535	-0,9838779593
-0,0237876857	-0,2834178648
-0,2036664474	3,7792702071
-0,1065193746	3,5487221049
-0,6041014464	-0,6899914285
-0,3655007177	-0,2072874527
-1,1427886134	-0,4758290398
5,0550223453	0,5660189203
4,1623845928	-0,3511071079
-1,2894276977	-0,2572861721
0,4548046661	3,4272175841
-0,5469638056	-1,1990784345
0,3386032841	4,0188367225
0,3527269350	2,9658518459
0,2863128691	3,9144759255
0,3827780881	3,7299956332
-0,1575605228	-0,2950864336
0,4271781155	3,8739716294
-0,6583800500	-0,4981997835
-0,3015757353	-0,2067827468
-0,4120685074	-0,6156535030
4,5915771304	-0,4907944125
0,6980300539	3,0749347576
-0,6227648218	-0,6763202250
-0,5024115749	-0,7756894011
-0,7113557580	-0,4606729975
3,8643208172	-0,1408219897
0,4902325541	2,8026649525
-0,1764280206	0,1953587012
4,1159784481	-0,1526907975
-0,2037386667	3,5639938170
0,2316539519	3,4456453353
0,1977636834	-0,7750249467
5,1225926162	0,2556836714
0,1953983462	0,0598483490
1,2797480115	3,5519455963
4,2482718335	0,1791225741
0,5058778141	3,6648585577
4,4145666285	0,8970375359
0,0415531987	3,5544686619
4,6999547762	0,6578862488
-0,6423195214	-0,5352921721
0,3594401032	-0,0737036597
4,1204416498	0,5982481422
-0,0975731379	-0,6432732199
-0,7296308403	-0,9385205396
4,2531220340	0,4971500150
5,1073354959	0,3273964348
4,3128525698	0,4583783125
0,0664772598	3,0507100875
5,3537572427	-0,1609462994
1,2659581035	4,2115919942
-0,7869721929	-0,3933387022
0,0187095435	0,0531499556
5,1290924858	0,8264045380
0,0508051667	0,0618859483
1,0995394277	3,5659863037
4,6404221162	0,1208189526
0,2597347160	3,9493879953
0,4606431221	4,0378164937
3,6991781992	0,1019149034
3,8651720786	0,8835649622
0,4156023237	3,3725237483
0,3140850201	2,6280134503
1,0207323668	2,9212731925
-0,1046186309	-0,5282583526
-0,5777339514	-0,3126228931
0,3661295843	3,2509575974
-0,8767307926	-0,6998156445
0,8155685857	2,7795896747
0,3706585194	3,6680787705
-0,6381337963	-0,9342793054
0,4133364477	3,1466438943
0,3467445576	3,8216712556
0,4800489732	3,9912500969
0,8802376921	3,4355041454
0,4185934327	3,2933982998
4,1424210848	0,3981878589
4,2368001725	0,3676777523
-1,0145580706	0,0039440911
0,8312446377	3,5155747086
0,0352856138	3,8526983554
4,7153414166	0,4376812111
0,2708314177	4,0256722862
3,8773657841	0,8219866627
4,2619603434	0,8290759987
-1,0905649956	-0,6640690557
0,3497884115	3,7625031399
-0,2786503345	-1,0136262525
0,4449328069	3,8963496772
4,4060031505	0,4524754418
3,7991022742	0,9252831086
-0,4588069802	-0,9810629210
0,3731840459	-0,7772738720
-0,4174593847	-1,1415941775
4,4176101288	0,5022068289
-0,0420354839	0,0021169588
-0,2951723468	-1,0840473930
0,1913698604	3,8224666523
0,0242974944	2,9663373134
0,6420530943	3,1914140808
-1,1605884066	-0,8639920919
4,5723303443	0,4586754835
0,3140721651	3,1834074872
-1,0910834170	0,2488924663
0,3721496353	3,7104700795
0,0518204594	3,9825756266
-0,4207268670	-0,6412886749
-0,8684808046	-0,1119832908
1,1729291153	3,6688816923
0,7859659747	3,8369376175
-0,9668355541	0,0445366143
4,7383030615	0,0081031700
0,1257072779	2,9536425989
4,0397560632	0,3863103922
0,4824069193	3,3180284854
-0,4081261367	-0,3370831837
0,1052601152	-0,8024986211
1,0801797683	3,6103552037
1,1249493085	3,5080642239
0,5751926009	3,9439304834
4,5009064724	0,6695080008
4,5710280661	-0,1031018826
-0,0544861356	2,9577392660
4,4637453360	0,5484927082
0,8176863426	3,5940159544
4,9874687703	0,4798716398
0,9220695467	3,3655975790
0,6439557330	2,6666224068
-0,0732038983	3,3732261189
4,3684381710	0,8184861190
-0,7442382563	-0,1236841821
4,3454187236	1,3846131362
-0,1298390434	3,2248211380
0,3975466088	0,0959644563
0,1380350935	3,4071175167
0,9616058278	4,1239886813
0,2271573071	-0,2364827493
4,5552905064	0,5418220995
4,9101227113	0,6779319220
0,6374593100	3,2342021486
-1,0758528214	-0,0341558514
4,0414446265	0,5289729718
0,9640867356	3,5321627222
-0,4522008598	-0,5213180709
0,4512598713	3,5232383423
-0,3358037171	-0,2553945302
-0,3352442270	-0,9986328574
-0,2436183054	3,4716933766
4,4859360448	0,7588211843
4,3442720106	0,3396844143
-1,0636040575	-1,7023230240
0,1371409633	3,9681513228
0,6799007370	3,3295235927
0,4978890026	3,3995652991
-1,1398251162	-0,5089904273
4,9095245498	0,8254838823
-0,9270024301	-0,6888037964
0,8760628793	3,2936493697
0,2311465657	3,7176831154
-0,7139829781	-0,7382386476
-0,2842025074	2,9117965595
4,6059451074	0,3205022771
-0,9080380879	-0,9939472725
1,0675507517	3,6125376986
-0,2700218233	-0,9914137493
-0,6948105845	-0,5736245772
-0,7784658943	-0,0101067605
-1,2468039515	-1,1729476219
0,0761265012	2,8093915365
-0,2086919411	-0,8984488275
-0,5198019253	-0,5271733340
-0,9473496524	-0,0687030227
0,7188888137	2,9096248348
0,1422363101	3,3990934906
-0,2210673277	-0,4167391912
-0,3354490344	-0,0615537168
0,5000303758	3,7003356940
0,9538677509	3,1880950684
-0,0637679620	0,1142848481
-0,3391181663	-0,4579097565
0,3103768163	-0,9135415710
0,4292148078	3,2069718842
4,5563519055	0,4020880412
4,5094085062	0,2240498584
4,1369984775	0,1206535002
-0,8156532780	-0,1907440357
4,4293329339	0,6107154635
0,7640556328	3,9277199223
-0,3897474769	-0,6004660940
0,1074878038	3,6508851184
0,9267852560	3,1839446757
0,2881116996	3,4066844561
4,2577250821	0,0577602304
0,5067124900	2,9565545945
3,7828290032	0,1176615531
1,0019930862	3,5772242375
1,4720076869	3,6087359658
0,5649840339	4,0827494124
-0,8843931654	-0,5389703336
0,1069999689	3,1987903306
-0,9682761555	0,2699939345
-0,1906381252	-0,6797850349
-0,9043520188	-0,1570387530
-0,5509001097	-0,7730174289
0,8814886916	3,2911198999
-0,5861225100	-0,5454460974
0,9853322071	3,7271150222
0,0331962930	3,7545708815
0,5022579245	3,2467840727
4,3873572543	0,3289814125
4,3885398282	0,1210183769
-0,9700856113	-1,5084703381
4,7879079559	0,3188630506
0,6724880612	3,2166784189
4,9054440370	0,5197596691
-0,1469836721	-0,2680071934
-0,5034636840	-0,7295895637
0,1414518873	3,7041430482
-0,6396913093	-0,7580106465
0,7220870113	3,9142161526
0,0700839524	-0,3830392367
4,2128536692	1,0562979089
4,9576063283	0,9280994034
-0,4204167753	0,2961950456
0,6213340319	3,4137009507
-0,6360872804	-0,8494774707
0,2535706938	3,6087899409
-0,0523285521	3,7114994964
-1,2706777269	-1,4402829812
-0,7320168989	-0,6097118354
4,6104760680	0,0012849865
5,0371325048	0,5782946409
0,5371427679	3,5319754754
4,5978583002	-0,2020329935
0,5240029501	2,8696267636
-0,2089330823	-0,1459643861
-0,3551622982	-0,1032424217
0,8690290715	3,6194875193
0,7959839615	3,3122536035
-0,4244156391	-0,6028623588
-0,0508625811	3,7683881408
3,8563703760	0,1288034010
-0,9552341593	-0,8255439341
-0,4579132775	-0,6318603034
4,1762176605	1,1659619841
4,2217563017	0,4821854338
4,4399245047	0,5677879843
0,5261545048	4,2385087141
-0,8191536785	0,1186738123
0,2109997675	3,4587042077
-0,5788124810	-0,7656490208
3,7608438401	0,1510943874
4,4054388786	0,6090839283
0,5750245352	3,8070279223
0,1303022206	3,9702400031
3,8143175221	0,4835785110
-0,2259772876	-0,9133274301
0,4627995100	4,0751979698
-0,4354136378	-0,6344611421
0,6786260426	3,3360650870
0,4069354902	3,1449829127
0,0066060655	-0,6409902269
0,7613690696	3,9350071749
4,6107779414	0,1720104422
0,3947222272	3,1861957765
0,4185191564	2,6604727548
0,9111445150	3,1754602228
4,3032345084	1,1465557892
0,9063466389	4,0510664636
3,8120493064	0,4580889691
-1,1346462308	-0,3834798293
-0,6236961839	-0,3626237206
0,9496909093	3,8044860621
0,2125350601	-0,1952855373
-1,2319723155	-0,8886797937
-0,1924198255	-0,6452958547
4,1748869682	0,0746539266
4,1787166654	0,6314592922
0,4162195694	3,1011570544
4,2468134068	0,8269367396
-0,2131807885	-0,2444598780
-0,5457484828	-0,7785854727
3,9128444849	0,0602388781
-0,7289550536	0,0369203303
0,5321894902	4,0925930074
-0,1983634329	-0,3386868269
-0,6914403837	-0,4429912249
-0,1377450081	3,4670875971
-0,6454390851	-0,9315504183
4,6398709854	0,0203157469
-0,6446939386	-0,0882393988
4,8478386987	0,3062079823
4,3623120469	0,4705052729
-0,0293709395	-1,0238371371
-0,3276730682	-0,9565463769
0,4090188140	2,9794466813
-1,1616905952	-0,4753718810
4,0574974899	0,5038931665
-0,7681428206	-0,6681723661
4,7348265020	0,7620288838
-0,4730588581	-0,9400425768
-0,6329694747	-1,8512430962
0,8023523396	2,9308105525
0,7282293382	3,4551357689
-0,2295432813	-0,8435812585
4,3619297475	0,5671170441
0,4370072375	3,7879655822
4,1802649524	1,1060805738
-0,0129278900	3,4158504165
-0,9829587088	-0,9236887626
0,3060573762	3,6598223572
4,0211080310	0,2360285604
-0,2917149294	-1,2874337263
-1,0648866398	-0,6619381766
-0,7878922028	-0,0067648655
4,7505559000	1,0863010970
3,6437988258	0,6225193895
4,4754608088	0,2260270151
0,5390841989	3,4378931082
-0,7978992085	-0,9444486081
3,8903655126	0,2459031515
0,0327387081	3,5646157870
-0,7766079037	-0,6141393852
0,7111228716	3,5916565027
4,6394311241	0,3070507231
-0,7487342370	-1,2080972467
0,3072000654	3,5871857973
0,3830921945	-0,8848291274
-0,7025275015	-1,2669326146
0,1614178921	2,7135630641
4,4986789303	1,1363818462
-0,9682341984	-0,4627065653
0,3873641566	3,6029836522
-0,9678909234	-0,9593457440
0,0586289098	-0,6827856846
4,9511653146	0,8222547305
0,8966410144	3,4200101880
4,8006669723	0,1875635663
4,3221386050	0,1673944011
0,7117709128	3,8298904628
1,0081353437	3,4827010718
0,6737833173	3,1346559768
4,2516252829	1,2534197649
0,4532632982	3,7478606649
0,4670511484	3,7165921972
0,0786062877	3,9410047312
0,5580138894	-0,4718472108
0,9399562282	3,6872561905
-0,4775965647	-0,3763204250
0,9546270353	3,3481215224
-0,3480539513	-0,1243261273
-0,5589230935	-0,6663157918
0,1702399540	3,5828655998
-0,6311339969	-0,7369099331
-0,5382095687	-0,3497096837
-0,3423148406	-1,2388304498
0,7211468141	3,3264579576
-0,8016332054	-0,3383139554
0,4249948573	3,1725749924
3,9900784017	0,4395032664
-0,7572286214	-0,6517452595
-0,3972203532	-1,1546257576
-0,0165466819	0,3019072806
0,5562528997	3,6285091953
-0,7816815651	-0,9086432970
4,3295094655	0,9475258998
-0,0198329697	3,4250177483
-0,9172546556	0,5267020474
4,8560713584	0,2695103635
-0,5143686676	-0,1873210984
4,8120275945	0,0131504289
1,2718926549	2,7639824190
4,6689344223	1,1759422900
0,3209632462	3,1700503541
0,0675556564	3,8346386541
-0,2984778098	-0,5529582652
-0,0431683979	-0,3845297780
-0,6459612623	-0,6052349106
0,0783516978	-0,9414574599
4,5701015708	0,3971837585
0,1540191944	3,7507049611
-0,2525556510	3,2593016933
0,7089612956	4,0563469404
-0,2970066910	-0,2223906267
4,4450515872	0,8131452851
-0,3674142720	-0,4586626919
0,2763211621	3,7835388944
3,4665976381	0,0973452584
0,1013341642	3,5329260583
-0,8779097809	-0,6837728240
4,3564312477	1,3831157549
-0,5137292099	-1,1111261954
-0,8822527298	-0,6856603528
0,1934386058	3,9680981034
0,9791552769	3,6383744244
0,7309438490	3,5493932358
-0,6590756240	-0,6366355260
5,1668544392	0,5110338541
0,6604011192	2,9576759035
5,1169643088	-0,1331543362
4,7339743615	0,9568040656
0,7085243438	3,8284038874
0,9346409193	3,4279851554
0,4871377809	3,3745872422
5,1201853040	0,3571260396
0,5190953100	3,2972852768
0,3038720583	3,9237999320
-1,0059024492	-0,7081630189
0,7377238569	3,8019701766
4,0240169163	0,2269285187
4,4419115849	0,1304226262
0,7490389048	3,9082589777
1,0098817683	3,2793733374
-0,6749137530	-0,3346299550
-0,1132248788	3,1082192668
-1,2169493844	-0,3847333072
0,3671597960	3,5794365434
0,5030597823	3,1212558903
4,7726359256	0,9445998787
0,4475886781	3,5771325464
-0,4363577623	-0,0035158002
0,3468317680	3,8963243228
-0,4542781044	-0,1736644560
4,0360854282	1,0050316612
0,8279692136	4,3387560018
3,9611100501	0,5553872985
-1,1792938598	-0,0567660355
0,4085162073	3,2216543927
0,8638542574	3,0856636654
4,6007633771	0,8238735453
4,5109026975	0,5088896939
4,4736243366	0,5561147045
0,8903048351	3,2078198668
4,3503714614	1,0951134571
-0,1436576441	-0,6167051776
0,1768943829	3,8627935401
-0,0424944297	-1,2704156005
0,8446265111	4,1109140438
4,4082633803	0,8347606231
-1,0140228757	-0,3720055338
-0,9255201428	-0,3480415316
4,7164798349	0,2215614519
5,1201968955	0,1176890288
-0,6969089743	0,0558722801
0,2592023859	3,4039533648
0,5736239134	3,5744027971
-0,5621494619	-0,2887568138
-0,2878475645	3,8082425756
-0,4468329373	-0,8068697745
0,2240543368	-1,0107747134
0,0697791230	3,4712087675
4,8958967121	0,2788805238
0,0366387827	4,3016239870
4,8126491811	0,5092040112
-0,3203614298	3,8928454046
0,6686096586	3,6523315265
-0,4335724484	-1,2544222795
0,2428573187	3,7725705140
4,3437928806	0,6064797157
5,3356769352	0,4795937159
-1,0221482804	-0,6643824139
0,5975383607	3,9930287410
4,7476232581	0,8012940099
4,9485520963	0,4599574207
0,5752670802	3,5632164949
0,8006763330	4,1404357365
0,2796148077	3,4293065235
4,5137518444	0,1348062178
4,9687105108	1,0267699828
0,2812640635	4,2681893075
0,4804849815	4,0648752670
0,0883407397	3,9317979425
-0,2335253690	-0,2225978120
4,7125412417	1,1725533785
-0,4671878372	-0,5121084035
0,1240173705	3,8039762901
0,8700900763	3,5085564587
0,8369484077	2,6896027258
4,3699883999	0,3947806767
0,5114293778	3,0526188876
-0,4655735693	-0,9263447507
0,7088025927	3,4356303910
4,4844172599	0,8107507182
-0,3805398194	4,4234153672
-1,1836300314	-0,3315704760
-1,1454089119	0,3076888403
5,2484832477	-0,1722969984
0,8221505942	3,0054395927
-0,0462881350	-0,3586622324
0,4827761696	3,3567479576
-0,0280971210	3,2556376338
-0,3328509866	-0,8893659545
-0,9633785147	-0,5592604611
-0,1801057745	-0,7536306946
-0,3373550510	3,1389046670
-0,5862039652	-1,2454171522
-1,2282800786	-0,4241887113
-0,5482309291	-0,4381982008
0,2493922490	3,6694883599
-0,5261520341	-0,0858433206
0,6355318747	3,3357865419
0,5533084493	3,8724231624
-0,5803186469	-0,5864980398
0,2024692985	3,9168846437
-0,7575681863	-0,2725236298
0,6906889878	3,3149383303
0,5649660010	3,3238379862
-0,4509847783	-0,2643087264
1,0740653676	3,4622424043
0,3875609644	3,6333751012
0,6867062467	3,8003511267
0,1105507757	3,6839138789
-0,1023183509	0,4242697055
0,0486411039	-0,2326820726
0,2876947837	2,9998508417
4,3328438182	0,6273981666
4,4901660673	0,3483844923
1,2135814626	3,2866198388
1,0210041366	3,5722945410
-0,1743137973	0,2195611576
-0,3269587500	-0,4376387391
-0,0688066725	-0,7295020223
-0,2019792613	-0,4122477403
-0,3845639539	-0,7596786186
-1,3695742741	0,0986875310
0,2207934319	3,2508531243
0,4924267942	3,8867174633
-0,0935442619	-0,3883023777
0,2181939410	3,4956649592
-0,6371604399	-0,6190994393
4,5854452517	-0,1962019208
4,4029957064	0,5432664225
0,3380534020	3,4057539709
-0,8777184300	-1,0605646791
-0,2523109383	-0,8701436544
0,2262482484	3,4377289134
4,7858257317	0,6719362655
0,3315085095	3,6287592192
-0,7227149783	-0,1796570763
0,0579866675	3,4510500528
-1,2492800687	-0,4063965910
-0,6757836419	-0,3364507431
1,0442847481	3,0679844734
-0,2885209406	0,2945742963
-0,3080859226	-0,2181565876
4,5256414640	-0,2239647575
4,6205078226	0,9058767805
4,7664532196	0,6801237033
-0,7117003322	-0,3234856036
4,4936961657	0,5145969274
0,4157209138	2,9719500954
1,1223420683	3,6504107469
4,2102082054	0,8982443371
-0,3648101516	3,6967062247
4,6440616217	-0,0263723336
4,9213882753	0,6648359857
4,7375967427	0,9343768600
0,4024414204	3,3851084977
-0,2203382198	-0,0265699932
-1,1189676084	-0,6189762210
-0,2978312436	-0,6363860055
-1,1690914236	-0,2794621125
-0,0735953023	-0,8323528902
5,1842721238	0,6081498715
-0,1976897535	-0,5130613598
0,5897676616	3,4204953611
-0,2281007808	-0,2272640021
4,0517346155	1,0735804962
0,3668695864	3,7983587218
0,0667551409	-0,0236381789
-0,2750872806	-0,7910122872
3,8968901499	0,6256773109
-0,4920778095	0,0865371725
-0,3739492915	-0,3181888614
-0,6337546903	3,0218639593
4,5298069174	0,8614686277
5,0055255542	1,3038233571
0,2049491980	4,1175534563
4,7511841435	0,1833648805
0,6228999875	3,4229933570
0,3118287520	4,0380569194
0,1443993939	3,5290463337
4,5794037586	0,3106517483
4,1204623389	0,3773688130
3,7259639891	0,8264899489
3,7694519496	0,9721517099
3,8069787095	0,4310420225
0,4992575050	3,5866484058
0,5289627448	3,6067884527
3,9427931608	0,4117851373
4,1869064325	0,4868922063
-0,9240798659	-0,2625089863
-0,2269925263	-0,0640736691
0,2569840872	3,0687739028
0,5251221192	2,3674210719
-0,2056210809	-0,6520042699
1,0703661823	3,0378053824
4,6787129305	-0,0460352553
4,2821146116	0,2725685012
0,0090719316	3,2675781088
0,2730497962	3,2101026624
0,8765023423	4,0643898014
-0,1857861878	-0,5489974924
-0,4779633237	3,0341693248
0,0113198286	-0,5810869096
-0,1192020903	-0,8494851223
0,5047882163	3,3410214362
5,0124927519	0,4824434440
0,5351656790	-0,0710110766
1,1502230917	3,1823519327
-0,8967964685	-0,0559433950
-0,6095394211	-0,1169008980
4,9359545436	0,2950875857
0,1118755683	-0,5517572699
-0,2769491855	-1,4619006337
4,7520593896	0,8610437567
-0,0060691798	3,3471218367
-0,6552053444	-0,1231964578
-1,0855175719	0,0377079088
-0,0342003490	-0,1402724717
0,1033043605	3,1846804575
-0,4118503410	-0,9806339767
0,8664812894	3,3894592398
4,8214864436	0,2132731141
4,7507508432	-0,0074968824
-0,5206494027	-0,4381023939
-0,0540403949	-1,0509926254
4,6770294678	0,4210536117
-0,7239160358	-0,5852663975
4,6800977053	1,7415774312
0,2040075501	3,0077640085
0,3770827710	3,8953853347
4,1798436816	0,8834752462
4,0001762441	0,2396057356
-0,9322006369	-0,7694097340
-0,1307441649	4,0166881960
0,7004092684	3,5727509924
-0,7539642415	0,0413127935
0,4391669565	3,2054637885
-0,2319621161	-0,3379824265
-0,5978096517	-1,1421527731
4,0107840989	0,5096930328
4,2534512627	0,4080370287
-1,6918482101	-0,8508107096
4,5929795009	1,1051686665
-0,6842101985	-0,8697471094
-0,6638055495	-0,5064109839
1,5563858217	3,6379275853
-0,0783932080	3,8594298612
4,7730589039	0,7917100140
-1,1122626909	-0,8400461931
-0,4683109572	3,5493927507
0,7637884906	3,4281114605
4,6791715418	-0,3405382620
-0,1827444592	3,7480186716
0,1777676412	3,3750689166
-0,8376936076	-0,0714312342
5,1602740174	0,4696126185
0,8565893267	3,1660335828
0,6286551530	3,9521745849
4,7221966818	0,8243629181
-0,7776182146	-0,1440941639
4,8539045863	1,0139026782
-0,0914698917	3,5694450935
0,4055952949	4,2548823774
4,0670385488	1,1988322825
4,9536478081	-0,0211089398
4,3068844300	0,6344815020
3,6709632237	0,5403396770
-0,4097081304	0,2044755790
5,3079701117	0,7661990779
0,1443210561	3,7594143001
-0,4244793063	-0,1745494908
-0,6851492363	-0,4791685289
-0,6901666330	-0,8079043126
4,6373410822	0,8369344766
-0,1601301013	-0,6823229407
-0,3302975230	-1,6397257545
4,5888506754	0,7437141280
4,4046993007	-0,2209216171
0,4620454109	2,6427675785
0,6554553209	3,5958244584
0,5959172152	3,3987616884
0,2352860684	3,7580161270
4,2807037379	0,8172439239
3,6564874511	-0,0081200762
-0,0894068598	-0,8656060084
4,1885664388	0,4814517003
-1,5116065730	-0,5504113714
-0,3994620290	2,3391403036
4,8010992081	0,1131400542
5,1838906408	0,8187469136
4,5672628970	0,7030047580
-0,0807597517	3,4508112895
4,8259130751	0,7033438944
-0,2192637947	-0,4714392874
-0,9639772387	-0,3120584508
-0,2461021961	-0,0813582803
-0,2366715226	-0,9708139613
0,0427558302	4,2875137330
4,5606472688	0,7347013019
4,1714024801	0,5884919352
5,1812316369	0,5931282526
-0,4538958874	-0,7748166392
4,2746333380	0,5960542148
4,5352818857	0,3394362993
-0,7472894338	0,1158360734
-0,8466246171	-1,0910631096
0,0410747392	4,3387395698
4,1615128916	0,6664482849
3,9202420991	1,2175449294
-0,3648243934	-0,0819750541
4,9536082546	0,2312321374
-0,8767553520	-0,1586127408
0,0654226813	-0,2348518150
-0,6830503408	-0,7674123980
4,1814994476	0,1484423137
4,2698585876	0,4862184453
-0,9919016850	-0,7283448370
0,0579435457	3,1374079954
4,3762830127	0,1483597144
0,3468702540	4,1986616953
-0,4418689357	3,3150251044
4,4245005394	-0,0270860590
-0,0411065779	-0,3758444478
0,0194207768	3,1809835152
-0,9112041126	0,0954733322
-0,6982842515	-0,2259762883
0,2890227794	3,4342384217
3,7979509291	0,2644071951
-0,3529491739	-1,0321038493
0,2678814525	3,5446622223
4,1965413714	0,7191416095
-0,0908205105	3,3326099914
-0,3110568342	-0,5469664119
-0,5326860706	-1,0151788390
4,6166360396	0,0578058770
0,0960470062	3,2012026493
0,4312000463	3,1642488456
5,0707759463	0,7955561352
0,5613895335	2,5450762811
4,5732437562	0,5831693746
-0,1387533361	-0,2413104868
-1,1986456842	-0,7810785894
-0,5222331005	-0,5469251932
5,0041575534	0,2984059219
3,6222018129	0,1306304230
-0,6710256266	-1,4007198182
-0,2100329930	3,4256357652
0,6379088981	3,3872610973
4,0827415730	0,7013629820
0,5518944202	3,2082874266
-0,4215408242	-0,3904822441
0,4340167061	3,2496400569
4,3391867190	0,3534598062
-0,0568261804	-1,0161733891
-0,6303579155	-0,1943669023
-1,4083874399	-0,3714580890
0,5586988859	4,0122507583
0,0633650180	-0,6329436390
-0,1926624782	4,2021270741
-1,0273590100	-0,0405859425
0,3992112768	3,4526752652
-0,2109031223	0,2010336163
5,5224887403	0,5258378487
4,4948519637	-0,0047371072
4,7963424980	0,6945269519
4,3370778220	1,4390279253
4,1948876583	0,8348155407
4,1825409748	0,1538126723
4,3244843504	0,5900649382
4,7463929616	0,7509342450
-0,4797836854	-0,7695389353
-0,5805142530	-0,2296779848
-0,1382593834	0,1049789712
4,3461231160	0,1110293171
4,1324203190	1,4205028946
0,5184037935	3,5248393925
0,2960199609	3,5299926399
-0,1727425154	-1,0610869391
0,4206564674	3,6215270668
-0,5926088808	-0,1117325297
-0,0960437111	3,6390733639
4,5512257514	0,4860467334
0,8606024095	3,9529611660
5,0735839925	-0,1871779508
0,2794282554	3,4526345671
4,2039878727	0,2845639655
0,1199656133	3,7290740884
-0,5812598934	-0,2492333347
4,3351693776	0,7899531160
-0,0043234533	2,9851729509
0,7258868190	3,3181277369
-0,2744445035	-0,0239215070
-0,5829952127	-0,6617578246
4,6923872567	-0,0013148679
0,0889273235	3,1893752142
4,7789968530	0,9198911927
3,9352077033	0,7986815027
4,1623546762	0,4784561935
0,0985414853	3,3246161956
3,7257262966	0,2958866033
-0,4610089662	-0,2872338188
4,4473953908	0,5683572123
0,5977467375	3,6674054265
0,4913005322	3,2365789035
4,8695880336	1,0380521237
0,2726489323	3,3369748887
-0,0646341094	3,5011053350
0,5501103642	3,9114000519
4,7913434893	0,6212533103
4,1398157721	0,8945594686
-0,0276859586	-0,6491958849
4,3378196413	0,5976359796
0,0457285737	-1,0695209692
0,4174812731	4,4155054706
0,2693661546	3,7491058548
0,9094507882	3,3956172036
4,4521091584	0,2496105983
-1,2718115556	-0,2223814906
0,6735541990	4,1403366581
-0,1587270086	3,2608181729
0,7404998358	3,4606028943
4,2901198062	1,1950473399
-0,5017505934	-1,0961231309
-0,0273055008	-0,1124903906
4,1550582396	0,7401264563
4,1171328789	0,9527781701
-0,2837421129	-0,0960663804
-0,4272635110	-0,6858111217
-0,6602804404	-0,2783448246
-0,0557019484	-0,4339467045
0,3648470269	2,9906662580
4,5294534564	-0,1353012772
-0,5749199688	-0,7053751378
-0,0008565759	-0,1632580790
-0,0311241972	-0,6359434403
4,4586531219	1,0611675651
-0,7646521820	-0,6003100540
-0,7986540414	0,1795529633
4,7006012989	-0,0297958859
-0,3703054093	-1,0048248331
-0,0166722678	-0,9754595007
0,0701848355	-0,3189267760
3,6246021669	1,1409865303
3,5876508189	0,5143437067
1,0326317161	3,9710486551
-0,4617069735	-1,0516080712
-0,0267167551	0,1259657354
0,6097234204	3,1768834076
-0,8772412358	-0,7823501570
4,2292549664	1,0339458907
0,3680590926	4,0019925363
0,6837233564	3,6370749932
-0,4885479211	0,0354449527
-0,0040103967	3,9332904823
-0,0391883796	3,4983463729
0,2922816348	3,3963096472
0,7039323505	3,8998510357
0,6946331639	3,3832682115
-0,5659283511	-0,5733374624
0,4933093158	2,9253882708
0,4834186898	3,6215359541
4,1845587068	0,3765825587
-0,0825427467	-0,1010872698
0,2347931872	3,3942660125
0,1085233317	-0,9334095893
-0,1750099191	0,3167725160
0,9497705617	3,8491015496
5,4553574079	0,4294060795
0,4499363326	3,8130923328
-0,6543782838	-0,1163869894
-0,2669081369	-0,6715147106
0,6690909942	4,0886850341
-0,4050943893	-0,9821282860
-0,8410228672	-0,3456570111
-0,3043276359	0,2759879673
0,4393134665	-0,9031895475
0,2767298167	3,8752287464
4,2494473180	0,7227388289
5,0404110859	0,6123482899
1,1532202398	2,8094655015
0,2778811273	2,9733259120
4,3857261875	0,8521107628
-0,4059805582	-1,1049624763
4,9864666419	-0,6324886684
0,7611036594	2,9476438654
-0,9342251990	0,2970979630
1,2841551199	3,3258337798
5,1718446590	0,2674623908
4,6957908618	0,9806034346
0,7907201128	3,9231590786
0,2626711688	3,4544549478
0,2178270181	-1,2911019720
-0,7832541021	-0,9845554893
0,0027907792	3,0546104399
-0,5203219344	-1,2467022532
0,0091977890	-0,4620650564
-0,0736632103	-0,7139652099
0,6737734964	2,6936534180
4,3386838772	0,4658188912
0,7807528842	3,7013557238
1,0180396072	3,6445699168
-1,2536516928	-0,4979431054
-0,2693455617	-0,4291921009
4,7298083336	0,1112829913
0,4871899414	3,2671444963
-1,2635396338	-0,5729580833
0,2488855784	-0,7704742985
4,1275388467	0,4326238650
0,3315323122	3,8045697476
3,9915927436	0,6867468120
4,1474789559	0,2322344134
-0,1729845703	-0,5919737400
3,7970457002	0,0984407080
4,6757042763	1,3474133107
-0,5779181576	-1,1086067753
-0,2299073658	3,7448468027
4,4924270248	0,1340741002
-0,0255809113	-1,0732237111
0,4467217212	3,3307480718
4,8146664775	1,0697726231
0,3714445284	3,6224179386
4,7630248075	0,3446961865
1,0996566872	3,8055381789
4,1841262744	0,2898431095
-0,2010288937	-0,1891056060
-0,1511121610	3,6706474486
4,0505804482	0,8541304785
-0,9589128872	0,0454508756
-1,2877319005	-0,2604683421
4,4592616285	0,8849635826
-0,5901939286	0,1369169855
4,0637383155	0,9481366308
-1,6541988471	0,1739119896
-0,4605278766	-0,2612592136
1,2267469575	3,7859418582
4,6317462219	0,5208792170
4,8472341409	0,4996736707
0,7982964167	3,4488183801
-0,8800460738	-0,8450178866
0,0665432095	3,3909471101
1,2825831159	3,1453012058
0,5393815245	3,0325168568
0,5862182438	4,0583274260
0,9632912995	3,1359460214
0,3161165488	3,7210085369
-0,7627479841	0,0658136951
0,4975128559	3,5776413460
0,1607089420	3,4331327528
4,4122257079	-0,1106966925
0,9885750503	3,4442131848
4,6505727607	0,8606617985
4,6942362620	0,0741474511
5,0834326428	0,6688601672
4,5845797233	1,1611386021
1,0089624350	2,9569658653
0,8762114117	3,4705179870
-0,1088377713	-0,8636125224
0,5894939773	4,0487476092
0,2851834177	3,6202467144
3,8583435745	0,7362202822
-0,3705746516	-1,0071450279
4,0976167248	0,8857729546
0,7435845038	4,1687524942
0,3220109834	3,6790806019
4,2463216483	0,4306297613
3,9633598455	-0,0378563957
0,0509747305	3,1280970613
1,0167597209	3,0503934545
0,5354206613	3,6407220338
-1,1017447848	-0,9720374274
1,0018841109	3,7179730223
4,9318462946	0,2561783398
-0,9569537668	0,1022398987
0,1387022524	3,5402234965
-0,3884323354	-0,8704314331
-0,5903624700	-0,7474859899
0,1891765790	3,4281121651
0,4540782114	2,3681716264
-1,0095815932	-0,2475116245
4,8279782819	1,0158162538
3,7826081858	0,7122432667
0,5504391327	3,5047626692
4,8354958419	0,6250931544
-1,1892940483	-0,2416920920
4,5910472123	0,5729679995
0,4978478124	3,7326712457
0,3383348566	3,2347319562
0,2001696062	3,4843474069
-0,6040142102	0,1508276000
0,9601861049	3,3233204342
4,1316074643	0,9926244565
4,9408473290	-0,0670735151
-0,6064772298	0,0412184455
0,3816398692	3,6293658360
4,2061063834	0,0795326093
-0,2952833238	-0,6375222910
-1,1634346309	-0,7461793593
1,2057227820	3,7244868536
4,4168129806	0,1170638601
-0,3464725332	-0,1495772064
-0,5464361302	-0,3229475818
4,2892155799	0,6377461188
-0,6213439460	4,4545935065
0,8892265707	3,2032007317
0,4585679303	3,6132553241
-0,4776191546	0,3560547936
4,7344794455	0,3678717724
0,7946439014	3,2644930263
-0,1606646824	-0,3773243510
-0,0146289565	3,2033918747
0,4014702055	3,1483770766
-0,9537210953	-0,9346516464
0,1620357029	3,3825651716
-0,1354532858	-0,4826000724
0,3592163692	3,7691553587
4,0847975212	1,0027045690
4,6602654386	0,6123317313
-0,4118467609	-0,5406504814
4,1343701780	0,5055680240
-0,0802348680	0,3505786116
4,5758218875	1,0745485962
0,8676926779	3,7119968535
-0,6070201211	-0,4081092533
4,9674139885	0,2279222015
4,6592050206	1,0198640651
4,8835537899	0,5530532847
0,5219785107	3,7555239812
1,1933374538	3,9222342794
-0,8712095215	-0,5625205021
0,9353125751	3,4777217063
0,8878551786	3,7715312277
4,7403835584	0,4735098518
-0,3910101825	-1,0708375665
-0,1565594722	-0,3887616119
4,8227952421	0,2811741370
4,0586779965	0,2939960411
-0,1897728727	3,8695514324
-0,5574247283	-0,3312056359
-0,0727777495	-1,2678668253
-0,5349955057	-0,8699543539
-0,4237567303	-0,6654147019
0,8560706161	3,5953189523
0,0660811011	3,4545555333
-0,4240775200	-0,0904989625
4,8958274295	0,5463549045
-0,1931449975	-1,2174225731
0,7471876009	3,6034563428
-0,0735781629	-0,6410046465
-0,5015929143	-0,4881502470
-0,6365882335	-0,5241268466
0,5609873069	3,6004002554
-0,9304752013	-0,6850602840
4,5352898164	0,7302061813
4,8036921795	0,8674156557
0,5406428017	2,5741905760
-0,1197750137	-0,9774511703
0,7049412870	3,0903524699
0,4211482514	3,3805933453
4,3938711342	0,5765525859
0,6481599985	3,9536363098
4,9445423139	0,0532189752
0,5384467854	3,7858078404
-0,1596420906	-0,6163328722
-0,0573292406	0,0228041552
-0,1927732911	-0,7535877589
0,0656662355	-0,3871440773
-0,8693112562	-0,1412672720
0,3975102409	-0,4760193065
0,3478941613	3,4492293063
-0,6368913730	-0,2143494466
-0,1577982172	-0,7461186708
4,6286317698	0,4982647381
0,5210333047	3,2918230227
0,9767626323	3,6813857005
4,8438300586	0,8447443151
-0,3129549020	-0,5849855274
0,0566666204	4,0490585686
4,7939013845	0,5746334383
4,3504779504	0,6420132040
4,2732908697	1,1115065762
-0,4482698082	-0,1553636460
3,3275542459	0,7045695390
0,9808379387	3,6962891826
-1,0510173545	-0,7762135831
1,0075196999	2,9504963093
4,4602748198	0,1142258788
0,8736614672	3,4777019905
-0,2844467205	-0,7531361258
0,0145069162	3,4836565218
3,8798674059	0,4593564770
-0,6778093974	-0,3250912271
0,0837583178	3,3577952293
-0,4639359569	0,4010389029
4,2774014600	0,7505710034
0,1493086795	3,6455808851
0,1435986948	3,8966593615
-0,2887657332	-0,6898130275
0,9352333362	4,2549295556
0,5918999620	4,5944818944
5,0313285511	0,3560508801
-0,9666629113	-0,5893969894
-0,1705189839	-0,5458090250
-0,0210240018	3,7484585341
4,6757396638	0,6263560872
0,4548947674	3,6580820305
4,5620648120	0,4204083826
-0,9897837668	-0,2609242764
4,5615465902	0,3872877574
-0,1732805531	3,3160484053
-1,0161192974	-0,4477781334
4,3133349024	-0,5344738135
1,0761608606	3,7780926176
-0,3605692717	-0,6809179821
4,1228326324	0,9608470134
4,6525637889	1,2594976535
4,4844009266	-0,0141425308
0,4050910487	3,2468194922
0,1408545819	2,9627600693
-1,3366021676	-0,7562777561
4,2081546495	-0,5646279509
0,5446092183	3,6600900763
-0,3343426654	-0,6851640913
0,4376300364	2,9909703060
4,4444850826	0,7105111405
4,0116089809	0,2939378753
5,2530307102	0,5255881825
4,4942338259	0,4941713087
-0,2771492333	-0,1082041056
1,4638122442	4,0077064333
4,8501130007	0,1016515574
-0,2691524707	-0,6675232950
-0,2401872057	3,1900974193
0,6380592094	3,4703911644
-0,5758846012	0,0603248458
-0,0158335390	0,0990486045
1,2045015571	3,5195053030
-0,2359495475	-0,6505755071
-0,2615592419	3,3751602207
3,9746585613	-0,1664553810
3,9682482157	1,0311970719
-1,3928321949	-0,3757726870
0,3582266903	3,9242308027
3,9375361596	0,9756236343
4,7753451107	0,7743428916
0,6133268951	3,7633109084
0,1722097690	3,7177684751
-0,5374735925	-0,5660458767
0,3925525843	2,6747498644
1,2622879681	3,0958016624
-0,4104560970	-0,3977434764
1,3241832397	3,3834340195
-0,4617177306	3,5193042795
4,6263858358	0,3623856938
-0,4868091986	-0,3050444167
5,0094010086	1,2010437929
-0,2810539310	-0,8938604090
4,3253104319	1,0347643812
4,1478771193	0,3354940120
-0,6543891483	-0,4762914992
0,4550983150	4,3222507113
1,2852605424	3,4127541975
0,7695091119	3,2081016074
-0,9733311602	-0,1305926899
-0,4072644327	-0,3873495240
4,6157161228	0,0775912978
-0,6149088622	-0,5371224958
4,1094460813	1,0294164013
1,0290441720	3,7422633773
5,0197341940	0,1968618710
-0,4722664239	0,1558695261
-0,4290186631	0,2667255649
0,3296369211	-1,0598339804
4,1400135135	0,9550659723
4,2933669490	0,3506480331
0,5731391850	3,3142875883
0,8424384163	3,7906076424
3,9145309363	0,5249346271
0,0948397771	3,5414510191
-1,0317957840	-0,5514204076
-0,1121181844	-0,2226877266
0,1017354942	3,4164912451
1,0596839152	3,5156156272
-0,7078094834	-0,3691326759
0,0799199772	3,5988940933
-0,1193821842	2,8301429461
-0,1510636493	-0,6547032916
4,4184576466	0,3805111468
0,2680032757	3,7481228863
0,4762327979	4,0351178306
4,8583936644	-0,0271876837
0,3988685063	4,4561270942
1,3124354585	3,4847121278
0,2022668920	3,8643529266
-0,4571036312	-0,3127107093
-0,5565204443	-0,7613668857
1,1461303506	3,3785671169
-0,8532970812	-0,7946893116
-0,9194826978	0,4598306814
-0,2172426899	-0,3094996935
-0,7058695403	-0,7925370142
-0,4603646822	-1,0927866701
4,3496277161	-0,2319480690
-0,4171697322	-0,3977922833
0,3040993639	3,7954767540
0,4000228749	3,6894855210
-1,0865565650	-0,5605963353
0,7612503211	4,0445780998
0,8794206953	3,9282274087
0,6870770663	3,4291083581
0,2108166435	0,1827921854
4,8063451151	0,5725857440
-0,4894377922	-0,6520134253
-0,6003958973	3,4929069188
0,1145487380	3,4436390699
-0,1076376462	3,4227828041
0,5586035041	4,1617415983
-0,0036937458	2,8189406737
0,3682867649	3,6448493140
-0,6874399723	3,8977992800
-0,1510446330	-0,1013700416
-0,8268653480	-0,6596532759
4,1076079667	0,3648195908
4,5028496761	0,4733981041
0,8620384491	3,5242608553
4,4936770955	0,6424129600
-0,9705191734	-0,9903202001
-1,1645120867	-0,6169587621
-0,6934810037	-0,5084091123
3,9801265842	0,7200813766
0,1544667911	3,6926723324
-0,4647065142	-0,4026443602
3,8916041045	0,4213581084
0,3192452462	3,7585307359
4,2212620942	0,1921168018
0,0390858824	-0,4068072450
4,5701435137	0,3566212652
0,1930495585	3,1899264856
4,5656059383	-0,4652067707
-1,0683042860	-1,0413626262
1,3513393779	3,6898281381
-0,0523026054	-0,5641112423
-0,5373121660	-0,0064078090
-0,0119565012	3,3250620905
-1,1792077347	-0,3377974571
-0,0721675430	3,1057449197
4,1184244105	0,6708982563
-0,2889396856	-0,5607644806
4,3972857231	0,5499536657
0,3469671968	3,8647700822
4,0058274878	0,6665232510
-0,7008574728	-0,5927878024
0,8962231992	3,7144206694
-0,2277833694	-0,8456793128
4,2335345291	1,1858231399
0,1594143479	2,7195242945
0,5187193986	3,5134528859
0,5059072882	3,2984417906
4,2009987063	0,1680989378
4,0551132090	1,4179246405
-0,6048821120	-0,1580951530
4,9027461178	0,9209761882
0,2407968496	3,1421064678
-0,5518061816	-0,1551777925
0,7935066752	3,6531175106
-0,0937347873	-0,0914467342
0,9420884022	4,1669978397
-0,1788085824	3,1904549387
4,0096339863	0,4461217069
-0,4939810964	-0,3482530053
4,3207621411	1,3632538829
3,8240587776	0,0879615766
0,0458432281	0,0216899621
0,6388240051	3,4776963202
4,3251972898	0,2278574536
0,0589272823	3,4852609354
0,6410446466	2,7934134994
4,4883579515	0,7638586521
0,4741458423	2,6609190957
0,8467373727	4,2661546127
-0,9143384807	-0,3800329389
4,1451736497	0,4449152994
0,6829085899	3,2341555407
0,6867028114	3,6507441445
4,5758523902	0,7691751049
0,1409989035	4,4594417406
5,2321511845	0,5593366030
-1,1294221977	0,2825797055
0,6203439471	3,2452976085
4,4164512061	0,6643768236
-0,9228503346	-0,7033366605
0,6493316914	3,3210318585
0,0895282738	-0,4262397964
4,6564681025	0,4345253681
4,6140563021	0,0158220629
0,2010329565	2,6938489515
4,0471543232	-0,0233068153
4,6709145231	0,4822743149
0,6143874170	3,5995012000
0,3522771878	3,0496051738
0,5121367599	3,3126126500
0,0584783909	-0,8628144188
0,2342491119	3,2725292376
-0,4336072343	-0,9149004064
1,3114349812	3,5319125037
0,2710978154	3,9297979257
-0,3156466907	0,2575666254
-0,1773679982	-0,0199854219
4,4130103221	0,6253467890
-0,4671066751	-0,9882814306
4,1439442563	0,3606050810
0,0889504760	-0,9430440784
0,1050393376	3,8862449953
4,9338786176	0,8403030743
-0,7211683018	0,1758546233
5,0583933448	0,4291731061
4,3466240937	0,5282252208
-0,1117706895	-0,4091614700
0,4819043950	4,0559881754
3,9098746179	0,7958372206
4,0527444000	0,1434270369
-0,9173504840	0,1140048022
0,2528719189	3,7122864658
3,5867965695	0,9535774447
0,5044785626	3,5060373072
4,5495984165	1,2330072551
5,0142943334	1,3579800714
-0,3183522951	-0,9562982723
-0,9584868486	-0,0355166259
4,1499110145	1,0551411997
4,2279897505	0,2246321419
4,2916762073	0,4762730555
0,3577313763	3,1434770320
-0,8306802624	-0,2116833761
-0,1821510960	3,3698733662
0,4418022117	3,1235349086
-0,2781798946	-0,9297134790
0,3021837101	4,0245939146
0,8143813422	3,0312246833
0,3166608731	3,9208307624
-0,9359295490	-0,6031171410
5,0341730791	0,6048312446
0,7337490976	3,4796169624
1,1381662642	2,7778034117
4,6207566921	0,3645656216
4,1321848545	1,2317985409
-0,0207659989	-0,5058420180
3,6644560379	0,5163136620
1,0231740990	3,8927203130
0,5195882473	4,1140165725
4,4703076100	0,5797285305
0,5296860411	3,7377411415
-0,2350305616	0,6061105888
0,3023785189	3,1779343318
4,3360171203	0,9856043220
4,9021357592	-0,1108611407
-0,2912292367	-0,5843160610
0,1542029460	4,2497971715
4,7926531228	1,2354468189
3,8358519557	0,6565638150
4,3069495578	0,1316157508
-1,0101612281	-0,9550968802
0,3207078596	2,8084441389
0,8839898300	3,9939624652
0,3891480538	3,3086027452
4,2516479392	-0,0713566899
0,3432769140	4,0275663089
-0,0604439476	-0,3409314708
0,4371847740	3,0103070041
-1,0333485803	-0,2198450131
4,5058089709	0,4968069796
-0,5903010248	-1,1508045849
-0,0521561068	3,5973468818
3,9414474826	0,5511791940
1,2417543734	3,9328483217
4,9752828923	1,0067427094
0,5478437243	2,9430872715
0,6296645588	3,0636330689
0,4260727086	3,5658629838
3,5193421254	0,5644532585
-0,8175582897	-0,0592292363
0,6120004323	3,9982069737
-0,5476788033	-0,9485017817
-0,8550683199	0,1283222587
0,5382711807	3,6749846192
-0,0042271436	3,5124660591
4,8011557497	0,1754851664
0,1604566821	3,8527848001
-0,5503574900	0,3073142784
-0,5405147361	-0,6625773106
0,4374531210	3,1618600287
0,5665642727	3,9173570143
0,1866206490	4,6084720380
0,7293193589	3,5630802558
4,7751012058	0,2987512357
-0,5501531437	-0,7020044233
0,4412843743	-0,4885752820
0,4468975769	2,7111727799
-0,4242081428	-1,2229658483
0,2361884998	-0,2762049719
0,7878112970	3,4592959322
-0,1789713012	-0,6244126172
4,5873327192	0,7721090710
5,1995678024	0,7540951147
-0,6090521510	-0,9639125231
0,2245436436	2,6792851176
4,8668196003	0,9637091025
4,4360645517	0,9059207131
1,2637264037	3,1219255368
0,4714886044	3,5836509449
0,4834041124	2,8029602720
0,0246844855	3,1322314190
5,0167974615	0,1800809885
0,7396035572	3,9211915077
-0,4355409419	-0,7562632732
0,2860186049	3,6450141794
1,0125821008	3,7708805707
-0,6607142235	-0,4493664765
0,1788553125	3,3618396679
-0,3519702963	3,9373162707
0,6548871097	2,8031142316
0,5634269580	3,9068853708
-0,0986763639	3,5571084438
0,4242027579	3,3662733390
3,9702396203	0,6093794458
-0,1352303923	3,5717244757
4,3417937144	0,7106950806
-0,3016802429	-0,7340226893
4,4748008579	0,7893747048
4,1258368044	0,5161404083
-0,4362781361	3,5385085872
-0,5586294540	-1,3224800045
4,9015904565	0,3153266977
0,1230397272	-0,1801269225
4,4605682419	0,2452949581
0,1484572838	3,8835824917
0,0112976696	3,6940263658
0,0881374894	-0,2539830670
0,7020091063	3,5057462852
0,6792991141	3,4104647280
-0,7910001202	-0,0567511589
0,4084728840	-0,1897167815
0,5772941855	3,7713628826
0,3770877683	3,5139565929
-0,4471880907	-0,9385477827
-0,3377240990	-0,7902641809
-0,4559826460	0,1044086649
0,0817249790	-0,3018456989
-0,1065580043	3,5268638582
-0,8618142886	-1,1505829826
4,7024087298	0,6429074471
-0,5534666955	-0,5091689299
5,0810367964	0,0693645661
0,6560778997	3,6078439704
0,2957153591	2,5434068285
-0,3671364271	-0,5164323599
1,0090889329	3,4931636750
0,1231699315	3,6151772716
4,5140961614	0,6618665775
-0,5552253442	-0,5544370359
1,3548494186	3,7591739518
-0,7315473087	-0,7843733578
4,7184302541	0,7319902996
0,6017865345	3,3152671145
-1,0042569339	-0,3565643814
0,0393884997	-0,6773659085
0,0711622689	-0,8928211765
0,4186272510	4,6376186433
0,3087735037	-0,3755743319
4,5372574159	-0,0204236588
-0,7863728663	-0,1864209938
-0,3596161333	-0,6704941108
0,7017950208	3,1799822939
4,3048595722	0,7541227233
0,6054066747	3,4114387137
-0,5368757444	-0,3675912192
-0,5078618385	-0,5525308468
0,4081869199	3,7083291923
-0,2418378052	-0,4947074224
-0,2591730660	3,5961369245
0,5870598610	3,9596526334
4,9827999443	0,2665984975
0,7702876921	3,3331117277
1,4183830800	3,1833680527
-0,3479989145	-0,4402359718
4,8173526507	0,5424917257
4,0809455132	0,9042688771
0,7614797098	3,7142848822
-0,3189457081	-0,4931158548
4,0726089913	0,1906041342
5,2968484484	-0,7510274690
0,5257920393	3,6909166700
0,4030963104	3,4783755724
0,5047063369	3,2483831819
4,1720296735	0,0230413693
0,1508759006	-0,1727136516
0,5728535161	3,5738836455
4,1750223258	0,2858365609
-1,0556443257	-0,3408528314
4,3922673661	0,0187959331
-0,7384527175	-0,0037341665
0,8412941114	3,7052478753
-0,9964971807	-0,4281491096
0,5073398069	3,2255788019
4,8061184694	0,7460889382
1,0259208804	3,2797513166
0,2567095023	4,3240860172
4,8602338544	0,1679880296
-0,9831331589	-0,2736332352
0,6423987630	3,2925808035
-0,6483530418	-1,1552542037
4,5087309813	-0,4259779029
-1,0680826434	-1,1861265467
0,6636078502	2,4637795738
4,5903941607	0,3265062202
0,6377274029	3,5257263380
-0,3321085531	0,0519010743
-1,1172350285	-1,1341390437
1,2420346301	3,7997599781
4,4238364446	0,1500128237
0,2415497477	3,7418940083
-1,0482066454	-0,5371669144
-0,7130288231	0,1418122465
-0,6911490942	0,5510750418
-0,9056642313	-0,9269659847
1,0820762645	3,4794822858
0,6575596149	3,9362484139
0,9147537429	3,5418956478
-0,1616978740	3,9722378524
-0,0161836233	4,5291055009
-0,0783519312	3,9187523740
0,6073402409	3,2637409099
0,3167312231	3,6262703874
0,8495210764	3,4260640949
4,4168000953	0,6264706518
-0,2100909026	3,5703326376
0,4254928999	3,4200552299
-0,8025673299	-0,3231606649
0,8236322145	3,7417755589
0,2975083817	3,6302178932
4,4162209567	0,9907112714
0,0032734683	-0,0731822717
0,8144654255	3,3537002754
0,7129710448	3,5904733856
4,7649487728	0,2244191653
-0,9223073345	-0,5443389756
-0,7365109848	-0,4666605621
4,7414147626	0,6023772399
0,0482069973	3,7138309677
0,3921285154	3,5497776582
0,6477461830	3,7756629300
0,7330140270	3,6185197898
0,2242597245	4,5440689702
0,2541633082	-0,2741124622
0,1322573005	3,3647169633
4,5247306073	0,4303968206
4,6217599502	0,2865932355
4,4854951175	0,2115981728
-0,2162440039	-1,1168911362
0,1457480372	3,6126348848
0,2915322540	3,6547410349
0,7670277055	2,9247560737
5,0855105060	1,1856484277
-0,6313565729	-0,3822560466
4,3657857376	0,5023716433
-0,9551500919	-0,6700621364
0,6623215146	3,7798065591
3,9896853989	0,4245407445
0,4346585824	2,8989333121
4,7420674657	-0,0992941465
-0,0586531288	3,3743581187
4,2564624737	0,2935124780
0,2294118300	3,2675759244
0,1652711423	3,3633870609
0,1509182157	3,1529744048
-0,3256762670	-0,1978534567
4,5467533162	0,9039166270
0,3347634132	3,2854254029
-1,3467659973	0,1070890922
-0,1573775291	-0,1831664603
-0,5585253599	-0,0222287658
1,1741938517	3,9302482544
-0,9542936068	0,6596106125
4,7939507995	0,2940559748
5,0143018618	-0,0009509255
-0,2490644921	4,4693647041
-0,5570619382	-0,9020622916
0,8804380896	3,4880020966
0,3153402988	3,7788074938
5,2593959942	0,1419636153
-0,9347231625	-0,7727861360
4,2609227165	0,3904112451
0,0192701209	-1,1664820007
5,0149550993	0,1162143774
4,1757665606	0,5839275418
4,5179611254	0,2037933054
-0,5350484424	-0,7374171798
0,5322242919	2,8836067935
-0,6258359191	-0,5414082996
4,5145455437	1,1899671385
3,9973354812	-0,0824826945
0,8943105808	3,4491897740
-0,3511311948	-0,3715616347
0,6010978784	3,4825474029
1,6964251401	3,3143893785
3,8924499438	0,3661581342
-0,2447085039	-0,1401469826
0,5322682333	2,8615526092
0,4888456038	2,8500484723
-0,6638791512	-0,1490140809
0,3729564069	3,1440507117
-0,1223453067	-1,2172015937
0,5737187255	3,2343838878
-0,6077534767	-1,6104056453
3,5171379756	0,6372913573
0,0276426073	3,2279741568
0,5489515047	3,6194737014
4,1614516698	1,4507182695
5,3987624178	0,3280078338
0,4648194644	4,0636009347
4,3150448529	1,3151344556
4,7663893157	0,4678602134
4,2611038034	-0,0640723540
-0,1256118000	-0,1634679098
0,6199031666	4,1183007921
0,4448871025	2,9370809011
4,1863007632	1,2061977257
-0,4595332036	-1,1095988585
0,0734992563	3,0149905063
0,6694095925	4,2770514993
0,4153175112	4,0871318558
-0,9451707836	-0,4530890235
4,4773419903	0,6185033370
-0,0379106789	-0,5943284111
-0,0075322735	0,4340556695
4,6156406216	0,8369198761
0,0235102027	4,2293583756
-0,1981142007	-1,1039907522
4,7154696583	0,8511075811
4,4188207153	0,0224619588
0,8000673857	4,5047039406
0,5735568703	3,5037906358
4,4523428923	0,1217440675
-0,3115106995	-0,6432929123
0,6070898733	3,4639089534
0,7801721748	2,8558120886
5,1203242102	0,3529162070
0,7097272169	3,1460449308
-1,0902782257	-0,3560922357
-1,0108054876	0,1441335141
-0,9237016510	-0,8553819588
-0,6865286499	0,3934899475
4,4268407328	0,5318443518
0,5533303240	3,0798221377
-0,0481453292	-0,2841479410
0,2182925568	-0,6969770405
-0,7213951087	-0,1905010250
0,1144914520	3,5373195772
-0,1519960421	-0,6243066034
1,0485491898	3,1968966085
0,4863636515	4,1819106647
-0,5172410827	-0,9216869754
0,3063866532	3,7007704129
0,6732501809	3,7098738376
0,0484684123	3,0513713819
0,9185115783	3,5868119695
0,8975815143	4,1334780221
0,5766985284	3,5162975125
0,3299293550	-1,0556682488
5,0585224636	0,9432642527
-0,0918957642	3,2634824556
0,3854823594	-0,5272894902
5,0629620836	0,5574929287
5,0528547314	1,0378190026
-0,6733473373	-0,5579904973
0,1556107466	3,3976041815
0,4960420312	3,2174143588
0,6464342665	3,5427076756
3,8445127424	0,9831742434
0,1267637233	-1,2645313720
-0,9917194624	-0,6984673116
0,0499368564	3,8648329607
0,5364997935	3,7263806740
4,0499217853	-0,1234496104
0,1928474912	3,4481332197
0,7658516023	2,9149105532
1,1093000679	3,7338169475
-0,5312310683	-0,1838924256
-0,4181615573	-1,0867273117
-1,0324705574	-0,5693821272
-0,6322816278	-0,0204571735
-0,3031980579	-0,5504806920
1,0052805436	3,3550329563
0,8080540731	3,8929985629
0,3514998842	3,2659998183
-0,0299058696	3,2751441382
0,8969001419	3,4755444203
3,7159971222	0,7714419632
4,1429977851	0,6132054675
4,1769000811	0,8770342906
3,8815043382	-0,0665754643
-0,3103974106	-0,0964422576
0,1907911158	-0,4998094457
4,5479100690	-0,0669053130
4,8245034678	0,7247462797
0,3851123107	-0,3602591718
-0,4276461919	-0,2857211785
4,3721217236	0,1155773908
-0,0301174548	2,9364837344
0,9265662223	4,0028257480
0,6064314473	3,8100464701
0,6719048826	4,0761139547
0,0261918989	3,1149940709
5,2594736377	-0,2022885252
-0,8811072120	-0,5689511370
4,8205595601	0,8527427727
-0,9000187439	-0,7588602749
4,8253529577	0,4846376654
4,1207007091	0,7672730223
-0,7055591713	-0,1718300149
-0,1296160170	-0,7054471609
-0,7714070102	-1,3524708329
-0,7581409228	-0,4281531790
-0,5319559753	-0,3199631729
-0,0944075260	3,0759023250
1,1089559693	3,0623834568
1,0677898128	3,5982570761
0,6133085359	3,8637108055
-0,2773942600	-0,4402035626
-0,2960052657	-0,0192343247
-0,0096571067	-0,0358687400
4,1256388790	0,6600504144
4,9500747802	0,5561424208
-0,1520612668	3,8539681615
4,8851243111	0,4249606318
0,2203552137	3,7099460832
1,0726837686	3,0748732537
-0,9539396403	-1,1354155179
4,3391595742	1,4057742162
3,7864611520	0,7085252690
0,0557491983	2,7831649251
4,6224934154	0,5701268544
4,4002060276	0,7363049399
0,6856355612	3,3705257210
-0,0724487074	3,4369821724
-1,2127966459	-0,9305309179
-0,3174057390	-0,3947079346
0,0005997878	0,2197176822
0,9376563329	3,0497285724
0,6461256650	4,1132162520
4,7280442819	0,0811634775
5,0542422294	0,1885987237
-0,3050089282	-0,3119274038
4,0564905833	0,1286280105
-0,5245137669	-0,6572102278
-0,8341516289	-0,8067477034
-1,2756804551	-0,8936071958
0,5381842901	3,2328338812
0,2483555822	2,9075213551
-0,5973635954	-0,7219818640
4,0719532752	0,5764741993
0,9279750466	3,6352653717
-0,9524516334	-0,8598770030
-0,0683215120	3,5210260188
4,6983582348	0,4341657888
4,0245827438	0,4879996238
4,3937001619	0,3956307714
4,5260409808	-0,0326082551
-0,2823701855	-0,4823498045
0,8593133479	3,0260669248
4,5831208378	0,6413609558
3,5493735481	0,5604718498
4,9501352752	0,6748551224
4,2575298509	0,6166042882
4,6812267425	0,9492544889
0,2425112668	3,6107994640
-0,5682454915	-0,0646797264
0,6815600295	3,7622965046
4,3272304865	1,1863590374
-0,3241645068	0,0919995357
4,5616044912	-0,0956506575
0,3209316690	3,1420526821
-1,0140733554	0,1675778008
5,0384570985	0,0962384883
-0,2101144319	0,0496749481
0,3503481259	3,5442403594
4,5245843769	0,2968418019
0,2442502612	2,4736713758
0,1473665155	3,5649327433
0,8170680706	3,5002246756
4,9152632143	0,7747509876
4,9151516318	0,3292522815
0,7355267660	3,8140338399
0,5253518972	3,7028774692
0,1559682916	3,2250078972
0,7865787053	3,7411625183
0,7970159408	2,6772275181
-0,5218925887	-0,6585682109
0,6348233656	3,9986500399
4,2735954328	0,5338886764
-1,0825662968	-1,4617160228
-0,3248092392	-0,0669449131
0,8301544712	3,2959921666
4,6782104125	1,3780622181
-0,4005599132	-1,4421551731
0,1913411399	-0,1656626703
1,1766336198	3,4727762983
0,1607958966	-0,8935059076
-0,7936407646	-0,0779340520
-0,7598512367	0,0727586226
0,6090247619	3,6157805323
0,2379992207	3,7079183513
-0,0661228248	-0,4922249337
1,3307771156	2,9335657083
-0,0251621818	-1,0501473142
-0,7383420638	-0,4696604905
0,9148356474	2,9225904984
0,1414972367	4,4301848416
0,3599190347	3,2752906685
0,8837655170	3,5614626868
4,8988052625	1,1957861273
4,8688923026	0,2930632836
0,2903063429	-0,8907594669
0,3938428355	3,3423753590
-0,8123637399	-0,8530428917
0,0462115240	3,2346251032
-0,2993237494	-0,4851517293
0,4801676668	3,1878372484
-1,0578883373	-0,8630554585
4,1471127961	0,2813253464
0,7636954112	3,6167136449
-0,5605729196	-0,7101505239
-0,4654242752	-0,2625679072
0,5451306758	3,4585156200
-1,0254045322	-0,5290006329
0,2474375925	3,2870085540
0,4453280340	3,9990659150
-1,0742324555	-0,6940868354
-0,8937510583	0,0865379194
-0,9425298985	-0,5053296026
4,0814238301	0,8264031934
0,2599211044	4,2113616101
0,5402211408	3,4866971769
-0,7332523421	-0,9004138720
-0,1656362660	-0,4228395728
4,6106912547	1,0384292208
0,1739887327	3,6978246857
0,7360657169	3,7896448766
1,3083777543	3,7739527350
4,3973093675	0,2972186728
0,9357942758	3,5684639706
-0,1848463695	0,1311207200
-1,1547966431	-0,9171903765
0,7559450352	3,6397241794
4,3148872491	0,2241284894
0,7390086995	2,6487401901
-0,1798929606	-0,6919070406
4,8171091720	1,1454232634
0,2971704174	4,6160990707
3,8484992342	0,7045998606
-0,1192564369	3,8632346228
0,4011662510	3,4205415536
-0,1219623102	3,8991993845
0,5891485569	2,8347868461
0,3146082733	4,4113273409
0,1480415118	3,4645340448
-0,4294054326	-0,4820206787
1,2789809830	3,3122042410
0,8535990108	2,9215336428
4,2408786265	0,7419955342
1,1709668317	3,6690729730
1,1707594281	3,5687995919
0,8891763691	3,2082099138
-0,6604962361	-0,5804137388
1,2048399613	3,3047154729
5,0740451063	0,8842080966
-0,4274806232	-1,0465879706
4,3419878954	0,4200946037
4,5435679838	0,1605121166
4,8370134906	1,0202969316
0,4292608964	3,2622068088
0,9237298242	3,4784751197
0,6357898932	3,8881099383
-0,6530872840	-0,2781167904
0,5080234548	3,8037581199
4,8574748816	0,5475060620
0,3219831459	3,3150965062
0,4205304558	3,1608183832
4,9904071055	0,5544697509
4,2722511693	0,7758458619
0,3567209661	4,2822353831
0,8587215044	3,5112963919
1,0019886452	3,6166319813
4,0586736427	0,2930126684
3,9138430987	1,0380749158
0,5013522743	3,5715583436
-0,3230864139	-0,6223407232
4,8585721536	0,7461387853
0,1818984894	3,1450111031
4,2505240342	0,6170024342
0,0923623879	4,1582583033
-0,3926751410	-0,1235729229
-0,2050611280	-0,2430753880
-0,7349106353	-0,9149562835
0,2761354970	3,3040739067
-0,4184131541	-0,7702878565
-0,2844735074	-0,5921928011
4,0749996496	0,7160773557
1,0572731603	3,7560705244
0,5702468659	4,0709406399
4,4502618474	0,4428452882
0,2411550855	3,8045650693
0,6078205724	3,5859066832
-0,6292659759	0,0255919836
0,3293467670	3,6806801117
4,0853565735	0,9453318667
0,1758187759	3,9897303831
-0,5117604800	0,0758648830
0,5742839612	3,2471440132
0,9607595983	3,9932568722
0,5055047748	4,1354751478
0,8319489163	3,2624898053
0,4626136417	3,9209943549
4,3190570025	0,1455862242
-0,1400947702	-0,3823606240
4,1538735151	0,7318613800
-0,3434303861	-0,4688439592
-0,1968123440	-0,6817786381
4,0717450462	0,5193085672
4,2542693593	0,6164194319
-0,2892728894	0,3982173069
0,3575320875	4,0728605236
4,4458705905	-0,2020202613
-0,7162519699	-0,9737723736
0,5295390303	3,3892451181
-0,4638799466	-0,1951820416
0,0145953085	3,9110860771
0,1217893523	-0,6702551728
-0,9119557476	-0,5428657831
4,1850083412	0,5803144389
-0,8380481049	-0,7554907629
0,0924701917	3,8217380414
-0,7596645477	-0,4210979860
4,1494052426	0,6982849998
-0,8246121581	-0,3825666869
5,5159779942	0,5485213179
4,6255205263	0,3972867765
3,4787467869	0,3188108323
0,5307174497	2,8692559380
4,7335143002	0,2850282875
-0,4973262641	-0,5113020147
-0,9527287106	-0,9296758203
-0,3530067436	-0,7213741197
0,1605210263	4,0699155921
0,2816961544	3,6254949779
4,3691356158	0,2380442270
-0,8673639903	-0,7170699101
0,1746004925	2,7398018555
0,3351943993	0,0458340047
-0,0183047160	3,6278910362
-0,4979206078	0,1541552154
-0,7712323539	-0,7848583638
-0,0411495238	-0,6336414464
-0,2786356956	-0,0216132218
-0,3933466541	-0,4552410813
-1,0015306222	-0,6447511981
0,7027222842	3,4267818820
4,5735715338	0,2794243472
0,6900748926	3,4934725613
0,0746118800	3,5303035295
0,8038453830	3,2186664380
-0,2230037002	-0,5944339268
3,8407744276	0,1418519234
0,8156288410	3,9930348971
1,1511936253	2,9808380038
1,2551386299	3,7242982641
-0,9599046054	-0,9855231461
0,8908117367	3,6662184792
0,1110951787	-0,1012877370
-0,1808375151	-0,7155420871
-1,2806825672	-0,5970827100
4,0872826067	1,1274265814
-0,8834229562	0,0551466652
-0,0385311730	4,0943401663
4,7578433141	-0,4353314610
-0,5288049814	-0,7464944707
5,0595750508	0,5223243374
-0,6669349138	-0,8323567859
-0,1381706122	-1,0568698919
-0,1362976489	3,3911671198
4,9067531504	0,9768693823
0,4520797382	4,0268440343
-1,0982297278	-0,9808714198
-0,0075150024	3,7319352389
4,4457521293	0,5818552974
0,8466365211	3,2810340105
0,6817374288	3,7804602993
4,6110455543	0,3492547613
-0,2773373125	-0,7281064600
-0,1931424213	-1,3723507621
-0,4592814672	-0,2686887751
4,0293864402	-0,5013072925
-0,6986404771	-0,2983996072
4,8717055394	0,5411287955
0,5809324671	3,1408497132
4,1642746372	0,6651503660
0,8698056586	3,8779325653
-0,1124037551	-0,4507822439
4,8887309181	0,7255115564
-0,6941565265	-0,2991138925
0,5330625473	3,6998158379
-0,7148934702	-0,4957736819
0,8171863321	3,3740473993
4,5688975907	1,1756389140
4,3082597463	-0,4848388019
0,3488361188	3,3264788577
4,3241482475	0,7265636974
-0,3654933838	-0,7752826768
-0,1010016989	-0,7879357980
0,5149490305	2,8901585241
-1,2019849371	-0,8915734750
0,5020659403	3,5032521719
4,5610600573	0,4186385310
-0,2619881110	2,9314744211
0,3572632785	4,2993232909
-0,2856225887	-0,6269024611
0,4620083819	-1,6904290992
0,5214406049	3,4541303008
0,3660200707	3,1445062637
0,1406961525	3,8596951769
0,2902454523	2,7298952229
4,0695768386	0,4207067696
4,7462346157	0,5821673283
-0,8677499928	-0,3332506310
4,6557987275	0,2154363630
0,2971193687	3,5794718064
-1,1196087119	-0,1692502501
1,2865035273	3,5990460905
4,2598047885	0,2058469270
4,4383575301	0,2542134320
0,5582821040	3,4807791622
4,4632478654	0,3646950314
4,6213984945	-0,0228652125
-1,1288328807	-0,3607435798
0,2114659523	-0,0457745437
-0,6210652617	-1,2334854445
0,0280945094	0,2365928763
-0,6443480572	-0,5701227592
4,2819110589	0,6555426634
4,2147069085	1,1525179824
0,9546037842	2,8767026818
-0,8987359785	-1,1901504719
-0,3354633176	-0,8701131478
4,6539012437	0,4478050652
0,4063827326	3,9300915176
0,1959182268	4,2269557042
4,4970645178	0,4677028340
-1,1060682944	0,2635035970
-0,7165332334	3,3603319507
0,3273955133	-1,4691260078
0,7912004129	3,1498553416
-0,3432041527	-0,7378757658
4,8360486935	0,7671020896
-0,4697687793	-0,3856739957
-0,6645405006	-0,5285861131
-0,1003195054	4,0202718080
-0,2196974904	-0,7668799080
0,8828649710	2,9632914312
0,7751464016	3,3036489654
4,9843104364	0,3358679675
4,9053458150	0,0776511935
-0,5810580371	-1,0732793406
1,0103707225	3,5699780515
-0,9186280638	-0,7309239501
-0,0748651315	-0,5215935885
0,7635278873	2,6521853130
-0,2725301115	-0,5453177269
0,3502995602	3,4591368748
0,8056756632	3,9850556920
0,3129309876	3,4808742826
4,6824681461	0,3124494494
3,7436289913	0,9593388376
-0,9134377281	0,2500156139
4,5419318046	0,5774140513
4,4440588274	0,3895169709
3,7330834497	0,5920763179
-0,5443673521	-0,7265753489
0,1768187895	3,1190462151
0,5284938757	3,6400494646
5,0008077151	-0,2844349342
-0,4044654303	0,3188510006
-0,5219972152	-0,6955963719
-0,2851974556	-0,9606661142
-0,5986384819	0,0637928862
0,7545244157	3,3871242484
0,4172379242	3,5471960173
-0,8030867147	0,1402407637
0,0078191801	-0,6523807076
0,3201442041	0,6322349263
-0,6792303238	-1,0228030510
-0,4677251438	-0,1973808629
4,3295336604	-0,2455776993
-0,4737228462	-0,4990473678
-0,6355624407	-0,8242254479
4,8593393411	0,2410177662
5,1289983407	0,5850490148
-0,8315917963	-0,3288438408
-0,9385296455	-0,7948759927
5,2910017762	0,5160708611
4,0286934521	0,5488248024
1,1513220526	2,9640015117
5,1494581184	0,6831407379
-0,3282428582	-0,9781060011
-0,4702436970	0,2478616904
3,6598531769	0,7412990601
5,0141522507	0,6811969285
4,2695933049	-0,0555250292
-1,2837295141	-0,1328693538
0,1292525782	-0,7483131569
3,7895703817	1,0888896755
4,9423930106	0,4415336160
4,4882274021	1,0081129291
-0,6160732856	-0,0142807821
1,0424161208	3,7485902214
0,2701858894	3,2177344184
4,1886361553	-0,0783866664
0,7368972881	3,9210975370
-0,5806823092	-0,8787278800
0,1449255848	2,8199964980
4,1067336508	0,2472312164
4,1008550770	0,8965218488
-0,2774019239	-0,1389213703
-0,7050130490	-0,5690511271
-0,7679377733	-0,5404938034
0,7394204587	3,7320468993
-0,1147836200	0,0666631262
0,5956319209	3,3510093114
-0,3142037429	-0,3469384747
0,4072527203	3,7099261913
-0,7596931243	-1,5377766380
-0,3144395318	0,2690353935
0,1644871186	2,9385379719
4,0586315122	0,5210205121
4,6953136011	0,8370442817
4,6708826098	0,5344175890
4,2111482002	1,3374791601
0,5438745509	3,6174737332
-0,3604193978	-1,1133511354
-0,0259122312	-0,4492517721
-0,0480002620	3,2675069644
0,2064730728	3,3727509663
4,4764490521	0,6390572455
0,6664294605	3,3339073876
0,2562343312	2,9770641896
0,2900361746	-0,5132586779
-0,3279418435	-0,3536043299
0,7165864651	3,9371507939
0,1713815027	-0,9534701702
0,3227239328	3,8888589823
0,9949842083	3,2504312120
0,5099263150	2,8918837846
0,0620641527	3,4695085658
-1,0706826030	-0,5254175872
4,6304692926	0,0234943591
4,0960575275	0,6669568325
-0,6796908115	-0,6672004998
4,3279268025	0,8290262772
4,8827509153	0,9627814594
4,7468638896	0,7029626685
4,6809831047	1,1095333695
-1,0265378512	-0,8656303555
4,1385823100	0,2661731327
0,4219806900	3,4029881816
3,9674457486	1,1199589920
0,8813441725	3,6906121540
4,4152216189	0,3059340840
0,2061383667	-0,0546276281
-0,3473108539	-0,5769857390
4,2974568214	0,5008403982
-0,1420443939	3,9777123270
-0,1461216494	-0,3636385929
0,0766624796	2,9192079927
4,0437760362	1,1871164032
4,1885756017	0,6765346192
4,7400716022	0,0124553887
0,1387991092	-0,3742588027
-0,8470498472	-0,2389668125
0,7646946544	3,6452987103
-1,1743633968	-1,0346560955
1,3404881434	3,8223516424
4,9506620967	0,8666289038
4,6837479401	0,6352890378
-0,6525971880	-0,7748887888
-0,6126265769	-0,3871672491
-0,3572422375	-0,8041222959
4,3847361789	0,2839803786
4,2382484089	-0,0153123610
4,2398821399	0,9201460472
0,5208431487	3,5535784910
-1,1016098029	-0,8481284732
0,2083493327	4,0713785302
0,6594485568	3,3374584969
0,0763483327	-0,1154666757
-0,4576260039	0,1580767099
0,1483910089	3,7258778551
4,1792840996	0,5754172497
0,4782673580	3,2250045360
0,3863399520	3,3469375934
-0,3644297960	-0,3792596585
0,6882021155	3,7778629206
0,8532676418	2,8618997282
0,6936560508	3,9618354280
4,2664262579	1,1087637109
1,0378164750	2,8423996423
4,4971525228	0,7519269412
4,4220739988	0,8207293123
-0,1819712741	-0,6467813720
4,2647421533	0,2832518660
-1,1312647272	-0,7360252724
0,2443490597	3,9456989746
1,0699411673	2,8495821051
4,2019734371	0,6932695676
-0,8141339582	-0,6719927147
0,3799056642	3,6501578343
3,7025807355	0,4199027408
-0,3211176638	3,2408801566
5,0274150059	-0,5101250097
-0,3553682641	-0,6401318090
4,6920495875	0,9226258485
0,1274000910	3,7380448884
4,9498492420	0,3157638707
0,6135816623	3,3175446638
4,5727609493	-0,1164558871
-0,0367463981	3,8650538770
0,7914922971	3,7688902136
4,3869029242	0,4073709049
-0,4670100387	-0,1563926296
4,6575735397	0,1224218806
0,2676715161	3,8169536166
0,8466515419	3,1885387546
0,1882108217	3,3850281585
0,0844298554	3,4850662806
4,4277261284	0,0850276232
4,0434958883	0,5224691987
4,8865498818	0,8512260960
0,2561804958	-0,5566607658
4,8633909304	0,7452027837
0,7799394548	3,0553104654
-0,0752310688	-0,5382305401
0,2661344165	2,9881070361
-1,0353607280	0,0376203515
0,8708297514	3,0902229173
0,0858344059	-0,6050220511
0,3791106442	4,2164764407
4,1188010209	1,1074971458
4,2990062270	0,5583780156
0,2761609819	2,9397687925
4,2449877363	0,2057511503
0,4676364298	3,2608898794
-0,0606899611	-0,7617786752
0,4980901123	3,5979011318
0,7457825672	3,3116893124
3,9046720006	-0,0128719958
0,0248318578	-1,3210716523
-0,3306588655	-0,3874645247
0,4328560026	3,4628235346
-0,0803417647	-0,4114139443
4,3629901730	0,5090312130
5,1720175451	-0,3226640782
5,0193563758	0,6021200446
0,2523665460	3,1989189067
1,1750678751	3,2871517149
0,0262695260	-0,5573422869
4,5169822566	0,1212952011
4,3382713603	-0,0169989666
-0,8282913512	0,4874783471
-0,5772579697	0,1822106825
-0,1379069406	-1,2595884827
-0,6236814438	-0,3429007546
-0,9287655130	-0,4743608684
0,3016685172	3,3475290610
0,1874976587	3,1344695747
4,3622570857	0,4016968261
4,1706527244	0,3162913811
-0,3791073708	-0,3053321158
1,5426710146	2,5619023407
4,5525376540	-0,1104288927
0,6855624499	3,3164110565
0,2624590755	4,1687335957
-0,7496861732	-0,4780241077
4,8364117312	0,4355804189
4,6335712510	0,4597902886
4,2103492999	0,3377849515
-0,9195821740	-0,0682343402
-0,3809378340	-0,1167843366
4,4924447935	-0,4488474477
4,7587534807	0,8806340955
-0,6019376057	-0,4180088438
1,3543456435	3,7464802900
4,8475604251	0,4284196641
4,7662839012	-0,1336976434
4,8062707434	0,1795726302
4,0154614170	0,6430972571
0,8173110621	2,8114000701
4,6587129519	0,7103662325
-0,7747583424	-0,6753797927
-0,2757770104	-0,1494355114
-0,5371190049	-0,4714627728
4,3383157820	0,3396372586
0,3165289845	4,2877221626
-0,1673534059	-0,1140191673
-0,4760618229	4,0636312658
4,6772266884	0,9299854475
-0,4974517796	-0,9788101822
0,1481867282	-0,1812297381
4,2810148214	1,2225848093
-0,0175981913	4,0142345448
-0,2589382644	-0,5974457293
4,3039166658	0,8957692556
-0,4679536602	-1,1672662409
-0,5651584404	-0,3800252213
-0,1798831747	-0,8218634677
-0,6543450570	-0,8568391498
0,5554727347	3,7874728423
4,7853680799	0,2571628598
0,5380007789	3,7664905683
-0,7977956479	-0,6750747636
-0,3553333675	0,7320799921
0,3058222108	4,0952974859
-0,8090384520	-0,5369358259
0,8995232321	3,3615397782
0,4269579198	3,6886532926
0,7227550395	3,8754538110
0,8688688901	3,9687799053
-0,4018048601	-0,3225526848
4,3471494236	0,7143099265
0,6337559801	3,4558480199
-0,2757325036	-1,0307410373
0,4144796705	3,2811581843
1,0176000681	2,9746589016
4,5345396571	1,3179074405
4,2446710315	0,4471396319
0,7432251683	4,0881932514
4,9930832233	1,0988903178
4,0443951434	0,8304698387
4,1349186822	0,8330721310
-0,1166397696	-0,4824341242
0,5784389101	3,4020759529
-1,1998881483	-0,0770670205
-0,6248329400	-0,2922642279
0,9983224715	3,5598074435
-0,4006492707	-0,3284125108
4,2770551701	0,3301563010
4,2710776461	0,2339278309
-0,1530467880	-0,6476503704
0,9721061199	4,1970596697
4,6720689645	0,5714166197
0,9833613234	3,8189131896
4,4694473935	1,0160776816
-0,1071105386	3,9314096986
4,5872069529	0,2093745123
0,5866346683	2,9272805248
3,9355955527	-0,2606474250
0,7215867349	3,2587026864
0,5621985502	3,7704084232
5,3559239102	0,4479311170
4,7897102299	1,3236833484
0,2948024037	3,8858861771
3,6367646760	1,0572837371
0,2261130155	-1,1023625300
0,4685895099	3,9131672484
0,5796977141	3,3580798280
-0,5714589261	0,0560300834
4,3549134620	0,2188464108
1,1610435759	3,7627211896
0,1370395584	-0,4039431449
4,1681591759	0,0031125226
4,8424431440	1,1472995265
4,4699811351	-0,4335019415
0,4280511570	3,8485610705
4,8598889609	0,6811799591
4,3796991463	0,8333224636
-0,4900679935	-0,6608344656
4,8543452731	0,8862231913
0,7989522131	3,8237402115
-0,2565476687	-0,9842419409
0,9366624487	3,6368663073
-0,0348889049	2,7106853144
5,0586614680	0,5923664367
-0,6208768205	-0,8224325725
-0,6967857789	-0,5398885563
0,5286174517	3,3421161676
1,2485220877	4,4465420738
4,7502306145	0,4738812675
4,7374017871	0,1457599114
-0,5427841079	0,3405423286
4,7716771326	0,2184915245
-0,8923527466	-1,1389288069
0,3387540303	3,6645525496
4,9151289195	0,2322108001
-0,9713315551	-1,4396319961
4,6158287381	0,3345371738
0,4230465219	3,6480603934
0,2482995406	-0,0880836893
0,7083653429	2,9814525392
-0,5091556031	-0,3230823412
-0,4135321548	-0,4117163445
-1,0004716060	0,2118013771
4,0769642636	0,7022249378
-0,8005830114	-0,6769693597
0,4895997411	3,6241095419
3,9438575790	-0,1813180370
0,5691395319	4,1663780337
0,5370784935	4,0725293500
-1,1031369752	-0,1529038452
4,7219564029	0,3294905807
-0,3141157959	-0,8193547935
0,6460870208	3,2144657498
-1,0603597489	-0,9471046947
0,1415576470	3,4378570146
0,8540467633	3,2724181592
0,1071920150	-0,8344353394
-0,4832271229	-0,2076613817
1,3219998901	3,3919489139
4,6434585815	1,3798778711
4,5361604725	0,6759227110
-0,4962658230	-0,6061569380
-0,8352065067	-0,0413751625
0,6319305411	3,3352884604
3,7393487227	-0,0395328855
4,4388213488	0,9017953710
4,0961552610	1,0545831926
4,0660745621	0,0654877676
4,1763531741	0,8860966778
4,1962040166	0,5566290769
0,2790338431	3,5039871535
0,8692548421	2,9839722172
-0,2354178664	2,9424824514
0,2011845426	4,0678057422
0,2239205593	4,0109063916
0,4232218737	3,4151262656
0,8875501410	3,0921261416
0,7722339359	3,7076151644
-1,3240331920	0,1166084586
0,8536959699	3,5530142841
0,7108642909	3,5592796248
0,3652048374	3,5340996709
-0,2118348445	-0,4999933688
0,5015119273	3,8735887842
0,4351005524	3,4743043901
0,4032310709	3,8004621060
5,2698102577	0,4876633346
4,2524008734	0,4353143560
0,8095197634	3,4240060698
0,2491905087	3,7878391311
0,5095756094	4,0456766780
4,3841655493	0,3260120025
-0,9616214179	-0,2394917472
3,9634223334	0,5730017539
-0,5532863603	-0,3065167139
-0,4201535849	-1,0165422960
4,4029711095	0,2636880206
-0,4466377462	-0,1521124759
0,2475568337	3,1565288899
-0,4540029300	-1,2428789693
0,0195687182	3,5201793129
0,7519477110	3,3821096919
0,5563923721	3,6183618720
1,3858876361	2,8060013249
1,0083860841	4,0190495169
0,5351479043	3,6171860047
5,3760217255	0,8422185150
4,4844168043	0,3411792216
0,4521782120	3,9690874572
0,9146449612	2,6470144657
-0,9894270790	-0,1548642326
0,9050677931	2,8414112873
0,5880449190	3,1497442257
-1,0052764466	-0,7259111379
0,5600047974	3,7073799581
0,6448454478	4,0218825588
5,3178514657	0,4401526652
4,7855448637	-0,0990073529
0,2744357957	3,0663614668
-0,9884270969	-0,0033845018
4,2391512835	0,6617708862
-0,3249637995	0,2565081843
0,2608250008	-0,2563552164
4,6112321255	0,0819910343
4,5905513075	0,6282149891
0,4518540045	3,8776572567
0,7046015156	3,2715284703
-0,9375600562	-0,3086140379
0,3216237763	3,6442250091
0,2152036828	3,4737325470
-0,1083850857	-0,4244791594
0,5399663826	3,2766376301
-1,2737110006	-0,0386487760
4,3976580271	0,4062291902
3,9076621047	0,2771432754
0,5583763863	3,3144443063
-0,2829918923	-0,4819671277
4,2977310747	0,5139719887
4,6388283493	0,5447537183
0,2293485538	3,0273927981
4,6816155264	0,6163813481
-0,8274654866	-0,3642804460
0,2941427670	3,2794913914
-0,1251603870	3,7374466248
0,1316169597	3,5104078022
4,0417247374	0,1432217144
-0,3206435858	-0,6261209490
-0,6800453735	-0,0618777180
0,8591504199	3,3394894672
0,3597932289	3,4216661794
-0,0678434544	3,3555041805
0,2653940983	3,4338806728
4,5337512622	1,2067283084
4,3148650085	0,4736090036
3,9088166283	0,6257606225
4,1445076951	0,3256661058
0,5325894767	3,7797662240
4,7228411043	0,4068714595
4,8844356730	0,2266489517
4,9706792599	0,6470039794
-0,9750930184	-0,4958616988
-0,7801557563	-0,4136763050
0,1364646031	3,7325187511
0,7305278829	3,1016224829
0,5227017145	4,0436763789
0,2238083995	3,7097883658
0,8951667739	3,7935624059
0,6613490985	3,6491805917
0,4175363549	3,2470044283
5,1420342203	0,9045409511
-0,9286119200	-0,2601014546
0,4570209291	3,6428338871
4,1929289639	0,4030859389
4,5320655874	0,3441197444
-0,9745073789	-0,8198381494
-0,7107818914	-0,8190385097
4,0322420643	0,9223968692
0,4880245921	3,9436723192
4,3202983624	-0,0598182873
-0,1537722385	0,3705617520
-0,3331295942	-1,0280221535
-0,3667968917	-0,4833490349
0,9343321255	4,2040984350
-0,2187223549	-0,1974212353
0,9691262492	3,4399259956
-0,5131660923	-0,6081984777
-0,4789197420	-0,5958073751
4,3582851429	0,5980898942
4,7575595684	0,0930085688
0,1280717596	-0,5344970793
-0,3567677925	0,4488812350
1,2537622686	3,5263909780
0,6037131778	3,5527477339
-0,3910862817	-0,0365577931
0,3346481948	3,8996163060
0,7793241925	3,8517867491
-0,8305736468	-0,5745041878
5,0648229132	-0,0732109757
4,6841301768	0,3916544351
0,7447267198	3,6174533060
0,6693266960	4,0497908385
-0,4381605998	-0,8794821492
-0,2830011918	3,7383974662
0,2435620772	3,1727782206
-0,6411636168	-0,5144067831
-0,7105901123	-0,8733236712
4,3404132050	1,0391378276
-0,3113639978	-0,9636413247
0,4420388211	3,0320220920
-0,6629139736	-0,3217407098
-0,3868154835	-0,9033488865
-0,3553325016	-0,6778134032
-0,9316392952	-0,1589078145
4,2765215994	0,7899917622
-0,4954174762	-0,8852956674
0,7558446938	3,7592350046
0,9117861471	3,6984358151
0,6485769470	3,9961389959
4,3008476170	-0,0086902084
5,0000955456	0,4959871704
-1,2353842606	-0,6363515383
-0,0297772102	-0,5092412939
0,4251740997	3,4237634868
4,3127128147	1,3553204939
0,3216350359	3,5394091704
4,5746525669	0,7454308349
-0,5851096255	-0,8149561459
0,8618149010	3,3298603488
4,2200754252	0,5299319071
-0,2109501684	-0,4038234518
0,3004648206	3,3940651838
0,0276023979	3,8400053912
-0,7183864352	-0,1110511519
5,0335514475	0,0108815912
4,4847084358	-0,1149437404
-0,1992692404	-0,3590939849
0,5624012224	3,9281015937
0,5165655394	4,0416802383
4,6565455840	0,5405111288
0,0552649575	-0,9694867168
0,8592796712	3,9875023795
4,2691828998	0,2249774442
4,8097875443	1,1789305361
4,6656646452	0,1114200301
0,3448904897	3,6670111568
0,2537159170	3,1747151555
0,6867852810	3,4897052488
0,4590149940	3,7824918521
-0,0849130692	0,1925448668
-0,5066362181	-0,1952001059
0,0906607733	-0,7800675368
3,8173168001	0,8152207323
0,3843177232	2,5331449195
-0,9063387367	-0,1217633899
0,0485129884	-0,7200262785
0,3850074026	3,7128576574
-0,0158967647	-1,0676877669
-0,3808269963	-1,0128502158
4,3230840456	0,0188124420
4,2137384454	0,6698342182
0,4299235830	3,5530037934
-0,7392123897	-0,4649856948
4,4764330963	0,0777250256
0,3085275169	2,3518626872
-0,8397057077	-0,4452773664
0,6296963864	4,3303996898
4,5428432928	0,4581492834
0,0861584280	3,4554887114
0,1228245605	3,6744685315
-0,6919187680	-1,1602622887
0,6391006537	3,7501696132
4,4453432691	0,9785162004
0,2769279367	3,2455906838
-0,4975128637	-0,4068118560
-0,7948114188	0,0869844164
1,1078648767	3,2081846907
-0,4313560911	0,1378249851
-0,2312951053	3,6360453678
-0,7662345521	-0,6902220709
-0,4196807876	-0,4226227524
4,2540028618	0,7551439538
0,6853607874	3,1799090967
-0,3612207634	-0,9061918176
4,6026046515	0,2720912607
4,5665879432	0,6114340266
4,5334432700	0,3497573434
0,2270951867	3,5792447403
3,9135324569	0,4725112041
5,0175184994	0,3323614098
-0,6072212177	-0,6689611198
4,3722690377	0,3174858325
4,5163663954	-0,3297753923
4,5469381475	1,0929018662
0,5340928344	3,4063857969
4,1753434590	0,3672840193
0,4663959752	3,0689565996
0,4856248697	3,8216732649
0,9903724792	3,4060677329
4,3345708637	0,3676533160
-0,5730225430	-0,5733619301
5,4790531232	-0,0863612889
-0,1868061129	-0,7295081983
0,3222684197	-0,6436738671
-0,0819264130	4,5812768370
-0,9257666680	-1,0220474164
4,9457202056	0,7046348045
-0,2048798030	0,6213409755
-0,5403418349	-0,4523680741
4,0590117906	0,7347017793
-0,3952582015	-1,0824658873
3,6336611603	0,2456372031
-0,8409013429	-0,3032161339
1,1416167703	4,3297979451
0,4852722291	3,5552201839
4,6555454158	0,6301566855
-0,9681921064	-1,2779876910
-0,5326584035	-0,6447725221
4,9391717254	0,8592688287
-0,5332037583	0,3720101430
4,5891471586	0,4798976248
-1,0742769139	-0,7006504317
-0,3900573701	-0,5023941374
4,2123928244	0,9283378136
-0,1819582260	3,4074278359
-0,3905972612	-0,8404709597
4,6060127530	0,0902813911
5,2301907443	0,3178089301
-0,3178976498	-0,6825808509
4,0152833772	0,8459920352
-0,5752845299	-0,3475787640
-0,2296740062	-0,0863246062
0,2029151225	2,9052707927
-0,1980075176	-0,6262873723
0,5117786913	3,4110934831
1,1608788187	3,0802346471
4,7109944744	0,7237698272
-0,8973612341	0,2850778799
-0,7047322976	-0,6662277156
-0,6147496418	-0,2635620892
4,6041132547	-0,1876644162
4,6557837510	1,3032202697
-0,6633124443	-1,7244606755
0,7373616399	3,8766553582
-0,3854099295	-0,6083344397
4,1662866979	-0,1958618376
-0,0560110823	-0,1534713898
0,5429394271	3,1687856367
-0,0703636274	-0,4553231558
-1,1290211776	-0,4128402893
-0,2284448184	-1,0882812276
-0,9548201798	-0,6961215611
-0,2790646943	-0,3213204840
0,1787286560	3,6394596537
-0,7112430836	-0,4345035968
-0,4950914328	-0,4372621341
0,5928678875	3,4051282367
3,7454418900	0,8337769546
1,0864906344	3,9493937502
0,8908140552	3,0784948416
4,2725087707	0,0280095516
-0,4019851433	-0,5690791385
0,2239858849	-0,7902241974
4,4268368948	0,2805264290
0,4338753905	3,4850611788
4,8059317219	0,4290596835
-0,4779765066	-1,1581281300
0,3615835304	-0,4627181026
-1,1041007660	-0,3180720400
4,9699906617	0,8366941720
0,9646290203	2,8341733897
4,5751821449	0,1040690123
-0,5842882080	-0,5594913869
4,8942344040	0,3940486847
0,3903154260	3,0626530832
3,9333292584	1,3309822329
0,0405578433	-0,4331117330
-0,7190137181	0,1680444201
4,4677168710	0,6647603277
4,1938559917	0,4926505589
4,5814403186	0,4148016681
-0,4963210244	3,4556053319
-1,4195906816	-0,7297926805
3,5643223535	0,0506667564
-0,3057143011	0,0572072780
4,6473929082	0,6548787943
-0,2921573383	-0,3352291767
4,5233100883	0,2070490545
0,0174098366	-0,1603385285
0,2225193675	4,0999844804
1,1379418945	3,1382253117
-0,2130295463	0,1653635930
-0,8112505348	-0,9005743430
4,8714885929	1,2317870926
4,0159379598	0,0951191081
0,2041496059	3,1027140038
4,0188009326	-0,2404384501
4,2555588915	-0,4444192629
0,0016342626	2,9424211300
0,7129982454	2,9646686474
-0,3293028849	-1,3057519412
0,3820216989	3,7486975924
4,4594896396	1,1913387607
-1,1310133027	-0,8850109451
4,7714520597	-0,0752435717
0,0980748934	-0,2021072903
-0,6182599139	3,9465539566
3,9288493088	0,2455331625
-0,0908445035	3,3274702847
0,4723104278	3,6923192694
4,2383821623	0,1159165093
0,0579385490	3,0092973847
0,5292753357	3,2246308445
0,5669073393	4,0480581721
0,8411027860	3,5753455063
5,2996683583	0,5465334463
0,3237018684	3,3960859833
0,4651459335	3,6021141300
4,0944778256	0,9008552298
4,2199121115	0,1995135987
-0,5742542637	-0,9688766108
0,7070435931	3,7816194033
3,8496237223	0,1219413595
4,4844267830	0,7291029935
-0,5457804690	-0,4789109408
-0,6182171234	-0,2853067209
-0,6175100720	-0,8737591622
4,4500671842	0,7636739547
0,5017250920	3,8076094883
0,9977919764	2,9683698274
1,0663862676	3,2497183954
-0,0343885542	3,4317258652
0,4713357039	3,1800216586
0,5974414507	3,5526406505
0,7202936638	2,9967289731
0,9361400213	4,0295691337
1,1139068254	3,8980825976
0,3416680144	3,3764474496
-0,0391191681	-1,1147311535
0,2261524218	3,3694385676
-0,4387396197	-0,9119867324
5,4421513521	-0,3855661083
0,4616170143	3,5599921067
0,9548044631	3,8412163588
1,0496678128	2,8068075065
0,1215301793	3,0561532405
4,5165663330	0,8300973684
-0,2163381452	-0,5318928033
-0,1425652556	0,2704003987
-1,0146271088	-0,5357420201
4,9060458651	0,1672643697
-0,3611684189	-0,5068498916
0,1806101799	4,1398049092
0,0481796362	-0,3648685354
4,6796676675	0,9875316089
0,5005101194	4,2249800481
4,4739838300	-0,1675996471
4,4986850930	0,2700246210
4,8313249981	0,0308401206
-0,3902098855	-0,2166619697
0,2197726406	3,6664572475
0,1419610674	3,8529583126
-1,0864608746	-0,3412927448
-0,1873273906	3,0557192588
4,1376604490	0,9788632603
4,3291949405	0,2492264831
-0,2050830945	-0,3475273801
4,7446695360	0,4323196216
-0,2482017450	0,2069348133
4,6426774200	0,0820666853
0,6436454882	3,6570389111
-0,4680735436	-0,9833015245
0,0469641632	3,5379471427
-0,3601162954	3,3932568493
-1,1188118527	-0,7375798573
-0,4072569856	-0,6721772957
5,2417224737	0,8260392418
4,7554957408	0,6959803613
-1,1387416496	-0,7421724449
-0,1507833910	-0,6172216853
4,7470277863	0,3984551821
0,2061651743	3,5863164851
0,4117583021	3,3717593572
4,5531313438	0,9825496929
0,0498941410	3,7816569692
4,7869958874	0,8839338862
0,3790039669	3,0653255404
0,8738688768	3,6994823564
0,4983193379	3,4474081774
0,4885308391	3,1452030416
5,0757637628	0,9788416753
-0,7659945002	-0,6527806157
4,6983215576	1,0083351991
0,3679816989	3,1990650651
-0,5761325033	-0,1214749898
0,0749133730	3,9327502716
-0,4876098332	-0,5053148060
4,7027654896	-0,4021269049
0,3451683030	2,5968298083
0,0775654894	-0,3288643697
4,0310844617	0,0605166364
4,6935702244	0,8964801450
0,0432503247	3,7638244589
4,7410258612	0,5054015232
-0,1082535887	-0,5266758066
0,4950387645	3,4638087691
-0,5723488800	0,2148908821
4,2548054627	-0,0526006510
4,6045037929	1,0635630962
0,7607908004	2,5349270690
-0,0242211004	3,3725883526
4,4192636636	0,1868075222
4,6573096331	0,8405267055
0,4994580674	2,9584717455
0,7513802233	3,7058112006
4,8323670252	-0,0188938570
-0,3653227568	-0,5594413221
0,4666752114	3,9506455751
4,5844282196	0,3715113699
0,8095794537	3,7792830709
0,4678186183	3,8949799677
-0,1073560553	3,8386480285
0,4373367447	3,7927872591
4,3186971577	0,0665124478
0,1107796257	4,4386131649
4,6285368394	0,2163540411
-0,0579197500	-1,3205210850
-1,6151626435	-0,1735579969
-1,0670226962	-0,8828252082
0,1688012092	3,3790386389
4,2935362878	0,7183574573
-0,5326857126	-0,6466934777
5,0618470351	0,3121971815
-0,7129419689	-1,0399104459
4,8235416323	0,4444314797
-0,1716517473	-0,0109365118
0,2771290606	3,9237895991
-0,6245477546	-0,7904993841
-0,6503055827	-1,0989488451
-0,5870672274	-1,2776524423
-0,0783390530	0,1282696792
0,5862276628	4,3633853151
4,4866028265	0,3913832234
0,0535499979	3,6609065058
4,9155961340	0,4280216862
-0,6443744432	0,1016891504
0,3329838432	3,2893233310
0,7009794261	3,4354037348
0,1109593915	3,3980666599
0,2664231902	3,3803829629
4,3662965334	0,0670623655
4,2912165491	0,9396004159
-0,6519504472	-0,1438987408
4,4831532893	0,1112118734
1,0310509530	4,5323522835
0,3691085947	3,2686696870
0,4733616477	3,7742162334
1,2395911800	3,6804187198
-0,2422335231	3,1300699870
-0,0224337335	-0,7040835859
-0,5557702764	-0,8303595725
-0,2408011739	0,0433516289
-0,2760522709	-0,7928287065
4,1273551889	0,6466397348
0,0171790833	3,0189337342
4,6934377056	0,4530625498
0,6312800151	3,7392807908
4,3159491273	-0,6204858782
4,6374243976	0,7759447017
-0,0560043224	2,7846436136
0,5839931965	3,9197028979
-0,6487101737	-0,9327266223
0,7702500946	3,8436404041
-0,4110689056	-0,3462374915
5,0131693942	0,2893735201
0,1904005686	3,5435568307
0,2601293000	3,4781881512
0,4307561900	4,2580433655
-0,8107798949	-0,7349786861
0,6226044018	2,7479475279
4,5487293123	1,1138388240
-0,2565618090	-1,0945558839
-1,2060696076	-0,3628786488
-0,9589093766	-1,0956417304
4,5190334750	-0,3445974501
-0,0500643014	3,4795868592
4,1992174875	0,4129466228
0,2770515058	3,5916307134
0,0815228805	-0,8735011109
3,5231504018	0,2741719099
0,4817753404	3,3368135133
1,4093428938	2,9181729756
-0,4588017471	0,0487693531
4,5712278600	0,6458413740
-0,7048809670	-0,7604968699
4,8091000244	0,1913339137
0,6190058772	3,6190110744
0,4331307038	3,3423048340
4,8468808234	-0,0534521020
-0,5821106499	-0,6231817473
0,0851173916	-0,7603807672
4,8118975672	0,6160958335
4,9656326295	0,9656894448
0,2715432390	2,8231492550
4,7857462048	0,8586921844
0,6125387595	3,4634199288
0,3784710331	3,6676621768
4,1642661237	0,1055015151
0,1250944180	-1,7099133424
0,4496324854	2,8095050483
-0,3422256302	-0,4604047703
-0,6522932729	-0,4099921390
4,8631449364	-0,4035792772
-1,1991165995	0,4277749080
0,8680191300	3,3963310950
-0,9843924135	-0,7387944418
-0,9276726818	0,6499699345
-0,8926450745	-0,7684352486
-0,4438369263	-0,3943835661
4,4955278560	-0,5923521395
3,7647811137	0,5469288131
-0,4106588896	-0,9841432657
-0,0788497827	3,3585223040
-0,9012981955	-0,6968479492
0,9937279990	3,4997348611
0,7390498358	4,3594678564
-0,9512206496	0,4389979148
4,7686916321	0,9872899932
-0,3132714566	-0,0796942680
-0,5188217615	-0,6322027346
4,5621609559	0,6135784656
0,6147266559	3,5428660464
0,1067315251	-0,4495520335
4,2157751583	0,2996409727
0,2741511083	-0,5617235772
0,1569916794	4,0119324981
4,7421456083	0,3438430513
0,8931732040	3,0329491483
-0,5130384846	-0,3002909551
4,4667663503	0,8826831148
0,2329859824	3,7702995340
-0,2708193837	-0,2005124602
0,2420641234	3,1124764104
3,9000791640	0,2016889491
1,6396501862	3,2869629721
-0,1923517724	4,1283870507
-1,0074234180	-0,4592891758
4,6715908808	0,6043753601
0,6836640078	3,0064039661
3,9127946424	-0,0706909655
0,8171376425	3,4975737130
-0,7015173918	-0,0423747815
0,4081865509	4,0082289556
0,2479159391	2,8950451522
0,6061943838	4,0718574416
3,9723862236	0,1791865590
0,9534159920	3,7435453909
1,1135199143	3,5020946229
0,3554555858	3,8953689634
3,8433615456	0,1837615709
-1,0398732851	-0,2690184075
-0,4107437472	-0,7409470725
0,7083917234	3,3934985215
1,0153514219	3,2907270665
-0,8936952311	-0,3990638645
4,4723380972	1,3207918966
0,9016202706	2,8906866723
-0,9173862286	-0,4145218824
4,6385486968	0,7873960837
-0,2359388692	3,2994320635
-0,1663666701	-0,9113733759
0,4498965793	3,8215982443
-0,2618122231	-0,0260677705
-0,6389279170	-0,2454381486
4,9703051348	0,2767369614
-0,8621323012	-0,5183746728
4,9569812163	0,3520143562
-0,5259323260	-0,4427816171
-0,5930285147	-0,3353435716
3,8671200046	0,2957747464
0,6397996149	3,7927803778
0,5678719536	3,9536678296
4,6462502549	0,9900791565
-1,0880824475	0,1884974658
0,7621881577	3,3132708107
-0,2847797380	-1,1875794157
0,2301716281	3,1994630674
4,5014497761	0,6075316990
0,6104062655	3,6435630815
1,1621909348	3,4755413287
4,2017012698	0,2668851160
4,6096731235	0,4985443509
-0,2185354027	-0,4852535757
-0,6909162715	4,2715433617
-1,1987767889	-0,3316314122
-1,0288417049	-0,4093857526
-1,3634544567	-0,5391747564
-0,7211455327	-0,3396296725
0,7915285129	3,5105600252
0,0534070678	2,9730765978
0,6460909260	3,7243855313
0,6823893543	3,0448850336
3,9104365940	0,5371283622
0,8285074215	4,0434118217
0,5355131653	3,6434897030
-0,5728314587	-0,8114316386
-0,1744490272	-1,0684122808
5,0649983017	0,2793165536
-1,1259193494	-0,4676888652
-0,5419829240	-0,5782205759
4,8844522055	1,2597662639
0,4594037317	3,7705685986
4,8705834396	1,1204043600
4,3705376615	0,5459162841
4,1701672063	0,7302160601
5,0048187209	0,8348069846
-0,1690983764	-0,2774644931
4,2141794395	0,2987625133
-0,7133870070	-1,1124584852
0,5507465169	3,3233826576
5,0211934299	0,6248875745
-0,1295521371	-0,9286418797
0,7752918348	3,5339443171
-0,6601663842	0,2059494523
-0,5572614434	-0,2457082212
0,2458561799	3,3294504593
0,2900867657	-0,6582181901
0,1878749221	2,5265676723
-0,5324171276	-0,7222238788
-0,6846354118	-0,4940539637
-0,7027681528	-0,6265648963
0,5998497802	3,2899731947
-0,0542195794	-0,9196343840
-0,6177243610	0,0630249789
4,0843655620	0,3956443955
0,6512517629	3,2929824394
0,8681665642	3,5044851713
0,2428921306	3,5765114795
1,3914587985	3,8793844682
0,3452958443	4,1716005297
0,7238614301	3,3698613986
-0,9259693358	0,2039139760
4,9246658673	0,4904322877
0,5781059049	4,0861840189
4,7240352932	0,0055435058
3,7197356784	0,8388116499
3,2749558037	0,6424109019
-0,6955456477	-0,0733126422
0,5147123969	2,4291670080
-0,3325692354	-0,9181095751
5,4048305986	0,5651151818
-0,7250659779	-0,6461352056
0,6499028159	3,3504386320
-0,2868216078	-0,4103271887
0,3069757169	3,3673237558
0,4886520084	3,4873766503
-0,5053757866	-0,1033187274
-0,0591977043	3,1830933445
4,8668050739	0,4820168620
0,1928021332	-0,9020033412
4,3936463231	0,3561346855
-1,0530194171	-0,8751318701
4,6269461639	0,1879482099
0,8291825914	3,4327725395
-0,5837902948	-0,1515483650
-0,4700989346	-0,3537475007
3,7986526152	0,6971597674
4,6152256128	0,7569026601
3,8423132201	0,5004868056
0,5283447547	3,9561421056
0,0429935446	-0,9260104740
-0,9259247565	-0,6326586702
0,8455741564	3,5792730776
3,8117887376	0,3856563821
0,6367454815	3,5249349540
1,0492040526	3,3916417099
4,1943063122	0,1515770178
0,0709373168	3,7379700392
-0,0829957148	4,2502954134
-0,7417491993	-0,4439412172
4,7777366046	-0,4374347809
4,2874672243	1,0515712965
-0,3495918966	-0,8162182663
-0,5252823783	-0,8590308351
0,3936086562	3,2293944277
4,5550071068	0,1831155657
0,4406428550	3,4840680532
0,9075358291	4,1900098659
-0,3123098391	-0,0113535595
0,5793851452	3,7129838942
-0,6199577771	-0,1400212267
0,5115542458	3,5798070539
4,9865254432	0,3559130609
-1,0656304908	-0,5188635195
1,3855556184	4,1057710089
0,9578905534	3,1682310783
-0,2144955562	-0,8931342602
5,0693090160	1,1466605552
-0,5798818118	-1,0467356801
4,5570906093	0,4337599714
4,0949095184	0,4345548514
-0,4516469670	3,6422873784
4,5974856071	0,3518729055
-0,4304758970	-0,2957810449
-0,7034317864	-0,1656324552
4,5905539204	0,9026087397
0,0883648138	3,6630758456
0,2324274394	3,7699584859
4,1374646981	0,4755623536
-0,3526058734	-0,2689474997
5,2299345023	0,5311023426
-0,5624824018	-0,5206859226
0,6880316681	4,4802319550
4,1921678809	0,7676033827
0,0432436969	-0,2233938525
0,5325776962	2,8836131083
0,6149621165	3,5250328792
0,4736556767	3,9238891746
-1,0588209395	-1,0032559553
-0,0614526592	-0,5152434415
-1,2362020926	-0,6644134835
0,3170768947	3,3971223947
0,4507301719	2,9190032854
0,2666008110	3,4921819253
0,5503026292	4,0346139891
4,5146773513	0,0798756986
0,4660410810	3,7276162274
1,4832083540	3,4996806570
0,2128784691	3,3567560031
3,9102020222	0,3737729833
5,0520144071	0,3837620585
0,4270900466	3,1870534010
-0,1152475212	-0,4596864425
0,8010781931	3,5013886888
-0,6617293435	-0,0370495633
0,0535373351	-0,0195004906
3,8242830641	0,3097897439
0,8683409797	3,4218520558
4,5038937608	0,6112595913
-0,6838983767	-1,5872798224
0,7281396860	4,0955416884
4,1961398946	0,8610429624
4,1409924128	0,7002326244
-0,1176767387	-1,1782320686
4,7258611267	-0,1572942263
5,0637880536	0,5620298420
0,8498095627	3,0184456590
-1,3448046512	-0,9909792762
-0,3787524586	-0,5070128907
4,6978210393	0,7830984828
-0,6892284294	-0,6884472348
-0,6618930180	0,0138622478
5,0239387591	0,3422343854
-0,7693551812	-0,7561188961
4,4513048955	1,2167708631
-1,0231482668	-0,3202707954
4,8630825330	1,0955266428
4,3430463696	0,8184092787
0,1307436216	-0,5671984667
4,7703292122	0,5246396293
-0,6127679395	-0,6984410166
4,0896727719	0,1391770876
1,5859103604	3,1926722372
-0,7699445167	-0,2258595616
-0,8853601732	-0,2327364095
0,6222793293	3,5252564008
-0,6099469500	-0,4023374305
4,8076880152	0,6550665097
0,6494361510	3,1601308363
-0,2023744477	-1,0030719930
4,9156093445	0,4314785492
4,4327410743	0,6035927132
4,4304561235	0,2973084445
-0,6308523050	-0,0229680730
-0,9020519365	-0,2994544126
4,4049544005	0,3271916205
1,0288656926	3,1747483080
4,7438710431	0,2226458039
1,1909344353	2,8197978925
-1,1422271510	-0,5685685508
-0,5675256914	0,3444210759
-0,3437320819	-0,4101329173
-1,1792077496	-0,5419697708
4,7408251171	0,8754060481
4,4482796872	0,3144131071
4,6079142347	0,3156795812
0,3674491456	4,0439964446
0,5890154158	3,8261188934
-0,1651456911	3,6848118646
4,1796491635	0,2133394637
0,4184570979	4,0358104226
-0,2614845012	0,0282895908
4,1677390047	0,4213664375
-0,7581005311	-0,8106275702
-0,3392732360	-0,3135528324
0,0459111101	-0,5467818437
-0,4169086625	-0,8060751989
-0,5742303298	-1,1059451832
4,5146055190	1,0217924993
0,9727001193	3,1961824040
0,8146819264	3,4494416514
-0,5862501773	-1,2083372649
3,6489173798	-0,0389702719
-0,9221131592	-1,0458454707
0,7969081558	2,9817031885
4,4717294946	1,4376963418
-0,3352848320	0,3599631217
-1,2880044769	-0,9093950088
-0,0883783969	3,0099702019
-0,7772081502	-0,5606353964
0,5189363959	3,2655184403
-0,8570742824	-0,5626610507
0,5578722647	3,6212260781
0,9028311270	3,7560331847
4,6888528232	0,7409913958
-0,1625029512	3,3592111544
-1,1197524000	-0,4858952202
1,3579839233	4,6173100133
-0,4801980287	-0,0268576762
-0,2905110038	-0,5169333982
3,7497936076	0,3960337371
0,7296561543	3,9921281023
0,2218009767	3,7250056691
-0,2901456101	-1,1456350221
-0,3900461593	-0,1145605239
-0,7119640145	-0,4857425556
-0,0493063614	2,9839151274
0,4237978950	3,9068228703
-0,1091113752	-0,6411409895
4,6373410947	0,8577067709
0,8214536115	3,8624602068
4,4177054879	0,3733032297
4,2533671737	0,9418253630
-0,7439336446	-0,3570798849
4,4788089750	1,0276976454
-0,2578923503	-0,2354124548
-0,3929477168	-0,7349377784
0,4218566746	3,5772850209
0,4042895909	3,2544702728
-0,6478886451	-0,4043717172
0,7911822007	3,6715869389
-0,1955203350	0,0236056527
-0,2874466490	-0,3356723815
0,3911507248	3,2822568351
-0,5844362333	-0,0838636692
0,4570619057	2,7706939683
-0,0647154450	3,7615387323
5,0951568802	0,1573126263
4,9032536604	-0,3209303603
4,1373710794	-0,2992933813
-0,6251450748	-0,1266544161
-0,1751828540	-0,9206951303
0,6424256822	3,6967138718
4,1911876691	0,2091835511
0,6219525674	3,4677611473
1,1280028681	3,7400317591
4,9516517117	0,7011278274
-0,2840076147	-0,8785084685
-0,9964232887	-0,3203382523
0,8248643488	3,2130087005
0,6040781725	3,2460388610
0,3439420127	3,9035196080
0,4121814159	-0,7457858447
-0,0632772515	3,4988121363
-0,5761914480	-0,1680256596
0,9605657870	3,1017974752
-0,5521168543	-0,6035121458
-0,8464935568	-0,8019937947
4,0537143205	0,4051807227
-0,2004852864	3,7900592085
-0,5275480197	-0,7178887756
-0,8245589931	-0,6916672921
0,3746363643	3,1440127892
0,3622604299	3,8559494039
4,9620946321	1,3799332345
-0,5778085514	-0,9926435756
-0,0281610417	-0,1014979142
4,7055648114	-0,0487425512
0,6665874401	3,3603434215
-0,2583249414	-0,5393371737
0,1078536062	3,5642293019
4,0891507167	0,4286902901
0,3375741430	3,1345938592
4,8865281889	0,7082583470
-0,4596874911	-0,3867272067
0,7374312646	3,5969982543
0,9032123134	4,1777806625
4,4792180818	0,8467865253
-0,1271891752	-0,6312176583
4,2076615495	0,4132986022
-0,2088923175	-1,6310587645
1,8068604107	3,2578302057
0,0072651553	-1,0359982110
0,7540503205	3,8853872962
0,0767460261	-0,8215562112
4,5637568358	0,2365009671
0,3520057239	3,2207954319
-0,8056945353	-0,2968089569
0,2674272609	2,9946542510
-0,0018863312	3,6033789223
-0,0123435590	-0,9284884995
3,8959144877	0,3854155830
0,0687377989	-0,5621285416
3,6106206193	0,6191593905
1,2094902225	3,4268744452
0,8692730489	3,1972817795
-0,6542310739	-0,3014331465
4,2554593359	0,9104790921
-0,0137198975	-0,7525334324
0,1405527870	-0,0756844224
5,5106152395	0,0870932095
-1,2205025009	-0,8664994073
-1,0581459670	-1,6596262284
-0,6552487962	-1,5382687423
5,1725229858	-0,2525160669
4,3486376379	0,5128136267
4,4166308743	0,1378058175
4,3449823366	0,3961067973
4,5769627265	0,0895561430
0,3119034218	3,8795351025
-1,0203937903	0,4105979507
4,6313273291	0,2265568206
4,4181920452	0,3117429884
0,4159949892	3,0168745971
-0,5421549377	-1,0365022603
4,7844464794	1,1418354285
0,5985663833	3,7642095298
-1,0197415795	-0,6300940354
-0,6337689222	0,0396823869
4,6307393540	0,7436596245
4,0292227197	0,3581311519
0,6639923805	2,8098719090
-0,3122924923	-0,4628858264
1,4006596734	3,7663677627
0,4062963526	2,6687538274
-0,1427616250	-0,6787385154
5,0093968491	0,3073693563
-0,5358610129	-0,7090041628
0,2309352754	3,0757662465
5,0986650720	1,1426622365
-0,9278358347	-1,0479101149
0,3847465664	3,7652284459
-0,7073540967	-0,1236147808
-0,6181093601	-0,6528565258
0,6083165682	3,6853627680
0,5594483020	3,4047228305
0,1244976671	-0,1519986002
-0,4219154372	-0,8897049475
4,4874003355	0,2875413788
0,1151360922	-0,7508261980
4,6399033192	1,0665190757
0,7662427796	3,7241886688
-0,7832560664	0,1178861267
0,0145079638	2,8599462744
-0,6815788257	-1,0166335275
4,5585322953	0,8486628550
0,1576568190	3,3205077781
4,6966988055	-0,1159016393
-0,5827625088	-0,4439502201
4,3158610348	0,0254496868
-1,1205833641	-0,9981228356
4,3109311589	0,6456133822
0,1200493102	3,2398731938
4,8084578066	0,3932313508
-1,1019407456	-0,2107612109
5,0348478169	1,2295241277
0,7877197777	2,4856436714
5,5506223881	0,7548708264
4,5238751927	0,8632098083
3,9023450653	0,6277206395
0,7485935145	3,3804274657
-0,1124285158	3,6633524114
-0,3200205208	-0,4996584031
0,3926990002	3,6597666481
0,0209100180	2,4794825200
0,0915864510	3,4532167587
-0,1068955032	-0,7712606537
-0,2945934122	-1,2171071720
0,5528612192	-0,6834194158
-0,3301131719	-0,2380079290
0,9374875661	3,6027233565
5,1989424525	0,2661600176
4,8257787614	0,7668076658
-0,3493121637	-1,3198355343
0,4117929738	3,1169107207
4,3663817529	0,4044796426
-0,1952227164	-0,6642226679
-0,6664155223	-1,2744287637
3,8015729006	-0,0952236127
4,6536260061	0,5734680627
-0,1384868438	-0,5311141319
-0,4347747284	3,2240324845
0,0048192008	4,0599745751
4,0774087688	0,3984573949
0,0742780357	3,3489264185
0,4014671320	3,4485979818
0,4102998475	3,7079050964
-0,4775172708	-0,6621209433
0,2522198699	-1,2334136665
0,5304037113	3,4270044923
4,3514955581	0,7019517242
-0,4001408941	-0,7605345693
0,1911927368	4,0398599220
-0,4289692992	-1,1436752416
4,0075268720	0,9168075179
-1,1743527446	-0,5756759633
4,1492988064	0,8057620625
0,7388015104	4,1957314019
3,6271694172	0,9020889259
0,2736689496	4,1560201632
-0,3481978443	-0,1797492940
4,8458732453	0,5053097463
-0,0753954896	3,7161679544
4,2550662366	0,8193870230
1,1698924377	3,0620953326
4,0573695879	0,4365076489
0,0188545853	-1,0706596088
4,6608375058	0,6145160585
0,5852634342	3,4195827506
1,0514031360	3,5253652962
1,1310508323	4,4570060427
1,0120927031	2,9439793820
-0,5422705300	-0,0824239252
-0,1071369756	4,4049845048
4,4204913002	0,4772818081
4,3851291005	0,2804262664
0,5682741461	3,3544378249
0,7821932596	3,5226907248
1,5971586376	3,8247899858
-0,6965343322	-0,3633482461
-0,2670653745	-0,5540126003
-0,4529914169	3,3213828813
1,1354564312	3,5256705890
0,6151816715	3,6766845275
1,3410534870	4,0393006613
4,8803604406	0,7764572761
4,3987421761	0,7787967008
0,1556992734	-1,5023970588
-0,2710094522	-0,5271127528
0,4229084903	3,7800233752
0,5922629884	3,2506708808
-0,2331410903	2,9358339647
-0,6875072692	0,3266666900
0,1095762565	-0,2900544920
-0,4042684004	-0,6742590503
-1,6953517988	-0,3963589509
0,4218889832	4,0257798616
-0,8670288762	-0,2288989132
4,3648911578	0,2897739782
0,1215856319	-0,5578622614
-0,8047349236	-0,2493704875
0,5768495188	3,9288299632
-0,6733479818	-1,0338218517
0,9866138004	3,4090645241
0,4805982485	3,0754978418
-0,3097176849	-0,0052611990
-0,0564007200	3,2547405794
0,1553437732	2,7492749499
0,0955172574	-1,3166199020
0,5148480619	3,4164963026
4,5151746646	-0,0068160064
-0,0361695771	0,0988332129
-1,1707335382	-0,6736765853
-0,4906752632	-0,1982852643
4,0242457587	0,1802688471
0,3089155595	3,8845606950
4,8302909847	0,6301830487
-0,8432687702	-0,4320452964
-0,1791404002	-0,7509360730
3,6263942812	0,7150539669
-0,8210807583	-0,5167833434
-0,4670919376	-1,1366525815
-0,3069461118	-0,7624922331
-0,2954614901	-0,6245228237
-0,7509417302	0,1475997124
-0,1933159926	-0,6333213976
4,7742645604	0,4051172152
4,5813848999	0,6490612105
4,2666434918	0,8721665471
0,7114975615	3,5091304736
-0,1020863697	0,1459844445
0,1616341430	3,6086105939
-0,0476037120	3,9141770812
4,4965653485	0,6383864802
0,3238748796	3,0012338429
1,3339215191	2,9820539912
0,6667912927	3,3556513787
-0,0830273312	3,5481207386
-0,2360236238	-0,5461401150
0,3997174278	3,5652934020
0,5847936816	3,7434365729
-1,0084196129	-0,9285182612
-0,7226783778	-0,1072913909
-0,4221940551	-0,1805164876
3,8895316121	0,6290089939
3,5832294980	-0,2236031941
0,7755178183	3,1433431489
-1,1344247445	-0,3243262623
0,1632595190	2,9519866202
5,2174252193	0,6316138436
0,4162579228	3,9588504501
-0,3493064474	-1,1496270231
0,9504429888	2,9901072206
0,0496872440	-1,3754303385
3,8077130696	-0,0752618156
0,5854761527	3,2303520343
0,1618849406	3,1529993250
5,1007080119	0,3485517721
5,2959547716	0,1858129244
4,6503665662	0,2036297519
-0,3542294643	0,4082843183
4,7889931238	1,7437424455
0,1744296600	-0,4820945458
-0,8965897620	-0,3892358028
4,4236971246	1,0211081087
5,6083700421	0,4280652375
4,3142598291	-0,0588993311
1,5216465318	3,0672225352
0,2811070216	3,4110750554
-0,7889064957	-0,1673446219
4,8760690721	0,0546890467
0,8957045890	3,3278083528
-0,1201915938	-0,9103273454
0,1573536160	4,0080487164
-0,4448470179	3,5398630029
1,1732928018	3,9261357432
-0,4342414597	-0,1835664728
0,5690943185	3,5612620255
0,0647120556	-0,4177228711
-0,0442208110	-0,3782043664
0,7642901629	3,7201553584
-1,0588088391	-0,2286094226
-0,2694587088	-0,6401983178
0,8536466748	2,9833234701
-0,8218002633	-0,0932432127
0,1522542273	3,2053865516
-0,0509788973	-0,3925853240
-0,8475770638	-1,0875578768
4,6099121043	0,5801484268
-0,9940125926	-0,0181120616
3,6366341912	0,5601656557
-0,1899488347	3,9195988421
4,0773035772	0,2857602483
4,1098290811	0,4163262519
0,0877449354	3,5205437851
-0,1456962299	0,0168878007
4,5754907274	0,0263638617
4,0626528090	0,4815953288
0,0162428903	2,9813464643
4,6934956251	0,4077024139
0,1373429201	-0,4516052836
-0,7424841138	-0,1008246133
0,5231995478	3,7314501150
0,9690814780	3,5454948914
4,4608584953	0,4781359751
-0,2974557654	-0,4372873244
0,7628877669	3,6045283807
4,5521824595	1,1696233571
0,9649797023	3,1970016244
0,7932835838	3,2270992746
0,4417879264	3,3963566843
-0,7661271519	-0,3590227265
-0,6415992580	-0,1512238592
-0,2273146920	-0,3776382359
-0,3959983233	0,3433464206
-0,9042680306	-0,8419275840
0,2557431234	3,6341699901
-0,2480246801	-0,2382631857
4,2437287239	1,1470473018
0,4699084116	3,4395702582
-0,2202879656	3,1995926877
-0,5455811151	-0,9318324898
4,3520775371	0,4284752166
4,4511326977	0,2700965157
4,9887658608	-0,0374316473
0,4173468063	2,8724778472
4,5426971918	1,3762127722
0,4227602310	3,1580345194
4,1436915741	0,2558314779
0,3267502182	4,0784088361
0,0871590448	3,8284291211
0,5589711981	2,8834978844
-0,4426424849	-1,3822636907
0,2489146226	3,2199808171
-0,7400218906	-0,7611529054
3,8593445880	0,7385405637
0,9236629805	3,3701809809
-0,2329934165	3,1436921168
-0,9216473213	-0,2033362835
0,6695654638	3,5380799173
-0,5634221670	-0,7194564573
-0,6078501147	-0,3432819100
3,9976595449	1,3718768046
0,0586736660	0,3166098816
4,3721123618	0,5000393304
0,0917381949	-0,2650428607
4,2445285119	0,3780801857
-0,4988151153	-0,5560049218
-0,5165097466	-0,6127251064
-0,8744225876	-1,2873345877
0,0189423125	-0,9519490909
0,5839925836	3,9626877883
-0,0398428984	3,9252389284
-1,0501009761	-1,6638843296
0,4431530624	4,4596863321
4,4168641326	0,5961843717
-0,6776819977	-1,2532854037
0,5495955954	3,4252783776
0,5495643933	3,8647801228
0,7625119128	3,1136409907
4,4726330783	0,6066314163
4,6823786092	1,0634282400
-0,2059405505	-0,4485632356
-0,7213015033	-0,8226820151
0,4988008045	3,6700993509
4,8677831434	0,3755705833
0,2734799574	3,3136118534
4,8829856117	0,6502002261
0,6826188611	3,4615099083
-0,5548397234	-0,7059445481
4,1523447176	0,0561988895
-0,2960434151	-0,2084130848
0,4449530410	3,7559947245
-0,4768789588	-0,3733642099
4,2591512873	0,3507500401
0,2849418216	-0,1986090280
4,2887485598	-0,1397053135
4,4097947507	0,1336277060
0,0718378584	-0,5154225680
-1,2998273260	-0,0062391314
-0,2587129110	-1,2611914138
0,4769129557	3,0836268144
0,0835886812	-0,2563904044
-0,7176443770	0,1639416468
4,6300394978	1,0555613464
5,2416542806	0,8282283240
0,1095514772	-0,4134820917
4,4048539543	0,4948812334
4,9893796067	0,0795051887
0,4273591343	3,8388803755
0,2488612376	3,7362901291
4,5243254950	0,4763691402
0,3469506606	-1,3915486821
0,1728306195	3,4178556388
-1,3566654594	-0,4839681088
4,3203328299	0,7379603681
0,9007784460	4,3241477324
-0,7086367810	-0,8277235500
0,5131573088	-0,4056745524
-0,9077256276	-0,6185501608
4,0577193089	0,2254447121
4,4697429070	0,6802609381
0,3499032411	3,2300436294
0,0509566289	3,5659360933
0,7244640352	4,0737390547
1,0422774962	4,2901588501
-1,0331878175	-0,2226982886
1,1610244568	3,4171730168
3,6390363467	0,3182697424
4,6161729062	0,6656211904
-0,5735837947	-0,2007622663
0,3347772773	2,9038400472
4,1813184648	0,5673867919
4,6903891363	0,0591421056
4,6614136398	1,0795791393
-0,4778389141	-1,1081622796
4,6470612088	1,0386923215
-0,6318025990	-0,2550058086
4,7570587077	0,5517074213
0,0632662499	-0,7426181228
-1,0190531228	-0,3716886596
0,5940433965	3,2942684382
4,1271486269	0,9292795867
-0,0765712019	-0,6897003361
4,2111711539	0,1600971778
0,1985938235	-0,0206950375
4,3979817511	0,5705787558
4,9162129292	-0,4716860483
0,4636068512	3,1345557855
4,6254656269	0,2723486696
-0,0699640471	-0,6966265350
-0,6149986445	-0,5317042429
4,8058541795	-0,0661087470
-0,3236432340	-0,6681472214
0,3829234476	3,1955262149
4,4684779234	1,0578932486
0,2125280452	-0,7829054896
0,5115034712	3,2485876418
4,0925726750	0,5175892330
0,7277018480	3,4389917660
1,0210533662	4,0108705273
0,3781482973	3,5474894046
0,3575168093	2,9261123269
-0,5876319066	0,1328745668
0,1125677188	3,5027565351
-0,2530185057	-0,0930783997
0,1252823483	3,9369311539
-1,0123823102	-0,6083771569
-1,0262176585	-0,2840512889
4,3892124013	0,8030540075
-0,1152525718	3,9955033898
0,9432070751	3,1969580478
0,1539842126	-0,1703970227
4,0011837679	0,5829907639
-0,4980301290	-0,7012256430
0,5057615969	3,8591072776
4,7423105260	0,6327153690
-0,0860522847	-0,2482321136
-0,0213777522	-0,1471987536
-0,7290249320	-0,5234205386
5,1190297044	0,7391157221
-0,5987980084	-0,4028619337
-0,0029365937	3,5969514118
-0,9184678943	-0,4710046276
4,3077890777	0,3947406567
0,2135583189	4,4656728919
-0,4524286841	0,1972139660
-0,3761080701	-0,7497409771
-0,8840802644	-0,0414108536
5,5042387906	0,5695037152
-0,2931932554	-0,8834878344
3,9928141098	0,4495356017
5,0718921592	0,4854192137
-0,7453832313	-0,3921247729
-0,7572879431	-0,5350390708
4,1648317026	0,0553218288
-0,3769917805	-0,9283528964
-1,1969270691	-0,5578197474
-0,2770225478	-1,0704430988
0,1394990068	-0,9887691300
5,0381101967	0,5913763145
0,6548151906	3,8247736223
-0,8975026346	-0,5373788006
-0,5246307937	-0,6518784163
-0,7731730439	0,4018168493
0,7063294968	3,5971469256
5,3359802250	0,4937428682
-1,2472670478	-0,0258200889
0,4434559603	-0,6602838595
4,3321448730	0,7483621722
1,1381120720	3,1997277636
4,4519748505	0,6672752401
-0,1420968561	-0,3011398108
-0,2683362793	-0,5208423606
-0,5267631263	-0,9621220932
0,8717625776	3,5301819545
0,5435601772	3,8249574934
-0,4813130140	-0,8394037493
0,5788149685	4,0035564191
-0,3507673314	-0,7307680561
-0,3569764373	-0,6205212642
4,9167963759	0,6398154787
-0,6612818902	-1,3248357665
4,8583425348	0,0336172167
0,6056317224	-0,5684753706
0,0100541284	3,3905557956
4,5664111076	0,9125885079
-0,3755984679	-0,2802024805
-0,5548531528	-0,8628402732
0,3916644546	3,2702657979
4,1961517809	1,1621721337
0,8269018296	3,1661376664
-0,3631380893	-0,3417947030
4,6465830131	0,0807692650
-0,2373817567	-0,9858468396
4,7334166249	0,5817414226
5,1138725631	0,4072878235
4,4891577665	0,7817350231
0,6841040434	3,6027785905
-0,0919663293	-0,5690275026
-0,4178914642	0,6665235723
0,0486279335	3,3458034688
1,8742245865	3,6245594176
-0,4787390570	0,1005561344
-0,3219247454	-1,0863000124
0,6049856040	4,5452679719
-0,2237117205	3,0006014165
0,7158163227	3,4682484108
0,7204951218	4,0913813705
-0,1282426639	3,9787574011
-0,7946897864	-0,7925014819
4,9156242815	0,9820576110
0,3663848552	4,1180751318
-0,4735228354	-0,2538051121
0,7653824491	2,6658887483
-0,7355906356	0,2232145697
0,2551374139	4,0276756256
-0,9509859392	-0,7518966985
-0,7155973992	3,1503723996
4,5109946908	0,4425525736
0,0505216873	4,0990094039
-0,0475856126	-0,5689384564
-0,2878884379	-0,3339927347
0,9401984962	3,8430293372
-0,3215209281	-1,1912055517
-0,8251384583	-0,8074086138
0,6678022475	3,5645488305
-0,8267067292	-0,1837133401
4,5586566891	0,9092116127
0,3995981414	2,9412183813
4,7419886030	-0,0539934399
3,8916070509	0,0903870265
-0,9288944189	-1,1963422875
-0,7702956770	-0,5045531529
-0,6202689981	-0,7582761165
-0,3624905283	-0,4160833090
0,4496639505	-0,4579440223
-0,3323648107	-1,0006912557
0,7056752739	3,5833249139
0,9877796989	3,6538532655
0,5679516213	3,2759056619
3,9351543206	0,2499703406
-0,1848532739	0,4202967787
0,3267461813	3,3844897485
0,4202557453	3,6663162227
0,2748727197	-0,9024729906
3,6804025049	0,6783723068
0,4247201727	3,7728332834
4,6081695785	0,9447760554
-0,5673885195	-0,9654902240
0,3418453240	3,6650493646
-0,6499157055	-1,2412048645
0,9843390907	4,2021895171
-0,5888084830	-1,4629238738
0,7448434546	3,8837263727
4,8788518914	0,3898694573
-0,0166910779	3,1429048791
-0,4975036959	-0,1385566739
4,7160388996	0,9595950890
0,1890549612	3,6161468862
0,2704264438	3,0414064498
-0,1567320281	-0,2733971274
-0,2259110533	-0,4020606891
-0,4762747262	-0,0836842430
4,8387602048	-0,4055586122
0,1546495868	3,7146912993
5,0004262515	-0,0150753450
0,2627996474	3,6989302848
5,1204465034	0,4852201311
-0,6972455803	-0,9049175791
0,3642085650	4,0273473741
0,6397178031	3,5142953074
4,5921162970	-0,0285739055
4,7453127518	0,6268598770
0,4756534496	3,4136192445
0,9277058289	3,2587838090
-1,0160546332	-1,1518604676
-1,1525945935	-0,5073289986
-0,0752309072	4,1718087787
4,7007536703	0,1543599092
-0,6032242980	-1,2437066212
-0,8852478197	-0,6667211476
-0,1604795160	3,0053750189
0,3793855774	3,0488884683
-0,7043391215	-0,2875478129
0,9847342806	3,0606246194
-0,2023424602	3,4166824075
-0,6225039851	-0,7871787129
0,9855256833	3,4361234368
3,5943997185	0,2548982570
0,2284830448	3,6104033745
4,2888653710	0,4622764770
4,6088999360	0,3875787988
-0,7994333119	-0,8291963037
-0,0760520271	-1,0125163240
-0,5722444420	0,5555097548
0,1056192013	3,8249334703
0,4445382445	3,3209939089
0,8341037576	4,0280271820
-0,2377870937	-0,7970866187
0,2289738369	3,4474688107
0,0876556647	3,8065922819
0,6319530819	3,9126732879
-0,3910499586	-0,9679714381
1,2850461256	3,4099516984
0,3543239073	3,6886083277
4,7300490969	0,1703835415
0,0079602943	3,0567967484
4,6502061656	1,0132721181
-0,3753257461	-0,8626401861
4,3691229633	-0,0474739138
-0,1082063969	-0,1892043927
-0,5626567251	-0,5724906801
0,5758930544	3,4185431725
5,2076635600	0,4667330501
-0,0144224974	-0,4778636572
4,6768072406	0,0626153962
0,7877349168	3,0565287219
-0,2310701307	-0,7850481355
0,8059460515	3,0372035852
-0,5268853034	-0,0337867152
4,1114618397	0,4681059712
0,1576009172	3,1401678704
4,4272362249	0,3359912736
-0,8122680906	-0,4722602508
0,1665599930	3,3532067178
4,2850525278	0,5920267991
-0,1689704424	-0,3756744313
-0,6259717878	-1,0288946255
0,6750587595	3,1720305494
0,5266521076	3,3546699214
0,5526771166	3,9142953307
0,4981943715	4,4337926778
4,7292569029	0,6061300190
-0,5375811723	-0,2439419659
4,3326267827	0,7461047422
0,2476514278	0,4388390452
-0,3313433194	-0,2091441757
-0,3663804668	0,0211155026
1,2551441836	3,8558160017
4,7692821819	0,5628669980
0,6472886559	3,1693597460
4,0161101253	0,1920452236
1,3192019358	3,5413338286
-0,6217641890	-0,9830906420
4,7468297566	1,2389113236
0,1027606077	3,3337439665
4,7030382666	0,2509119052
0,0157384747	2,8370828103
4,2991909970	0,4656212230
-0,4552307158	0,5344586054
-0,2676041671	-0,6377054408
-0,3903213173	-1,3980215898
0,3031598783	3,7822501947
4,6526655731	0,8841048816
4,9466210563	0,0271130833
-0,6316963511	-0,1130350082
-1,0617012954	-0,3601085776
4,0620310799	0,1928848901
0,5698396782	3,5985542340
0,4416923783	4,2483204948
-1,2031649908	-0,6023761516
4,2202224116	0,3815324425
0,2218236347	3,0568815689
0,4410821955	3,9976632074
4,8396642947	0,3698034354
-0,9461276763	-0,3224063154
-0,9846446640	0,1181434961
-0,9836714928	-0,3612925991
-0,6793112087	-0,1795665795
4,2579319980	0,4864776187
4,4632654424	0,5795970942
0,8025288300	4,4689661977
4,5950715893	-0,5905418208
4,9813462327	0,4711375042
4,9995222010	0,4625737239
4,8789604131	1,4878276474
0,1553349837	3,5169327490
4,3839828207	0,6717738631
-0,5340302000	-0,1767316216
0,5861714347	3,6980925244
3,4718090079	0,3596756193
1,0655414393	4,3444559796
-1,0991416848	-0,9439945149
4,1592816927	0,2727842517
-0,2126109614	-1,4700191267
4,5023753499	0,4239641674
-0,0307673661	-0,5128975651
-0,3211759379	-0,0859928512
0,4058437127	3,8525435054
-0,6495277640	-0,8477233070
0,1690740200	3,3858512794
-0,3713634624	-0,6801096495
0,7019624346	3,1653432389
4,9270760097	0,6333386827
0,7118333273	3,9832723650
-0,6281043302	-0,5656949019
4,1882020555	0,0837662642
-0,6397478121	-0,7130143914
0,2231545758	3,9951026844
4,4401554213	-0,1210952899
0,7120398116	3,0315245504
0,8454914489	3,5909008018
4,3699671648	0,6778934750
0,4031571055	-0,2469572004
-0,6792514694	-0,1254143227
0,8151834198	3,0070515023
0,0666631115	-0,2068778799
-1,0929311675	-0,4370196374
1,1999988975	3,6976513400
3,6008874540	0,6048836873
-0,2709604430	-0,3420482616
-0,8412745725	-0,9476115140
1,1427197567	3,1288008682
-0,1543709399	-0,4788853491
0,9321206064	3,6169543436
0,0127272395	3,5425378656
5,1691784898	0,5219943777
0,5510127047	3,5456591267
-0,3532648871	-0,6083708651
-0,0719274056	-0,6879137492
0,0646518960	2,4887599597
-0,0105821138	-0,3184130910
0,1509870603	-0,5562488232
4,5774936547	0,6738542379
-0,0814990932	-1,5168243988
4,9194149002	1,0704534208
-0,3413454793	3,7073779680
0,7059846949	3,3796972851
-0,5523058006	-0,6038431070
0,3281461239	3,4667686481
0,6371526984	2,4848806829
-0,6368140707	0,2586436197
0,0443405803	3,3766092766
0,1513250197	-0,6853157076
4,5875781523	0,3349087746
-1,3005153085	-0,6751596462
0,0653645642	3,0832499636
0,0841701738	2,9108993357
-0,5726153544	-0,2528451740
4,5201720771	0,3311546961
-0,9745169994	-0,1197953033
-0,2355978909	3,2279541037
0,2058787491	3,6611038840
4,8873868850	0,5843726048
4,3077999551	0,3729329153
0,3213277276	3,6496917031
-0,6653271606	0,6300851618
4,2119401214	0,3576530081
1,0532091311	2,8853183841
-0,4802922197	2,4521938974
4,4127109901	1,1738986666
0,4708817408	3,6647287636
-0,7761082980	-0,5704104341
-0,8025800230	-0,7950887814
-1,2021353207	0,0626021552
4,0091437279	0,5471030206
0,9285266234	3,6222584022
4,3162120214	0,9938031549
0,0275956324	3,4755129708
-0,5813159540	-0,4012237885
0,1102967682	2,5538115996
-0,0850644632	3,9525873053
-0,3765352111	-0,6865808819
0,1857283841	0,1176956196
-1,2109755542	-0,3731124591
-0,6389820459	-1,0397025109
4,3991905312	0,4716082971
1,2425019778	3,4228497854
4,9558899998	0,2495196471
-0,8467199416	-0,5194770419
-0,3222387381	-0,5563953376
0,4617126128	3,2280790736
-0,3109054957	-0,7393043957
-0,8578485020	-0,7876860671
0,4502578865	3,3076672302
-0,6769306324	3,3092846613
-0,5390734120	-0,1860756642
4,5715369794	0,9709056653
4,1624088876	1,0439379026
0,6337066886	3,7514324895
1,5503900728	2,7324344187
-0,7527948886	-0,1846768350
-0,5211711610	-0,4512043777
0,3959084136	3,8116551141
-0,7397349463	-0,6696713934
4,5115202815	0,3771470907
-0,4050035748	-0,4627046096
0,0853471165	-0,8201418197
0,3440057439	3,1326196599
0,7600822689	3,1259613069
4,4618206227	0,6139603926
0,9784736014	4,2567658893
-0,6368355812	-0,3566147665
-0,9594413139	-0,9841196008
0,0616001349	4,0587547657
-0,7861059230	-1,0284657962
4,5092065658	0,8934683171
-0,3222680101	-1,3444699546
1,7866816740	3,2932719813
0,9511896562	3,8958779436
-0,1675800596	3,4939482201
0,6139395857	3,1915648765
-0,3096177471	-0,6146428250
0,6620156009	3,8369105374
-0,5882545569	-0,9089403987
1,2443018435	3,5309287059
4,3258079173	-0,2068288692
4,4224825560	0,7138088834
0,2240998109	3,2148421205
-0,6705878155	-0,4827198800
4,7618998874	0,5626124249
0,7576431059	3,4309007696
0,8735214732	3,1713278018
0,5367077441	3,0133328162
0,2303721733	3,3614230496
4,9589553790	0,5690369843
-0,5152385258	-0,1461431733
-1,0018399751	-0,2054466390
-0,4494447150	-0,6581240966
-0,0276847193	-0,6454812280
0,2941750704	2,9485096041
0,8544588751	3,1558637787
-0,6115802354	-0,3855411280
0,6644145096	2,7622899981
0,3806692209	4,0412355326
4,9973327904	0,6643602937
4,9271727147	0,0117131594
0,1674061041	3,2469240036
-0,4527957158	-1,1971693970
-0,9001248309	-1,0663058901
0,2251426261	3,6031814555
0,2902762998	3,9608155139
5,0415984698	0,4171934114
0,6191583277	3,1824010420
-0,6681344591	-1,1298048351
4,3302187203	0,6351331148
4,8870854541	0,6837999889
4,3752179162	0,5839950491
-0,6482921540	-0,6683050145
-0,5286649595	3,3119385902
0,4270684730	3,8131224139
-1,2886002822	-0,7438643622
-0,6352642879	-0,3422167356
4,2134691684	0,4778502869
-0,3104054559	-0,8455054173
1,0018972124	3,5118469992
0,7659603754	3,1718121748
0,4428989593	3,7634163713
1,0148526508	3,9050594863
-0,1104582580	-0,8405082670
4,1015094072	0,8540281903
0,2560230301	3,6069004020
0,6700419380	3,4561515109
-0,4368667717	-0,8883650048
0,9034808884	3,8056968462
4,2758367617	0,4101037930
-0,7132719067	0,0070751494
4,4451632112	1,0866704107
0,6643403936	3,3385207229
-0,3137384958	0,0179619548
0,7790337801	3,6035400967
0,9006073483	3,8614907026
1,0369951852	3,7703630030
0,7015809012	3,2700073775
0,5309457430	2,8127499466
-0,0654508861	-0,8086995322
3,7849736333	-0,5782531000
0,9368483142	2,8729855509
-0,4460557306	-0,9950173544
4,0371873931	0,3151442517
0,5073882975	3,5774605653
-0,4092212970	-1,3355126410
0,2942900326	3,2062911923
-0,0223795199	-0,3563459711
-0,6911946195	-0,6127436073
0,8358039224	2,9544684988
0,9667818586	3,6574534888
0,9772796132	3,7434233164
0,5695999133	2,8957887724
4,8136231012	-0,1673588731
-1,0496019288	-0,2613833779
-0,7251624426	-0,5537717319
0,0724546946	3,2505764197
4,6694572137	0,8637541637
-0,7577096667	-0,8712627831
3,9316433987	0,8818651241
1,1402391377	3,4282183624
0,7168451876	4,1921924073
-0,4084232589	-0,7762763107
-0,0162107762	-0,3548239700
0,2436324775	3,3550855119
1,1599178304	3,9503562800
3,9022155905	0,8376015507
-0,0373501492	3,9243074322
-0,8110440596	-0,0751568123
0,6151286153	3,7593155077
-0,5785534483	-0,5929089686
0,0286727260	3,6253594244
-0,7248157989	-0,6196895511
-0,7023627645	-0,1198225044
4,8849289255	0,7164620267
-0,9116144270	-0,1039716851
-0,6004125779	-0,3093370397
-0,4431298767	-0,1116541505
0,3578035790	4,1650157047
4,2632229368	0,7567673973
-0,5371988075	-0,5193746102
-0,7085896233	-0,2356651414
4,3689379844	0,4906589533
0,1840936635	3,7287315266
4,5591849929	0,7106959670
4,4135848068	1,0821630171
-1,2483318111	0,4766998995
0,8600392715	3,1694433430
-0,1666401545	3,7020150121
5,0678768373	-0,1922121726
-0,1651597627	2,4194503685
4,4641629257	1,0364243497
0,8741361359	3,5000929502
-0,4957716630	-0,6673489279
4,5056061271	0,7709752430
0,1973718366	3,9427455336
-0,4567492997	-0,2303217707
-0,0887198227	3,7863795218
4,5950637919	0,7866664068
-0,9021872987	-1,1045993679
0,7148105309	3,9496438733
4,2439647261	0,4128212916
-0,6621343840	-0,3878483043
0,2168966830	3,6510775283
4,5320645861	0,5512168652
-0,7541898637	-0,5941469467
0,2460107880	4,3830261780
-1,1507773754	-0,3851628487
-1,1451965204	-0,5895862074
4,4626132422	-0,0699106109
0,6335786342	3,4017552226
3,8670836855	0,4428596166
0,1649724869	3,0332479263
0,5473487371	3,0891774497
4,7202678346	0,3682187059
5,4511357468	0,9389694775
4,7503806155	0,4788014452
0,2605596629	2,7753333076
-0,6258457467	-0,2145800992
0,2056649477	3,6442547088
-0,2613486123	-0,4056693340
0,7805540603	3,9146844760
-0,2898283750	-0,1791485661
-0,0643617827	-0,2561435603
0,2373301698	3,5277147812
-1,0915951693	-1,0224659371
0,1366455831	3,4100470514
0,0017527080	3,5253873609
0,9174299554	4,3918087284
0,0000269682	-0,2852285413
4,7667148386	0,4193389242
-0,4584514574	-0,6548377089
4,1443491162	0,9803085128
4,0806060038	-0,3433312608
5,2943781499	0,1178078731
4,3379952141	0,0020578257
0,3220261162	4,2404772660
0,7465366644	2,4874518381
-0,6652540280	-0,4822258885
4,6022667942	1,4264721502
0,8642919940	3,9668226896
0,6707971646	3,4427995185
-0,7301959004	-0,3870519597
-0,9466010185	-0,6356205757
3,8151102906	-0,1439600663
0,6836957120	3,3450403039
0,1854392405	-0,9932223462
0,3855247942	3,6407759869
-1,6509937028	-0,7453801418
0,7028793427	3,7987828879
-0,6921686253	-1,0207866557
0,2523693133	3,6105772694
5,0207925083	0,3485440398
4,2832851212	0,4428865405
-0,6845191997	-0,6867260229
0,5666810065	3,3631622813
0,3994134432	3,3795995020
-0,1895479801	-0,7431179587
4,7514164084	-0,3495579280
-0,8337802515	-0,6532901376
0,3377925879	3,1513256139
5,0080567221	0,9927365475
0,3041911997	3,5927382397
-0,2373548876	-0,1814977677
4,6456385439	-0,1396053519
5,2020769425	0,2889381376
0,8851763867	3,2780174068
-0,7357737511	-0,2351616854
0,0712744074	3,2063061998
-0,3706570084	3,7127101329
-0,2832707996	-0,3292482590
0,2195493485	3,9807979852
-0,1398964791	-0,4063355860
4,7153205728	0,1892353110
-1,2440545994	-0,6379534895
0,9153661286	3,3208385293
4,4466196069	0,8813008675
-0,6988181164	-0,1113089057
4,3279972969	1,4756017655
0,8943852042	3,1271996507
0,0685454297	3,2175167162
-0,6442940027	-0,6932567553
0,5831148242	2,3655924455
0,4050360132	-0,5401795459
-0,5829408268	-0,7595359373
-0,0799677520	3,0802096221
-1,0965374617	-0,5131139885
0,9018553928	3,6448960562
0,4851815587	-0,3171476002
0,4532824095	3,5624148607
4,9368948036	0,8551686058
4,8228723397	0,1175167951
4,0363180473	0,6263710899
-0,3880388443	-0,1204469580
-0,2556104889	-0,1318419158
1,3524142435	3,7972174470
4,1488859883	-0,0655013127
-0,2473351525	-0,8955556016
-0,1504952530	-0,0810269253
0,8235427390	3,9469138598
-0,9648263638	-0,5460477656
3,9299985392	0,5148736144
-0,9083085797	-0,2901370011
4,4778492752	0,7470407875
1,0020373108	3,6790523915
-0,0884951015	3,2968407956
0,2137685234	3,5849635914
0,2894373371	3,6788577341
-0,5428115359	-0,4832460675
-1,1436091525	-0,3817673839
-0,8446595296	-0,6294271218
0,5123758720	3,5940635164
-0,6721870446	-0,2532177571
0,6714980453	4,0604083811
1,0283855092	2,5137350056
0,1422977904	3,7552322171
4,3984068534	0,3395516019
1,2000903515	3,8820845869
0,8451736791	3,7657466274
-0,0528864763	3,4670978881
4,2665333471	0,7918370814
-0,2381358924	-1,0594555433
-0,1332721093	2,7475491477
-0,0897480631	-0,6959965856
4,2018576469	0,2412035526
0,3568226992	3,5329518092
0,8394275366	3,8922198600
-0,5919528447	-0,1205943824
4,2591887092	1,0030743287
-0,5696381932	-0,1055692090
4,3910609171	0,8722138542
4,7013412474	-0,3285510669
-0,8737261794	-0,6737759117
0,2042871992	3,2247475318
0,7804437996	3,3257734411
-1,3477818634	-0,6358749458
4,3334739075	1,1401947964
-0,1774653965	-1,0606191672
4,1394575547	0,5873300365
-0,4875291006	-0,2850396917
-0,1828852769	2,7565373075
0,0429433416	3,0116174336
5,1020281966	-0,2637176510
0,5205695186	4,0213661428
0,3853559076	2,7634385446
4,4589706476	1,1326437824
0,0325643845	2,8839675646
-0,4918490914	-0,6266227637
4,9651149212	0,3376656017
0,5640936896	3,5040179497
0,9285393010	3,6964328015
0,4660189328	4,1232303911
4,0781212972	0,3242310382
0,8833848988	3,4621020563
0,3462750627	3,6983450897
4,0748057743	0,4318847540
1,0023192386	3,5360513096
-0,5948427895	-0,0811936107
-0,9184531626	-0,3694464030
0,4971751656	3,1728252401
0,6129048166	3,3915364068
4,2229533556	0,6868359865
-0,6250386749	0,2085653236
0,6522583943	3,9441796443
4,0997518624	1,3522638084
-0,6450458732	-0,1482379145
4,8767423615	0,7104310491
-0,0568320491	-0,5073977735
0,4826925529	3,5132247707
0,3233102650	4,1464610581
4,9428732135	1,0362664832
4,3578974660	0,8015552166
0,4843963733	0,1071936697
-0,5137349521	3,5054887862
4,7802733534	1,2933932684
0,7278604770	2,8053046510
-0,8823866178	-0,7983181796
-0,3235874934	-1,3392732610
-0,0605337202	-0,5211608256
0,4184733143	3,3353419686
4,0712526054	0,2968936865
1,0574087920	3,8637060041
-0,6238297462	-0,8285370633
0,2946958619	3,4479681976
-0,4880090640	-0,1664395428
0,0996491309	-0,5131915285
-0,2295640729	3,2174091806
4,8636918730	1,3607896065
4,8780663333	0,2587360313
4,9752994730	0,3840172992
4,7381684311	0,1748608555
0,2876599583	2,9071992123
0,2489638321	3,3524965490
-0,3744697195	-0,5727260411
0,1608135111	2,9473776357
-0,3284654566	-0,4941025496
-0,5937699014	-0,3562789313
0,3969640511	-0,2052146315
-0,4652041432	-0,2453524834
5,0104107537	0,3003995561
-0,5233502691	-0,3502527327
0,1878220426	-0,9126006168
0,2069425473	2,9144504379
1,0449894644	3,6256994871
0,4182232727	3,3260155894
-0,7819014149	-0,9781706169
0,0872707501	3,4153565238
4,8019414106	0,6382645455
-1,0650461208	-0,7877080193
-0,0793665843	-0,6075045008
-0,9306957776	-0,8527492237
-0,5907921029	-0,3572986543
4,0236229521	1,1956269375
-0,3454357015	-0,6508712475
-1,8305023922	0,1092750905
4,7956792087	0,1452920378
0,0517612852	-0,1986075952
4,3334808920	0,2896512605
4,2558484170	0,7868956312
-0,7656992718	-0,1950604236
0,4826160580	4,1827974063
-0,6937085950	-0,9865375774
4,0432885487	0,8589363748
0,2794067284	3,6991305376
0,5707568120	4,1159341514
-0,7220260692	-0,4435977392
4,9462991985	0,1522176038
0,7774489136	2,7404153248
0,6783448969	2,9644696501
0,4707869065	4,1939947959
-0,3445821549	-1,1576432718
0,6575780235	2,8304393741
-0,8342493527	-0,3988268572
-0,8237243840	-0,5258012310
4,1615445462	0,4896359324
3,9433501840	1,0387139833
4,2345535923	0,0349208315
0,4613828266	3,3867820823
-0,0172664141	0,1046621522
-0,2140133459	-0,6828857593
1,6017122151	3,4428751272
-0,0793241834	3,5520566724
-0,8761364575	-0,2179704859
0,7413570611	3,0812072204
0,6146723128	3,1150246667
4,5894155088	-0,1492451312
-1,2665368326	-0,3366636272
-0,1066479597	3,7977576536
4,5243060561	-0,0059281471
-0,6206552878	-1,1405039589
0,5497959094	4,3807205867
0,6711578484	3,6917033258
1,1323560040	3,2643231492
4,2734609920	0,0139643149
4,8866156364	0,7070499757
4,9257696385	0,6929265496
0,4837872849	3,5703233171
0,4059165999	4,3351652958
0,5575910758	3,6021754230
4,1701594929	0,3913649521
-1,3015807415	-0,1932215698
0,4960930124	4,0315351463
-0,7127286071	-0,0136749766
-0,2639218521	-1,1697059833
4,6409776975	1,0888214101
0,7113167659	3,4944699892
0,3069408814	3,2100387996
4,8625188387	0,3857999951
4,9201512358	0,3664841881
0,6824140471	3,6035026092
0,6361068198	3,1976553376
4,7280973006	0,7759737955
-0,2317740562	-0,5972086082
4,9649202612	0,4626555093
-0,6921335819	-0,7683705213
-0,3766661413	-0,0070097853
4,1972263910	0,8255732731
4,9440978521	0,5106312845
0,2188914541	3,4401695892
0,2233584110	3,2774752560
5,4241394159	0,3498493922
4,0610386361	0,4259172285
0,6662312435	3,4681407538
-0,3688853190	-0,9260286650
0,6434307120	3,2711727057
0,4381279900	3,9737462868
0,8030919878	4,2825500040
4,5510524373	0,4790140623
0,6641583747	4,0196258007
-0,1162026253	3,2302026076
3,7640397356	0,8660167988
0,2556367287	3,6184988361
4,5375876090	0,4927163270
-0,0637166927	-0,6066157621
0,3880952028	3,2436300827
-0,2533054799	0,3594429469
5,0563406734	0,6311089884
4,6672120455	0,6503827831
-0,9018722697	-1,0298984548
0,2150244103	2,8876725302
-0,4602985110	-0,9983488658
-0,6052285431	-0,5290824211
0,0368665323	-0,3794268801
4,9970736566	0,1720901390
-0,5457532521	-0,6485312987
0,9398235802	3,9070209652
0,3912982784	2,7285714807
4,6167953173	0,2529314673
0,9447440780	3,9013242183
4,8274630565	0,4292018576
-0,8047901048	-0,4229315346
4,0939239671	0,7332807794
4,5511599270	0,7774799207
-0,8938039482	-0,1864629427
0,5105806901	3,5090990069
-0,1538189197	-0,4981766116
0,8375413391	4,0527555862
-0,1071863961	3,5701296596
4,2796594510	0,7553723043
1,0399802932	3,2753748898
0,8313571313	3,7021459927
-1,1997633090	-0,1557058684
0,5294063610	4,2901516223
0,2418982992	2,6813790175
0,7461051732	3,2432433480
0,7030397704	2,4953157843
0,0225503728	-0,3565680126
1,3494834756	3,7134836880
0,4700228447	3,1830689494
-0,6876544722	-0,5752213820
-0,2358408037	-0,4139914459
0,4365049561	3,3036373595
0,2742284096	-0,6608173397
4,3368141939	0,7373529090
0,4432767369	3,5265389422
-0,2739451917	0,8143810596
-0,3385634619	-1,3210407802
-0,1894282204	3,4216264194
0,8634880956	3,0328433240
4,8429927768	0,4593463781
0,2552412299	3,8869115944
-1,2088170646	-0,6221797499
0,7947740128	2,4418995534
3,7810221772	0,3494730129
0,6250600127	3,3404824381
-0,2680638851	-0,8404178388
-0,8819578505	-0,1973291657
0,6245863987	3,6395084514
-0,7632915324	-0,1716460778
1,6631515818	3,6472435322
-0,7840530048	-0,2840111049
0,6115383495	3,1643644743
5,3006852214	0,3727821270
-0,1481126955	-0,6163438293
0,8195553842	4,3932061630
-0,3224148508	-0,1205875865
4,5777717520	0,9781291025
-1,1701244641	-1,0898822294
4,1579908127	0,7247429599
0,7926157552	3,0095003475
0,3716297855	3,5622936469
-0,2942464279	-0,0541715668
4,9330131719	0,9287030859
-1,0197357527	-1,3026073212
-0,0441275093	2,9672708823
-0,6045037119	0,6040902692
-0,6968292353	-0,3242139172
-0,1640000568	-0,4373469449
4,1389048196	1,5511541142
4,3774045877	0,9253046996
0,4250547286	2,9994399572
-0,4173437894	-0,2333611523
-0,3588981335	-0,6545923000
0,0034308685	-0,6888090498
0,2142669042	3,5924408798
4,0372568645	0,7279688305
-0,8780772518	-0,7631745614
3,6463912689	-0,0016864114
0,4386038071	3,5223843959
0,6396947284	3,5371390597
0,6718197431	3,4642442276
0,5623927148	3,5592048430
1,0819354718	3,3841554732
-0,1495679320	-0,4526731979
5,5253078804	0,0484282158
0,0444460679	-0,8561730697
4,6052248022	0,2712865283
0,1860561790	3,9698954925
0,0535611225	3,6178262046
0,2849862222	3,4242066463
3,5842128349	1,1019833219
4,3987743828	0,9664849375
0,2954092815	4,0901361906
-0,3242142560	-0,4275286714
4,6833462236	0,2945375864
-0,7616669302	-1,1183547746
0,5049809393	3,7294628178
0,4191875129	3,9583161479
-0,1308159795	-0,4093661244
4,3980926351	0,0751934372
4,6021698932	-0,1586312668
4,6334602475	0,1833412654
0,7098268993	3,6348956993
4,3234293458	0,0948406613
3,9569108197	0,3561736833
0,4658095387	3,1610245109
4,7782405985	0,8250804188
0,5339385931	3,7695951054
4,2606860768	0,2504520347
-0,5736495614	-0,3468664665
0,9415229909	3,9443327397
1,0521751548	3,5704429006
0,4046665301	3,0894441859
-0,1222095841	-0,3662360805
3,6844230900	0,6224898578
-0,3292311624	-0,9568265647
-0,0671221989	-0,7518214286
4,6537376414	0,0876357510
4,4855587885	-0,0774377853
-0,7556523223	-0,6498794672
-0,6579894191	-0,5656087008
4,9152131386	0,4089431276
0,4061991627	3,9047347098
-0,6424418883	-0,3021327043
5,1254260631	0,7196098235
-0,2214377488	-0,5836239123
0,9104777465	2,9074485414
-0,9238367014	0,0738346672
4,1811920953	0,4236155400
-0,1725628293	-0,3374267539
-0,2998987537	4,0974899674
0,6979113551	2,9874749049
-0,2055687042	4,0930149967
4,0454362480	0,3924839334
-0,6094311582	-0,1347796467
-0,6687050371	-0,9949288204
4,0562642269	0,8480482026
0,4397661336	2,8248835381
0,4396985774	3,5250563165
-0,1299868358	-0,8482217354
4,5237374123	0,1195679583
4,2873004264	0,7781970342
-0,6975175729	-0,5232878750
4,3705482361	0,1229530441
0,3971996997	3,9671113975
0,2953371038	3,0649896442
4,8853545303	0,6169831151
4,0466802553	0,8886499707
4,8434642902	0,2693348768
-1,0748634918	-0,3332542485
4,9397253683	0,0518031216
-0,7243221169	0,0446592629
4,6889302572	0,8397312761
4,8152059527	0,5984575460
1,0908537094	3,8917551098
4,3880265268	0,9407900457
-0,0557954879	3,2219359373
0,5468794794	3,6380579840
4,6222822118	0,8867306593
5,2066790037	1,0629956748
-0,4360431951	-0,6448422861
0,6662076634	3,2699953855
-1,0274108649	0,0380582904
0,2498471263	3,6480016529
0,2638253254	3,6784188835
4,7211423430	-0,0932385857
0,0120472414	-0,6715109600
0,2325081164	3,5295937810
-0,5176836327	0,7488543362
4,2837219490	0,5159783257
-0,1772254277	3,8971923322
4,4983033916	0,9199727041
-0,9717140254	-0,5143761833
0,3313165273	-0,7962008243
0,8324598643	3,0727820523
-0,4044795317	-0,5914683370
0,6634506925	3,4118503580
0,4519252996	3,8431796424
4,5619128921	0,8152988906
-0,1881007035	3,8326532363
0,8505547291	3,6297096842
4,2882768702	0,3841574608
0,0461397637	3,6940129271
-1,1816927031	-0,0009527128
-0,3397112846	2,7977453887
-0,6030087282	-0,8279006278
0,9101433560	3,1707708227
-0,3298791782	-0,6230086531
3,4558520010	-0,0594974381
4,2557287955	0,5451894653
0,6808742231	3,6048731453
-0,8404498147	0,2542344779
-1,2628174489	-1,0440429941
0,8408285369	3,8319932016
0,4424493693	3,6479886207
-0,2684055268	3,3921239738
0,6118416411	-0,6209710332
0,8111560429	3,7027371462
-0,8458757493	-0,5612061314
-0,7867474465	-0,2388478229
0,4757156544	3,2306343287
-0,2412779399	3,1604293491
4,7760667924	0,7321076776
0,4619274806	3,8241816037
4,9456966068	0,1377983242
5,5246176105	-0,2201344806
4,8749009419	0,0881771512
4,5310916905	0,5732751704
-0,4360766048	-0,3919833559
-0,7472537450	-0,6338196346
0,6164791169	3,2537498462
-0,8270705574	-0,7386980234
-0,4597453783	-0,3332216837
1,3720658798	3,7673361717
4,4984190856	0,6084019521
4,8291236088	0,7249000600
-0,0184927138	-0,1961286049
4,7912605824	0,5286080075
0,9406608960	4,2388503018
-1,1679196485	-0,3026773617
-0,0373284300	-0,6030987448
0,3831930429	3,8060425662
4,6425997330	0,5768571982
4,3540952036	0,7408230794
-1,1689756454	-0,9308157283
-0,7806733749	-0,5451497886
0,7089162221	2,9530852176
4,3151120181	0,2922823724
-0,0082017302	3,4126586658
0,5992874431	3,8959590059
-0,5779305428	-1,1861657738
0,0744354361	3,6621883555
-0,0321922159	-0,6175115204
4,0943389216	0,1648367735
-1,0709096043	-0,5679616883
-0,2238710454	-0,4205544785
-1,8739626618	-0,5687146444
-0,5571905882	-0,8404581610
0,7948317830	3,3347586581
0,3973704029	-0,3171333744
-0,1632196322	0,0684086205
4,3148321438	0,1957162309
-0,8965127031	-0,0550860674
4,4525479122	-0,1007218781
-0,7699488236	-0,6700095211
0,2124828269	-0,9691641841
4,8380223803	0,8124725586
4,6521887635	-0,0844745547
-0,5681629203	-0,4668524449
1,0308053972	3,9407803056
5,0143312695	0,5362646252
0,5480858140	2,9472771455
0,6113767182	3,8279929749
4,7330758725	-0,2174924294
-0,5073235348	-0,3928001837
0,2383509646	3,6022836944
-0,0193735881	-0,8859818266
-0,0031644461	3,7970284051
-0,3218672899	0,1189677768
0,9309554895	3,7147301663
0,7941080830	3,5297667613
1,0598456441	3,7182683051
-0,5513412074	-0,3025561795
-0,8803761182	-1,0244957599
-0,3108052269	-0,2855552448
-0,8707414244	-0,4369745081
-0,0500057882	-0,4343084644
0,5707881644	3,9847800149
4,5085505553	0,1877243321
0,1629520707	3,8960786332
0,6628296817	3,4266990817
-0,8994451016	0,2930351122
-0,1166893932	3,6169314635
0,3125731153	3,5902448189
-0,1967652283	-0,6877241191
0,2069925955	-0,3969609295
-0,8959537410	0,1625527800
1,2767701737	2,9651477845
5,0553491772	-0,2010516888
3,6818369825	0,1689282909
0,9716154866	3,2996365395
-0,7909434223	-0,8117575183
0,8443441027	3,6090479557
-0,7233507701	-0,6821947804
4,8599762656	0,1851594084
-0,8124567782	-0,2823602897
4,1067301262	1,3530005223
0,3055254919	2,8761086897
3,9378051291	-0,0249067213
-0,7210606417	0,0506888749
5,0742804609	0,0419960610
0,0377980971	-0,2545494556
-0,7422411524	-0,4456182189
4,5460871025	0,1430409383
1,0719019881	3,2823953375
-0,5727675662	-0,3883931503
0,3474938959	3,2052238520
-0,2121413371	3,4694553468
-0,1434825965	-0,0232557456
-0,1451059592	-0,5778418386
0,1973953482	3,2384911857
4,7315997956	0,4631414659
0,5705295667	3,7048713393
-0,0929386508	0,0482311585
0,0712551435	4,0088100451
0,1760701898	3,6473253603
0,3185660933	3,8569205394
0,6808838213	2,4761029933
0,0839623601	3,0930040858
-0,6779877165	-0,6403292705
4,3386999225	0,2836564141
-1,1141223215	-0,1463153571
-0,7485098436	-0,8733177545
4,3949616653	0,4218049320
4,1113959162	0,9798407323
4,6777839814	0,8216915358
-0,7951840697	-0,0618384810
-0,4793969397	-0,7802468774
4,5585614688	0,6230814125
0,6198532997	3,7860830118
0,6856773815	3,8817123256
-0,4037316814	-0,6987011374
0,1871896884	-0,3474603448
-0,6516652677	-0,8258085600
-0,0269956109	3,4534242879
4,0693958693	0,8295597864
-0,8315354956	-0,0239643146
-0,3059792766	3,2886854344
4,6617903533	0,1076058710
4,4193751165	0,8191210498
4,7343500907	0,9118486534
4,4447594050	0,6294538054
0,5173796279	2,5875052378
-0,8057792708	-0,4175081263
-0,9012709126	-0,3966023147
0,7765147179	3,6746060310
-0,3213296739	-0,1146422571
0,5818591039	3,1353071506
-0,2638146472	3,0456111618
1,0928977826	3,9256875855
-0,9512481885	-0,9191383826
4,2372722928	0,1257180652
0,0761165906	-0,2768986683
-0,4546523694	-0,6985971067
4,6692742940	0,6990453792
0,7921596200	3,1627160143
-0,5403968544	-1,2325496204
0,4493619135	-0,6588254242
0,7865338650	3,5915265167
3,9801250459	0,0438184005
0,7441002447	3,4947800684
0,5846668743	3,4695657626
0,6077477287	3,3767897213
0,4239010871	3,5540969503
-0,3335862721	-0,5842295991
-0,9208767828	0,2777229549
-0,4385160106	-0,0205890498
4,8281994644	0,4834553746
4,1186147377	0,6465727331
-0,4979904068	-0,8418643299
-0,2984853942	-0,4076731237
4,3608664317	0,2219753408
0,5561505628	3,5687930559
0,1089452015	3,1533278113
0,6942781738	2,6061707798
0,2555440098	3,2345066204
0,6830319385	3,0996908862
-0,0362739100	-1,8320884186
0,0599534647	3,4265577260
-0,4312568448	3,1713565381
0,2380291205	3,4595110871
-0,5354673216	-0,3113189607
0,6567287185	3,2832947210
-1,0854469477	-0,8659933431
4,6524455096	0,5070669229
4,6897433246	0,3272545739
-0,6112495164	-0,5702612578
-0,7629565037	-0,9447971266
0,2767874474	3,3493452090
0,7402127978	3,8242709754
0,5040370024	2,5460509357
4,8509860512	0,5975627996
0,0285370553	3,7534871379
-0,5631526679	-0,4615535809
3,6880730859	1,1152674433
-0,6311052380	-1,2224835483
0,5736187594	3,7200751060
0,1864354236	3,2238875212
4,9163799611	0,6865934822
-1,0668076149	-0,3397873789
-0,9609092782	-0,3587481079
0,7173611257	3,3093320117
0,2624567604	2,7860880857
4,7584222099	0,7265704310
0,0329733216	-0,8041446270
-0,2072440497	3,2952602846
4,6498971586	-0,2768160449
5,1068595796	0,0310068477
3,8373141329	0,1556080257
0,9568876862	4,1094127046
4,7135177915	0,0231026041
-1,0152861075	-1,0623156887
4,1796098455	0,4453932606
0,9799404580	3,3926024155
0,4760563937	3,5148817349
-0,4945060756	0,3129917310
4,5567322028	0,1329693406
4,3639157635	0,2635863109
4,6916139827	1,3994709502
-1,3427459767	-0,4942089847
5,1408559167	0,1770212972
-1,3672094195	-0,7039113125
1,0307326808	3,5196314763
4,4985959092	0,9360812102
-0,6216405187	-0,8552373096
0,5886584466	4,0353415015
0,1582617642	3,8338549420
-0,7996183832	-1,0209241748
-0,0327262253	3,2635113289
-0,8093625907	0,1295693647
0,8384097758	3,5023364141
-0,0530263671	0,1984798453
4,1442574761	-0,1824800574
4,5920502113	0,3899877539
0,0747526622	-0,5587489862
0,4001614183	-0,4669656715
0,6183652265	3,4823680098
-0,1517776397	0,4229450996
0,4915212289	3,5037338608
0,2947694239	-0,3143269730
0,7152600230	3,9754780660
0,6370531631	4,0500014037
0,6831647834	2,8275052061
-1,1990504503	-0,5116424134
5,3157661026	0,7481163976
4,0858975294	0,0878075134
-0,6398037956	-0,6561729710
1,0259158171	3,7600469999
0,3177307501	-0,5149654129
0,4051102057	-0,1715748889
4,6436875767	0,7592690358
0,9731363165	2,9817561772
-0,0734673518	3,4800970831
4,9934861214	0,5483200300
4,3468010108	0,6092618315
-0,4605224981	-0,6291639164
0,8719568965	4,0883922852
-0,4191859014	3,5061428647
-1,0434314937	0,2744532103
-0,1211509023	-0,1954514569
-0,6723625442	-0,7620719895
5,0646834581	1,1030152774
4,2598668666	0,8575678325
-0,5625189858	3,9423054415
-0,6430556715	-0,6576619013
5,1775061153	0,3246490135
-0,1558757823	-0,4998668040
1,0416959680	2,7999695967
-0,6654263689	-0,1483198847
-0,6837509401	-0,9227064552
4,2197069093	0,9278412071
0,0809482670	3,0136621639
-0,6480973734	0,0998401750
-0,2397203719	-0,4981664617
-0,1485093887	3,3137120759
4,7590617845	0,4152757487
1,7289249549	3,7055365806
3,9745093491	0,7078752293
4,8432324328	0,6869831426
4,9836828012	0,5261074029
-0,2854554530	3,2548012261
4,6719869621	-0,0563688537
0,2607673171	3,3549995729
-0,8796774342	-0,1041742974
-1,1070338710	-0,1244954711
-0,7618654882	-0,8277319057
0,0518496626	2,8171507998
0,0933458682	-0,9312513956
4,4518295258	0,2093018799
0,9663094302	3,0828254279
0,3027891330	-0,7806860640
-0,8074454213	-0,9745811885
4,9210819569	0,9896530923
-0,9573638814	-0,0033749976
4,5685341659	0,6285083186
0,0607611751	3,8023876979
0,5190787016	3,0893507024
-1,1036219440	-0,3006279423
-0,9988257269	-0,6163502888
5,2597348324	0,8372815498
4,1218024612	0,8453065888
4,0920490843	0,3447106548
-0,1213006697	3,5172337430
4,4350272658	0,7690360611
-1,0051460188	-0,5752330197
0,2917501904	3,9669356113
-0,8516240971	0,4688611716
1,4082501505	3,4208294013
0,4451617927	3,9437942260
-0,7910500684	-0,7023149628
-1,1066523347	-0,4129317348
-0,3554865351	-0,2909933182
3,8090595090	-0,1211505310
-0,6334461038	-0,6795386481
-0,4308583472	-0,8872327873
-0,2566432542	-0,5598989005
0,0700559650	3,2126966151
-0,5504220440	-0,2827677220
-0,7623069337	-0,6442354920
0,2409567167	3,3759852455
4,8572383981	0,2922501407
5,0318277037	-0,0112367491
4,1335094904	0,5207988319
0,1306801490	3,3031993924
1,0228763391	3,8408891127
-0,6089448007	-0,9926653461
4,3755317538	0,7651118043
4,6305947499	1,7019108671
0,3828525459	-0,1783575155
-0,4416066527	-0,7272656674
-0,5607007721	-0,3701491398
5,0166309722	0,9309950961
0,4564006117	3,6229317842
0,6208961507	3,7370043294
-0,1888090069	0,0748858250
0,4271471407	3,1203828808
-0,3304293055	-1,4034149907
1,2089427818	4,1638441248
0,8825640313	4,3599032175
-0,3289839745	-1,0278334257
4,1437401671	0,9799230038
4,6272583637	0,1297735382
0,6214268295	2,9115293782
1,2729851992	3,4766409782
4,4794103994	0,1699794413
0,5255394596	4,0884783428
0,3674374164	3,1315667152
0,9569260876	4,0156586654
0,6132710503	3,2080657181
0,0430750314	3,6724497462
0,3531951845	-0,8284175670
0,1544067095	4,0758170701
4,4786590824	0,7087179016
-0,9349891665	-0,4877356617
0,3623383474	3,9448174708
4,4497793660	0,5913129239
4,9286739208	-0,4643590599
0,2685618482	4,0158635583
0,8606318172	3,4451294817
-0,3111410973	2,9882043773
0,8940347096	3,7865786436
4,7087290668	0,6326283825
0,0431917220	3,7528236080
-0,1043871367	3,1464905904
0,8477581154	2,8771179665
0,8114026788	3,7735769586
1,3433910994	3,2345399462
-0,1223682334	-0,7821850543
-0,4812144744	-1,1113586560
-0,9053178917	-0,0141493607
-1,1820508197	-0,9875795384
1,0918788825	2,9253335113
4,4692527633	1,0011494802
3,8958431647	0,5197843183
-0,7931457172	-0,3184418010
-0,5209647493	-0,0287149043
0,9925694900	3,6383446734
0,7294479870	3,5988467397
4,5660266317	0,4741741365
4,0038173049	0,8659655638
0,3843160684	3,8208379284
-0,8075637042	-0,3876588429
4,1766904001	0,2774867769
0,6447671537	2,7493051668
0,6753256262	3,0955358437
0,2303954149	3,4087174386
0,4404684508	3,8064640805
3,9849871198	-0,3383264314
0,8246809763	3,8423239258
-0,1781879361	-0,8529484803
0,5408748129	3,4176119212
3,8202618419	0,5893671360
4,4273335609	0,7055493839
0,9413945589	2,9370106687
0,0705023034	-0,4752178157
-0,1385607115	-0,7191830368
0,4921137458	3,2781636336
0,6328933074	3,3057894569
0,5416908384	2,8434676674
-0,4150978742	-0,7876119615
-0,8298172765	-0,6862105915
-1,3358003580	-0,7758757751
3,8571893745	0,5295060599
4,3942997676	0,7320822319
-0,8581844169	0,1141718066
-0,4868210550	-0,6082128297
-0,1630956810	-0,6817610710
0,0739677891	4,1794208286
4,3390521758	0,2411715796
0,4166371559	3,8303498290
-0,9693297769	-0,2219878763
0,2226757625	3,6388982371
-0,2391324566	3,6691063336
-0,9734782050	-1,0486130774
4,4282651451	0,9046804317
0,6515391233	3,6768289701
0,6911110324	3,5814935529
-1,1947061528	-0,7087460525
0,1017503892	-0,5018642890
4,0585816997	1,0237329516
4,9436794555	0,5673455314
1,0776053201	3,6327902739
0,1970849244	3,0068524303
5,0363924286	0,2233906579
4,8740807052	0,9990242650
4,7033332902	0,5120423261
-0,0023418302	3,3979322306
-0,2718416175	3,3054059700
-0,5404919177	-0,8070233701
3,5368476996	0,0822447707
4,1507285396	0,8042181880
4,6916157862	0,7032879203
0,7599699924	3,3787579210
-0,3116014343	-0,6629999841
0,9109895030	3,1628561015
0,3772170677	3,6021330156
-0,7174247129	-0,1841100202
0,5650026561	3,5553917993
0,2405000053	2,5639024865
-0,0113095424	3,3440265541
-0,7222670618	-0,8972820696
-0,8025612768	0,0255385699
0,6218157257	3,6206719070
4,1577766480	0,3217262327
4,9291230830	0,7421377519
4,8072249071	-0,0985341706
0,8535434438	4,0697389062
4,3784415038	1,0446358390
3,7954923373	0,7669053260
0,0527793955	3,9725938438
-0,1325824872	-0,4964153244
-0,1794168284	-0,7507531038
0,5667791850	3,6901106884
4,2647493419	0,4373302155
4,4912051558	0,3677192120
-0,7719783661	-0,3856662126
-0,4156412758	-0,2844621493
1,0135050883	3,5381006518
5,3060202292	0,3136394710
0,3031049990	-0,1852785497
0,1093375956	-0,3795501375
0,1658468726	-0,7259486842
0,4782869351	3,5180759885
0,8565403073	3,2410582066
-0,3481717385	-0,2626780957
-0,5857186618	-0,5023197302
-0,0548221473	2,8900495925
0,3450265110	3,3066088061
-0,2276755776	-0,3447058333
-0,8991481475	-1,0293813290
-0,9053119667	-0,5615376940
0,7929291186	3,3136855511
0,5764333032	3,6195883738
-0,0902200740	-0,2039257125
4,7727194624	0,8747855210
4,2467407528	0,3773738318
0,6354025902	2,9912485777
4,0485280453	0,2778388430
0,2224877207	3,8977828657
3,9823809001	0,0279028050
1,2784305316	3,4618180511
-0,7640200653	0,0110408091
-0,3404545885	-0,3683639807
4,5553858697	1,3436059183
-0,3770971481	-0,9318127999
0,9590389088	4,0517872720
4,5481838280	0,2722533519
0,4034387542	3,7774776658
4,8002836548	-0,0811290893
4,2234721421	0,6975141383
0,7726211110	3,3049669228
-1,1365196267	-1,3333701316
4,4043273340	0,6743574001
4,3371546808	0,7704505341
0,7052172960	3,3037876959
-0,5469307859	0,5666034829
0,6216266512	3,3093028905
-0,6999710054	-0,6419977679
-1,2849101934	-0,7179985491
-0,0655097354	-0,6235567659
0,4382830113	4,0929309265
-0,2906697988	0,7606081957
0,6296000528	3,7252940778
-0,0471255784	-0,5443774158
1,3444889939	3,2408614913
-0,7524422299	0,0345806214
-0,6618295522	-0,8172346453
-1,0250392313	-0,7348074676
3,8896659180	0,5493092633
5,1885448446	0,7600709520
-0,0974748394	-0,2660795562
0,8614410206	3,1737161934
4,7945036876	0,4491431324
3,7410020803	0,0286745841
4,3073744804	0,2990094047
-0,0647167280	-0,8913695786
4,4080387059	0,4584065146
3,8933873176	0,9533821976
-0,3228717491	-0,7209107600
-0,7090802534	-0,7859485106
0,1576122374	-0,8787247025
-0,0285427761	-0,5632652790
4,6267614942	0,8238253765
-0,2760988742	-0,9195537574
4,3751072453	0,6281422387
0,5189074502	3,6440021724
0,1433913929	4,0918268814
-0,5330870022	-0,0871481054
4,3741720222	0,6564681873
0,8805216894	3,6252557086
5,1792837740	0,8731003045
-1,8356390434	-0,2834730155
4,7264789372	0,7262079673
4,8707160417	0,1816344110
0,4528907029	2,9246135679
0,4749803325	3,6895718275
0,7828481212	3,6621415484
0,6993578423	3,4032830299
0,4875734424	3,5205350109
3,7676652927	-0,6813954609
4,6649842095	0,4094234662
4,6600818371	0,6417706291
-0,0103993597	-0,1447672688
-0,5959017355	-0,7059941704
4,4274625735	0,6499354270
0,1395443945	3,5237248656
-0,7244879862	-0,6669478145
-0,7824069814	-0,5183586627
0,1184035788	3,5338831452
4,7334174400	0,0756237668
0,3601225125	3,1350242386
0,6774570912	3,6886578750
-0,1725280978	3,4065364392
0,9601435613	3,7234258476
4,7391258442	0,4440536277
4,1330468610	0,7202962370
0,3308269938	3,0153585675
0,5001777979	3,1058452695
0,2345302802	3,5536365476
0,4804990405	3,4046140278
-0,2798669373	3,1750101512
4,9428358507	0,6122554985
-1,1376916462	-0,3357971666
4,7683300333	-0,0443251222
1,0055748031	3,2803902361
0,3497258711	3,3257620764
0,3117822812	3,3160472434
0,6537301986	3,3336454958
0,9122752356	4,2927776961
0,3046816030	3,6941322982
0,4580263891	3,8665187340
0,1066381518	3,8313652842
1,4648965684	2,7469188370
-0,5716466531	-0,5991579852
0,8813584440	2,8565598159
1,0081463343	3,5354823810
4,6070532490	0,3794611951
0,3966183779	4,0180131620
-1,5200517059	-0,2301323309
0,1418738528	3,6331763520
-0,4841773454	-0,3513394795
0,5262773847	3,0354817448
4,6338763680	0,7442123120
0,2804636776	-0,8900578009
-1,4892927561	-0,5616569277
-0,3042942864	3,3514020427
1,2925280499	3,3636460235
0,8956838339	4,1163507478
-0,1793332800	-0,8162931769
-0,3593842742	-0,9195480814
1,1143401303	3,7480047654
4,0870699989	0,5102703531
4,5607467937	0,3888771599
0,7779057722	3,1147798642
0,9790457705	3,5698287382
0,3289678960	3,7901526940
5,4836390428	0,7097569083
4,6001869772	0,4333514086
-0,9413366677	-0,3209018854
0,7013302911	3,7351367920
-0,2895648284	-1,1873295951
0,0210499273	3,5339425979
0,3179833955	3,0099381870
-0,0505844850	3,1306671913
3,5164105149	0,6536010948
-1,0717419277	-0,3558884732
3,9887230343	0,4675937940
0,9777774711	2,9222724702
-0,3108767113	0,1896994684
1,1668935473	4,0917839568
0,3707134782	3,6809344459
-0,0048094522	-0,7455991843
-0,5679364957	-0,5791693803
4,6194651281	0,5950478434
-0,4042343078	-0,1998461237
-0,4529491141	-0,2457193327
4,4434146234	0,3187476188
-0,6638134285	-0,3000151811
-0,0921553076	-0,2648383360
-0,6615145563	-0,6946780873
-0,0575261700	-0,4944283920
0,4294238359	-0,4707391229
4,8014587314	0,7180172115
0,3666843674	4,0572282899
4,3733349850	1,2562778331
-0,3635069166	3,7035540316
-0,3830703608	-0,3399032238
4,7028443874	0,6793915485
0,6413428672	3,5342946690
4,6329917821	0,8497152396
-0,5919540278	-0,2934325401
-0,1423521199	-0,3387777910
-0,4392447191	0,2965942717
0,8054794271	2,9155737757
5,2135304441	0,2294600749
4,3871839361	0,3325250356
-0,1849118476	-0,5952731931
4,8844844538	0,3752606895
4,0274377232	0,3703946432
-0,4235521146	-0,6623620354
0,6835854298	-1,2434496340
4,3426138264	0,1906014823
4,1651859132	0,9271986485
4,2954040641	1,1431235529
-0,5051030004	-0,3270257587
4,3844163163	0,0077265858
0,7714977341	3,7615327909
3,5701354295	1,3693960672
4,1143815481	0,5794673787
-0,1794761555	0,2743066957
4,3127943430	0,5250918153
-1,1014213443	-0,5449575219
5,0547553149	0,6899560497
0,1166876872	3,7049662368
-0,0742648890	-0,2373510053
-0,2591215301	-1,0617658193
-0,7405939782	-0,3293944683
-0,6632594866	-0,5187640745
-0,2809885763	-0,2723719735
4,9864292250	0,3359246388
0,9788215908	3,9519593440
-0,2567139323	-0,8620084484
-0,8525776216	0,0809645648
0,0703906088	-0,9107075200
1,5595761925	4,1180405291
4,2377575032	0,4403451835
0,6206537851	3,6364283589
-0,3153478635	-0,6186335723
0,1700709534	-1,5420407598
4,4055742970	0,6497618961
-0,6085241298	-0,6869873886
0,9840382175	3,3908085090
-0,2051369279	3,4554673019
5,0652753474	-0,2261605196
-0,3696475349	-0,3055825671
4,8847357479	0,0881613678
4,3951553471	0,6829467553
-0,1376168176	2,9102883643
-0,5199022815	-0,6727380762
-0,8249470201	-0,5214170123
4,7521134108	0,9045256124
-0,2252035122	-0,6761927118
4,1976205382	0,9824263414
3,6699736148	0,7212218395
4,4063898929	0,1675488233
-1,1490523454	-1,3897736722
5,4707812433	0,6829016471
0,3259283215	3,7003856647
0,2948859433	3,1697713785
0,4540868179	3,0657441295
-0,3196067455	-0,2635834257
-0,9797857043	-0,7236031693
-0,1240559678	-0,8187196698
-0,4981653903	-0,8532858422
0,6404520635	3,4733345660
-0,1218582028	-0,5261837670
1,3614118382	4,1939086309
-0,7443234121	-0,1669209140
0,8567522996	2,9559682803
-0,0843287964	4,0656326204
0,3133836243	3,4946043701
0,4728600122	3,2161318444
-0,8723994307	-0,6199728233
-0,0114036243	-0,7565435280
-0,7488027535	-0,4285375934
-0,0061020135	3,4745844646
-0,4974090981	-0,3019641978
-0,3297096495	-0,1185881528
-0,4965274801	0,0192292871
0,1343573882	3,2335347101
-0,5573549880	-0,6167299459
-0,0304490440	4,4670267462
-0,3098746912	-0,6011717616
-0,7563368272	-0,7799687521
0,0936428595	-0,1464387519
0,6388297350	2,9882570842
4,8152178100	-0,0559926427
0,0598271480	3,3529224397
0,4791577641	3,8472434090
0,7597818016	3,2185001152
0,9753857568	3,4070044347
-0,0981345089	0,0037640436
-0,4485463496	-0,8332216572
0,4436983601	3,2298635520
-0,7660935180	-0,5402999715
-0,8542951789	0,3089689703
-0,3008114740	-0,9817104296
0,0877869754	3,6340011451
-0,6284933395	-0,4946855506
4,7306701274	0,1245351380
3,6241848778	0,7040487790
4,5692091190	0,4873483030
0,5208396511	3,5485217499
4,3688338732	0,6673987620
-0,6478837206	-0,3900727852
0,3973613184	3,1649625992
-0,7405303808	-1,1605118459
4,2715320330	0,4359575746
0,9771274303	2,8877656764
0,8668901137	2,9756376338
4,8006326580	0,0519387741
0,5637209302	3,0681912729
4,2808570200	0,4326049883
0,7653302744	3,5099591330
4,8714229007	0,5808907671
4,5355976703	0,9069723417
4,8526096851	0,6875374375
4,1289485065	0,5821764277
-0,9830141041	-0,4343228486
4,4683747469	0,4209478956
-1,0427553868	-0,1543703356
-0,5901777141	0,0738915583
4,7761955373	1,1626371743
-0,8768044749	-0,4284530988
0,9178906080	3,6927595637
-0,0679989064	-0,9595587523
-0,0646304354	-0,7605422685
4,7103966540	0,3644754904
-0,5120275825	-0,6898833591
0,4166881638	3,3453207058
0,7615198595	3,9563962199
-0,3831165530	-0,7861878088
-0,1367234167	-0,5283135235
-0,4952322397	-0,8798724142
3,9920822300	0,8513200831
4,3279234252	0,6260812464
5,0543824734	0,2638817994
-0,3923583924	-0,0568834401
0,0106719350	4,0789399634
1,1031469872	2,8087200477
4,5852329280	0,9349369413
0,2926793388	3,6647977502
0,2538937670	3,6072004973
-1,2441911350	-0,6557192975
-0,3919314404	-1,0702963683
4,7383902166	0,0758949208
0,7930955024	3,2486001477
0,4059588946	3,0392538973
4,5552461265	-0,0052301617
4,8607072517	0,5182705848
4,8426104647	0,7036119401
4,3535425594	0,6109857223
4,6316794085	0,4487775093
0,6730867674	3,1800181863
0,3102941050	-0,1555147013
4,8349521479	0,7887055919
1,2047442142	3,9435445302
-0,2239581491	-0,2895493421
3,9010659537	0,1076038098
-0,4604327615	-1,0621524244
4,8274635583	0,7066683891
4,1771486777	0,9113219442
0,0987700940	4,5075314350
0,2766732233	3,4160239339
-0,0896405567	4,1616252458
1,1988188515	3,1756697674
0,0015830382	3,3289998176
-0,0338504362	3,7003356185
4,1859185371	-0,0774361607
0,3625710409	3,7250588334
-0,4666858796	-0,2524241306
4,7284077404	0,2033537576
-0,6812045378	-0,1271820793
-0,0928598333	3,5069673512
-1,0724796852	-0,6392076105
0,3468687800	3,5471319641
3,8211394732	-0,1323540289
-0,9613396534	-0,4499103550
0,1403334854	3,5484502573
5,0813417174	0,5666916602
-0,9678362357	-1,1484310832
4,8844692037	0,0294206708
-0,4500145175	-0,5116179109
-0,8846425881	0,0654109038
4,9732134774	0,4415617169
0,4926958656	3,5381732572
0,2456254424	-0,5132184194
4,3047086156	0,3546347107
4,8378038556	0,4163133037
-0,5387107138	3,6699526620
4,7006524427	1,0034532538
4,5463217454	0,4421631270
4,7871159910	1,0974361017
4,9859479949	0,5009334861
4,4091205774	1,0868432212
4,6605521160	0,6499496683
0,5711335246	3,5778212726
4,0832945214	1,0233313491
-0,4834953968	-0,7041454792
4,6053862578	0,2981800044
-0,9304767327	-0,0024980608
-1,2843890836	-0,3303008403
-0,1836369439	-0,8138786210
-0,5818231414	-0,3627154066
-0,3097263986	-0,9074003409
0,0587262659	-0,4253935998
-0,1728380891	0,2208159111
4,3207097939	0,3231951785
-0,6950387014	-0,3883356601
0,1079800407	-0,4627614046
4,8499279595	1,0738196613
-0,2821677643	-0,5161105468
-0,3494294655	-0,9665556689
4,1618539885	0,3630118467
-0,3313774155	3,3068183238
-0,9104719555	-0,9741934833
1,4873572613	2,8894964676
-0,5209295055	-0,2648093300
-0,2682968458	0,1799260482
-0,6556422863	-0,0556004544
4,7822839460	0,1586675903
5,0331079554	0,2556264412
0,0075448449	4,0250075513
4,6304604011	0,6639456604
-0,4005906487	-1,3354176403
0,5715397137	3,6864661464
-1,1999998355	-0,2550085199
0,5976805962	3,4925741668
4,8710578694	0,3226049030
0,3324907378	3,0447185549
-0,3881336169	-0,8929467683
4,8359609479	0,6358557839
0,0493728845	-0,2618440537
0,1354671773	3,6138275246
0,2651430639	-0,2704103871
0,6222948524	3,3464106171
-1,2012777832	-0,5928938901
0,9275549466	4,1580360516
4,3834441891	0,7562635010
-0,3446580643	-0,6725760998
-0,2693979846	3,1397605926
4,4828487421	0,1900967450
0,5443732690	4,0227011813
-0,8723794707	-0,9771981671
0,3392470452	2,8644079833
-0,2236782445	3,3101348842
0,2945805219	-0,9973975666
0,8518692152	3,4756180740
0,0062716546	3,2281217734
4,8770610644	0,0748618946
0,5074284651	3,3278166078
0,1008263092	-0,3303064585
1,0323970201	3,0510276375
0,0265840947	0,1875848428
4,2503497588	0,4550272397
-1,1064010865	-0,8169040412
-0,6993222774	-0,3036294229
4,0405387364	0,0678540934
0,7604912382	4,0034988692
4,9575282694	0,3704998159
4,3503141224	0,2847788555
0,1650915740	-0,3299635329
-1,6585613978	-0,1687469060
4,0260943134	0,8648568949
0,4427013620	3,8183810694
-0,1406646611	-0,8723375752
0,6204738291	3,5891640728
0,5798615317	2,9577515161
1,1191841459	3,3154937412
-0,2337118626	-0,7789153577
0,3977883987	2,6286067448
4,7400008641	0,1516217325
4,6385266002	1,0606015597
0,4002930999	3,0534946787
1,0583434559	3,8997129232
-0,1912063384	-0,6349539605
-0,2525288445	2,6687420349
3,9821825589	0,0778696111
-0,5871662217	-0,7912045772
-0,3436741122	-0,8878437742
0,7512738686	3,6341881771
4,6250767375	0,5821542211
-0,5579396240	-0,6026641556
-0,2720624210	-0,2988254852
5,2150414862	-0,2306357957
-0,5032168732	-0,4189952885
-0,7200950137	-0,6946534546
0,6338637879	-1,3889059134
4,6664161917	0,3776245872
0,2394888562	3,4956706675
-0,2962954666	3,4027303086
4,6959048730	0,2473882028
-0,3177883426	0,3828058539
0,3036170676	3,7618511552
0,1859910760	3,5266084173
0,5352266944	4,0509305350
-0,4610503357	-0,7735802053
0,4037720179	2,6949912430
0,9969413855	4,2580831612
4,9231329660	0,1111169359
0,7134942245	3,3122405423
4,0922506416	0,1201461471
4,4412526364	0,6884356576
0,5869103299	2,9138221281
0,8484884467	3,4663393334
4,4615684754	0,3128900445
4,2943380746	0,8981120346
-0,8302991993	-0,6989605134
0,5788001335	3,3304237224
1,0273556614	2,8125216777
-0,0923952830	-0,7989931163
0,4370932020	3,2188029955
4,0085321351	0,3107867204
0,9394280576	2,9750181661
-0,2477251680	4,2896500950
-0,5117500198	-0,5852288866
-0,0731507556	-1,5469216203
-0,7429810493	-0,3659412085
0,9256455418	3,4779031514
0,0693631604	0,0775709027
0,8209044593	3,3069808559
4,3171966958	1,1990844315
-0,2251971199	0,4494178516
0,3816980638	3,8460625771
4,3077558549	0,5444030037
0,0513881497	2,8891518555
0,8893709409	3,2451714127
-0,4174937223	3,4612012217
4,9573452804	0,6964743785
0,4753206762	3,9797375703
4,7287092193	0,1613714562
4,8618561675	0,0661740893
-0,8726909407	-0,6553136931
4,4112228138	1,0642972277
3,9920082310	0,6379431034
1,0326612970	3,5325679910
-1,4536389324	-0,8821687291
0,1372475002	-0,3421981229
-0,3991958222	-0,2855555629
4,0980837923	0,2443096155
4,5986205624	0,0951017130
3,9728998219	0,5852355891
-0,5667773431	-0,1517039666
-1,1116774337	0,3016413459
0,3610714811	3,6692328465
0,6124500650	3,6429449313
-0,2975530179	-0,1954753275
4,8925086520	0,2493295675
4,6760376122	-0,2283135583
0,3698315644	3,7452111122
0,7821297254	3,3167315318
-0,4844995673	-0,5495810614
-1,0432926492	0,0343787357
-0,5777702448	-0,5445783121
5,0639190494	0,2932760116
-0,3660320181	-0,6200164424
0,2667760170	3,1646723266
-0,2287062801	-0,4301371444
4,4197421449	0,5110920978
4,4369183642	0,7265243876
-0,3132716677	0,0557067159
0,1668696920	3,9008331916
0,3020162067	2,6857923975
0,5149621993	3,6123329540
-0,4017652154	-0,5910078284
0,3390130096	3,0506636375
4,7619758644	0,4395108039
-0,5906412818	-0,2158028934
-0,2553321064	-0,6481181180
4,4492431342	0,5406608254
0,2999304722	3,6141731814
-0,6695725329	-0,9218905602
-0,0128020082	-0,4477279859
-0,2698102843	-0,2620420960
1,2391938968	3,2875976657
4,1132382375	0,6643007363
-0,3705679966	-0,5390222719
-0,5624376041	-0,9646863304
-0,7685577005	-0,9716076432
4,6800793557	0,4034812282
4,7207877584	0,5879049105
4,0769887345	0,6370633054
-0,2802917263	-0,5834125313
-0,8557362742	-1,2875596525
4,6791355590	0,5836669788
-0,5455143742	0,3514435874
0,0318289163	2,9920118867
0,8808976348	3,7856639181
0,0243572428	2,5660398023
0,9945125304	3,2256644651
4,4166951548	0,6136311852
0,3427138542	3,9492912290
-0,6812539018	-0,0788790022
0,3512712178	3,3011392053
0,0091613700	3,6262826094
1,0700202688	4,1398796395
-1,1038473405	-0,5337402604
0,9771257981	3,2707052392
5,1519538141	0,1112144781
0,3179901897	2,7501544362
4,3789378961	0,2001281824
-0,6396248778	-0,3906823315
-0,5387912139	-0,1875736080
-0,4683093777	-0,5631775990
0,8349499838	3,7558626993
0,3129537581	4,2590033614
-0,7647895542	0,0029617137
-0,3075540569	0,0212761716
4,0073222498	1,0566969368
-1,1105664786	-0,5731290264
4,4709194968	0,4827819016
0,5145100408	-0,5477552216
0,3064374268	3,9170972623
0,6208207353	3,5783519000
-0,0536451443	-0,0381981645
-0,5577149904	-0,7595132583
-0,1682101068	-0,7220599710
4,4649436899	0,6447411905
-0,8511970684	-0,4658598265
4,9123175429	0,1259014091
-0,3677537664	-0,7106579072
0,0589985249	3,5041222724
-0,7148098674	-0,6642325631
0,4689085088	3,9186619030
-0,0695348497	3,8634168459
4,2815673288	0,4416851982
-0,2962248706	3,4912934397
-0,1449962437	3,7698670838
4,7431402401	0,3788182003
4,1289776085	0,3167092507
0,5334667937	3,8457416455
4,1672899306	0,4135108272
-0,4719138105	-0,0851073015
0,8364503429	3,5432224266
4,1800558823	-0,2446160986
0,4258029857	3,4961198055
0,1866445908	3,8687408746
-0,2133536183	-0,2345816800
-0,6669070557	-0,3225514465
1,7500679589	3,3044052479
4,7491234638	0,6855478960
0,5737884752	-0,9981436695
4,6330293020	1,1837170272
0,5989701582	2,6307973776
0,4491116545	3,5943174001
0,4435584749	3,6355475144
4,2515660793	0,3200716124
-0,5567812330	-0,4576286831
-0,3029558915	-0,4267618940
0,1141868640	2,9080090534
-0,8060376139	-0,6087049620
4,3128981734	-0,5796165440
0,1347722805	3,8823845717
4,6436162530	-0,5300371592
0,0431027629	2,9704415439
4,2839749849	0,0453042242
-0,6324574995	-0,6590869027
0,0084637587	4,1634100050
0,4361311718	3,4739491013
4,3742955206	0,4624078586
4,9803915464	0,1300269642
0,3217275511	3,9051501105
4,5421694287	0,6501990282
5,2087930389	0,4124569714
1,0774839667	3,7780938931
-1,4179060796	-1,0304405921
5,2862166336	0,3377179371
0,7808311326	3,8427895548
-0,7543217186	-0,8376906298
-0,8945266150	-0,6277453292
0,6068138244	3,9094117631
5,0678550706	0,3109894300
0,2814727716	3,6524826766
-0,0063706455	3,4682535037
5,3787585592	0,6872863678
0,0317715397	3,1957322447
0,7196718059	4,2629645567
0,2365147329	4,1316344565
4,6043770188	0,6412943014
0,6454921774	3,8665111210
0,3883966220	3,7025616971
4,8712827223	0,6177961498
0,5958334683	3,3337906170
-0,7331969795	-0,9918839446
-0,3232824226	-1,1987904461
1,0372714063	3,5118264579
4,5995667799	0,9699202960
0,3285214507	3,0362345029
0,6626991990	2,8444384906
0,2328449811	3,4942451650
0,4069210876	4,0366148669
0,8519775475	3,2431558924
0,6351070801	3,8754728724
0,3321300492	3,3299821999
-0,3214247139	0,3556959210
-0,1854402140	-0,6509406861
-0,3368094645	-1,1704984294
4,2765092280	0,9551122416
0,4488736727	3,1691516409
-0,4487787178	-0,2026951193
-0,5675476887	-0,4612811786
-0,4094474836	-1,1792836763
0,2391986434	3,6019843510
0,2450129937	3,3739344231
-0,4167140640	-0,5240982803
4,7804012531	0,5224292079
0,5935662872	4,0088563274
-0,5747288290	-0,5090631323
-0,4804745534	-0,6518839184
-1,6402718150	-0,9711330654
0,5601460769	3,4115772557
-0,2811099531	-0,7577373384
0,6701663324	3,4968832349
0,8604000434	3,7668224805
-0,2681712716	-0,7029632254
4,3908743213	0,4558562327
-1,0269975241	-0,8821820331
4,2164823367	0,4667439893
-0,0012043670	3,7199936834
-0,6701668388	-0,7177165971
0,7974469466	3,3994392726
0,3074594755	3,1581483163
0,1161549142	3,9468119056
0,8944484843	3,8586184773
0,0860197087	4,1226107895
5,0013795915	1,0761273579
-0,1580606313	-0,5262030517
4,5080575927	0,2560090056
1,3028908950	3,2058266006
-0,4140979094	0,3122904897
0,2283511351	3,9667584992
0,4539179223	3,8902512383
0,7658227269	2,9011514298
4,7712311831	0,7879526044
4,6748762369	0,1880613595
4,2632213433	0,8014421574
4,9066746421	0,5679370733
4,2355861598	0,5906597066
-0,3958635389	-0,7470051206
1,0862199140	2,6267560525
-1,1278381142	-0,0485361557
0,6366103653	3,0705147946
0,1305932721	3,6045718622
0,3708532666	3,5097800919
0,7561618706	3,2985981737
4,6926941372	0,8555559231
-0,3830743028	0,0207340670
0,2013985393	-0,7103781191
0,9021215902	3,5525627070
0,6328513509	4,0044730480
-0,0730365301	0,1319328747
-0,2331526679	-0,7181091304
-0,0140956740	-0,6863344606
4,7431573069	0,9498469675
-0,8436690118	-0,3628730184
-0,7756141832	-0,3597627586
0,7342305043	3,0379064627
0,4786920145	3,6681142902
4,7769882178	0,2654381079
0,2841272013	4,4184930153
-0,2353424483	-0,4593166992
0,6158620996	3,6920955193
0,6599166904	2,4726869995
-0,4775795181	-0,1779634172
-0,4466254423	-0,7073733439
-0,5174325388	-0,4538801761
-0,4355809075	0,5814556748
-0,8089167610	-1,1496618211
4,1417309229	1,0701968298
0,8497160782	2,9800407909
4,5891681344	0,4708582715
-0,1806676683	0,6179521633
-0,0815378293	-0,8698531097
-0,8742119648	-0,9039479243
0,4725014192	-0,0794112007
0,1106142949	-0,5693815597
5,0814934615	-0,0342153311
5,3656057580	-0,0697411302
4,9440851185	0,3486477408
-0,8034503167	-0,6511887741
-0,6283963811	-0,8394789838
0,4610640171	3,1656084010
-1,0271538099	-1,1473836991
0,2912557031	-1,0999299683
-0,0730738555	3,4974453820
0,0968574911	3,6975826141
0,7634920969	3,7595410371
4,9642219840	0,9802532889
0,2205403507	3,6785569196
4,6862511282	0,8329921348
4,0018226357	-0,0271115229
4,3896491562	-0,0918189167
-1,3913983427	-1,1891480383
0,8658243863	-1,0066389395
4,1246699958	0,8993114163
-0,1468695839	-0,7698987579
-0,7901353030	-0,3262247918
4,7441425345	0,6278371300
0,4996224698	3,8565135440
-0,1630504798	3,3899039215
-0,0687578351	3,2223951824
0,7207128592	2,8526776301
4,3142352370	0,5504994279
0,3890371553	3,5294821365
-0,2817113885	-0,7051081804
3,8347787592	0,5443273975
4,2910199522	-0,2810217550
4,1300925977	0,1657104505
0,6920378373	4,0327911954
-1,1894353940	-0,7625029138
4,4249279414	0,3061572572
-1,0925503881	-0,2055122978
-0,4448278269	-0,3587948031
-0,4650667584	-1,3234216742
0,9867041053	4,0761515593
-0,4082613381	-0,1425918706
-0,6949296094	0,4557305444
-0,2024500485	4,1877306178
0,0969601686	3,2096138895
-0,3729306400	-0,2388209867
-0,9354114155	-0,8507708172
-0,3989203312	-1,1990248462
5,1752723916	0,3614273463
-0,0145493864	-0,0538425041
0,3990192122	3,9443786689
0,2944721376	3,9024582687
0,9743806853	3,6513819279
-0,9710795510	-0,2158302569
3,8289110453	0,5888962921
0,5356578673	3,6576229899
-0,2519309936	-0,2373946328
0,8298936966	3,8718765820
-0,7253540688	-1,2337157024
0,1874496186	3,1042298453
4,2703166519	0,5982472864
0,6738360113	3,4970518981
1,2447879590	3,7913112001
5,1150713538	0,2704110381
3,7455220904	0,7860013756
-0,8099774121	-0,0451605984
0,7490631044	3,6365639892
0,8716246245	3,1957291563
0,5850238050	3,2754967424
4,4647433636	0,8490276864
4,2646247398	0,7687205648
4,9916217954	-0,3821137510
-0,8244858016	-0,9652330509
-0,0578067340	3,1715467357
4,5979958517	0,9805554176
-0,3263052420	-1,1539572181
5,2543242790	0,8962176865
-0,1593631502	-0,4037339452
4,2975997988	0,7800659326
0,2763903500	3,4601417450
0,7798734734	3,8507251217
4,7062705585	-0,1349728834
0,8539715297	3,4507340056
0,6991973177	4,4693172596
0,9411444863	3,5573802211
-0,5592978569	-0,8737940760
4,0526487859	-0,0774391780
0,3679369096	3,3002190177
-1,4289581980	-0,1118919789
0,0092155335	-1,2272166127
0,6895817071	3,2330760600
-1,3797198802	-0,0949348150
0,9746706313	3,3850185247
-0,9146674607	-0,2406738350
0,1227276022	3,5488291368
-0,2157941233	-0,5759807614
0,6409917162	3,8072343163
-0,4172380552	-0,2126674749
0,5642896140	3,5277871112
-0,4401044909	0,1510103878
-0,2690021681	-1,2843802803
3,3455897797	0,3807311755
4,7464256380	0,1803331059
4,7479268792	0,7371935573
-1,0958386717	-0,7882301539
4,0531413047	0,4036403527
0,7866021260	2,9831810643
0,3074667933	3,8607623882
-0,8608336766	-0,7785936823
4,3627754737	0,8016361165
0,0058902721	3,5271573990
0,0397252304	3,5799382137
-0,7660756609	-1,1816804416
-0,6987162411	-0,6756486668
4,4576100942	1,4568000863
0,7349806817	2,9541129441
3,5707782431	0,9807492114
-1,1286098202	-0,4661278192
-0,3223354422	-0,3823732846
0,6579607347	-0,3950907748
5,2254215999	1,4078580816
-1,0918617571	-0,6880462461
0,3551736479	3,6140007301
-0,7754335146	-0,7081151250
0,8065775826	3,0800423330
0,5566085969	3,6560461981
4,6760066348	-0,1083311925
-0,3598336936	-0,0313226020
-0,6496523433	-0,1996395585
-0,3191727830	-0,0123896655
-0,0462338977	-0,3287432382
4,9207342189	0,7750370246
-1,1090419410	-0,0155754580
0,2331125086	-0,1963635555
-0,0246815601	-0,3632070539
0,4375322163	3,4430409689
3,9254369376	0,7423851393
-0,7443691912	0,2054259741
-0,2202155974	3,1265542662
-0,4869875443	-0,5357595975
0,2440946102	3,4647986631
-0,9609931287	-0,5787826083
4,6585667630	0,4199793011
0,1268650278	4,1259277138
0,6365484865	3,6674056404
-0,6932497917	-0,9433064779
4,5229748182	-0,0865626359
1,3213417603	3,6190919085
0,3055033407	3,3155584504
-0,7857859458	-0,3382962447
0,2080220762	3,6017429755
0,8434229530	3,6671584003
0,1049264374	3,8645919064
4,0336335840	-0,0622330390
-0,1224773183	3,7003649988
0,0478033798	3,3840147982
-1,0412417170	-0,8260772125
-0,1090435194	-0,3952741513
0,5956434279	4,0204729780
0,4504224800	3,6134793001
0,1378409997	3,4520643916
3,7335296649	0,2003563877
-0,5777039577	-0,7362283808
4,7108103547	0,5600016762
4,1845338180	0,3569617921
0,3131715936	3,7676412027
-0,5545845600	-0,3335853845
4,0606476297	0,3236333015
0,6234480164	4,2398704963
4,8746733220	0,7474353098
1,1477772534	3,1590075753
0,4416332664	3,3372481881
0,3149804244	3,0994500751
0,3111823812	3,7439758947
4,6392970858	0,8345146981
4,4287473215	0,7766538451
4,7583821577	0,5198057309
4,1857180565	0,5017526117
0,2229406403	2,8236704603
0,6821189826	4,1315843402
0,4641706006	3,7040229008
-0,0086406647	2,9188047721
1,0259947784	3,6146288693
-0,7625871065	0,3818764487
4,9148212916	-0,0087362979
-0,2722753803	-0,8225839404
0,3807571846	3,0833868578
-0,3003160944	-0,6925783412
0,8774835893	3,7757691976
5,5249121964	0,9436884934
5,0203621247	0,4914780944
0,8199911594	3,1606713066
-0,8698478843	0,3193612882
4,6197979606	1,3181079888
0,0012223230	3,8030984680
4,3422689398	0,4584167716
-1,0501920407	-0,2232237459
-0,4369669344	3,6638493319
4,4415702647	1,0965213414
0,2824859302	3,2630879873
0,5365559014	3,5146459166
-0,9468056280	-0,7097935381
-0,1361301195	-0,1703358868
0,7020426742	3,4157562009
1,6044717054	3,3191888773
-0,8574877602	-0,9154376675
0,9335178075	3,9956789627
-1,4033752981	-1,1780414900
-0,3481389584	3,4446564759
1,0109139393	3,7842155439
0,1753239152	2,9511646210
0,8277318609	4,2063558990
-0,2974895520	-0,2095152606
-0,9408908049	-1,3667331154
0,2442442301	4,2556461346
-0,1680594108	-0,4919534886
-0,7973605485	-0,7034313452
1,0238834083	3,9058598760
0,5857114404	3,8982695622
4,9225021043	0,0320211746
1,2709576333	3,0716794052
0,0824566814	-0,2963762279
0,2294502315	3,2286814448
4,8076142315	0,8324428981
0,2984418876	3,6879310394
-0,3754141738	-0,6404858775
-0,0724880994	-0,2648349730
-0,8531280619	0,1724740989
1,2494353897	3,0207707428
4,6500908998	0,5201233907
-0,4964472657	-0,1428344208
4,6735260453	0,9734265091
-0,4797062955	0,2357012137
-0,8920990662	-0,7127883957
4,6006588144	-0,1952993433
-0,1814489564	3,5979151201
4,2059913187	1,3170957418
-0,3668962345	-0,7992250540
0,8195739159	3,5162562741
3,4797249881	0,4426238568
0,1946316729	4,3949298557
4,1029307631	0,3252594720
0,0880956115	-0,4429447438
0,5019126374	3,4522946396
0,8149928229	3,0827663548
0,3090840850	3,1703540816
0,5246272092	2,8126741156
-0,2978038306	3,2690669593
0,7132347330	3,4757052898
4,9574817340	0,4884235081
1,0377170551	3,0538790870
1,1636035726	3,3836244066
-0,2556169534	-0,9290068162
0,8844780523	3,3233196390
4,5817529890	0,7886601519
0,5569176432	3,9195122533
-0,8484915408	-0,9628584686
-0,1479215244	2,7569454815
4,3710674262	-0,0466683328
4,8220493850	1,0080091387
-0,7891824188	-1,0484824400
1,2580784275	3,1647130125
0,9629927994	3,1419500912
4,9625609905	0,7868400319
0,8082490699	3,4638166614
-0,4679748422	-0,3440601178
-0,9588663119	-0,6771704618
0,0291885635	3,7577578437
-0,0149377531	-0,1821796673
0,4047689718	2,8246190958
4,5423749294	0,5366098369
0,9821306243	4,1087181802
0,3749573133	4,3225498186
0,2067508485	3,6171897072
-0,0958866323	-0,8441621053
0,3841669721	3,8019610367
0,0585871264	3,6321947797
-0,4678124913	-0,4779400094
-0,0559785770	-0,6797194316
3,9512161408	0,5046834126
4,3475625848	0,4016635471
-0,7034909679	-0,9449624233
-0,3191462899	-0,1405014880
-0,4280072766	-0,4010690120
-0,7692806317	-1,0830941566
0,2520543994	3,5253482971
-1,4020991414	-0,1652917290
0,9364025394	3,8337278556
4,5544136325	0,1955044975
-0,5359933086	-0,4735383429
4,4516942009	0,3606495666
0,9595101076	3,8805391497
0,9368341028	3,8103464103
0,5459304247	4,2870336078
0,4179162278	3,1020394744
0,9628188803	3,1727878486
4,2445120727	0,3639243724
4,8325921920	0,3157330552
1,0901372043	2,6706244342
4,6526536078	1,2792017151
0,9170849509	4,1875122302
4,5450998166	1,2190240779
-0,2653386787	-0,2138231592
-0,1669794692	0,3715548171
-0,4573407151	-0,6536338344
-0,4127866151	-0,6704837865
0,8661593516	2,7622136837
-0,4941759647	3,6527670528
4,8259728629	0,4641157387
0,1750080942	2,6748478278
0,1974484263	3,1932876914
-0,7379864476	-0,4243615371
-0,2097267604	3,9864343601
4,8253170313	-0,5182890218
5,0798719047	0,5005353623
0,1057974797	3,0468296040
-0,8208368022	0,0495866727
0,8046481215	3,0309138460
0,0914507991	3,2747651574
-0,8226356481	-0,5280639764
0,7975491773	3,8051125899
0,3476638156	3,5532584344
-0,1077997231	-0,9801301034
0,5681641568	3,6624068069
-0,9381797125	0,0254936030
-0,4387364310	0,0434166974
0,3491865067	4,1153231604
0,8157832958	2,8764696904
4,0153160534	-0,0446892705
4,3261031343	0,9403561365
4,7133721963	0,9551692197
4,2991575824	-0,0519307384
-0,0426945783	4,2288986491
3,8488905561	-0,0165468348
0,1279445518	3,5478642618
4,4144054847	-0,3559978286
-0,2168873773	3,3645803993
3,9066714411	0,4969846613
4,9204598399	0,9680333747
0,2756229668	3,6975039423
4,2596507785	0,7686095241
4,7168882884	0,5860628773
-0,6415190022	-0,2278015560
0,0745482473	-1,0149271485
0,0718962987	3,7446271994
0,9881118960	4,2558098659
0,4586447567	3,7022698343
0,4765940934	3,3083821121
5,2873032225	0,7262388834
4,5777831786	0,1908749082
4,6222696585	0,5121575099
-0,1522387232	-0,1860999046
1,2607090241	3,9783486053
4,7163649646	-0,0249537733
4,9304517626	0,3152937124
-0,9474460311	-0,8142561614
4,4818532569	0,2588788176
-0,6927637576	-0,0503085893
0,5749451714	2,9814194007
0,4601136215	3,7924624791
-0,4928668393	0,4071721332
0,8563054105	3,2801494669
-0,2079257236	4,2229815537
0,2903741901	3,8412667276
0,6777476384	3,4662956991
4,9427812346	0,5450074465
4,0307105369	0,4474997120
4,6208811870	0,8682276847
-1,3089185857	-0,5469490664
0,9399789667	3,9522198181
-0,3094642579	-1,3774267929
-0,8611608642	-0,1737452303
1,0232207041	3,1563766777
0,4695831943	3,2997063996
-0,1563838905	4,2654698687
0,0752813896	3,5265302203
0,5135027473	3,5078756033
-0,9049863786	-0,4281154897
-0,3157897273	3,0240463990
-0,2770288568	-0,2555114325
0,3557771152	3,3663079311
0,6688042794	3,5955954286
-0,3294957240	3,1030157177
0,3361577182	-0,1177610229
-0,6485198240	-0,6357014245
0,3337191395	4,1244421140
4,3587603532	1,0365047578
0,3827967853	3,4380670568
5,0296554153	0,8618531460
4,9652495931	1,0564807936
4,1423433274	0,6904399324
-0,4105867998	-1,0013283966
0,4813593063	3,7872206192
1,1085159682	3,3327319997
-0,2489367866	2,5607449587
4,2089224916	0,1712832054
-0,0779849012	3,4004977354
4,5102265535	0,2683618676
0,7031952082	3,8331864608
0,2557303475	3,0538891636
0,6989603012	2,5027308153
0,9176815430	3,7304236506
4,5113565179	0,5620010143
4,5961040013	0,9421879657
0,2835657720	3,5979385705
-0,1552620669	3,2136849507
0,0849150757	3,7994340320
0,5677996659	3,2416117685
-0,5930248940	-0,1508631381
0,6729112679	2,7913362168
4,4992632206	1,0427948634
-0,5468182812	-0,7150467765
4,3252388786	0,7159918814
0,5028582287	3,5431910357
-0,4543469114	-0,2022608091
3,4089837392	1,4669640099
4,7487133820	0,8856607148
3,8180407053	0,5214519885
-0,2943804562	-0,5580685897
0,8526262855	3,5154042049
4,6691805154	0,7838970600
-0,1630623490	-0,6224195177
-0,1959632644	0,5391496853
-0,4371564169	-0,8799884398
-0,3746204123	-0,3540672991
0,5778602467	3,1065163861
-0,6878878083	-1,1476936870
4,8017802073	0,4973390088
1,3950490090	3,2642363517
0,5558235792	3,1443074996
0,4871562713	3,6195622176
4,9732340011	0,8732723755
4,8143978166	0,7752742107
0,9367257638	3,3689570393
-0,4670718265	-0,2698533058
-0,5866678748	-0,4372769251
4,2616725776	0,4029315349
-1,1823926842	-0,3533162133
-0,9471712116	-0,6804301439
0,6302077986	3,8870876904
-1,0964424402	-0,7676992597
-0,2183864259	-0,2534608176
-0,2026550766	-0,7508705025
4,7223041225	0,3336505781
-1,5516886048	-0,4039507103
4,2281027025	1,6238606936
4,1368207249	0,3492604959
0,6947756429	3,2794565995
0,4471610414	3,4516945653
1,4441958075	3,0352027693
5,0635610102	0,4584682568
-0,3431491006	-0,7717708560
-0,3129493856	-1,0420084809
5,1020430851	0,8900133226
0,4747837052	3,3211808284
4,3070574003	0,1082173017
0,7426130857	3,9031040404
-0,8988644154	-0,5179335428
-0,4529774418	-0,1975613080
4,5368158746	-0,3268152621
-0,1206553459	2,7214489860
4,5632517166	0,6659267279
4,1355497813	1,0201207032
-0,3671846867	-0,1961837577
-0,2403507700	3,8158714488
-0,3500967738	-0,8316001781
-0,1123234214	2,9977784430
0,4454530920	3,0212221698
0,7055344326	3,9660240410
3,9026226376	0,7984828564
4,3078989350	0,3134227304
0,1376041335	3,6967248002
4,1899340891	0,2758229630
1,1414493730	3,2375767825
0,7608428342	3,2819938378
4,4977938830	0,7443026385
0,7154259348	3,4362289264
-0,5550317928	-0,8193611631
0,2695626875	4,0052278086
5,0895930327	-0,1588509599
-0,6715476497	-0,3093861346
4,7635226801	0,0080068058
0,6580581443	3,5801171614
4,5474976468	0,4558729626
0,4841741954	3,5622168007
0,3025128318	3,7459892558
0,7136820222	2,9503582859
4,0927767633	-0,3812775578
4,4457712969	0,5504147955
-0,4609477540	-0,2558086983
5,1727552845	0,8217875009
-0,1248115160	-0,2833516205
0,3344868040	4,3920365124
4,4210836715	0,4945390312
4,7869641019	1,1396970843
-0,1237430215	-0,2025887306
-0,4441862176	-0,5705665535
4,0053565211	0,1080230076
-0,2981293003	-0,2918017974
0,5909998468	4,0790412475
4,0804304896	1,0154497922
0,0127600093	-0,5384559937
3,9988635946	1,3002944744
4,2362141501	0,9123828905
-0,8922718680	0,3842842691
-0,3231963589	-0,6434266574
-0,2181898817	3,3900104880
-0,3667323908	-0,5867092989
0,4389625053	3,3529412905
4,4186568946	1,1336793504
-0,1181287070	4,2229542188
-0,6257337261	-0,3746197056
1,7468741226	2,9351472825
0,0768187866	-0,7094014066
-0,3352511143	-0,4753364732
1,0072641312	3,4682709456
-0,4061920211	-0,6135059752
3,8586814889	0,3646359518
4,9138127287	0,1805838050
4,6223457075	1,1007725374
1,0343607961	3,9836803689
-0,2289856323	-0,3447434037
0,2232366547	3,4820927133
-0,9486147572	-0,3034630744
4,2081040882	0,1922383910
-0,1618059587	-0,4591253516
-0,2560591748	4,2801071184
0,0141520012	3,8476383994
4,9325026820	0,0966957037
0,5217608805	3,5504371021
0,0532922964	3,0667261041
0,8882122915	2,8635095757
0,7228930396	3,3856489614
0,1076184920	3,5302063809
-0,5524510665	-0,5784095601
4,7440590346	0,4715564824
0,1695757349	3,2541097624
0,7621450166	2,6402454247
4,7996686104	0,1660675192
-0,6663029596	-0,7018694923
0,9528966039	3,2116980291
-0,4283767782	-0,7972388472
3,7615572723	-0,2246656226
-0,0389271839	-0,5086712980
0,5092559988	3,9055678476
0,6249580834	3,3178494734
0,2119405071	3,1532635139
0,4622450557	3,6638642027
-0,4035631987	-0,9271375219
4,1609090973	0,8040936001
0,0866601227	-0,4029302597
-0,2644160821	-1,0367289030
0,1911167036	3,2138016588
4,1718829249	0,5561329774
0,5225186455	3,0302802911
0,7476967502	4,0246936838
0,8473884663	3,0756744766
4,6383089535	0,8678254313
0,9793956029	3,8450685938
-0,4439945285	3,9632992816
-1,1776639815	-0,0463816952
4,2606600869	0,9351685383
-0,5579945869	-0,1921427709
0,5965116430	3,6871021495
4,3990257219	0,0803753366
0,7799543121	2,9715033357
0,2301084739	3,5338608133
-0,8549430747	-0,5716368091
4,2417968895	0,8898365417
0,2964598644	3,2851573628
0,0334852837	0,1371171570
3,6503901350	0,1725555304
-0,0024549707	3,3246242013
5,2994524110	0,2154949189
4,1702726098	-0,0164953575
3,9245024014	-0,2032296603
0,7873616668	3,5635140839
0,4851027640	3,6143510236
1,2707551421	3,2792423990
-0,9442909983	-0,5044973827
4,3779582562	-0,1583807367
4,3706439915	-0,1481947651
-1,4700630487	-0,4893868638
4,8063635947	-0,1554093930
-0,6583501834	-0,8011915858
0,5626377068	4,1048177685
4,4041851309	0,5613828000
-0,4688104741	-0,1618450979
0,4625727571	3,8881084690
4,6172582450	0,8586341326
-0,5711835370	-0,7627607156
0,7972899428	3,1728572203
0,5608944332	2,8059561758
0,3698821339	4,0911051021
-0,9381397440	-0,4710664652
0,8820238456	3,7408337849
-0,7074950462	-0,1175613155
-0,8491212770	-0,4654641027
-0,7386240213	-0,3497948585
-0,0190750889	0,2090737138
-0,3570151083	-0,0686562840
-1,0579678344	-0,3486983208
-0,4452439933	4,0540349258
4,7818765917	0,1428842241
4,3601438003	0,5376700195
4,1089018100	0,8825879039
0,4761088390	3,5907969529
1,3411503270	2,8730453885
0,7535772555	3,4793869269
-0,6322637008	-1,3596066006
-0,3261194818	-0,6035317975
4,3353675414	0,5095779539
4,4320161611	0,8076036277
-0,4758085740	-1,1180635708
4,4133055742	0,4435760329
-0,3703454371	-1,1443457813
-0,5961769984	-0,9113028332
0,0053860380	-0,9137202355
5,2519723584	1,0016371642
-0,4526398459	-0,6547911026
0,3052129098	3,2414095178
0,3007164232	-0,3988015789
1,0998402370	3,1535758042
4,6923531213	0,2767316833
4,6854162790	0,7925474819
4,3376295279	0,1117382364
4,0211619919	0,4170033361
-0,5250106511	-0,6023689853
4,4553957379	-0,0045718151
3,9203727833	0,1436165211
0,8936966069	3,8419658575
3,9508704672	0,2828351631
0,5727970129	3,1889000053
4,5645863799	0,7822365033
-0,5989584969	-0,7124164192
4,4070148977	0,5425047352
4,5267010467	0,3059788584
0,6712688311	3,9613967232
5,1223132754	0,8751440868
0,3804373546	3,0457194350
-1,3342080357	-0,1184416107
0,6488386546	4,1147253770
-1,5854605614	-0,4093912829
0,1086301225	2,9979657578
0,4774721909	3,4256446076
0,1674089152	3,7079028019
0,4433379313	3,5922666977
0,4314619244	3,5266260277
4,5038828820	0,6443506719
0,6176544489	3,1026229951
-0,5505151842	-1,0658272995
4,5979436249	0,8992292237
5,0635941262	-0,1423447326
4,7317429917	1,0182178182
-0,8934028859	0,2180125664
0,8975132739	3,4047659659
-0,0990432531	-0,7492898817
4,4236506957	0,0405772715
-0,8790351463	-0,3264396306
-0,9286399573	-1,3225898914
-0,5572885869	-0,5528434477
4,7540350963	0,4425784474
0,2634067137	3,7058070839
-0,7240903997	-0,3425004138
0,4260085622	3,5581731468
0,2235059497	3,2142650282
-0,2388398926	0,4635977900
4,5630246084	0,5042067352
-0,5279051352	-0,5588002662
-1,1222526112	-0,4421117925
0,2230550301	3,0738485623
4,5789332904	0,9496558548
4,2489270712	-0,0862041979
4,3058163830	0,2134341720
4,7545796525	0,4592319489
0,8513646163	3,4044923953
0,2323669905	3,7480776434
4,7871578788	0,2346526725
5,3914915722	1,3546636465
0,3299276195	2,8645896973
4,5092344311	0,0234591914
0,1549859981	3,6591956404
-0,0669822976	4,3038381924
0,6149299695	3,5507039361
0,7967935475	3,5381368355
1,2465520815	3,6494003010
-1,2192619922	-0,2361468808
-0,1597238245	-1,3270609182
-0,2917815888	-0,2939063800
0,3292613611	3,5573819024
0,3637432649	3,1422913011
-1,1293683545	-0,5354825104
4,7163764257	0,6489066710
0,8749164486	3,2633711028
4,4369237405	0,5033040465
-0,2926301458	3,2237486773
4,1451655883	0,6227746610
0,9284656724	3,7567802627
0,0599106545	-0,1509972680
4,3900890936	0,2920662454
4,8217505062	0,1370227263
-0,2426067787	-0,1987992202
-0,1013788250	-1,3099187792
-0,6309189802	-0,7022380456
-0,4164732276	-0,5264380636
-0,7387917807	-0,7950648335
-0,7362974575	0,3993792548
0,3942698106	3,8434299301
-0,5533254010	-0,4167868723
-1,8647386988	-0,5924434427
1,0057225316	3,5369471968
0,5867544254	3,7037934146
0,3085959065	3,3441184850
4,3269255687	0,4450480986
4,7947635796	-0,2337305468
0,6301885741	2,9556349968
-0,3513858552	-0,3423941937
4,0949812014	0,9664455575
-0,7827543483	-0,4428186860
-0,3016996137	-0,5918107657
0,1270884909	3,9896740885
-0,3606086894	-0,6364556108
4,3578862296	0,2473140888
4,2125178653	0,9725669411
4,8878537801	0,7364687404
0,1141058383	2,9900287527
0,0028671230	4,2240064943
0,9699227551	3,6470576267
4,2298181467	0,0561854928
5,4135008602	0,4942887192
-0,3058047532	0,3298361318
4,4326338750	0,5067577109
4,1409877919	-0,0417353313
0,1043332979	3,6766698090
-0,0769479626	0,1894897443
4,6098177772	0,7242477605
4,2972570932	1,0262350785
0,4126137749	2,3378805999
4,5283955695	0,4330064012
-1,3145189018	-0,6324981900
0,1856386457	4,0201882045
0,1001689234	3,9248162607
4,1779288905	0,3529018925
-1,0756654045	-0,5484934929
-0,5349584261	-0,2420033214
0,7852760691	4,2514008719
0,9605133870	3,6064993889
1,0942482816	2,7474955776
-0,1089119245	3,4673513316
4,5647740185	0,7079009484
-0,0232584526	3,1159059437
0,1160097911	-0,1963634897
4,5788672312	1,1310374153
0,0385880683	-1,0268954183
5,0378015740	0,8081989742
0,1478944514	-0,7821985221
0,8246320353	4,0641521843
-0,5111843438	-0,1853740066
-1,0719570228	-0,2239137620
4,4113539729	0,6483659575
-0,6668628612	0,0676057142
-0,3053089323	-0,8837015818
-0,4883349333	-0,4917609533
-0,1968408456	0,1758564579
-0,4427123431	-0,9817835544
3,8829140201	-0,1270598677
5,3615891811	-0,4566281437
4,5290751804	0,3840747405
4,7088993971	0,7136297546
4,5306106325	0,1865946022
4,7958598069	0,2192250205
4,5408093683	0,9158543432
4,4049947348	0,7019023643
-0,3979303295	-0,8758690365
0,6103602281	2,9428899902
0,9718766301	3,4504920552
0,2808543989	4,1635044248
0,4753082628	3,0233946049
4,6088483532	0,5169430529
4,0453958512	0,4443726473
-0,1739702565	-0,6898823933
0,7972550094	3,5052653242
-0,3714571394	-0,1529082567
-0,0611587917	-0,3980041772
-0,0079568310	3,4706064809
-1,2369518971	-1,5319946307
4,2144402022	0,6613302844
4,4183221888	0,4184690454
0,2805678076	3,4963556606
-0,6313781984	-0,2908487289
0,2901712582	3,2183473071
0,8191440340	3,6340731378
-0,2305849008	3,3415865510
-0,1967779730	0,1250168441
0,5840811565	4,0172606152
0,2980933146	3,2157025996
4,3003645822	-0,1815756103
-0,1389854916	3,7172422471
-0,7191288414	-0,0830008231
3,7225538816	0,7348227063
-0,5539681225	-0,1278230654
0,2546755890	2,9849396685
-0,3475014031	-0,2648507467
4,5249039424	0,4313628977
3,5262011791	-0,1250845427
-0,1396336593	0,1250293456
-0,3643226063	-1,2916515131
1,0670477449	3,8368880942
0,3359451595	3,4839941468
1,1652873448	3,3284276389
0,2147281616	3,4623010889
4,5493379208	0,3218189971
-0,5638414582	-0,7239003767
-1,0203976455	-1,1170265401
0,4775332936	3,6100795370
5,0941801182	0,4066723811
-0,2107400663	3,6087616293
0,7331033639	4,2762327172
0,6950436555	3,7045844578
-0,4028292332	-0,8005260050
0,6993174665	3,2642386201
5,3101879891	0,1758970571
-0,7742681611	-0,8138463085
4,3438581562	0,7213397857
-1,4058046239	-0,4020868958
4,4372466916	0,7072452307
4,3113263828	0,5287698887
0,4098362383	-0,1821429921
-0,7328407122	-0,2165697173
0,3010078097	4,0527325893
4,8726561929	1,3351610182
0,8219054259	4,2064148941
-0,7336171373	-0,8374199574
-0,2888740760	-0,8453300601
-0,3451683037	-0,5163188320
0,1412456173	3,5087319187
-0,9675617364	-1,3814096473
-0,1475812258	0,2796274146
-0,0552800158	3,6778472427
0,1895127760	3,3412573072
-0,2902554995	-0,0727749441
4,6945863364	0,0207208902
0,8970441602	4,0345847641
0,5039204942	4,3068014342
-0,5408910034	0,1297015295
0,8458429313	-0,4054941453
5,2772899165	-0,2311308943
3,5089940437	1,1568078555
4,1257539957	0,6880675532
-0,4178180531	-0,1904719479
0,1035425265	3,7897839705
-0,4957788213	-0,1796818034
0,2739479097	3,2336828089
-0,3972785686	-1,0220155546
-0,7987668765	-0,0337600644
-0,0898758425	3,8003458430
4,8790650616	1,1253279159
1,1253745513	3,3801332081
4,9918072642	0,4108190448
-0,1483349103	4,0243541050
4,4050173653	0,3374711027
0,6157460941	3,2154617934
0,3513910630	3,3724640251
-0,0989472670	-0,6286656437
-0,4808879544	-0,5099537143
4,5912372846	0,7984049640
-0,6567677171	-0,1783783910
5,0255143646	1,1241596021
0,5854212458	3,7420626152
4,5398955560	0,3636247315
3,8045923133	0,4425316587
0,1233420380	-0,3422907807
-0,1736163969	-0,2625137532
-0,7717011813	-0,6196351308
3,9676080769	1,0538818949
0,2835964947	3,4082096313
0,6663736077	3,5670060884
0,8798469394	3,6077131422
0,6059419471	4,3658085978
4,1224956816	0,1429422588
-0,9782900675	-0,5190412999
-0,6242971988	-0,2357060611
0,6502836681	3,7950961019
-0,5423568390	3,3784153195
-0,1452816971	0,1907885323
-0,1016088471	4,4174649225
-0,5607067680	-0,5434798944
0,3865718609	3,8651180276
4,4300117167	1,0940573334
5,2286094171	1,0781975071
4,4192281356	0,5633986152
4,0285989669	0,6268327350
-0,8920818695	-0,6633712613
-0,3979887466	-0,4991953981
4,3264902604	0,8600983629
-0,1741532452	-0,4415698390
5,1810940406	0,3976254860
-0,5087301312	-0,6665424763
4,8494485148	0,4366554495
4,6382037740	0,6878225116
0,4896879916	-1,0484807948
0,5724063213	3,6927451457
-0,0568855201	-0,5035675965
-0,0539710935	-1,5082266047
0,7005724691	3,5315568938
4,9619612427	0,9609610403
4,9224505929	0,8088878063
4,5266599043	0,2109092927
-1,0519279093	0,0008170682
-0,1302504137	-0,9871059624
0,7755359395	3,4722880288
0,4524825285	3,8957247882
-0,3361636050	-0,1598718447
4,7606365338	0,6009682374
-0,7450547483	-0,8567318565
0,5546184011	3,6555968488
0,1602213968	-0,3895451933
0,7152579047	3,4888223166
0,1391725081	3,0296211487
-0,1956116909	-0,7868557279
4,4864604758	0,6351836793
-1,1335881494	-1,0561337048
-0,8058617719	-1,1296732096
4,7036400299	-0,5203423012
-0,8694180742	-0,3303459789
0,3072533404	4,2726987879
4,8626613528	0,4017391290
0,5809866581	3,1079981447
0,2815050302	3,6203242515
-0,7100801064	-0,7066950716
0,7597695228	2,8475090823
-0,4392107705	-0,6576316954
4,3321260845	0,3866611489
0,0594857202	0,3221293156
3,8178579421	0,3762705231
-0,5422949734	-0,5098248003
-0,6018696292	0,2496305670
4,2507387320	0,3504618760
4,3933076035	-0,0040412094
0,3663554681	3,1337371856
-0,6425297257	-0,5594367945
0,4411387045	3,3306085606
-0,4219809045	-0,0821359213
4,1432700411	-0,5116781619
0,8518247856	3,9067766369
4,5251696138	1,0122885149
-1,0138180394	-0,4473272755
0,0106278649	2,9291687479
-0,2640344209	-0,4254262431
4,0976464355	0,2890611253
0,5634958843	3,0414927782
0,1823427008	3,4416325768
-0,0586029907	-0,7493799861
4,0740473657	0,1158451156
0,5109419068	3,1918469591
0,4719969397	3,0941455823
-0,8862933766	-0,5437334798
0,2748335696	3,2524159816
4,2585510759	0,3295385859
-0,3058501414	3,7113553465
-0,1226866032	0,3446416709
-1,1456051112	-1,5164945142
-0,1022452537	-0,8636420379
0,1038789830	3,7330680583
4,6234060640	-0,2423511586
0,1944677856	-0,9077472606
0,7189362161	3,1241296680
0,1048137808	-0,7771699255
3,7738822362	0,4827251182
4,7261586363	0,1469919659
-0,9123001998	0,1326065858
5,5585963976	-0,1760066935
0,2973612961	4,2533989407
4,4963714480	0,8069073932
-0,5380363286	-0,2028970373
-1,0588855238	-0,5738924598
-0,4915552891	-0,9257628920
4,4347543682	0,6076326743
4,4184097010	0,3684349937
-0,7389677095	-0,2412793387
0,3928480207	3,1060593775
-0,4429247875	-0,4973109661
4,1214840911	0,2779699443
-0,6875839659	-0,5219492999
-0,4607936976	-0,1245039672
0,9292761072	3,5058176740
0,7695989254	3,3400624729
-0,6129602228	-0,4224588407
-0,4284104702	-0,7055922099
4,0885236136	0,7207012019
-0,2553398647	-0,6423695213
-0,0703686770	3,6500632214
0,5194801524	4,1597126672
4,5103365543	0,4040353905
-1,7199535372	-0,1906103689
-0,4903630319	-0,7833750489
1,3047048468	3,5281028085
-0,8586193770	-0,8568889884
0,4597335462	4,0671102433
4,4602806647	0,6309638019
-0,3658726267	-0,3632455643
-0,5833511793	-1,1498043769
4,3629126850	0,4814142940
4,7849836436	0,9340820561
-0,8953071379	-0,4103803398
-0,1767143487	-0,0459135680
-0,1971533414	3,3610675465
-0,0857142689	-0,5823485045
0,5085351825	3,7582324219
0,9057217319	3,9849111664
5,1403694619	0,0173284278
1,0627253296	3,8687838392
0,7927678486	3,7173763156
0,4062245347	-0,8412801815
0,3167579927	3,4443463174
4,4127522456	1,2081813613
4,0600270509	1,1233361265
4,6945375136	0,9009506412
-0,8176983189	-0,1450800096
1,4243094547	3,0175110138
4,6489710232	0,1092368511
0,8989394023	2,9863619042
4,6047267386	0,2629695318
4,9305138780	0,5492328287
-0,4010242367	0,0150205027
-1,3708631026	-0,3082950215
-0,2517273081	-0,2791565642
4,6331256353	0,7529012007
4,6465385275	0,9156625738
5,5413913403	0,6094710085
0,8702829406	3,2825656241
4,7642737526	0,8266386944
1,1737818185	3,4807310133
4,3231555724	0,3819007353
-0,3529402324	-1,3452165700
0,7934788256	3,8443663321
5,4486609380	0,3709397391
-1,4959268175	-0,2723390317
4,7753502474	0,8054619309
-0,4692004688	-0,6108060478
-1,2687907874	-0,7854648546
4,0579664357	0,1857659522
-0,4543971488	-0,3428548885
-0,8193302282	-0,6164981546
0,4756968584	3,4001555573
4,2286038514	0,6639091774
4,7586318136	0,7332137251
4,5368864469	-0,2922594293
-0,3095104679	-0,6013359826
-0,1323995525	3,4017585732
-0,1187540286	-1,0118381547
0,5630189361	3,1609966221
-0,7912865557	-0,4256635482
0,0607062429	-0,6928244757
-0,5309439050	-0,0194179571
4,8301121100	0,2320488124
-0,4380965479	-0,1785605686
0,7765353501	3,4520530807
4,0113081986	0,6049557653
-0,3967980565	-0,2023531085
4,2834430834	0,1535785924
-0,2906647064	2,8229341194
0,5556596764	4,1260123945
0,4936815873	3,3125138986
4,8025604781	-0,3733740616
1,2041298719	3,0853505903
4,9493663249	0,9612730589
-0,1648228291	4,1835331733
-0,4253448452	-0,6888223248
0,8735438111	3,5081315270
4,2869354801	0,6920433740
-0,6789812485	-0,6056293874
0,7345995520	3,3374679328
4,4227311350	-0,8342190615
-0,6645943569	-0,3659259002
-0,4447532005	-0,5511730443
0,6744539701	3,9886523913
0,9573022535	3,6426760887
0,1679852007	3,9536938272
4,2367492428	0,3631124690
0,3240216292	3,1104925400
-0,6737273593	-1,3067844321
5,0307947921	0,3308153718
5,0325759137	-0,0633896655
-0,3528909716	-0,6966305834
3,9793140332	-0,0548483235
4,9378875808	0,0863681286
0,3090279780	-0,2839800282
0,9729115061	3,7510765701
0,5032975898	2,8259848950
-0,4736626516	3,7030807060
0,9703975582	3,8647720555
1,0042224659	3,6655700615
0,4964848853	3,7766478628
0,0089545940	3,0845297873
4,7741967228	0,5715208463
0,5576209234	3,8786962796
-0,3764713630	-0,1958873333
-0,3640604576	-0,4302376275
0,1003994676	2,9058910433
1,2051982617	3,4676792941
0,5666192700	3,1662208767
-0,6018756184	-0,4151246217
0,6750068173	3,2860679878
0,5429172810	3,3277119521
-0,1188528610	3,8398246239
-0,5235388606	-0,3273404573
0,7830633078	3,4552681199
0,6819349699	3,6048770627
-0,4201000282	-0,2862493652
1,2981148780	3,5645492172
-0,0331697111	-0,7004541049
0,5062569042	3,0128652762
0,0222371425	4,1002546616
-1,1449039175	-0,6153025390
-0,6953606994	-0,1982189221
4,5441987166	1,1203422614
0,5401640524	3,6975934443
-0,2729394230	-0,6034188345
-0,5021657945	-0,1143732899
-0,7351610693	0,5125359056
-0,4470848027	-1,4902675347
-0,2844825410	-0,8471362265
-0,9212549803	0,0579326442
-0,3286486793	0,0431236060
0,1538770410	3,9771609367
-0,9302236009	-0,7036642942
4,1058117544	1,2853780599
-0,2532149211	-0,7665095908
0,4230310398	-0,3308641443
-0,3772492568	-0,6275701708
0,6949328437	3,5787552537
0,5274471440	3,7291910966
4,3576646598	0,1021406994
-0,2359392028	-0,5883481089
4,1962873707	0,5186941725
-0,5283430773	-0,3587971626
0,1773895691	2,8361755134
-0,5257382781	-0,7053996209
-0,0992884985	-0,0633994102
3,8863315631	0,6271641994
4,0633109707	0,8095896970
-0,3858336331	-0,4010786131
3,9091010147	0,9189832406
0,1132352570	3,5329690163
-0,9889873761	-0,2113895874
-0,2338789291	-0,2612606009
0,3310979095	3,8944087901
4,6073500154	0,6545016555
4,5047819737	1,2277992669
-0,6461448736	-1,0960992545
-0,2847672358	0,2774741177
4,6749244937	0,2676984223
-0,3598400877	-0,3057087634
-0,2951687392	-0,9441373785
-0,6925606376	-0,3416877618
0,3002487757	3,6979356202
-0,5017626057	-0,2414433830
-0,3046087349	-0,5179907423
1,2720455552	3,3786679094
0,2970137997	3,5259600347
0,0431861562	3,6690225999
-0,6043404464	-0,2598558194
-0,7080793669	-0,4270913158
-0,7786332276	-0,0583377614
1,5345631318	3,5076027224
0,5777039822	3,4422961200
4,1597304895	0,4259793122
0,1897994301	3,4947046185
0,4912370175	3,0267525978
-0,4498455904	-0,3408928633
1,0664793119	2,7846616272
3,8429246443	0,0104755448
-1,0615624831	-0,9516278123
0,1864329230	3,0811322292
4,9560706108	-0,1789288704
-0,2823236975	-0,1711676993
4,5352608449	0,9220910123
0,4906812399	3,1129046749
4,5740715709	0,5150333499
5,0501405178	-0,1074988198
0,1879264126	3,2887026864
-0,7836142551	-1,2991160951
0,7725898232	3,6232745476
1,2386973760	2,7402176714
4,7283846011	-0,0455728868
4,4374927953	0,8180674249
-0,5201114641	-0,5285471306
-0,6136728086	-0,3851033271
0,0609842751	4,0377603776
-0,6436837863	-0,8415601335
4,0857093993	0,7182696012
-0,8658697630	-1,0366541586
-0,5441857831	0,4229272269
-1,6178939035	-0,1756545374
3,8994538653	0,5968383056
-0,0734326412	3,3302672965
4,4794403942	0,3761508275
4,4568091819	1,0695842959
0,3688925079	3,3932430981
-1,1342725144	-0,0098877643
0,9205275071	3,8923153318
4,1552280410	0,9451318713
4,7068695689	0,5428281428
-1,1806395068	-0,4997066374
-0,0819864642	3,3577476091
-0,0335625834	0,0354558043
-0,0174313550	0,1149869823
-0,9439599165	-0,6705000101
0,9419716275	3,3911566081
4,8651169541	0,0107720196
4,3367805805	0,3971150913
-0,3634383561	-0,3796107030
0,2284052470	2,8224761945
-0,9436184524	-0,2200164051
0,9976163026	3,7317832840
5,1563035165	0,1843264276
0,2582619650	3,8202277916
-0,0203695454	3,8456512383
-0,2897539084	0,1334654926
-1,0649412718	0,0253519243
4,2834246873	0,3335469419
4,3895367648	0,6559837073
-0,0327440872	-0,4038688582
4,0309160057	0,8990284580
4,4389423930	0,4665189253
0,8892290235	3,3276158217
4,3788661037	0,5772047371
0,2779939884	3,6029160675
0,4728475274	3,5206840158
4,3681579143	0,0364718610
4,6865071119	0,2657548474
-0,3196491628	-0,2742926866
4,1489844909	1,0196936429
0,4576160960	3,6384199734
0,7348708693	3,3354385232
-0,2035104172	-0,6796119019
0,2549907445	3,5735017146
-0,0582329824	-0,3018089417
-1,0004279580	-0,7396206585
4,3203016230	0,1655542382
0,5223595878	3,4440788317
-0,7890077691	-0,2106713224
3,9046132699	0,6575953224
4,4739513107	0,1590712521
0,6124988490	3,2068987254
-0,6372695979	-0,7271366862
-0,2686165506	-0,3179611939
-0,7410604104	-0,6495176734
-0,8719495154	0,6776507015
0,3636112902	4,4267365567
4,6865032430	1,1802105347
-0,1008979960	-0,7369509930
-0,1987923749	3,8928574092
4,1277932551	0,1673560410
0,8694322651	3,7813145145
0,0125760482	-0,0030532239
0,1967266540	3,4310686470
-0,3403475441	-0,1857645075
0,7136401637	3,5348630301
0,0316423646	3,3180351768
0,0214989722	3,8436345261
4,7634670447	-0,8024889523
5,0784145654	0,3541377237
-0,8607757657	-0,3911641900
-0,1528696658	3,6616553031
-0,5785466294	-1,0940107588
0,2948365387	-0,1096190149
5,2137539578	0,8330786061
-0,3056704533	-0,5135216561
0,3965826617	-0,5569131473
-0,1271956623	-0,9243966656
-0,7203776264	0,1182389028
4,9078524798	-0,2444782177
-1,2527384037	-0,7626270747
0,0302105787	0,0603754436
0,6192352845	3,0826298494
4,2100776811	0,6855800080
0,5479085542	3,7113539619
4,1420181551	1,0892477937
4,3100832522	0,4604552659
4,2927643031	0,7222332749
4,3526600192	-0,0760159534
-0,6882918759	-0,6597405506
0,6411855719	3,6616577271
-0,6253482749	0,2106618427
5,0200211028	0,7392289057
4,5862866440	0,8604508756
-0,1050128385	-0,7071702161
-0,3405860472	-0,4116051929
-0,6903653061	-0,5015987923
-0,7526777539	-0,0385834163
4,4923335372	0,5256369114
1,0242702672	3,7912662682
0,3073050358	-0,4216345584
0,4613352158	4,1013331106
0,4804358404	3,4742101919
4,6261175930	0,5553381021
-0,0855317571	-0,4504534161
0,2760969989	3,7513450772
4,4530932261	0,3205880063
4,7108660733	1,1109870036
-1,2111368351	-0,3796406785
0,0545657775	3,9926898747
0,6900888570	-0,5281414864
0,6560029883	3,3018484711
-0,5253621553	-0,8053360029
-1,0693582285	-0,5954300137
0,2558376589	3,1152939200
4,3684174879	0,9218494208
4,4307088880	-0,0195139802
-0,2517955054	-1,0540393949
0,5315860926	3,3856193558
0,7763536034	3,2805771095
0,9026787383	4,2932726810
1,0208046811	3,1031245318
-0,6024983068	-0,3534065419
4,1615655047	1,2880561111
0,4027660267	-0,8673962474
-0,7312779763	-0,4713971864
3,8886171470	0,6574214518
-0,1780366937	-0,8330508669
-0,8451139450	-0,0074552899
5,1877149592	0,3557050796
4,2433342465	0,3236391154
0,3503083727	3,1882177783
-0,5384061979	-0,5682962297
0,7185994506	3,0273776757
-0,4887833417	0,3114732925
-0,0001303563	3,5790506954
0,3791428577	3,0024039123
0,0752165638	0,1709486637
0,3950041040	-0,7988138100
-0,4770260111	-1,1112340631
-0,6597845372	0,1936926740
-0,1203555030	3,3686506935
-0,4979048525	-0,7539537004
1,0459053485	4,0266224887
4,5950828217	0,6687797224
4,6332101735	0,3021359296
4,6595693156	0,2032564705
0,0683985423	3,6202460253
4,8913797719	0,2012544169
3,8810296432	0,4414072738
4,4587604760	0,4655703164
-0,2939384154	-1,4506265241
0,3215992492	3,0436404222
-0,7250205046	-0,1419338287
-1,2482313671	-0,8710645221
-0,1661451568	-1,3613084770
1,0396002620	3,4192488387
3,7553043058	0,3994675969
0,0067404387	3,3884328649
-0,2113661557	2,9701350399
-1,1676208795	-0,6756089715
-0,1580721603	3,5425519223
-1,1818688573	-0,2846992485
-0,7729089277	-0,0433594827
0,8289879935	3,3889793023
5,0925138086	0,6610773419
4,3104880887	1,2142168506
-0,6094449209	-0,6558592845
-0,3249542015	-0,4524105807
4,6756283747	0,4588433028
-0,0241637768	-0,4616414999
-1,2406062248	-0,1266382357
5,0181975688	0,4406765499
4,4881529299	1,1359643647
-0,3989422453	-0,6852295466
4,2869380130	0,8129994512
-0,4831494311	-0,1877864144
4,7408410833	0,5553427953
4,0491296286	-0,1469408079
-1,1286405822	-0,6481972922
0,3434196711	3,9473291292
0,4073690842	3,4221481900
0,3656413053	3,4321195348
-0,3598415897	-0,4180221931
-0,3897426877	-0,4512585570
4,1033995418	0,3516416957
0,9358899171	4,0783676222
5,3759465741	0,7959440636
0,7401374944	3,3744231610
4,5654973683	-0,0480907062
-0,3001247498	-0,2960723506
0,4951285976	3,7201296015
4,4875686758	0,5106781218
-0,6605402338	-0,7881949432
-0,7650544779	-0,6520520767
1,1283011951	4,0825419522
4,6106954239	0,4320086494
-0,5090413195	3,5044309481
4,0901124376	0,2606087301
4,5063560820	0,7125635512
0,7025069640	3,3801054367
3,9656819117	0,3942922375
-0,0233864193	0,1507201723
0,3179307411	3,7639991399
0,2894995365	3,4950365546
1,4574246770	3,0117029249
4,3977053294	0,5704997781
0,8731274998	3,0246161267
3,9229836094	0,9446202837
0,3173877469	3,9502122724
0,1577403154	3,6810271977
0,2137509673	3,5412533928
0,3551176973	3,0595912415
-0,6212978725	-1,1890778880
0,6345538798	3,3962590908
4,6967769537	-0,0731841228
-0,4096231252	-0,3154885695
1,1615037583	2,7249720750
-0,2887851318	0,0400444924
-0,8115119763	-0,3314742965
0,1975858210	3,4682542887
4,9115821994	0,3360542551
-0,1930289653	-0,3625115588
-0,8678938693	-0,2639177221
0,0808208285	3,4573316047
0,7421135939	3,3828196330
-0,6030321863	-0,6648260922
-0,7058544261	-0,2014032899
-0,8292932714	-0,9231830806
-0,1884670909	3,9778238722
-0,3148974299	4,4398386343
1,1056028588	2,9777989330
4,4893472391	0,5659586016
-0,8790656862	0,0774606253
0,0214914868	3,2385086575
0,5249210392	2,7893731218
-0,5653194989	-0,2263697730
-0,5862988621	-0,6544811736
0,9992970229	3,2267932258
4,2210889867	0,0583592173
4,4478847556	0,0256480603
4,8835609580	0,3468856684
-0,2838609795	3,0846958848
0,1148313576	3,1624493686
0,7519419009	3,1480542030
0,2581437611	3,3086131679
0,4098983947	3,8786432307
0,2012413848	0,1009481492
4,4762717476	0,7272933897
0,8913621390	3,5936594819
0,9116928188	2,6849022658
-0,7595489015	-0,3522359984
-0,8448646250	3,2448817021
0,6109054352	3,4194011574
1,0724328382	3,3235599148
0,1456073998	3,6140521880
-0,3373520942	-1,1553900182
0,2638835763	3,7050357409
-0,5457718703	-0,5162556680
0,8703719741	3,0301780015
-0,5582647269	-0,4220118701
4,4425209446	0,7943516180
3,9759416104	0,4489087438
4,4740861524	0,3597077548
0,2750694965	4,0277201013
1,4053914271	3,4891595241
4,9141547277	1,0172047333
0,8221598015	3,4502806043
-0,2288806267	-0,2880397725
-1,2313560655	-0,1566325973
4,2633011818	0,8084025746
