1,3293678442550765	1,4322442586902464
-0,6575588331029885	1,850157395947537
-0,1501158002456371	-2,7843951927476933
-0,9429605362181488	1,7417602380888653
-1,664063680153173	-1,9862797810946635
-0,9410054672846019	1,418425027659691
-1,2435845967799448	-2,9762520856918573
-2,205141473597504	-2,4326452723814542
1,9322430948360547	0,3414913741948195
1,382649797482658	0,998143105801507
-1,5015414765432409	1,0791733108173676
-1,6939314226060107	0,4597731070026421
-2,6971458811493174	-2,4735194722450244
2,9604483586575507	-3,20663151222761
-1,6399392437970417	0,7157476652113784
1,6935435826963285	0,8961611095859271
1,8612673623807572	-0,2544506437778106
1,134731345044967	-0,9530643298788712
-1,1938565385405266	-2,6402162044097803
-1,33961714067213	1,361463982945577
1,3855688096744587	-0,0250474596762443
-2,7107621330701077	-1,1982721841251132
-2,448377451970865	1,149334639574599
-1,8940822927430385	0,3012297956769381
2,9505626136136867	-2,005323145205343
1,7011770067524368	-0,4926440482648714
1,5071404257318075	0,5885882343345684
1,2045761700396085	-0,0409759806391413
-2,232893249102494	-1,9161674800564172
-0,4432056852973414	1,5671993342418693
-1,146741379173079	1,4384795938877628
-1,5349079250355582	1,2472304456599657
1,6239635252739149	-0,9467869723450691
1,241655355124185	1,1814767904703878
-4,173029146503909	0,6145155352278446
1,2223142440632349	1,3703792931921792
-1,471053022906493	0,7760464571809933
-0,6952751730172902	1,7594385077813985
1,2367728592932292	-0,9865751991337331
1,153098389334672	0,0503604326580798
-0,7502769105112761	1,5447092195224519
-2,8670620214271123	-1,0421946587874045
-2,197643930110453	-2,4848276726126404
-1,251525351360594	2,5870904252826166
-1,9478218704827408	0,2132226347029937
-1,5474028274999796	1,0174147810012986
1,4449893806448264	-0,9152378876950433
1,14090502094177	-0,4847775856564287
-2,6598445219973375	-2,1870116189297972
-2,5775574739583056	-0,6644775542997629
-3,9170492614202463	-0,201449735769586
-2,6811943058093686	-2,423258920490362
1,6732377764652149	-0,8964064839005927
-1,365455883444186	0,878502153553234
-1,7792859612294074	0,6720526426579398
1,9169880297320256	-0,4431365331174776
-0,7382121686181553	1,527059104818762
-1,728391259647461	0,3458946998832618
1,3999732659981399	-1,2665657713458849
-1,9361598222392429	-2,142981805694625
-1,552556395251191	-1,3897522014961077
1,829411057725245	0,5026357632409241
-1,930593082592409	-1,4875049601209287
-2,8839456075921466	2,3132891939807463
-0,3945886041318765	1,9493244084563375
-2,195376398846413	3,4743733389948344
-3,5614069463264393	-1,692929377652642
-1,1145978286149003	0,9073303887635302
-2,972209575512661	-0,0883286054634616
0,9143539767532609	-1,3485906165173325
1,8577664627177088	0,5261709449034878
-0,9919847849850366	1,7072866818654626
-1,2406914007077416	1,0734515640279243
1,2569213794916596	1,2694957133109483
-1,0114790644941722	1,1704111075858328
-3,938015956263917	-1,9534568263822787
-1,0168531912249974	1,696654009036133
1,024561314307246	-0,9459518862011451
1,0433715593945612	-0,0194206641771374
-3,0187078630611976	-1,5004510018529966
-1,6449109196049085	1,0857340915260498
-1,1142412984883143	1,0359082212479367
-0,0678556646696418	1,984548280942945
-1,145399793750307	1,2192222351447533
-0,5288511454558356	1,749725891690601
-0,7809428022940826	1,7811025862652612
1,9152426976270225	0,3147327729844355
-1,366274432968492	0,9701730890284569
2,389960473292466	1,128711871345494
-0,555478376815148	1,5140950038597993
-1,814741639823072	0,6346661249215749
-1,9703135157003877	0,2304160899275727
-1,7706766977292077	-3,573539479596077
-0,6758561635421839	1,7746739070468958
-1,1661998841041084	0,8428995934150385
-2,047261221150897	-1,6895005814285442
-1,6523679870360843	0,7557038753291239
-1,5339546472721355	0,5188986975387158
-1,694919300168792	1,0097312826112246
1,328104519607376	-0,7666169284809293
1,841069122184281	-0,4904005673662658
1,7025015344112828	-0,7165971875896539
-2,4656521292751172	-2,2923618824539838
0,1340922432340057	2,3195933585425026
-1,5291261125214406	-1,3893328322957652
-3,4546528470799194	2,042395618324721
-2,380777214162231	-2,9073675943227357
-2,238250007476114	-2,931665758935422
-2,5936868317108672	-2,8399861897885126
-2,178412199273154	-2,1065927450458184
-1,0615511227023315	1,23420488414399
2,236145700299617	2,7882114010971204
-1,2402075889877517	-2,4938434311157627
1,7295602050248737	0,5790075630037882
-1,7516892042780379	1,8185449705021508
-0,8986349187297412	1,5189441733052647
1,4710211120800751	-0,6233469292556184
1,2987761757399077	0,1112881321571076
1,6753768117583183	0,1281329058547046
-2,728871762682675	-1,3285355027373134
0,1549474431473822	-1,9574322540879139
2,603769055619302	3,605836542409446
-1,0879153279797822	0,9851591963155455
1,8356139630471946	1,7210750137937652
1,1828526934287562	0,5310090124245179
-1,6161939303274095	1,9193138023006238
1,6426452898985224	0,7187331417692527
-2,739255827328397	-2,680715443775105
-2,8795435786859436	-1,0478308383667883
1,84917636199838	-0,7317677905021255
-1,3777636279609589	1,0554527821148243
-0,9048000462413502	1,520875334850298
-1,4687076821934428	0,8481224442899042
1,4480395365123626	-0,68442792374086
-1,7332912221189987	0,5031619112417766
-2,3858889545680135	-1,7510122909363062
-1,3067099861115536	0,8887489626739735
1,164859460036224	1,3081334631420347
1,4123760364775588	-0,2412373570580963
-0,7927817053323077	1,8100088236552807
1,6844815855830626	-0,8029906962766734
-2,1195873158060152	-1,4148028273713433
-1,0165609155296111	1,564053149210896
-2,390939982507442	-1,3892066141243036
-0,9480331581891857	1,3924912503196334
1,013847610558345	1,133307369727876
-1,9083930313914619	-0,9218923722212182
-4,433435166376377	-1,9523189709007784
-2,125809533614646	-1,2431096600310194
1,189610534564288	1,462278972205168
-2,3397372651422996	-0,729730837107566
-2,913084253385007	-2,9855621771118095
1,2713659867897356	-0,737637759251859
1,9088986075663126	0,4297957011154734
1,6301319222383057	0,1171247139182878
-2,702189911381545	-1,470934260129734
1,5202759301964526	-0,9249250531611592
1,823862484577667	-0,4488506070089509
-3,9148380177258986	-2,7382868288472095
1,229606311509254	0,3785254153374802
1,184642731962899	-0,4611733190751962
-2,9475993581909297	-1,7366491929213055
-0,7717435172846654	1,3572365130412427
1,0330640704302154	1,640252871254372
1,1717986219324414	1,0642438950965987
-1,44095180823847	0,6311723263875995
-0,5207362575169022	-2,72412569784467
-2,954949288670372	-2,9145233586180264
-1,7562748879945072	0,6387376333364855
1,7623704483502785	0,3250485829805587
-0,5883708031757543	1,6216851238025085
-1,346730964632222	1,3379157683184362
1,9792551498922062	-0,0145018571843739
-1,8272535540568928	0,4243288401304668
-1,0685683367849257	1,647587515513198
-0,8622135489702958	1,6990034435088002
-2,61450248794402	-2,465744317342847
-0,5474355747245212	1,8537728330756682
-3,4920072684073977	-2,4887735786421885
1,2492177636222292	0,1324830768864312
-0,8029561932312368	-2,6479762475367994
-0,497721559525914	1,9272862975259177
-3,3523952933225623	-2,2270447312143986
-2,068203510926662	-2,092226408835006
-2,9636903681353486	-1,7026617743137824
-1,3399462688157393	1,415681742383204
1,4703043976495955	-0,1271533857944058
1,6751128769879728	0,5363287167878195
-1,5036470176486119	0,8394683296066419
-1,0543897203051702	1,4792159094743853
1,0557711602872613	-0,4371371835253675
-3,2106478967764485	-2,2726674756903926
1,2220980814430094	0,5632554686074407
-1,388937120606711	1,1649447033266456
-1,22815617167811	1,5553986038022694
-0,7437524724134734	1,7484074619336938
-0,9029944755391182	1,3202536229561477
-1,1771014531968538	0,6916855895827869
1,3175751439766583	0,2669807103932506
1,2164795634445913	-0,8225770336370859
1,5259495288070124	0,1866494826780262
-1,6381910948295717	1,0914407766744867
-1,7305411354156917	0,7994741938763987
1,3447201528283317	-0,2676759104836991
1,4723545241080327	-0,4559550356611912
1,312870999921412	-1,3676606027751486
-0,5089394266525025	1,516256742841647
-1,5885771027941598	0,6251579030389325
-0,8381101991194869	0,7568480266150582
-0,2719200389765472	1,9709828887737504
-1,7214996545986725	0,5781595534668417
-2,340320704941615	-2,1297846862345704
-1,8430434366054271	3,6100038366888914
-0,700067193716298	-2,452522421193902
-1,7988385666069853	0,5129896804880114
1,7824169821524505	0,27410911596099
1,332516270107051	-1,3529395864804687
1,0371942553277775	0,3466060095984329
1,6984636328420981	-0,6586643976351253
1,1694731279112642	-0,2438738707400254
1,6482960058661393	0,1310788853000755
-1,492495479086665	1,02880654163324
-1,5216819414033491	1,0875905474936567
1,4799753336629244	-1,2735642667189377
-0,0336845153836333	-1,3160665206804647
1,7289343249961346	-0,7418860454315229
1,051248765314999	0,1427930280763767
1,1074043939196374	-0,0538976770310098
-1,7789996676505693	0,3528837373846839
1,1054812239301988	-1,376060392318283
-0,1317466069980979	-2,3967212360233
2,920016390655957	-2,424325227556041
-0,8451536185137088	1,6391159553448444
-2,009356413394242	-0,3336464576379359
-1,1843094180586062	1,501564835422872
1,3776376633927314	1,1035028545692676
-1,0470251409914608	1,4016585297548207
1,6351944529726035	0,029950076249488
-1,5202215688721656	0,6205591128478537
-1,4304309981056798	0,7442771481887478
1,1290991021008674	-0,8780307858887744
-1,3599445474597052	0,8807350451704994
-1,8457503317045996	0,5002688061062291
-1,0669732926860926	0,9363243806361756
-1,0588606794114235	1,3186255882824272
-0,8781302454521124	-1,9398827290098077
1,3378024251513145	-0,2331057076082252
-0,6012349591222531	1,8108941070244375
-2,2983930619720025	-0,1138703499180279
1,4014679604720892	0,6466519223073038
1,0869778077834065	-0,3313703781602505
-1,02485831121423	-3,7759189496295225
1,8366641945883844	0,5633685137088775
1,22567400623816	-1,2291369118958093
1,0266405034621424	0,1941414437573992
1,1072021203029476	-1,0842251141897226
-1,9945335987002994	-0,6809097638927044
-1,7055802054544542	-2,6273330746490338
1,1305903401071449	1,6268054259169484
-0,5165793530934142	1,53210615439925
1,4384463955859	-0,7158152722935349
1,1969382771291404	1,5621434245595531
-1,4779294486873384	1,1669016675790527
-1,6853059733742368	0,6006653668712711
-0,3426609605585645	-2,7673035978725338
-2,6308559660168793	-1,2009285377732275
1,5928577455215165	-0,0182446951736472
-2,95109380324105	-2,2025543194989883
-4,636744724487967	2,6776199966293315
-3,6609664169551572	-2,359499162275572
-1,927201432564257	0,4738872183553682
1,4317168796379818	0,1135049927714558
-1,7194905440121686	-2,449869917640113
-1,5366445430652111	-2,927755826194911
-2,1862153581667148	-2,5626051149543634
-0,8432163008622122	1,207469594226377
-0,9053410840213502	1,2252399240470764
1,3674257241099368	1,2828956708682153
-0,4297038455884161	1,899701054017521
1,1011460604918233	1,4660291552794016
-0,9611909793913869	-2,523339640941625
-1,2391948718238113	0,7664070412747613
-0,9710895467378102	1,3334462856054032
-1,163060106967674	0,8403034248141742
-3,98434041844322	2,220684963161413
-0,6174662804266073	-2,129047867336043
-1,4915448373996716	-1,7782267480813145
-3,437552738712361	-1,5285934784722826
1,3535748464270252	0,3030923981026398
-1,97689852845987	0,1209228431120748
1,7899645410551535	0,5731562331040788
-1,681955863200459	0,7269037003406634
-0,4446850528616135	1,6093066676954644
-2,1983310077498337	-0,6897759822546611
-0,8652021596548798	3,48015041859273
-2,776335375209248	-2,734233106192989
-1,094982153753961	1,488803262943645
1,3768476293607246	-0,3508315312803842
-0,8571606954426956	-2,722312895969332
-2,872105936240567	3,2031702614970983
-1,0328252370963211	-2,4550954634414515
-0,0690877072602406	3,348338021220946
-1,1831443277432006	0,9474689803361718
-1,1963527733647963	0,9472691390175164
-1,3168483123673753	1,1356341501075047
1,2076303636965433	-0,9112832006940472
-4,727741378161711	-2,791408582186688
1,1681586061019469	1,5651182402660466
-2,200682996824872	0,3875143972810151
-0,4461664096853151	0,9798930100057357
-1,597090263158333	0,8399700288570904
1,0544967565452592	-0,7664409527981539
1,2578087982774093	-0,650193908925636
-0,7757450913791611	-2,0170163700660106
-1,374907949583585	0,8423289867009982
-3,220264229017648	-1,4581360204256235
-3,606898224495066	-2,3428963941327567
-1,5447219891263977	0,778724315519924
-3,5143138970250973	-1,9469119963336743
-2,8067198528756783	-0,9454352881908105
-2,7726685955541814	-2,5236809910117595
-0,5889896743567431	1,5147740987694722
1,6781781175591943	0,9862818265744341
1,433442125870694	1,000545661942162
-4,12818547385164	-1,5654448723049623
-2,636949829048281	-0,9795677948612307
1,015350387788879	0,8817005476823435
-0,7338514819466982	1,5013402244564225
-1,5250449311002674	0,7031586775707627
-0,9895364290680742	-2,499799328716365
-1,1119276880682665	-2,408608826000474
-0,5217358240116415	1,5921673159099603
1,8484079274917922	-0,6008679965092341
-1,5607602706543569	-2,3144002214668924
-1,7453149698816741	-2,9377892306103535
-2,966888348664626	-1,6349214305014528
-2,681364774735462	-2,063508044998806
-4,250422598823305	-2,592850097083196
-3,148333549530189	-2,1893890249780363
-1,3128516138963375	1,4895144769992503
-1,8308668263615235	0,2331958854136698
-2,7435572870053413	-2,3599555996172956
-0,9894779941679868	-2,761000531276166
-0,5755043896760789	1,7351084838970898
1,5045008306908605	-1,0390476037565937
-2,3243058764331	-1,27612814250177
1,1893919471467043	-0,3540466365568605
1,4160522461169007	-0,1225922949252078
-3,8131932612190935	-2,452752193669332
-1,2100689336163064	1,5351389544569674
1,088378355958489	-1,0632413767506361
1,51048120166065	0,8494899318598981
2,116565036067751	-0,9267385273419717
-1,7234059295358142	0,4585669977156112
-1,2181859791454113	1,490824022501307
-2,7912801666380935	-1,5287539078227756
-1,9169809598693577	-0,6734838851718151
-0,2139997197169136	1,7890229627139775
1,1635793969058863	-1,367885746652356
-4,127555701969883	-2,145714439197493
-0,3670483276383628	1,67277983040337
-0,4423899122892799	1,9379468773425819
1,6285710203481534	0,0326329100925872
-2,3615563009200566	-2,7217203263276684
-1,1326062367630443	1,2460546632492109
-2,2448588461748704	-0,862158344540964
1,3948865934843857	-1,2243124411290927
-1,6127974020371643	0,6633702190354291
-1,3243767789651868	-1,5632281558410936
1,1850373182352003	-0,7203362845037937
-2,794762063301402	-2,0466199652663946
-0,7662900352497134	1,7773609038449947
1,595842783187825	-0,3398698956428436
-0,9887037438127508	1,3722767450251858
-1,5990801542817623	0,4544327690990072
-0,4731120324326807	-2,801315791310282
-3,059718227383561	-1,9105427224787013
-1,9576631997313125	0,0659157965249304
-3,837589569983809	-2,62757999752097
1,3120900964229218	0,3644090024977961
-1,2176962392467483	0,8867189250245728
-1,8911088434329029	0,3335913748876743
-2,4730672882034823	1,14246982716192
-1,4549446470876082	1,2196065807064485
1,620049629772787	0,2073117861598464
-0,8806489550975146	1,5440416299631954
1,47673058813719	-0,1941131383814773
-1,5952698028414014	0,6563218332215753
1,059851117147383	1,555864678059519
-0,4467057957352193	1,8051529450569395
-2,532023651831775	3,314223424558013
-1,663585742376017	0,6220856738551077
-1,5363747175618772	1,2049301593738302
-3,1512950773119988	-2,41763586358072
2,0323379603279177	-3,8765973477256654
-1,6181244836154274	-1,3615812664398685
-1,060423000666932	-3,155554816485389
1,4504518485922007	0,1398957869547891
1,2278669406251785	0,0181571339748151
-2,7975752281625517	-2,3609130607922837
1,2959267041670963	-3,1348358238582863
-3,7791543507783656	-1,7817467484169331
-3,0349249796498476	-1,6895307105035169
1,4013509942020403	-1,0312735908941082
1,0405793883597092	-0,6544978949145218
-0,4610181532740295	1,7174408850753653
1,1337034030929947	-0,5563871645450964
1,592266335733349	0,168082515887544
-1,8633362207240665	-2,2506041515250628
-3,0440761990767213	-2,300605087385968
1,0282549352504324	-0,6757991222664832
-2,2883751530058785	-0,7404333249208851
-1,8129944320815747	-1,9452342865259165
-4,762168545928498	-0,3520762470585517
1,03879575401809	0,8985551446188782
-0,8544983366691266	1,6525824697795248
-3,803745891465684	-2,0923070836388735
-4,527246589214995	-2,540261731830867
-1,4449360111149572	-1,390513255621889
-1,9089912771835564	0,4081998304899405
-1,1255886490687204	1,0601884468389824
-1,488131203367568	0,5295395910961814
-3,5921281983194677	0,1415214564172617
-1,1637953328595563	0,9483565939671017
-0,3461401181531766	0,9365890291512171
1,087119314882714	0,7641435677369206
-0,9482638811634388	-2,993749399315033
-1,0514086830030704	1,0143218705458645
1,1074657839684956	-0,6150917469169311
-3,127803936090703	-2,0291898095664664
-0,2683179136994733	1,9353218645923906
-1,2660848384512358	-2,392339300401236
-1,3318980380373615	0,9915532699542986
1,0476692502639184	0,4989080209222752
-3,652623338871135	2,9266604336979287
1,4081322328245833	-0,4240551238889434
-1,3511478255310871	-1,7951204537369296
2,3744550121765613	3,732795547472846
1,1462026334781843	1,6251711082100324
1,7718914944539454	-3,4012329012673033
2,2092007292187463	-2,286285596484396
-3,550752552859203	-1,6716581337474234
-1,2007697333105178	1,4004614466378134
-1,8098113196977454	-1,9095832659451928
1,3781936598821818	0,5498260141122996
1,4284779957697202	-0,5020389171306152
-3,44028065151935	-1,495850373564037
-3,4396289969186595	-2,124841438636767
1,8615484727599392	0,2108134302300867
0,3408924512672238	0,4237575090028346
-1,3380344682027996	1,2397548412682737
1,3761432015518211	-0,540879392454813
-1,9374040270932866	-0,6288631786122574
2,542648623880261	-1,724350542069372
-3,9187606389302383	-2,232887643454512
-1,9894301258723697	-1,536909910264353
-0,6634536049329912	2,962475720994034
-1,629609293448807	0,5079376688599453
-1,597086863970988	-2,243189154909127
-0,3670252169364393	-2,4262626256270248
1,6076682922644374	-0,1605002157189237
1,0282850221938866	-0,8501418113673668
-0,8530596348197967	-2,390536923834733
-1,0806278904701068	1,4319665580918302
1,3086995824890881	0,1639149181145519
-2,6467707674632317	-0,8173629059080396
1,424577360996083	-1,078422460462853
-0,305758132862316	-2,646632637513211
-1,6719459021733796	0,3480924155453744
1,837154838952896	-0,3061616782428324
-2,1404381792857468	-0,9758044253004902
-3,0536941966328226	-2,6876770543973545
-0,9764310079798116	1,1867158025830817
0,4331454035670115	-2,76383562862291
-2,9554692507785045	-1,5274918390897612
-1,6706850838874927	0,4211363995532874
-0,4441474450906608	-2,400625359525284
-2,984421459675634	-2,5675810877376564
1,370095462867282	1,2913046106635133
1,1773133442924721	0,6722539427862821
-2,9967575269359417	-2,8314608256484917
-1,6569695868244976	0,798853657110569
1,985324244911245	0,212313699571857
-1,24231495645376	-2,9197718689345518
1,3227866000341322	-1,0672661354686759
2,9803640780811356	1,4330562555000168
-1,2173216402781817	-2,8995465633616733
-1,8445560642956047	-1,9466400247255908
-1,6560190656943363	0,7186275205357887
-1,6908203937811226	0,969566179056648
-1,5591449598484504	0,5245438762123866
-2,931973576465009	-2,49718763155282
1,065507120833776	1,9341452937716392
1,4088383809639975	-0,4431747308955354
-1,1930190366016609	1,050310952075581
-1,6040495564023258	0,8660785489840341
-0,6705283542140693	-1,9623503938273872
-1,3465255897707178	1,0512848795369905
-3,3381104469574914	-2,117338229047033
-1,6055639774403956	-1,7629318903981455
-0,950552231976583	-2,5360076963591185
1,087471080984109	-0,0147020811306783
-1,1193756775412733	-1,8787142614008747
-0,5129792447341538	1,6530859520664625
1,6136068407747854	-0,800771934657358
1,3849402876540107	-1,247539218912313
-0,3745241470451738	-2,7854219875613446
-1,7176729448139147	0,9631138034174141
-2,656791112545384	-1,8653077765465185
1,8023295181019474	0,7406297943472389
-0,4975324850775773	1,8334055109240421
-0,7309639471246896	1,6117176703688625
1,3172979907960314	-0,0984972195102199
2,1200775257571527	-0,2058868057391925
1,8828447561205839	0,484920386116343
1,8009166434482218	-0,5559636305721407
-1,824579661562443	0,3505129827313127
-1,394060142690995	1,3912620775989302
1,3063853132309626	0,8711960203545692
-1,7131527478865638	0,3333532758758706
1,755569955021575	0,2039158176499757
-2,5302963919343613	-2,8586171396620634
1,458262838978163	-0,2594879602836964
1,1710901323305318	-0,8353414902913562
-1,7048179277206268	-1,7648118878573826
-2,9047345404002143	-1,7674485878343316
1,544765412207446	-1,0866433966444329
1,5050276529177506	-1,0067999284384923
-1,507222043480549	0,9470252270173484
-0,5306071779536352	-2,4262453918874387
1,0673919323380932	-1,524616460532429
-1,346963223404782	0,8581720501852258
1,1110966831251288	-1,3923056771905877
-0,6290983292262424	-2,1497614655394655
-1,5782466359105536	0,9236375231254479
1,0746908074384356	0,0324565456815575
-1,028212746821159	1,0093273685326427
-4,0027063869610275	-0,4163180681496038
-1,7543314393106537	-2,5901466433443665
1,869976619599779	-0,1094585074356424
-3,2524639484921063	-2,284356166987327
-1,7456223036056437	-2,54976620891906
-0,4155472896565225	-2,017894473072865
-4,325387438011871	-2,459781514947809
0,6096388154822782	-3,5472169628659724
-2,429874851008649	-2,1281635495613442
1,4587255864759032	0,9457230201408584
1,4913413230648456	-0,5000790325381493
-0,4709581909680564	-3,1992782383587484
1,3176082022410505	0,5808220493131206
-1,061667244393762	-1,9393503780862091
-0,5363624049205105	-2,0119219882196684
-0,3779114718213171	-2,9590042494217177
-2,0588753470401673	-2,418107619493978
2,2830911172079276	2,378690595556508
-0,3923560784857263	1,8835283312432023
-1,8461187374233998	0,5362999429136377
-0,772367900038916	1,4816740761713656
-4,035043483727388	-2,395893884247
-1,2558523934581376	1,118033495180394
1,9558203909006187	-0,2453900260870262
-0,5521239669240331	1,705475112915832
-3,7093098052451365	-0,3713315580244188
1,9482760141168836	-0,4496752582075314
1,104908313983994	0,0893408979285198
0,9243484158471816	1,6113329083268295
-0,6078149310074403	-2,259288648232432
1,291271049371499	-0,7488967270350451
-0,8216433501037317	1,5661620684236044
-0,0892435479278287	1,9360178654497893
-4,537982425665047	2,1793572632652487
-1,7510735217259037	-1,6614490175557695
1,2959076560916025	-1,368691399970807
-0,3519621133300198	-2,1852778423175407
-2,0164693065313966	-0,1939667764955303
1,9269775995909983	0,4655378306915627
-1,4987359388184545	-1,7105054336818035
1,6091712843882027	0,8860267991777163
-1,8189776332221008	0,3667096805982275
1,333641328682908	-0,1209943855826169
-3,4029545063792126	-2,908641729257136
-1,7073943673895338	-2,3868326808787645
-2,1283024495239347	-1,153679121362471
-1,3829718689639674	0,7902280548485926
2,1693861899177778	2,3135777900133836
-3,8801086101190023	2,498623076343871
-4,720945117792639	-2,810204969346
-1,9832570582117932	0,1705169815123436
-0,7277102180297852	-2,199528544710035
-1,4677653928772356	1,161684142660531
-1,448389112616918	-2,8343860166049866
1,6309834669384018	0,5156661780283163
-0,9749894984890692	-2,1529464249820203
-1,6577071361285043	0,6765741544486985
1,4362317453399007	0,8561680595183956
-1,7994671143013052	0,2755137933729307
-0,4946148158602522	-2,1352546718712544
1,305358358922347	-0,3265141304574853
1,1210173716491663	-1,3050089519502475
1,1390107125688935	0,1128094597730226
-1,5353503312713475	0,5009456404918647
-0,9592244191473596	1,3637092158973423
-0,8708414412996365	1,7840427800205907
-0,7954409413583456	1,5589563279960337
-0,5646301914953593	1,8268082712603435
-4,152834315288621	-2,8485007271153715
-2,1711639609096114	-0,4388391303993933
0,149282227687259	0,526570068975448
-0,3789730748644733	1,7695113228091512
1,782207748836249	-0,586449025609732
1,2129843383827317	-0,3608614051906697
-1,5362720409647475	0,5516266987639693
-1,6536570045490637	1,0329509292809376
-3,4245797871651518	-2,5811547895071882
-2,735683829762114	-1,849143833402877
1,3669041595621045	1,3212698384848416
1,0048456700714263	1,6832413411066325
1,4486821548838127	-0,2276532952597283
1,5206746072845632	1,2390185539473424
-0,6108400305589772	-0,8085603659785575
1,5128500644764435	-0,3874199586697311
-3,4889740783509575	-0,5311564357133294
1,0911989724529514	-1,674458042060405
1,2927995359257451	0,9911018857353332
-4,4809750350893065	1,0287825772930703
-0,9645330798364271	-1,8193316914284443
-0,8374675511042236	1,5975084127929848
-1,787864706569707	-1,0195484984701793
1,7405652753220593	-0,8078497668328646
-1,3296873762576817	1,0688635548456507
1,5479636490755113	0,2849562708463153
-1,5172629923968388	1,3006225000782883
-1,08354202078654	-2,195212390376228
-1,522561888511321	-2,4530653900522816
-2,0583036630518228	-1,0849330955373884
1,5015181001380098	0,6343242504887707
-3,8830761897175643	-2,503508162715032
-0,7816914306164755	-2,9203192096977157
-1,4068834522357698	-2,283932775924348
-3,187660685540351	-1,4431324044295866
1,2421795964905584	-1,1534116456285881
1,1480849738951213	-0,6163055017268706
-0,4686853719293728	-1,986544657973875
-0,4695559821215723	0,805870912146453
-0,5457038283379555	-1,959747004468717
-3,0939669115643356	3,2784592698489448
1,0193558676953458	-1,4286563232419973
1,5509190687339538	1,1455095830350217
1,8333412729938061	0,6978418079514876
-4,090718259074734	0,7935994970988984
-1,4903965001582924	0,7590908697065438
1,388618626410512	0,1110467106567784
-3,11902381792497	-2,1248596085114766
-2,563707345315938	-1,4916976465632095
-1,3639830644463755	1,2090076564339993
1,6294857404338892	-0,2258911154300447
-4,257236218369946	-2,6868372276020818
1,8923799403828654	-0,5312073741264229
-1,6966131710890027	0,9215388555251771
1,7308671687996369	-0,3595660858693802
-1,7731714359765214	0,6751522750840647
1,092775382234712	0,8796103555976742
1,2996304249569106	-1,4309703421424589
-4,1382875409752575	1,409644823220363
1,6881694467060484	-0,8379973816677473
1,0839052068272297	0,9865591387019077
-1,4580249844918067	1,1206945584568815
1,1124101131914337	-0,4927350676513503
-1,9441560465103218	-1,600969746810598
1,1203907434807556	-0,2253264005486096
-4,5779270440475965	2,073804956980733
-1,813561855576633	-2,0174734866245903
1,3827816480418127	1,3494225538955378
-1,725842677458885	0,5568848352984019
-1,5108172785838345	1,2364110828734012
1,7704589269611706	0,7807232722723175
-1,3498503911428412	1,0653295754071395
-0,8741456196344276	1,5518875062378275
-0,4775240890145722	1,679710570539818
1,0122733960662842	-0,7277486931358194
-3,909158730260635	-2,8035529296958335
-2,5740908064075656	-0,6571203564315801
1,4391608479084885	0,2531060227102871
1,0421729935629642	-0,5114820691748619
-0,7438749186808938	3,505981717720914
1,631332146509948	-0,0724533478120566
-0,8801163829515731	1,528144658737592
-1,751999559811793	0,4748840592189169
-1,6207161159469368	0,4985464627846832
1,1406183161496775	-1,0539864223707
-3,0868032342843805	1,9730163076918257
1,3599468759440363	-0,5652840711126922
1,4238531739305382	-1,355973267624404
1,2559258183212785	1,3542634316740263
-0,4082019667217274	1,7330653243503034
-0,9874303626002547	1,1104900979517103
2,826307195783133	-0,9902378914793803
-1,0347941648509615	1,0452256154179187
1,0161403123573103	-1,384476943688899
-1,052947151875956	0,9661533753729499
1,07858693677488	1,592644644064373
1,1546448931884816	-1,1233708748973088
-0,8283715674341612	-1,7939574144261394
1,337651279905745	-0,9559082439088836
-2,23434462108003	-3,312030242242892
-1,3821740942410545	1,322351417218754
-1,4290400678605157	0,7732796672462173
-2,3747246826694943	-2,4736853204156763
-1,7405027393698145	0,7623791918587102
-0,1694448314131871	1,8628626613870618
1,0328153641286728	0,4714863850647915
-0,9901365534643954	1,6662083341644913
1,2115622929404513	-0,8358297447151956
-1,784078258415719	0,4245966258016578
-2,0308095792228267	-2,2726401655358144
1,6301603486952274	0,8135330617129246
1,2357839628737173	0,755771563992016
-1,0057324627714463	1,1010768794306582
-2,175647614089324	-1,1904548420533634
1,7883520158844033	3,1358439818724384
-1,9258676341692682	0,130899638961586
-0,9565346821642075	-1,8805550692199362
-0,8516644335763239	2,1400210275952447
-0,7846644706723432	1,8044881963228323
-1,767966067477587	0,8529060400854204
-3,2577041789258856	-2,2623925938618963
-1,1436210015284618	1,4567710576505224
-0,6289154859420213	1,852307817028961
-2,1582967056135045	-0,9369829957746659
1,0863037711495305	1,1086210946249735
-3,8766500339206624	-2,27760388743698
1,219778922852885	0,3576951234125946
-0,1290629854890286	1,9687333313323485
-1,5035100970253166	1,199972433712145
-1,2409075845587907	0,8879955594221528
-1,4202978471071481	1,3501416151050911
1,0729412628160357	-0,5465436705802
-1,7107141564331774	-1,700686490340289
-0,1370096946136877	1,9762196621307861
-1,6431213703379615	0,8984826312982599
-0,3421181189480752	1,8504413572370002
-0,974591383451811	1,7294456010267785
-2,8976311872404668	-1,1093967767090296
-3,1384683645833995	-2,502778008063052
-4,478823690703529	3,0800068855395626
-1,174615962117826	1,3400337622980023
1,825418081402888	0,0942724214026252
-2,2497882374201073	-0,5377816635419668
-1,1123016944520874	1,4051021155340595
-0,4728424651030848	1,6103356641056155
-4,6368054169094295	-1,634662601114667
-1,1441900674493155	-2,751494198247427
-0,835468317856352	1,464052064141289
-2,1170256701766785	-1,4462032507405789
-0,7040158762361807	1,43253697421004
-1,8099183547218023	-1,2951027629913803
0,9170613027896132	-0,3673143085634679
-3,230940375099881	-2,5327307324901573
-1,7230387292774327	0,6242276357493478
-2,9951757825320433	-1,4189214610206555
-1,6504617837883377	-1,5342648079567391
2,6624805693885323	0,5868146524169477
-3,3624639122855604	-2,9634794121531187
1,0532139641545903	0,7851629213202553
-1,4585983783246204	-1,7698391042467105
-0,6926442124603859	-0,3447466406012417
-0,713006928062749	-0,1412001740994663
-0,2169930516331638	-3,6835562539418714
-2,0365473257105715	-0,7541682508180635
1,2599316372756215	0,0041394386887855
-1,92483463640342	0,317339888850078
1,531336612681403	-0,8241619984773364
1,1048555374173046	0,3753134136240905
-3,495657523364203	-1,8102682951951952
-2,7255259419277404	-1,782217702026812
-2,135559625530317	-1,4061130602281036
-1,2181701804334515	-2,5482831399485977
1,8398283188242894	0,0081041153666712
-1,0589092924523553	0,9804505016342893
-0,8748376478656158	1,7361583570959553
1,354846973045456	-0,7777671630801446
-1,8390631018174441	0,2827873971586481
1,5148340180549882	-1,1511644888925665
1,647781108045054	-0,3493464679399846
1,3948035026654226	-0,3531447598506304
-0,7860120998960483	-2,503055480458645
-3,5656737312652242	-2,551349326858635
-1,3572327802541875	0,8313386306944027
-1,451616650361569	0,942357214419555
-0,3858547740962431	1,7255356098846968
-2,9568804073855346	-2,70303510484651
-2,0166692082162223	-0,83059430064214
1,5294210094393885	-0,9894462069031214
1,5230046265939292	1,192369963862668
1,4776415150408162	-0,3966232067791291
-4,200981882543389	-3,441749844698867
-1,7578585994196891	0,4856487050358452
-3,982390394095564	-2,7336802594232683
-2,1006239502255943	-1,0925885440849346
1,5829198518102294	-0,5880755493991596
1,1639954958580643	0,497318637827613
2,6543608296622274	1,5658245565258437
-0,7507350756891373	1,7895981030185473
-0,6356854435118834	-2,2012773286136307
-1,802135880961677	-2,683411145208991
-2,7521944444700823	-2,3264037856856423
-0,6049817223535398	1,685077374454894
-3,5251451896607	-2,961630400551686
-2,6597359455249947	-1,4859184258672478
1,8557624958469345	0,1053649435329147
-1,583107922588256	-3,663708194873484
-1,7877426212336958	0,7240570506620602
-1,7972832758206243	0,8562266469493879
-0,0092595446259693	-1,1446297631011726
1,250647799356848	-0,695423631867703
-1,3181044547776262	-2,8767097854692154
1,2480505000870696	-1,411831102570262
-1,400624533950099	-1,5302463058757838
1,3451516114850068	0,8489724221607811
1,576988937171333	-1,1767959876431286
2,3903415507706645	-0,2122225477067351
-2,456431223369865	-2,731580398864728
-0,6064138612500178	-2,310640580385875
-4,884853869264427	-1,8647357132786229
-1,938012701713447	0,2094187888638607
1,4502662014117407	1,0295760511499825
-3,8868307446846035	-0,9209440443224712
-0,8345481196470373	-2,2946033028974004
-0,1011518328544698	-2,6898328848848676
1,5034895606086678	0,671993566293301
-1,4972435932326402	-2,725824051392852
-1,5926968978670513	0,6247635714743981
-2,0050381092994174	-1,2123180945304255
1,894059439270613	0,3621564303400279
1,9572851132944322	-0,1158111846867399
0,3693184840002913	-1,3900195206113448
-1,601626993744941	0,7471059134134918
1,7960575324749637	0,3135594021794912
-3,839328442019686	-2,885239511275386
-3,007810736148114	-1,2844675795495293
-1,1596083427043373	1,2793443798880348
1,2324683378771857	-0,6558723911905029
1,1365835226835717	0,8280151632297381
1,8187681082833627	0,5875845084681446
2,2326077049628075	0,247135500630603
-1,224908289563964	1,0687745626238128
-1,0211846588421287	1,605091020702539
-3,6246771255837213	-2,591024138759294
1,2713274829938608	0,0344611519342578
-2,141470573664559	-2,3384434244548578
-2,163165492480821	-2,6059753029583304
1,5416519990822102	-0,0915903919902032
-0,9075474527227978	1,4399317104719707
-1,573016690076526	-2,6001080124559697
1,4029740620608293	1,1482607084536758
-2,7198644690680416	-1,9278275760930705
-3,7450791440196425	-3,3299697869648206
2,894742210229759	1,405477172973868
1,9143943916695867	-0,4504835779126335
1,0315732557789354	0,0675923191561821
-3,230562542296807	-2,8793808617569807
1,1596089143412855	-0,5938457280348541
-1,4520872418407085	0,5500778758440223
-1,7237317527792038	0,3203708463887144
-4,769644669126468	3,189010410476308
-0,3395375435596064	-2,7600750535407035
1,3353574629377007	-0,6565288757379828
-3,4994008594852093	-2,150733735379244
-1,4242914946350624	1,3564714919557126
-0,5549388996753705	1,6224178329538153
-1,8338317576178973	0,4320883921518789
-0,0012942271788475	1,464970677794362
1,1174348998638548	-0,7245142668722988
-1,2421954766027505	1,0860348057705473
-1,612920529469494	-1,258300973809669
-1,9177821181033112	-1,6635898011145227
-2,357890134705353	-2,2372220708238943
1,852101106100474	-0,5125022987827941
-3,3518248076439865	-1,4910917678709197
-1,8397175209615892	0,4528296455790031
1,3603906348101666	0,4223168917144484
-3,687356914046446	-1,8716024114719825
1,6437889219266308	-0,9260965972588658
-1,2148728916227207	1,3937216045735088
-1,0761632475737068	1,214618000671699
1,4356757460489447	-1,0919311463766666
1,960205603646009	0,1018748100452181
-2,109525587678176	-2,322683800761358
-1,4618010624283577	3,223838893194454
-1,0917760676276056	1,3202475838192171
-0,5034065306038673	1,616962756328169
-1,913235287834934	0,3191666603181791
-1,2034735530914018	1,5948390290230596
1,1965661030470738	0,5971599574471324
1,0495255481235992	1,2272501109184812
-1,751333570270937	-1,9494758443598192
1,118544621945269	1,5626218540377041
1,069984173200047	-0,5197661084895047
1,2792260514571754	-0,1849013259511868
-2,219086027907707	-2,7205333708407604
-1,9280629564463874	0,3440186513757071
1,2219406979864773	-1,0007482410823385
2,9094128644519204	2,279451851130772
-1,5918894618553912	0,8470459998680162
1,3042675571229467	0,2473948793116465
-3,965584181109981	-2,1022061525385967
-0,9479714825558009	1,3889944599392476
-0,8857205968397253	-3,7414183098988634
0,8361163559872471	-3,3817478355011104
2,1060734476306835	1,4630451887955096
-2,312725533320598	-1,5552513244051682
-0,7283409038013371	1,5364497753278865
1,4797159927690031	-0,7613602824642748
-1,4357374804426175	0,7536400990492834
-3,1833954038274612	-2,8507191059945507
-1,879337122498357	-2,1009734049745745
1,0517714197458878	0,5739851102918015
-1,973154927960606	2,9411157296313775
-1,836448674405326	0,4974022196892853
1,6327293252918031	-0,0753082298702197
1,3559125439087998	-0,837068667487713
2,8367929382791375	0,7073365505522357
-0,7882437347600839	-2,5163533877146627
1,2467325419714332	0,602160119831984
-1,8911633239979455	-1,2675170607482342
-1,810598027207885	0,4149746202359504
-3,969771441948301	-2,6682944997607763
-4,815061096032263	-0,7440332923364353
0,9100010762796702	-1,2858511056544641
-1,5410992971041089	1,1078135430830973
-0,8306651403041774	-2,610645142262822
-3,6504211819559735	-3,612366856213381
-1,4073821698612385	1,206453615219095
1,0849561254213758	0,6910352604770759
-0,2014039812638198	1,9259442234310487
1,403202697776952	0,3143966840867422
-3,6683790250501356	-1,9423705113476806
-0,8518967629917741	1,5702929226810083
-0,9071312578211848	1,3639299818443846
1,2321890483553126	0,3031665852825322
1,8250180947567134	0,1599277659956643
-1,6286224834252296	0,4178014156168056
-1,502468501134935	0,5189893964652814
-2,8537418854407095	-2,855701786174898
1,312933030802325	0,5565712741872083
1,5180753965821192	-0,2084072668792571
1,155248235466615	-1,0698767612438786
-3,81895885123117	-2,930509284769572
-0,9401270574044998	1,4033026875763954
1,039369636600396	0,9889235904484682
-3,371657279405448	-2,641540067288978
1,5756230050317228	0,1194659178149748
-2,064810820145728	-0,8355820910099369
-1,5469100118221706	1,1397965886102428
-2,091167382458125	-2,2350186005452253
-3,575347186906664	-2,3599385206105126
1,635490735223751	-0,5654974810773142
-0,9476491127684822	1,7400529456035276
1,0551105081668324	-0,8573260930336554
-3,333278587472564	-1,4814903664851689
-2,0530334889178077	-2,0336764933048648
1,3516144971109776	-1,4070611666284267
1,3768727866522839	-0,0311091955228383
-2,8500720215219784	-0,2149019197029931
-1,9841699631300673	-1,8031589263819434
-1,1619325792660873	1,2465158817854778
0,8913490209898604	-1,996213453508572
1,534740058147428	-0,8486124117733609
-2,751441586883903	0,5858682526207202
-1,4258990176973043	0,9954979197083657
1,8880392048930097	-0,0485594704582969
-0,2066300701193522	-2,339271957694559
-2,3560102642542855	-2,7461953965519115
-1,8811149548650334	0,3337656041867256
-1,3460530589937192	1,150093269174059
-1,5725962078185345	-2,6310021080779484
-1,1001848097031979	-2,0158333269824156
-0,6700896757298325	-2,762920596191234
1,1034854740676883	-1,2602862176656997
-2,2644804626439896	-0,2830466237542988
-3,9251535536532605	-1,9907815571928444
0,8574457946185879	2,4794020881683956
-0,1536247823698824	1,9115475180138854
-1,2150180999709468	0,8902961076423475
-0,9865118122033683	1,1446693086487332
-1,237421927963205	1,3220483651509265
-3,1624991431541485	-1,3023332391623417
-2,607059205247424	1,4704633507281566
-1,6085387743757735	0,7279635148965862
1,326095027154401	0,5156229053363028
-0,2451336615700216	-2,9775082165370526
-1,6877722077393749	-2,7828940131655475
-0,9189120395259075	1,143278910524422
-0,6131235902895165	1,7088085087329912
-0,4435075267444657	1,5929599463210686
-2,133884096878708	-0,8540255894254298
-2,6522242908464757	-2,7386586648833795
1,5743631731026868	-0,3178855570157356
1,2958638647220555	0,5279482006029631
-2,906979321842697	-2,93628761873826
-0,9241344259440603	1,1827030677536556
1,4388272532597	-0,7840707822381552
-1,6168292965889413	-3,796673896629688
-4,598567741241405	-2,1587180798623073
1,726793573330422	0,6289423306750989
1,5236312395477196	-0,8494102430286459
1,743116934802192	-0,4491674419376263
1,5544960583524015	0,8932627005684541
-0,1341730615481646	-2,517162567666281
-3,839577139028788	-2,671007196143118
-4,833410355583604	0,5335173149036926
-0,289969557335364	1,9455268752633512
-1,4419401956883648	-0,2414552069492983
1,4806606234510165	0,9084085816907983
1,230794434257935	0,2546118686944844
1,2470544813884397	-0,7319975613855073
-2,3763347624163034	-0,7566784767387416
1,4976082310052967	0,8954549006701601
1,8130175026666513	-0,7161912987524744
1,6827328987423291	-0,7377262003424669
2,013577570184239	2,4078545807298175
-2,0992649648851973	-1,5653284207795286
1,1343591982489902	-1,2499190043568658
-2,183251314373443	-1,635622800731359
-2,2835420168334792	2,4284694738319597
-1,276978014337851	0,9952627842959825
1,6336920197633846	0,893769208391412
-2,892840433409403	-1,766119659927445
-3,084084452723521	-1,7824369813747918
-0,8410919616167762	1,2181171021996728
1,637355136606134	0,1440707430998739
-1,54376444270979	1,162336452006116
1,5194517809714578	0,0654132896414118
-0,296258011124129	-2,7176711456921954
1,1097745327824924	0,5897295891432858
-3,4862211875483498	3,461315985879879
-1,672639072935241	0,4632944989431996
1,5571076580961658	-0,7813549942701044
-2,1959759233108342	-1,278874540524185
-2,763939486639262	-0,8147930552735941
1,2916169642977824	1,2137055031553832
-1,674534003352084	0,541696361011418
1,5186346273196052	1,1622375563560734
-4,828161374656248	-2,9615082240170043
-1,2545406941697923	1,158163946934617
-0,1343296054006756	-2,1582129417412004
-0,4412654773219307	1,8329529938374391
1,3856870726974595	-1,2577343448758636
-1,3324103678665484	0,8631110018676749
-1,898104559212039	0,1327529383203311
-4,531145411286692	-2,6482948720834028
1,531346694795293	0,1496333853408837
-1,0203244225278576	3,4502325143314994
-1,464846180558324	0,8206504970305567
-0,7969588673770623	1,3236580012446746
-1,9399654985615105	0,3634513973171309
-1,333242129073159	1,2882965241853146
-1,5220242799880281	0,6312729542247529
-0,9969617450209619	1,72074578451002
1,361610247630322	-1,3628525320790006
1,004667815461096	0,0691224359221361
-1,1306859748639613	1,6026307045003678
1,8436788881649342	-0,379370749211984
-1,416741945541958	-1,8716371300012322
-0,7232111256106374	1,635444739605705
-1,0229557048539641	1,5549061889181894
-2,50586357269002	-2,4865237257417765
-1,472460791897584	1,1307898680279131
-3,355923418060837	-2,897990277455953
1,5937392490840723	-0,3116853031688551
1,1134582976587672	1,0730683113680841
-1,8709583544219597	-1,0373260807504923
-1,597596491286763	0,6111770587436078
-2,464822777192625	-1,2937724118764558
-1,9702287350753542	-0,1099862762285343
1,5207468267238111	0,3757732905581169
-0,8614469722352922	1,2116655861286252
-1,6702869956344037	-2,3800497517403048
-0,240536100807656	-3,3144284106073556
1,7510131605638046	-0,2647355588227343
-3,4775366542590573	-1,9179266275446771
1,9419137750404856	-0,3030327388979406
2,1388372104700495	-3,356568693059904
-3,4247080337096314	-2,718682520902174
-2,3464659494011104	-2,3931425370051804
-0,4293390154048794	-2,9621643258097663
-1,4919030780831388	-0,7983325544021018
1,438633775248526	1,1744167131370098
1,7571900253743507	0,4530877700513685
-0,8877651869183389	-2,3318135377140594
1,4581914746904394	-1,342468437699515
-1,1791650132027978	1,5767153406987893
-1,7519648072684486	0,7224201817508119
-0,8388276251668113	-2,5454636419426615
-2,0854576631664825	-1,5386338250266216
-2,274137492067994	-2,6262778719019044
1,029270909921244	0,6224988800660987
-1,9980330516198714	-0,2894251071543257
1,257296850171186	-0,0303523892343849
-0,6849203847531302	-3,271648709292452
1,5692948879802633	0,2362646820185811
1,5159109067051795	-0,2659532535954101
-0,7191195648143589	0,1269877120917303
-3,525655662135179	-2,1349290109302292
-0,7680221331325887	-2,2812133248495368
1,0120018192832774	-0,0683601823717562
-2,876362506800444	-1,3096981364381546
-1,2071138246672954	1,5140804335545937
-4,068894680526708	-2,971620390624328
1,8567939891881262	-0,1920250391138703
-0,4207513419678013	1,7757240002720627
-2,932861153575636	-1,297429537822643
-1,347220235948078	1,353319038168912
1,0569812136038168	-2,8277401038986176
0,8541690805395037	-1,540745911895319
1,1251255159831655	-1,380952402922754
-2,724304761284304	-1,176847629103913
1,7390623125558629	0,591908500944033
-1,8904471578924178	-3,6139561570951275
-2,959812599507621	2,229694063991211
-1,5412226488306797	0,6188238733337791
-0,2093964791003748	1,8835051335357087
1,599008225498042	0,1507232761001244
-2,8393445193921147	-2,3285964886754185
-2,924585441657061	-1,069647884176114
-4,612703571144091	1,9561643035483303
0,1284666807962686	-0,1607633882424704
-0,7427408097933798	1,8193663931300454
1,5915048271478596	-0,820227077441291
-0,7270311992237958	1,5583585329573402
-0,1763689180472988	1,9704042843389606
-1,6693652003592296	0,915827672703571
1,1711279717308196	-0,0564574920115963
1,144579691413648	-0,0577240773518726
1,3331330250098152	-1,1201575159206612
-3,273019464337557	-3,0036045697544673
-0,9159363968267619	1,6825242747714126
1,6215022350119122	0,5726861010608176
1,9191629822465408	-3,7412316923846887
-1,7872409147148607	0,5755523214050388
-0,6732259081100286	-1,6258707594853825
-1,056053381390047	1,4913100072983325
-0,5961995421926517	1,754489911345851
0,1837146648284144	-2,895573113743243
-1,1902664662459665	0,9525698162923301
1,1811725017024957	-0,4548634369842897
-1,6716962390672883	-1,7221419351607299
-2,3045171124643167	-0,3699342673610441
1,5912265494635305	0,002456097776834
1,3809808163677084	0,4998004123829879
1,4306619291391958	-1,0331374176013097
-1,389295820736932	1,3926589629266277
-2,4291615423167663	-0,5036710850861978
-4,858583069003583	-2,903552309010393
1,3832972231158043	-0,5625630648036525
1,7235637187333732	0,0855586515945291
1,1026561362121927	1,244818889569259
-0,8956885084297666	1,1707938726946758
-1,756075230095545	0,6215926146638229
-1,646668861312994	-1,8770549742393965
1,1962307527238796	-1,325665728028157
-2,525516337716429	-2,495439724634359
-2,3442779392003312	-2,9569109335636283
-1,7746243385832514	0,8418509167624586
1,3623526055321844	1,1621120548817363
1,1942270822853065	1,1195295687243492
-3,494768714721905	-2,0439715543592887
1,676791518055875	-0,4282047376002961
1,4741061286355612	1,224781974292854
1,028522791946659	-1,2827553335715818
-2,1508260584225254	-2,9589744668568208
1,833870112562283	0,026285826154444
-4,763887488738111	-0,0547812042035192
-3,4301911777509333	-0,3930336184225688
-4,0981356420870645	-2,3722627242055747
-1,2960959532602945	0,9769434476910099
-1,913651503511883	0,3309893000799128
1,39706124973782	-0,2544539279249693
1,8842979446106325	0,0740999437387549
2,7847475799732253	-2,76795599765571
-4,131665897297418	3,12700358246396
1,04597411876408	1,2914658284942069
-1,9755318168735037	0,224170880891826
1,8192072940394466	-0,5748015080242183
1,864461214629047	0,1312707567538361
1,641248559390593	-0,8279754274006781
-1,36333143568725	0,8369480375609202
-2,2328443906367004	-1,2238203266510306
1,341596568080642	-1,444086822588483
-0,7081413117192465	1,8363987924029455
-1,5837640733700844	1,1942675670690788
-1,4714871889336463	0,5375006710890243
-1,4243813723699155	0,7174867565452294
-2,5776219797302624	-2,8641214577575926
-1,5697673668843963	0,7143406473922624
-1,6898968366094391	0,3958722673990853
-0,6335600356466324	1,6931665119642267
-0,6959141575699545	-2,6284288765601698
-0,8126834906095871	1,3713536798785277
-0,9456502679489889	1,7295124507025728
-1,5252904139130936	1,1898694333367734
-1,9748379129073221	-0,9489743041177936
1,6779090755985613	-0,3978001060091662
-0,1372535692856487	-2,8539481913575737
1,1143255309180669	-0,2370586787842727
-0,3988047109370604	-0,9427836590734485
2,6622519426367814	0,7134080316572439
1,0253004551283005	-0,8805489631049085
-0,4214757828341715	1,6909170498043156
1,161506612612396	-1,1388586657566608
1,3826327419270812	0,5375148837835745
-3,292883336535782	-2,9714864215345385
-0,1878974849891044	1,8151231171030369
1,0518222231299013	-0,5106888708273103
-1,7707278883510358	-2,744946734324015
-3,4201936983853267	0,8849879644128201
-1,624242963420944	1,0379081992693093
1,8978222256812924	0,0764479919613503
-1,1822193564008803	1,296070354626636
-4,481441962395628	1,6235820891073662
-0,4184194265846682	1,7733746013826521
-1,2104765403687505	1,5630349466407196
1,2863789288409693	-0,9419489898600931
1,7050667193764166	0,8629744652648591
1,220556893174103	0,2965872902830454
-0,1811620963100496	1,8286960439936963
1,6402258572499306	-0,219857217426472
-3,448790732024733	-2,958349882279449
-2,1719139669174927	-0,7746324521494249
1,9439185945359037	-0,1423356806541028
-1,1850654362127104	-2,2938288369871427
-0,8348153879701495	-3,0355706949338996
-1,204420690754902	1,442558779069181
1,5181619995689286	-0,1979680692284963
2,703337350589338	-0,716808537788202
1,5650649998537922	0,9594071163519418
-1,0340660233161731	1,3232319102637258
-0,8112775029253676	1,6736151689717906
1,2788239712293699	0,2148125731276285
-0,8876337703207035	1,4827006452265534
1,1252906256989643	-0,8869545184422459
-1,966128060039305	-1,7583928410481233
-3,336061414488793	-1,8699462859414175
2,8503874687674453	-0,2006040150030427
-3,858224263834513	-2,353905913524081
-1,083495972120628	0,9462704253100352
-0,4428330961613043	1,8366493342953092
-0,9284010226705429	1,4080661776620236
1,591976403796263	-0,5533661948941208
-3,5500878831201232	-2,55985328651721
-0,5955937743394685	-2,082440833936406
-1,719202734331985	3,0257164446599405
1,4569704249769497	0,8618048188391424
1,1284754288070262	1,127820993105109
-0,3668145454108847	1,6691896090588763
-1,0112654412136326	1,1268833903548663
-3,9023146687722186	-2,875662247446668
-1,854237855550537	-2,4991472840630204
1,1502316658781404	0,77395706776852
-3,002576814715212	-2,36480239448233
-1,3493353747205135	-2,0902781375591637
-1,0769821636882138	1,0889679824225742
1,464688471908088	-0,7840757064094062
-0,7267205954834361	-2,280993179196166
-1,8398533180343204	-2,4354412359230238
-1,356613707375275	1,3002084027775893
-0,6306201859677607	1,4806307708986843
-2,0890766918171635	-0,8801373839748584
-1,4524912437283897	1,1765473311805996
1,5026768630710414	0,0647939082567591
1,6954307978059906	0,490239786921331
-2,55047913728865	-0,6432073249978163
-4,187591471347847	-1,3958543029987556
-1,5703849512273838	0,4685350397415172
-1,3774360705472957	1,0111863920438457
1,879471033616877	-0,0952095728519891
-1,6143506354453665	-2,340481636934819
-3,090148330852133	-1,9378736024425218
-2,6996972690243553	-1,8651241397892475
0,6898202242668426	-0,2384810160843897
-0,8074825684470012	1,6644687231208262
-2,6269691108805446	-2,8489490623136176
-2,4365080244749038	-1,5864205012148158
-1,817845493134187	-2,1288517200922747
-0,2760876929963511	1,8138326206548645
-1,6409938867944756	0,9364404679614472
-1,2410712672187163	1,1844438569866873
-1,9436739586875174	0,3396798486890397
-1,24612281683463	0,9541174912444227
-1,3769530984713239	-2,6185379122154604
-0,3462404576583497	1,7626205941040558
-1,4125209114902515	-2,4925715590376027
1,5854997553027999	1,0411191212721755
1,7520405282041924	0,0200507779718652
1,632056118980288	-0,4474169415202649
1,5512574102129166	-1,0806554754659048
-1,0680123171422329	0,985810383937663
-0,4087020343287096	2,2280958340104755
1,0797711255321545	-0,937844338499822
0,2451705320282798	-1,0441244527057716
-0,1574557271372896	-2,7257162649473123
-0,9734149742345007	1,1792517516545273
-1,831080777962455	0,6997541327272514
1,5792702221552712	-0,4808284320320123
1,1982042020117474	1,8067940219584626
1,6462965098002877	0,444061726597812
-2,97980197222489	-1,679782970258338
1,2481946590378694	-1,2847119416641326
-0,1032628042244375	-2,209115613207187
-0,299877239319193	1,8928953563991202
1,0425229208253026	-1,3703483091250939
-1,8631389627123505	0,4525515859441063
-2,0639438396999763	0,7583221375367004
-3,937627124840184	-2,6307317177903027
1,7868453882748663	0,0384515234002405
1,1946081412559892	-1,3508235782823679
-0,6544907435766502	-0,0741659881279546
1,4209065617864107	-0,3564713157730637
-2,60831528249634	-1,5046520433281456
-1,86998326968031	0,514038995820804
1,6705168856310135	-0,522914382650092
-1,4533476256615117	0,6231505032493537
1,047601775495452	-1,274975979522344
1,339574044121895	0,5833528859809249
1,0280137044056834	-1,207373760358169
-1,8609693721317901	-0,8115420974129047
-1,3942087214684917	0,7837574583986106
1,7986126296680587	0,6081607699114323
-1,8283578727434564	-2,328850372801244
-0,6244736601596322	-2,6855225326028855
-2,6392224082944145	-2,029305311380812
-0,4568658793183361	-2,9615071384830145
-1,218069150757338	1,200518070124442
-1,529969571567117	-1,3987821760483663
0,148571848790823	-2,313834944764396
-1,5207435994145728	0,530615906386227
-2,020379553584315	-1,7392567166149884
1,8171227761216657	0,298930088561194
-0,9445845607007671	1,6563028379124387
1,7268854131725826	-0,2792608911633476
-0,474905454627921	1,7226855650103698
1,04852581694488	-0,2461601114405447
-0,3662234953917597	1,751497642209861
-0,4368511339917056	1,9261055575421928
-1,5767049563186117	0,6851401568095148
-0,2041967947626155	-2,67552567928962
-3,1773373812287478	-1,7405598120642085
-1,474685872322992	-0,5809356318323098
1,3219166341857354	-0,7184612271466297
-1,4802227961055254	-1,7219404362928854
-1,3828129588864213	-2,8959538597219394
-2,097833758496419	-1,3044046339951159
-1,3075336486880649	-2,600365377772687
-0,906229911159998	1,4945308280924596
-2,9083062913307125	-2,8760718389390902
-0,8625021995872918	1,2552668759705323
1,3917564998134748	0,9371788750119305
1,5569160706746554	0,819294492085308
1,7094547627871406	-0,3517615754160006
0,4027485126405783	-0,2411652876962704
-0,8267736891349908	1,6051305685095936
-2,778750897052293	-2,100461615317246
-1,6108470173525178	0,9931478624978977
1,4147753733130335	-1,0824804061733078
-2,2981364924768464	-2,9023953572943464
-0,2056563382242858	-2,0507433129349777
-0,4229731886943905	1,684403377171849
-1,430225242837035	0,8430197052564112
0,708570992466828	3,3152924302509734
1,1361608741830396	-0,775319374063945
-1,4204043010029876	0,9597911131925787
1,3649063874377427	1,2907332745971716
1,2993853517084095	0,9558629456336322
1,2286462245761078	-1,548318149834237
2,934753028674903	-2,7601175465325714
-1,593252557186922	0,6680473134068425
-0,1087690963391866	-2,5430686382072203
-1,4011792220255121	-1,7480660880195074
-0,817610581566563	-1,9830475167052157
-1,616914465057113	0,4092417124097747
-1,634959902200228	1,0110515863555838
-1,3806182699635348	0,763009641126633
-1,4209972581255401	1,1807906185359074
2,3685075511322733	1,9398105535174919
1,9082285052098285	2,3426671168195687
-1,3651119797319022	0,9194026619250423
-1,9776794459431697	-2,121554947618611
-4,226551186342131	-2,483564218782571
1,164305423599326	-0,415217251019562
-0,5895935261803165	1,5476095865835513
-3,246547145650946	-1,5515573368604278
-1,5137476905574383	1,0243590331584895
-1,7247122184345858	0,8468966643872243
-0,3982662652079967	-2,7863354941937546
-0,9612358839921684	1,5309511160913645
1,1100854485954428	-0,3214641252024887
-3,987759897840875	-0,8258637084535911
1,5863234720383346	-0,4204657005630693
1,9163064039046809	-0,0059170646744264
1,2949053963493982	-1,084113149379252
-1,357143946621624	1,161600819698748
-3,2064481836965975	-1,8644144304308687
-0,6046484382547137	-2,9526694001108753
-2,4784451181085543	-0,871199591004298
-4,4953546765719885	-2,6347567373733356
-4,867652030456706	1,0467655675149738
-1,2336716837904844	1,0974385922109988
-1,0679550939148408	1,058515415075616
-1,0669067296838532	1,5987981499422106
-1,6675825184643962	0,7524540628674287
1,277882855846265	-0,2985669215269906
1,821659736403447	-0,5354072247226696
1,4618918050033844	0,9185685701286856
1,2432378237468633	1,3822738391999392
1,2961402957013053	1,013473020336957
-0,6784280433893318	1,4233493790661371
-2,5315422349482826	3,6937977410876943
-4,098822298645157	-2,7314273956448356
-0,9750193967205044	1,6054448413738043
-0,9439182399202805	1,2531460058860602
-1,6810288882468114	-1,655528884147254
-4,485405653845304	-2,60932419683897
-1,1220975361410088	0,8809679802224621
-0,1501574533410045	1,9585394372589169
1,3787739887602584	-0,2472137918808978
-1,436719974523878	-2,7384162366666938
-1,8262760677917125	0,4767307937824736
-0,7894763900584303	-2,6891253935775277
-1,6119544128570098	0,4352792194758766
1,6482002578993664	-0,4453306376475299
1,7928887481562543	0,6179312407522363
1,211578726274934	-1,2541045464188982
1,4161665464462228	0,1248691054174699
-3,8290640771245266	-1,6710323936927325
-1,6904780368502585	1,0385767059707605
-0,602774517219328	1,713724622036055
1,251267429970647	-0,2333579695532175
1,6954186103420366	-0,7156441953174415
-1,7644706351695172	-0,314800120217494
-3,545088782100501	-1,6275739458470249
-1,9142413306263486	-1,6700850070257016
-3,7990735976542274	-2,7285887805328635
-0,5274892340546214	0,7253148589421949
-2,7574663352670874	2,951022631017967
1,0252751273947744	1,2307945482657587
-1,270633776291117	1,2436409538040136
-1,364437335028596	0,6740230705931837
-1,5257030268591363	0,5516360374421085
0,5504357989769169	-0,554173055074439
-3,3281134719060264	-2,074103103160583
-1,9650331471196467	-1,67608477907277
1,0995053441375706	0,418601522853041
1,2442325273268318	-0,9887771956998315
-0,8595560980678186	1,6567599255330292
-0,912604495357615	1,5137783894526258
-0,9712369145903584	1,5665210637868106
1,0289746040520105	-0,6272438688848421
-1,2110884080540694	-0,4017896160966473
-1,1430288643897693	1,5781842412823894
-1,723223560518519	-1,0896161842408363
1,1812475633179949	1,4938183986554874
-0,5673803904487198	1,7795362543697553
-1,3264804131210746	1,1686607485256348
1,2910230060147736	1,4715964277656555
1,1942639017159125	-0,5470121985406002
-1,0280849814072162	1,705842478672764
1,6749362678462076	0,2412956008425219
1,6590836328772178	0,4768447604169084
-2,9110155851242285	3,8625624843805433
-1,2041014360262996	1,1887377157962726
-3,77368531793807	-2,740438680108972
-0,5884884520648619	1,6418536062813862
1,2057120741215037	0,7158484160833292
-0,1351861461226501	-2,910067477050474
1,8423618513098963	-0,2909547084096378
-1,735524890321632	-2,6464555435873667
-0,5811945423399207	-3,9694518268074956
0,2168774890222721	2,483708918045738
-1,8206382060479054	0,6505716780301799
1,3589828410184548	1,0569777567116285
0,0946868580616815	2,114939240938506
-2,5453860315254664	1,158171676244626
2,634079619220228	-0,9501561678631356
-0,9670067230622552	1,345361961730478
-2,7410647036716256	-2,3285999943673703
1,7024351095203172	-3,9635868964558423
-4,907787686813965	-2,1081039304372315
0,8628827265537377	0,2405076529274064
-1,4377512352635646	-1,2461540307868015
1,9176550187274541	-0,3650934813306618
-1,7687983675380612	-2,201880506511974
-0,6864704492401243	-2,6173991954836096
-0,8076066689178701	1,4419513360660574
1,301176688530166	1,3627997267560579
-1,5354627513056958	-1,860670140238998
1,3936714039010711	-0,6059942227263148
-1,7413767579957145	2,4393247173497326
-0,7002892699992458	1,319340771351888
1,118297479593362	-1,3090883196882994
-0,8835707330079906	-2,5575923780111367
-2,4363936105532384	-2,50882965161428
1,0798206760233633	0,2204542890754152
-1,5515507258251144	1,0526954443393333
1,1782068944075217	1,3821959500109993
-3,1240771743224576	-1,5133998934448183
-1,8315157417389452	-0,820909531697121
-1,6904550489268837	0,4628309537962311
1,0323271878268314	-0,0878816377342139
1,0639949460107683	-1,5439576247712123
1,3914838640067424	-0,0379079694883959
-0,9366074729201872	1,2502340038852
1,5340704167631407	0,962083171947754
-0,8968039428494036	1,5115386920347076
1,1230667619390964	1,6012880902589415
-2,6534014145349123	-1,2600258319399664
-2,9083530827458013	-2,727252372022771
1,2359310916956043	0,5612943943941276
-0,6189470754858305	1,7251307833931107
1,7984682722471534	0,6378256789002067
-3,7367797853316542	-2,7538600473795634
1,1377935065705191	1,4209756231476933
-0,6332726809374202	1,5887681216185294
-3,5471928987333157	-2,456722604735665
-1,2908358851452906	1,2412494409730095
2,4398324559662408	-3,155110277537771
1,6292255534309041	-0,2050012227603423
1,1259541757237743	-0,7917832823771165
1,0750840117411302	0,5080036314727043
-1,5095799213417243	-2,3748051535984502
-0,764972251845068	1,4179177423352605
-3,9050141896610695	-2,5877816735882755
-3,660668666799131	-2,958432279341922
-2,3364367743193526	-1,1866218804960993
1,2021952891617904	-0,7476070003439262
1,0408795179553372	0,0976088374926283
-1,8445332710929372	0,3156108339436212
-0,7389384362035691	1,4323506530437613
1,5375360792567663	-0,6249228223551518
-1,400863304893539	-1,7072917051875203
1,9567519189878446	3,641255618811447
1,2318431149659783	0,8319862168882607
1,1519552316382833	1,0485541677504704
1,1076721155199056	0,3742228915226117
1,1086333822752072	-0,6664261801617012
-0,3909737610341056	-2,2541237700821948
1,5917631086685728	-0,4598849587510661
1,4884829962844637	-0,505524767999874
-1,8707350391653628	-2,2701795208749718
-2,0600933734157354	2,743083603674985
-3,818686162350071	-2,3093496121193455
1,9649462423596749	-0,0799308239826649
-4,74863669340981	0,6873345241905434
-2,660872923505654	-2,050480824052176
-3,78311635140127	-2,6133168561934363
2,432718336279276	2,513572558705695
1,531516334720295	-0,2444619442015139
1,8207883512142646	-0,4491014700604374
-0,2677063362498471	1,9019118983058867
1,0174799367581167	1,3083172625636093
-1,222619646372892	1,0388571257176187
1,7793662802722638	-0,0939009707097209
-0,3909487804600736	1,7563147424336112
1,3752482518092046	-1,3399298758841578
-3,4209748391755412	-2,012903966732228
1,9133754845280795	-0,1260258640654439
-0,7838512450241026	1,3257307859170178
-1,4612248819735052	0,8471698682925308
1,2167035013715664	0,991299520871675
-4,9648971952295735	3,7953337900281268
-1,1463897067876165	-2,9483164145233416
-1,2699106810488336	-3,333965245863368
-1,0176104630308442	1,4566997170671403
1,3264914314082752	-0,5429339097686778
1,0944135153446775	0,7456868565497906
-1,1275403161035098	-1,7650112820703217
-1,1178489102825329	1,5286971302022212
1,0650145862318885	-0,6188975037921151
1,5267267810811251	-1,2447076747994705
-1,3907633291714034	0,8201889784620603
-0,3912807768151704	1,8655407663669754
1,5147503219373037	0,6745063345680008
-2,438379009838654	-2,826494645441432
-0,5678203328616014	1,819226783492067
1,0133068145844037	0,3033050656633364
1,5282473341185265	0,7795514820633342
-1,8720011379521653	-1,0473155542104375
-0,8333235578554737	1,55329541495058
1,330040915107502	-0,5378417732466528
-0,1732277798700141	1,9029729539480302
-2,825011825741588	-2,1684834507329684
1,4880396763404389	-0,6561054235373716
1,1333982044810735	0,2475578463098537
-1,1510852107422413	1,573115866187182
-3,051436857703093	-2,1890915520108445
-0,9579639871043285	1,5948381801528781
-1,1628180436898694	1,017346364890536
-1,131436618402791	1,3247992072588246
-3,5133758192606077	-2,790092459073959
1,7344140143023103	0,6688655645070147
-2,3125208965948865	-0,9337582104180187
-2,6009131413166755	-1,7290323705694521
-2,3145192951908546	-2,038501622218688
-2,074855207773439	-1,2190469164912057
-1,7461317994968377	0,9353460693487414
-0,6510604248962303	1,3673508306964224
-2,782195916152345	-1,7594971150196246
-1,5903429081182738	0,6909269393207432
-1,6371528077129511	-1,6208088344967753
1,1979371648797077	0,8643960372575292
-1,5780649766040076	0,9570078817446126
-2,3357060437734014	-1,0838213012177962
-1,9265764648775552	-1,5417348099038888
1,3286218289331502	-0,6092936652446828
-3,424170931707316	-2,0293030067365847
2,2576565526783945	-1,5698680061447106
1,4817285503887487	0,2748452469203749
-0,9005415220336668	-2,0404275556387654
-0,055909861804825	1,5054225178087992
-1,384971080107254	1,0797956440673246
-2,8027127997751267	-1,4909543127364846
-0,1648342822621087	-2,0426252997210677
-0,4429703390451979	-2,608710136811264
-1,5606673221286993	0,89440759476148
-2,0658760034871197	-2,087452112382969
1,7735563605567513	0,6147593577218029
-0,5828074321329144	1,5324723487169423
-2,6108827097821434	-2,479682143286839
-2,276863612694369	1,7627702098884808
1,3145294720227887	-1,3754118197772156
-2,1096506947279257	-2,2088433606683258
1,0465026046241377	-0,8749435716050447
1,1807203003775437	0,4046796726266836
-1,4926329283499256	1,1256361759787732
-0,8491542671048778	-1,9625398680364834
1,2991899335289196	-0,3537495509126322
1,3125771777971666	1,1438605485418991
-0,874725643442875	1,1908683378312768
-2,084408910949451	-0,4923963374857894
1,5428749018947125	-1,1473401529686613
-1,1589064262971667	1,3716156865666054
-1,8992939615860298	0,4944460702206992
-1,1657408522305084	0,9864505992576361
1,792930642217899	0,713104047527823
1,490940472900741	1,1039541715590229
-4,4492846672004	-3,241645287721455
1,3423619323337461	1,4746526156767965
1,3279116703940925	-3,6064061836939088
-0,6066629564923066	1,7568991750948633
1,163205618999921	0,0286145561499539
-1,6077143842690786	0,515567241613726
-4,43688275036069	2,825430408194797
1,0239127848003435	-0,8862854229399555
-0,4916334069840166	1,700033512643276
-0,8424760189954997	-2,0252642972080386
-3,6770165754713418	-0,7687076203606283
-0,0812646123614487	-2,0904418383862478
-2,0493473524230366	-0,5428237789580643
-4,600889291887728	-2,81943324493746
-1,0318694138939435	-2,9321554509255776
-0,8849819860663373	1,2456124345879256
1,2164692711730631	-0,8315493682065271
-0,3532824964002516	1,7111141678347739
1,6282653412424808	0,7280646941917578
-1,6029280598519073	1,0237526807052109
-1,4281867153369197	1,0961450360074398
-2,9367749386459225	-2,1116637022348552
-3,1968437757309025	-1,4758906083909427
1,150584870366487	1,0766024385602502
1,7823665113853047	0,2002740580619372
-0,6945313621289196	1,4814638945269594
-1,6741127207122304	0,544943186597489
1,9122972212227127	0,388527161029763
-0,4935282518128749	0,8686445275973381
2,3722359097928196	-2,7087612879057095
-1,8807123986924228	-1,6703186023467738
-3,2095831318590418	-1,3031051812873506
-2,278387294120707	3,0863372211728386
-2,006322662294152	-1,495737891145295
-2,9281092458277795	-1,2339347151052045
-1,350212764449725	1,2230012686361666
-3,6479903645011564	-1,720249011081493
-1,5184414079577087	-2,818869044579107
-0,3218794860562123	1,8097009688073677
1,541752983048859	1,152594869649169
1,5908186052268836	0,8737409210177988
-4,538256010028846	-2,9533617675126798
-2,0422040521970355	0,889020722609115
-2,624550845761315	-1,89304032990537
-1,3128307951022617	1,4018288342521976
-2,827089710510554	-1,7437744380711633
-1,7114450054891046	0,3283170503549859
1,0295118036932265	1,6334617270888203
1,267748240421417	-3,851705659372354
1,2824304227123506	-0,9628406210519262
1,3542171005572206	-1,2946180523559985
-1,5040456371334439	1,1143234195691682
-2,961326085687676	-2,6247440303660587
-0,3397907782303884	-1,9733706808236722
-0,4011913279677956	1,7658114031138927
-1,3728342339701676	-1,5423542204081544
-1,6831704390301645	0,8441444891011093
1,0802711360917874	-0,5703891619987669
-0,5855216892518017	-2,93005251517659
1,5804031113588548	0,9012097983128277
-0,7061567134150721	1,4951082183918456
-2,037656376567822	-2,702098852429555
-1,2729022376262797	-2,639591974637629
-1,5641974116180628	1,1066482497937888
-1,8128048876243232	0,2307375192424241
-2,1762473576762678	-2,384972953378317
1,0054667035246396	1,2551861408064096
1,1554106839579208	0,252897022283879
-1,5457658365679956	1,138299487890147
-2,139844396163025	-0,4718419344610022
-1,4113628599413313	0,6230823287519079
1,7403179934724218	-0,1200759677685277
1,3869850343827124	1,2556574512625744
1,2357211622761413	1,233400469313886
-1,7975837521447018	-2,6211422016845947
1,3016800533143773	-0,4263142553240425
-1,6741972441083683	0,6826510137603423
-1,7334879730320292	0,8013081077210563
-1,1844166158334857	1,5314587969742672
-0,9331150330870337	1,4615434785720562
-1,6345140757052041	-2,0161109614138697
-1,6167627371947424	0,9559324661908144
-2,2553950430426903	-1,7696933621493565
-0,762836938903771	1,5161047078644452
-1,2335160746832114	1,2647665551324585
-1,2115990353765955	1,0710110054182005
-1,6368440616687885	0,7487175480654328
0,9181524215480551	-1,9552075201866197
1,5932659180817152	-0,6827705128152746
-1,5798079687771678	2,430098038661464
-0,9609062484518384	1,4764836490118627
-1,0250084411451295	1,2650929553907924
-1,5099611750889461	0,9347326803915785
-2,6866802002489725	-1,1613841573591541
-3,953919876303509	-2,8491118370938953
-3,470330625536636	-2,616549744089245
1,2032406819041883	1,2435440687565644
-1,1072727770711848	1,516122659910884
-4,699418118932578	3,603488077376431
1,394625148044765	-0,4708410281076771
-0,2817537328614768	1,9681477660992606
-3,0044918093686537	-2,1423742139596196
-2,505601340418468	-2,19997089292779
-3,470624462621662	-2,485186197940673
-2,991699419900308	-2,3359406582506734
-1,4446515025624684	-1,5702580322139856
-1,7096745493808068	2,9429699907239537
-1,6543005068914072	1,0554506365287337
-0,0732399509425312	-2,8018127972009954
-2,9945069074212567	-1,7711737865401935
-2,031054563395756	-0,5159412947534253
-0,7433274899623913	3,744530236994197
1,228511148064058	-0,369528794804197
-4,276728174855037	-2,6363987179608417
-0,801791662321794	1,5295041438281896
0,82422566599123	-1,704608658347884
2,738657994980176	0,6781579243459251
1,1684742999375917	-0,238015403014125
-1,8155780489122608	0,3470967814885889
1,7636686446458874	0,3560726850511711
1,5832249182620701	-0,0801444165442058
1,3461375263919688	-0,6946498525320921
1,2240565617682684	0,1190170890009988
1,1885699403189234	-1,078424891837129
-3,9547585258105986	-2,373067478804513
0,947523226526142	-3,1873953892313853
2,0752673026011395	0,9010636248594561
1,2349475886088492	0,58603081989415
1,2408177957405706	-0,1840610282508888
-3,640157197530937	-2,5629013055320526
1,0196069734166209	0,1078539781208343
1,865695590382582	-0,20134797780423
-1,3202103048011717	1,2442599833366303
1,6392881579185588	-0,364111724901961
-0,6404808488716973	1,573334756154992
1,3916122191272813	1,0381590222186023
-2,1903678662546606	-0,4575444303111118
1,8629590462218726	-0,2863795727447749
-1,7498820421001196	0,8145693903408457
-2,135606144296814	-0,3829426696869177
-0,6410184867841608	1,5560467827911402
-0,693322146847359	1,7563204665811858
-3,101960594257719	-1,2684326018647951
-1,6138047889649547	0,7729347079669694
-0,8620198643702449	-2,5191860766370606
2,100673947771118	0,5851780944902195
-2,3104696440437547	-1,7551185456677663
1,5533829358371367	0,161986435645354
1,4761550429440642	1,2315895142494981
1,3543981554425164	0,6207680372335498
-1,0928608067569485	-2,364303299998181
-1,6031960553444802	0,5727950113683146
-1,4010916420734192	0,9682168307044772
-0,4685110963644181	1,728638661538696
-1,5074545338422642	0,8351197329776506
-0,7094769817625567	1,7877672791314057
-2,8951970167331615	-2,6229289707006895
1,8251329785975332	0,228113790181571
-2,045909949241858	-0,3181397320309264
-2,260996450098979	-2,7538442791603774
-1,2512971348221744	0,0681905794941858
2,6381191369957855	-2,0857539106363867
1,557628635462935	0,1281861389549378
1,0338594175903868	1,3442893364047535
1,0914140809323394	-0,0685104046935294
-0,6999479420569253	1,8485206702497545
-1,4974906336527276	0,9456786229799011
-1,5558517628250899	0,7819590663188984
-0,711397308026432	1,3826887650210113
1,2391441836308656	-0,8635745005808875
1,4714611464923455	0,8638352148421613
-3,3859548627197684	-1,657913202678247
1,107921862654008	-1,1736981133255044
-2,5125646762627643	-2,100972399734466
-3,339846462025302	-2,9767428056494416
-1,3854481950446806	1,184864298552465
1,6837007056596878	0,9096793075713046
0,3051961421388175	1,250916602746381
1,4245460605277505	1,0052232413231803
-1,1709829006547412	1,6042445754549521
1,5689253601734037	0,6760241846562719
-3,6759029601568844	-2,8372882767718792
-1,9274805352138331	0,2037151032348922
-0,6273295038465485	0,5603471260858952
-0,3417256964028472	1,7237496974762312
0,294853790873879	0,9313336895880117
1,1043130114135815	1,640176485392892
-2,55810156633812	-1,4249831128809163
-1,9443850361736252	0,3470361232740878
-0,3048508861347997	1,8501669570037897
-1,6183337404467575	0,9614623806024682
-1,6015356712706312	0,6273499626513245
-1,4406127210874677	-2,8262335590831333
1,3220005473821712	1,4758015662187114
-1,3905150636861685	0,7629453208823743
-2,191267243644065	3,828124292458561
-1,2209466818072205	0,97938025973602
-1,3422709004091753	1,2532334514741277
1,2599852272414953	0,2835898944438637
1,9576655281117485	1,5848373264072395
1,5257575736822047	3,154457793887648
-0,8478707777891921	1,2189628264136048
-1,322619925949612	0,7409478049779075
-4,637317900775018	-3,9814303977923413
-0,3470350360016268	1,7657481961514783
-0,9331370195169074	1,0876679442919301
-3,016053074633217	-2,6027439010408484
-2,1308170735963166	-1,6849720738159906
-1,007576786035118	1,0013547768048388
-0,641184129611127	1,5305523441669822
1,8166918948674364	0,8142342768327685
1,0292619795720874	0,4288910169483997
1,7108755119184695	-3,7190956799806725
1,046216017593481	0,0027513124879298
-1,1810774654049765	1,0504284062228768
-1,9287130467759783	-2,309439205279011
-1,9602717322922385	0,1315311485345749
-0,3263434310953806	1,8667378843853109
1,145665062784535	-1,208245441500413
1,2811399833321095	1,3114257739315716
1,1140075039289818	0,6392701398198393
-3,506312345604825	-2,7992357200271036
1,0461180893548057	-3,8235721938383698
-0,6836289120395747	1,8364846195858093
1,7867886353476417	-2,325213176323687
-4,055683951542595	-2,805293697673945
1,6487998751491209	-0,3118057139852205
1,6266339690230711	0,1022848400468166
-2,9857051732851505	-2,1998667811819423
-1,7104291190558445	-1,487606994029139
1,8735224998908087	-0,5277997626880002
1,248245847140671	0,7614237150277849
1,0303686896565405	-1,4467053445809837
-0,7771229766752358	1,5021617364553368
-0,693754720366642	1,7260789644396732
1,8496517453222152	-0,7072562693488994
1,5544107444479278	-0,3818049099525525
-2,9346795476805316	1,4540028846629123
1,424820384838405	0,6383466436403109
-3,0521366435165325	-2,0432974170779543
-0,8514359520056848	1,2983850656991847
-2,845158648800581	-2,0770500442778967
1,4777456935060664	0,3077517632154374
-1,9681070093159074	-0,4439776999668814
-4,822451207551115	1,119564517920843
-2,879573047871346	-2,076525974096585
-1,7909482497180882	0,6369929639691837
-1,7177772522094052	-2,36244335363968
-2,0614100607574106	-2,9877568417495626
-0,2378813900361021	-1,992522119495147
1,5129252139358154	-1,0505629480440515
0,786579707060155	1,747643413178467
1,0205668052197936	1,2947345472856249
-2,657197467827636	-1,7801426934867481
-1,4363979388644301	0,6423764923527566
1,1380804539955973	1,4273147318807515
1,1208973979255323	1,627917901759909
-3,2121522252623507	0,331810504947594
-1,3584985627233497	1,3324192213692572
-1,7661848544090786	-2,380986979604219
-0,3760656970622395	1,6363187506704513
1,9130364793419687	0,5410583582281271
-2,536261524392242	-2,8735314357609596
-3,4692688355886645	-1,858611722594206
-4,304346256131815	-3,575660802964476
-0,2485978770734942	-2,23032512681308
-1,7427658427350585	0,9279907682295893
-0,539114006397773	-2,180908289028804
-1,6860047875423656	-2,093173838864635
1,2699023299051884	0,3336276721338504
-1,3846173015974732	0,7758548673330329
-1,3371476082435847	0,8484730615098796
-3,3459776086398216	-2,9426412619260227
-4,839807213502672	1,8096144840085273
-0,74602279264057	1,806717207420185
-4,1538284278476745	3,856016487155429
-1,584162275308009	0,5427585716500987
-3,8413946655507654	-2,4159313366544284
-4,674103275660422	-2,73677347946402
-0,4506566746228251	1,8339260851212424
1,0457554505973556	-1,0365967629020716
-0,4984290381665062	1,8576757928958978
-2,7554220918241357	-1,598846505638257
2,731293286112822	-2,3949570807152862
-1,6213181429073849	0,9924010243153929
1,6159005753738604	-0,9562695090889874
1,2619445797016775	0,7798558188605554
1,7565714358506348	0,5405668220725337
-1,5286107299309797	0,7126989442142108
-1,359692429853343	1,0090505602342077
1,799296360917735	-0,388919075432511
-2,1799839749436316	-0,4191342285585337
1,2262336065827473	-0,9142714583583584
1,3092984238631007	0,2178331382923159
-0,1366885898051463	3,735340795072652
1,3307515292030372	2,8363884923772247
-3,8713309635569515	1,9356971052467444
-1,4878038656896	0,7078614283692231
-1,8143086179489647	0,2059103645871938
-0,7869749751174073	-2,5636335255982723
1,3150056964549384	-1,094457512935783
-3,3378993553550766	-2,2511080540651274
-3,512114549076006	-2,7335459923717753
1,8433779974467757	0,4999252083436193
-1,7406429291793968	0,8750669442302976
-2,9819963789487827	-1,1876186967205833
-0,2669284188113217	1,7629516072357425
1,0394444679592165	-0,7156481903470687
-1,8052812291019418	-0,8833319123477514
-0,598904762167183	1,480971167166958
0,1811385052751303	3,8449239782418823
-2,9080699370346665	-2,3682703142927637
-3,5790084956980124	-2,25744983042358
-1,0385346855104802	0,9631098325820183
-1,077603202642377	1,34847867042222
-0,6847699671310711	-2,2690428147687873
-4,340572095537443	-2,6926394712115815
-2,2659324640784537	-0,6368304775962031
-1,907753295847474	-1,0944969009686187
-0,8450398340170082	1,5054371735225063
-0,4980760226444981	-2,764880557321059
-1,8137483657805145	0,5824081057074876
-0,8686829522189216	1,1677053513773266
-1,9140315944221649	0,5047873034129302
-0,7351080628672744	-2,016439582414288
-2,545412113879566	3,2469218562525692
-3,766340209475763	-2,179364066109253
-1,4045802377787737	0,830147882420486
-1,7075802221570657	0,7175498333969093
-3,264497673903024	-2,849013069597208
1,3379896273457272	-1,0893486546564288
-2,60559357895501	-1,4781578505236297
1,1866832316676648	1,5313291302217156
-1,6334174654758038	0,8536272286114227
-1,5282496140238429	1,0898149848155019
1,7433535771188802	0,0287128740953436
-4,925040248458769	-2,5918352556977418
1,20505727751683	-0,8712336868790536
-0,8454092474431235	1,782051304097057
1,5699106517705146	0,3992978221399505
-4,401778449014754	-2,9791127990604953
-1,4454250476511499	0,9795172137272236
1,6839730865965867	-0,8512848468251147
2,9469810168609043	-2,5054503666899572
-1,5848962215537914	0,6347802041788894
2,703031190837541	-2,849582548089838
1,5361689537374068	-0,1065749727220622
1,7152599784580351	-1,0037669152596513
-0,6190412305077674	-2,3137426599073407
1,0152700364122809	-0,9829070842871116
-2,5764424298921957	-1,80851736413371
-3,437635261810062	-2,05307012999525
-1,2584933647859917	1,207914957523585
-1,2630505676869817	1,8840837321737687
1,7734676529367364	0,696996253399423
-0,7021496489491319	-3,9106527948909005
-3,3221212283821995	-2,9249006414514716
-1,805701775543958	-1,9966262061333118
-0,9932118876739331	1,3238184830809105
2,0384973816843637	1,4654782471353351
-2,765423274301921	-2,5496117639749465
-0,7759415227759762	-2,0422741903905646
-0,598711197122753	3,70796850326209
-3,258687805394961	-1,2461160865175578
1,6160684402981171	-0,0757166352629643
-0,5066088787935306	-2,7643173716892573
-0,5448136746380299	1,8855406196469042
0,7749103961753299	-0,1840694532471662
-0,603361869055785	-2,5620704786076547
-1,9733898121557027	0,1721518018067084
1,5980284355963863	1,0899260491180514
-4,346699054506685	-2,9289605006067982
1,8425124716932442	-0,5940063843323021
1,0516090521918362	-0,1615176869359681
-2,0293852120737066	-0,4740745614856503
-2,6886987809995033	-1,0009007030902177
-0,7253341084469007	1,737625272859985
1,540624306899959	-0,8267276471104293
1,7699497405643605	0,5257651859790234
1,188975978127623	1,1656232579701316
-3,9731755430915077	-2,461149397602489
1,7094483706879309	0,7315265343222794
-1,9396757503552058	0,3717240123353796
1,3242502233252673	-1,274072932407183
1,7485183685624817	-0,2771768485205711
1,0319374506119137	0,7663551034387015
1,4423032724795597	1,1585419543226574
0,2216931183184147	1,5188022978858315
-0,867789422598389	-1,8990771987290525
-1,660793097735392	0,890545717350265
-1,2654015289853633	1,0258030321512632
1,604320347097938	-1,088485412723411
-0,1308072761358419	-2,0721526304105047
-1,100658949388936	1,1950203432781548
1,8763140448402187	-0,6513369398190663
-0,8726498603922914	1,6771565887454907
-0,6796926991508959	1,618805903653461
1,4887160627218328	-0,7483352546716087
-1,8211846736727777	-3,823276150414263
-0,4284498463586156	1,9507639577920284
-3,8569621899795115	-2,1653416373034844
1,2530688316555048	-1,1633411955264235
-1,7312234795952801	-0,6885630891342929
-1,850083225063303	1,138551508548883
-2,945498208989725	-2,8249755899315296
-0,9921213252196744	1,8811366331438486
1,370457218915484	2,747727365652325
-1,3830997221100654	0,6976956732729493
-0,9316469779544845	-1,9868493466420887
-2,0283993850522917	-2,0665112587662366
-4,104351636353824	-2,6718587715021025
1,2129791255451148	-1,0519655902194958
1,0604336590438581	1,3520129733620765
-3,657514562871726	-2,5554143794512685
-1,6618015739002858	-0,1532974915484737
1,7167085678365357	-2,6745982991268686
1,372092958421014	0,9341640259490634
-0,4418927418174383	3,3890087818851584
-0,5241797213794381	1,634365242517506
1,2284235552666938	-0,9339016222402877
1,2520472239978226	0,2805725954013772
1,5627895286911748	0,8020617569299296
-2,6747076012241213	1,8546074758271105
1,2001235484671033	1,3888176043773162
-0,4588078681523767	-0,9667800493685105
-0,9588759268075236	1,7196731876718598
1,1691378369607586	-0,1502934208293745
-0,5756439531651583	1,572447570252697
-1,5663312731547754	-2,1139731681296787
1,2816634364424337	0,8220798405195002
-2,6153148357506923	-1,71262102338132
-1,3986023063785025	0,9873730873391798
-2,7329111414409706	-1,0112736990834024
-2,6791745890243424	-1,9424547710978737
-4,723818350241157	-2,9371780550189053
1,1661187089377196	-0,0988928088875654
-2,9208416882691437	-2,0811143337590723
-1,1762081290012536	1,0269840779625081
-1,8349321668203982	-2,532048101393157
-1,397924551505727	-2,5847288884262016
-2,762771620740933	-1,3022341089482716
-4,008822616181584	-2,624023092241324
-0,3140333602331632	1,8165361903715507
1,2768005411222485	0,2679826347442487
1,5068783773511056	-0,6367773459629967
0,3068436997454868	1,2916786769170479
-2,8102034064767913	-0,8951679297423647
1,5197304004997179	0,6839133575581596
-1,2138647810433523	0,9667499241219749
-2,2556958669697122	-2,494269921959238
1,4278287967757513	-0,6068391721662236
-1,4448949740612524	1,3225349254365204
-1,642324758211318	0,7977813823877957
-1,4887736585008144	0,7368261357700706
-2,908999749277232	2,7652202485190163
-0,5838101892801377	1,5899777830253523
-2,3687187932788913	-1,9992786222805878
-0,3823244839516349	-2,2051164046642073
-0,8602916547381384	1,4114837321938132
-0,6925695622905652	1,3846523082235436
-2,770914230875133	-1,9827087801868593
1,135681497856772	0,9106742944415842
1,1955050163887782	-0,3014525228702292
-3,618314598106688	-2,9976153964478405
-1,5967529419965643	0,4539403570278514
0,2575489755011294	0,3867432773651669
-3,694700650695791	-2,189962861459506
-2,2828874780706645	-1,3697231073842726
-1,1096792064039602	1,36589277701143
-2,936576517895775	-1,8601169604343368
2,5425124857998314	-3,958107647084142
-2,9802962342770862	-2,155146607895878
-1,987652372863733	-0,8586755145837262
1,4641843578198168	-0,1653980639218047
-2,0839726779273113	-1,5286364996064963
-1,5376114560555263	0,930595493356031
1,307667541454426	1,2508585132265388
-4,668072375804555	-2,760560118288814
-1,2590780058971003	1,26631997237151
-0,5543565780064272	-2,9033688918374114
-3,672171681009382	-1,7528838109930767
-2,5188685537982276	-2,250844884025488
-2,9774613199890716	-1,9905282698947926
-1,917193176462161	-3,11708825453617
-1,0707734799199367	2,253165481320463
-1,7445307489738222	0,2723480029222646
1,2370959328363202	1,250153649486572
1,9022722997502781	-0,5609719882809162
-3,4669823257164376	-2,7253574407887897
1,3608621467662598	1,4292596349876965
-3,2031886912076635	-1,5880983645456195
-1,149507642273257	1,2594777964288248
1,9453299853475867	-0,5243282235704199
-1,5418017215904944	1,0808625291627383
-0,2338435590004302	-2,887073747972096
-1,297322455326574	-2,5689010808863455
-3,479281689761593	-1,710727831122715
-1,0945524892512128	-2,9246909686102276
-0,2677142538218165	-1,4234000000141749
-0,1762164820537651	-2,996320803458991
-4,070663377761541	-2,424737958551642
-0,1122157506909527	-2,1682050552424865
-0,5008918878236888	1,7057736279017632
1,9238960937441965	0,2975584704520755
-1,7250266425296268	0,3804782044100329
-0,8075605223305388	-2,1429449472599793
1,0511587540132112	-0,5665035681085493
1,5949989802503184	0,7090499006350692
-1,7783143949046292	-2,3586962130770788
1,0305366274582108	0,6246164552939356
-1,4948941261548359	0,8799426019543336
1,2914153026486597	-0,4913791985701346
1,2496969958991662	0,7201711238304626
1,6908060053750198	1,0137576392947485
1,1767799957270206	-1,5800208639131479
2,125139765995082	3,0035122208113174
1,0028264311408743	-1,1793796942131975
1,482814425726418	0,7770709966413458
1,8329676068089564	0,5522284843808836
1,9962484207611344	0,0710900868695498
1,4515982608427587	1,3537179324164503
-1,0741960073292496	0,9591635639753656
1,2734175352431072	-1,222476017294688
1,2013597973771937	0,4147063500400454
1,7541800396372325	-0,8736168809816143
-3,8250816565965478	-2,548373917256817
-0,9711693899544863	1,2291837973609856
-2,1583177630219517	-2,5082410396556174
1,289049331035166	-1,1508004314765088
-0,4487802538115693	1,5545968374172467
-3,95550994765021	2,896471609967742
-2,638399092128042	-2,3749618605079004
-2,6800577507510934	0,6017244846642393
-0,56954138224321	1,8029620575711902
-0,7486163237135794	1,6542494104773504
1,6975520927405792	0,9164706649943636
-1,1360223551001116	1,3501085152924936
1,6792068542995557	0,1741874690846866
-0,8768554506390885	1,566451326433774
-0,8808267439452439	1,1263901529441587
-4,517030376224102	0,0390982573202642
1,304993388993235	-1,0991289322954823
-0,6737289714234579	1,68980369713973
-1,97234563449439	0,1491173928085673
1,9258673321045325	-0,1123422994572075
1,5910905687060466	1,0085886889456221
1,3676427098778061	1,0237907066614353
-1,1486847152078976	1,4375541913033314
-0,5034678938818613	1,641236676645895
-0,3835392523199509	1,7345991435128227
-1,6426948066606333	-3,8047795287313417
-3,310882750962767	1,693487222662597
-3,319722033834533	2,9314845581286755
2,687065788314138	2,699172846727961
-1,346959516272971	1,475584583090701
-1,7466880048133477	1,7649211730701224
-1,1225187124567544	1,0661869251192084
-1,8942982631407872	0,3702721489322847
-1,920806655091283	0,4155006807512128
-0,6248379012153993	1,6428021175390428
1,9356789734068143	2,8535823697679366
-0,8460196377378596	0,3969766883695099
1,1688392125489369	-1,028358141983218
-2,1200520251798807	-2,125070107326013
-3,411127204178443	-3,5250735882936772
-3,662000331020028	-2,1283316286902774
-0,4228715561328024	1,6999739841127535
1,1945157968755744	0,3831490594506836
-0,7987269901373287	-2,0245069070362494
-0,5606804966030001	1,8848684996771492
-3,3384517695044558	-2,336603766663988
-1,9706267593271314	0,2984723127980764
1,5702096429573034	0,1970994613980218
-1,7275847548814762	0,9879207395227484
-1,0222607560584684	1,4754977092564365
-0,976066242016131	1,5651580775632108
-3,048541602786492	-2,812096098554216
-2,9405397648677027	-0,6499975837448874
1,4817992447107708	-0,2106904126809274
-1,22788860439522	1,4481437328521678
-4,50942062913909	-0,08622646459938
-1,926002120683872	0,5073465657674693
-1,1112407423630883	1,1706615200660784
-1,599150341892761	1,0025704098009824
-1,4191926299032562	1,1182589100089988
-1,2099390462610948	1,0886225704564825
-1,3198135745647037	0,9834581900315423
-0,8597500964113617	1,7886417383115543
2,0067743233362556	0,2055054907977486
1,7337484162275159	3,5701827748977393
-3,5125868171299017	0,7118648775429296
-0,5670454222808979	1,899615477511952
-0,6898413972043608	-2,089756107016971
-1,1879291257634264	0,9289817658412439
1,1180385782402482	-0,6902315205291515
1,0321657560398414	0,185473880422421
-1,7256881702207314	0,9202249821629187
1,6004666633471323	-0,585295660965666
1,8585227817362675	0,2769782202448713
-0,6428263912785526	1,3912192378343797
-1,0883965249095575	1,3108865473008529
-1,364111409531952	1,3820304369053487
1,1401253515031797	-1,534630187815356
1,444278677032968	-1,0929739885743335
-1,227204457192613	1,9528572662588592
-0,9774682081813316	1,3868711931697735
-1,2216560879340812	0,9242924421476909
-3,279370967958789	-2,9327120825639184
-4,045902698806007	-2,8882797775415066
-2,4083801448787607	-2,1305972816893033
-1,3885911609879598	1,4288697742223564
-1,5030848172550049	0,4989286621426995
-2,134108590431578	-0,1860313670057823
-1,4018896503407334	1,0942671856872836
-1,2160532551494323	1,386324748099792
-3,831036403410339	-1,881740091600458
1,9128134635038414	-0,3523431940807488
1,0268932404368911	-0,7073111925605551
-1,0227859153861663	0,980815162806465
-4,464684309726182	-2,5918388396497276
1,6302045820605535	0,9903074641640152
-2,7265980296021644	-1,544763161184263
-1,012439399698648	1,6375822649380818
-3,250732624936392	-2,966433923740655
1,2361989085538745	-1,3580861817909358
-2,9827300388972335	-1,8354409586111147
-0,6809133831602054	1,7496557283862006
1,8311486635605734	-0,0130872356567636
1,7108520601851849	-0,0656258539677106
-1,2853382581665391	1,2069512574176642
1,0378748797319084	-1,0037365210923344
-0,0039885898286747	-2,3621560690627788
1,1908179721275671	-0,774871131307353
-3,6115290326105467	-2,698679511425571
-1,8287068242672424	0,1774010857203687
-1,6592470679646856	0,6969468633252052
-0,3271057921644394	1,8603669929537703
2,821456354391035	-2,4684410685664044
-0,6710623972813741	1,5651239055340262
-1,2626872873200852	0,743909398195271
0,1702489663485273	-0,5443693620864771
-2,7311593383949786	-2,676281934556672
-2,4134518936950937	-0,9529280187671729
1,3617058248628844	-0,5231652984833397
0,8834069065990714	-1,653767403468379
-1,0830866839075401	1,6509371610293786
-3,048940187097382	-2,541675063061964
0,9826153540736183	3,539176718002711
-0,2172169351459629	1,229497059873904
-0,768908540936604	1,3765878471845234
-0,708785209373398	1,735894292177753
-1,56314762192441	-2,7349747121079284
-1,0086332917400949	1,0771982941900144
-1,4180849979856651	1,206081682906432
1,4889121334121702	1,2732437502563811
1,530189212851202	1,2516156980106974
1,3466610612859025	-0,2179705080295018
-0,4349005214837607	1,6751327701058694
-0,0456708916452538	-2,5306585398887202
1,5500341207978523	0,3228425417682346
1,4137298946964287	0,3595118737633795
-1,1870638896675698	0,9377793680954573
1,3039140350826441	1,5073388911478587
-0,8193959026382356	1,3473669190402422
1,9698194994341836	0,1645503324718511
-1,3202308342178721	1,2004960490654368
-2,5919074567705866	1,78042751836016
-0,3901326835631236	1,8722989742249982
-1,95453360599437	-0,5690361283736959
-0,5883349580867997	1,5036803133465804
-3,153632612134422	-2,6568637556766683
-1,2583548323806344	0,7486726147778164
-0,7942913538943056	1,4788529092321898
-1,0755897691372795	-2,3614158178272295
1,5716696098260607	0,96232365430451
1,8312033526629377	0,5396278484684424
1,258560751069456	-1,5535260393620467
-0,5362968715863228	1,7312063165739553
-0,9271357518884115	1,5600656007424405
-3,441910602493585	-2,111511633597302
-1,3028688478410468	1,1119060122818643
2,9035082914673263	2,9863879476417727
-0,8841540382076908	1,6555274041843115
-1,9796830302970339	0,2685489240342152
-0,2538410128985927	1,8310434861691607
-1,4758078918527544	-2,7289782021005458
-1,9214294596373662	0,1796875718496699
1,1378920191889703	-0,2541628928473642
-4,889043394052366	2,39572475562978
1,6938025893723556	-0,5624325983307039
1,2959573447422978	1,0030236095245955
1,577633860600209	3,077811803513068
-1,5121615464224587	0,8576819683023424
0,817340385936979	1,0321599581257925
-0,7702227229191324	1,5787314745129442
-0,9204988811791142	1,7574182708934663
-2,687464553314248	-2,895159421950405
1,1511980724218096	1,6158699999232922
-0,7479567632787841	1,5059684743838755
-2,8452083304094176	-2,2581657650016034
-4,694805327413142	1,0363347258557014
1,4436791170945102	1,3800846665981332
1,671382632634445	-2,4650950899236572
-2,1985941400930527	-2,1717145532418627
-1,7260462279111304	-2,335801356232777
-4,238272499204557	-2,413471584398436
-4,278281812889381	-2,9252587778014143
-1,6486028715480319	0,4809254687134362
-0,7648040934572135	1,6520984340393423
-0,8157031612865692	-2,660493015021235
1,7970053103282577	1,7427461840169438
-1,179740439782392	1,330697486903967
-4,2645357910464226	-2,8215146066641994
-2,008453640788459	-2,8836606551013078
-1,8731939448574986	0,6124396174885595
-2,1666335197523536	-2,1956421413838765
-3,286062603414694	-1,380858923952135
-0,5116321096809395	1,9333095068846298
-1,1090035546740216	0,9150398346355906
-0,8564148908737821	-2,8071470602717095
-2,2807393086850767	-2,5108168265664075
-0,735699629638507	1,8221054335280003
-0,8161764952982773	1,6072816245858224
-0,5645033379407045	1,565866983187533
-1,011507558225388	1,1536246289242733
-1,037556772062076	1,0901603268096716
1,3851760461037177	1,2571803489989617
-2,082979459786288	-2,717253362804896
1,790993843935975	-0,3510281572010133
1,4862522778806326	-0,8810676931563638
-2,087656927639509	-0,1378460642573553
-0,0843153259320221	-3,399204094115517
-0,7772918930673574	1,365360262408017
-0,9926972854991601	1,1711739358565754
1,351403575766993	0,8127953399504396
-2,0586899279523783	-0,964578340998638
1,1554524106815798	-1,4265153974054965
-1,1679454351300138	0,8646356701216166
-0,6843319753522875	-2,0636830417563177
-1,355224536463102	-1,678246689761099
-1,3496148443382612	1,0356213869337048
1,7051953527310248	0,7200317730293588
-2,036703941238042	-2,8144790752933178
-0,1791680297226989	-2,27694683843718
1,583641983987686	-0,1963189798454403
-2,797073336658677	-1,5609357971809343
1,648513555607223	0,1101991937035465
-0,8753730049162168	1,1499370586232793
-1,3356011175928542	-1,6840803228225503
-1,8655738145609557	-2,3368365472958574
1,4082496991514675	-0,8641267966026731
-1,4059239134288926	3,9346504235918713
-0,9201662600544283	1,501219627848771
-1,8416181456858043	-2,0967310529710796
1,0016379345782553	-1,3296811652850367
-0,1310760837876299	1,8892107402696015
-2,6033881515786996	-2,110313155887216
-3,3216907161521227	-1,429404533277212
-0,6768409198309654	-2,285170667393519
-0,6335130292744794	1,6672424661944842
-0,1864907359692899	1,9700863917076066
-3,4065586447383964	-2,96095198038737
-2,2144073964610325	-2,104442526163816
-2,326330752766234	0,2474692733116203
1,1384299607241721	-1,4999443897614424
1,4992411955573852	0,5532652649114408
-2,544321618623089	-1,073200722866357
1,6726466932958521	0,068926081523473
1,5618091542151573	0,3202578245181074
0,4812384133942451	1,9585793843215338
-1,722533335275997	0,5393055005004805
-0,9208542770854309	1,6781689969532416
-0,9797749728086297	1,0584592833620987
-0,374977388186292	1,7084151601482858
-1,7594424414476695	0,6697442368712688
-0,9554547918744958	1,4817081105110368
1,7052325552068046	-0,4202741474693455
-4,04617031171889	-3,6996888049888597
1,5548678874581856	-1,0292396984430214
-2,4475636131902276	-3,3070841256285393
1,3538949444267403	1,2089200074039645
-3,76935782377052	-2,730699469439527
0,2572874667538083	-3,2852159095371474
1,5177363971675013	-1,058157077269709
-1,4205459817125288	0,6175489547980602
-0,4753185255570863	1,5415981563401218
-0,9671112383851288	1,4858505278835055
-0,6601375642157836	1,5727987919978166
-0,7695435651683161	-2,8065198379831653
-1,2591578565271369	1,4343717730821344
1,559796868846099	0,3307126865122854
1,212849376260718	1,5202896262782062
-2,148446334035042	-1,8101630619561069
-3,960997047965785	0,1350105461002131
-2,0480991754362807	-2,9923353308699436
-2,144241727578962	-2,827637289324512
-0,1565643236403276	-3,497215201566777
-2,9118821707633233	-1,9351877277768006
-1,4813666028934995	0,9383368380438858
-1,383240462384672	0,6919931190132763
-0,6444328709769306	-2,6608575798132383
-3,557273810132634	-2,030812170029491
-1,8406784286102933	0,7700184720836607
-2,3467048231532246	-2,6165665120956154
-1,878227467044674	-2,160325775761694
1,1827072775264766	-0,6424302107979063
-0,32225447108066	1,6778028019066957
-2,269609652284831	-0,4209787170921234
1,490534859958678	-0,3886768322791978
-1,571042228797241	0,6686825543192251
-2,8340543535600826	-2,685554389178127
-1,8188352961972374	0,3291123413750509
1,2953666733561766	-1,3710078062963247
-2,0143060402183544	-0,071348090305181
-0,5024422613326114	-2,025028559383072
1,870032595985319	3,165697738955175
-2,6171232911671476	-1,0229218632349633
-2,095457145192905	-0,1204563498496777
-0,0275632611129865	-0,4928757420580089
-0,2911752038616297	-2,2340638849245615
-0,7351814443724184	1,3167649563149926
1,5407906180224762	0,4730053625571758
-1,8112715425878323	-2,3954569239971257
-0,9919669730755643	1,7036214254657516
-3,4632719546398705	-2,35347681744253
-0,5085732847138016	-1,977914875744443
-1,7762798059094878	0,409362227470798
-0,1229646029148703	1,8961902140171993
1,2191719948158264	-0,5983959977846219
-1,498310635424239	0,7487179450159527
-0,8674375738442834	1,141770921785509
-0,962762351209633	1,052110628235927
-1,8794960732017696	0,4609934181667869
1,1408504891273687	-1,3667861074341814
1,4222841188637825	1,2292594638077885
1,5978598519752263	1,1699350453337487
-0,4267086191913915	-2,2230211649367795
-1,5021434271617746	0,7606753221362146
-0,3701996808188738	1,9083961842288866
1,3421262892949184	-1,0332633979114936
1,0602696461446968	-1,3821057233989742
-1,643593177343021	-2,483186046222639
-0,9625707762915301	1,1240267233018695
-1,7582023286495199	0,3978246985673708
-1,5843876903266478	0,6746504822646326
1,087914073661035	0,2957052777749675
-1,8062213755452388	0,4319272460940036
-0,8326886755774543	1,2345269356658446
-1,8947952467159133	0,2391134621351355
-0,7241064594385417	1,6427055799679646
1,1617363149788762	-0,6114354276119688
1,4613886879461044	-0,1430841331387493
-2,6512170353410696	-2,275489189261671
-1,786383661645027	0,6732115629374292
-1,4720792769213402	1,2810885123884348
1,2223279180755395	-1,432221581250794
-0,7095874593945812	1,6306471350602798
-0,3299500300651674	1,7701706000924946
1,60407016679402	-0,4295963985259383
-1,8702879201193472	-2,442103787336262
1,0210430154324892	1,2894924739072464
-1,279288387816256	-2,973594121313682
-2,7783283633650604	2,526675174692235
-2,9008633878556096	-1,5293293889215596
-1,8622812104277116	-2,454732001814037
-1,2111001362422837	1,4795181045635724
-1,7803780783398007	0,467116554423997
-1,8797862777217331	-1,3334520862710015
-3,9766414234367033	3,485815230125713
-0,9761165407980272	1,201408602462362
1,85805567871461	0,29584357938548
-4,208585874907679	-3,1253641038233497
-1,662045987090712	0,5520004116975287
-0,7383789763436486	1,8305980358027223
1,9518988706360878	-0,1208374514761056
-2,8561908989802527	-1,079828223621099
1,702919413179369	0,1165563838398038
1,8785308546886768	0,6570296930093459
1,148753450329771	1,0297195433368544
-2,413895014919266	-0,9594470322335159
1,7024999333961184	0,4386099083439314
-3,70169432299013	-2,4036655635623068
1,0757412168240195	-1,3749745222720378
-0,4739618866563819	1,5403289819100667
-1,0212836424161456	1,0229169987821751
-3,4586987742305513	1,7569957652232309
-1,3864410014306252	1,4393453909199256
1,7489605205569918	-0,3819357569358428
-1,895202209331683	0,1644664021715734
1,7007545824891621	-0,0827568697841469
-1,2840890997725434	-2,1072316039111425
-3,8614158720111607	-2,6758543462236415
2,2564531388875264	1,6980825911947428
-0,6398106064515391	-2,9149289879252387
1,6596837124376451	0,5827918466875023
1,1750932855516956	0,57428760451936
-1,3322529312575297	1,3744709036780096
-0,4612952087931548	1,807911999628252
-1,6752240737017616	-2,894713413984368
1,1534665722280972	0,5697750937449386
1,1677281841756084	-1,4064232665999874
-1,8096764791315518	0,8214505372041115
-0,1853949888602279	1,934455214543931
-3,827555653019938	-2,783976585053372
-0,7769566620165169	1,321426611895594
-4,093837988758906	-2,1311142954215025
-1,543650741917078	0,9264023160558515
1,1860690869404182	-1,4874700753380512
0,5911829262825482	-2,425809704735821
-3,663150956970664	-2,1881022305582896
-0,7262644646783386	1,5389691543754123
-1,143287632737095	-1,9077794025995694
1,2033502283265007	0,3786042718907232
-1,0623028481618508	2,4563085020302813
-4,7788182672463355	1,382595833624029
-1,0901149333733282	1,2587323675103823
-1,255515325340101	-1,735151478714541
2,8302450105811614	3,1317628532276967
1,0819036117398408	0,6361626627124247
1,8624555840609769	-0,2309481978553115
-4,27267495589406	-2,3187763359557403
1,7718270327079413	0,8783230734752128
1,4228196437196772	0,9828977010985394
1,6581676789895434	1,0523670046641422
-2,8492500800194973	-2,038961569540997
-1,9045882475165923	0,4841941451082445
-0,7314401065669179	-2,959832292129827
-1,5287149918650509	0,5579917293540559
-2,3456355072255994	-0,8553187758237115
-1,3963872368435741	-0,9406091297917406
1,1670821147714336	-0,1010998468410471
0,5900751578992662	-3,5639911644421645
-1,5394160466894795	0,9273476986900167
-1,7483359740635303	0,9426056861676634
1,4955048963767827	1,2080265172148152
-2,4555125362791066	-2,3180925682862883
-0,766037440966268	1,2485458888191692
-2,439581563473912	-0,5054448157756821
-1,9693362134195476	-2,2268588953447637
1,514228119360657	-0,856606769629026
1,84542969147216	-0,5300604578356463
-1,7108749523340685	0,5941576083695159
1,2643136486027124	-0,2248252208680036
-1,1541847903283955	1,1760235047391285
-1,4758822714735091	0,5709322897903352
-0,4452634733481027	1,8214197668593057
-0,6100752285291701	-2,4856402933968322
1,0029220375993757	1,326715042564147
-4,15992226419464	-2,192575497246546
1,9917764109444422	0,0354507954214074
1,85401368815505	-0,9125394244384116
-1,9108032742705552	-2,3417787827145515
-1,0056364952062378	1,5971511798569473
1,8431009055433862	0,1250077781108458
-1,8233304945409663	0,6818550006921675
0,972205019395192	0,1957432742374116
1,854151834999557	-0,4314852858200248
-1,4548898411312514	-2,8258568276043183
-1,260036611092606	1,3323546380201408
-1,0707485323314712	-1,8069422181490487
-1,2098415318950346	1,4404819467743004
-0,676329967647335	1,5108862884673124
1,729127536964418	0,6072365587143672
1,6034207644689678	-0,5989772450551504
-0,8703780187189134	1,149336828650997
-3,550872017990474	-2,022589517183058
-3,456028948306306	-2,8948585208051476
-3,412915045353873	-2,3240536024520972
-1,2544440923731752	1,23852929255374
-2,9992136620980427	-2,6880659820245016
-0,6930307106119736	1,669348737914052
-1,7846452326930557	-1,9275371970172446
-1,5324565481037915	1,0970593531556596
-1,127374607404004	1,3376070572175904
1,0191485055593668	-0,3974628835553375
-1,7982879995069294	0,256737573266455
1,4359511260941815	0,3758138325503173
-0,9068961074498519	1,1046864545214579
1,5708287878016245	-0,9626247599616761
1,2721180704354564	-1,1241473345792645
1,2987693741237276	1,1299470287507494
1,2115517763927612	-0,7186445067729541
-3,594195530250439	3,7150587892438254
-0,8722247507711235	1,526102747880293
1,8737106862848805	-0,5886547351180711
-2,2437869721654717	-2,407778259144086
1,676114086430163	-0,3389603665971805
-1,3452096399824724	0,8848645263750662
-1,844932779541149	-1,806062725583108
-2,4881995299421154	-1,6618017637965612
1,5225563556823993	0,1017936282015761
1,2773523254973758	0,9162871762844255
-1,4415712680888175	-1,9559121356679743
-4,944489321341731	1,6745792983026089
-2,9904430676992027	-1,0084067049560916
-2,5708285583496786	-2,398073130662052
1,4281713845473871	-0,0080866547005076
-0,142830588385926	-2,437824292364068
1,500328164384175	-0,4051890434316638
-0,2245065532865932	-2,633241694810909
-2,7616632628151843	-1,0193069790580265
-4,082829860455112	3,6644947439137665
-3,2250405384072156	-2,4775235084749414
-0,9296662596294938	-2,917514887591981
-1,386626853608266	1,2720445710986752
-0,1839827153837281	2,067094531482536
-1,6640354176077192	1,027410980890659
-0,6700796087430897	-2,669645970682814
-1,5740078832297644	0,7698269993230124
1,4481273880449348	0,9715499167551018
-0,5914553563956999	1,7996460937473122
1,0798905486412744	-1,2029738758277695
-3,905108941594403	-3,6134019674664843
1,0892550813910478	-0,9479603074573353
-2,8919079034433617	-1,6528286612521166
-0,7779348757655863	-2,094204880038676
-0,814546328608094	-2,65271269002219
-3,0272208615004708	-2,0957492998520686
-2,8448707515356375	-1,2397402289721007
-1,626088340289884	-1,6825186284756732
1,0634148416427496	-0,5189232858213191
0,3561266953802886	1,3505158793146577
-3,7451643588818593	-3,905122660386216
-2,4968373500212153	-2,0396020323501993
1,1054416148759922	0,7106470441042627
1,168473188664733	0,8773918795909086
1,1150610009093298	0,6431549698978923
-0,7958496862132193	1,4068505260243573
-3,082152791707555	-1,2558062694979673
1,6617889132541577	-0,1043318596724858
-2,9441333935116707	-1,7050817507712512
1,7686758092828074	-0,5833437340286711
-1,7192045510875378	0,7271479639706024
1,531261899603998	-1,1351723953466526
-1,902889793615033	0,5697919476313096
-3,349064423133173	-1,4712421381954228
-0,6598402925249381	-2,6170428352761017
-2,8507035810941788	3,59154931442536
2,1003974785415807	-0,02951353988701
-1,016648015713303	1,009774793310157
1,1955438278005532	0,031504657906762
1,3569042548609838	0,3240217553664845
-0,3221235988838111	-2,063074990273654
-2,826444369619782	-2,7624719709124625
-1,0859739306124947	1,3047149790822774
1,0567301741257196	1,1816570683970897
-1,5967988741367556	-3,6965653397227314
-1,7587444448177871	0,4309543951500787
-1,150532418643988	1,5204101739861335
1,3658092213266222	0,9388273372685698
-0,6955462812280511	1,5812643552557062
1,0360089760947624	-0,7864925650374271
-4,344680939679882	-2,473650472764576
-1,218721388772202	1,3260338898982018
1,2764213974623027	-0,4611714699115097
1,020201860932296	-1,1698075870105176
-0,527784811858022	-2,5801359674530144
-0,64059583033007	-2,6850898427509784
-3,588163487791695	-1,95911154016451
-1,2891700645301278	1,118605314674472
-2,9965801094716396	-2,600363719642867
-1,1634562075313704	1,5380591875331255
-1,624895763418774	0,8190989693793228
-1,7020055808229175	-2,200838708190262
1,1476790176166851	0,4859177083893342
-1,6986775213317529	0,8283420743495793
-1,4181582435996314	1,3754571604596062
-0,8569249177512168	1,795558681949283
1,3109427389171855	-0,1254691657720443
-3,9555751684044282	-2,0051895495180663
-1,8682959256785674	-1,8309744166129889
-2,96196849893568	-1,1436925073620285
-1,0005091034903315	1,264667503749151
1,4071732897390907	-0,3517026134997644
-2,7698010101234662	-2,324121826723226
-1,4992387822752593	0,8469386498291823
-3,133647104474516	-2,366665349766041
-0,8972941860589134	1,6581679943480943
-2,9743779821691865	-1,2525439962499503
-4,4790736115282	0,0150067716776119
1,5519845190597337	-0,2288068973778293
-2,8001338374696862	-1,7472659378543525
-1,1084358018657452	1,0639072001677987
1,5515562251578818	-1,0377169816154344
1,1948610522501544	0,7146069888371852
1,333267739950506	0,225884198523093
1,2865185991179013	1,0082149503196225
-2,5877579604791507	-2,203144134926092
1,867707304093738	3,2327332844726087
1,471787175414652	0,0472742132482259
-1,0785259959729472	1,5240403309187815
1,2044425819955993	0,4216170902963311
-1,2107741769358196	2,9821905969444593
1,3702710337989497	0,2292195682967941
-2,3097917468317197	-2,902624643411754
-1,0786423395636122	1,2414922746555659
-2,0643689488810475	-2,5677723342693635
-1,6022788567748418	1,001024324162227
2,139536839220142	-3,0871601866232696
1,1725512260662792	-0,6938474231471959
1,15541228445466	-3,4101762042291934
1,7501120993802743	-0,592576793528049
-3,374187057635912	-0,1193682376816079
1,144793690431949	1,397502544566984
-1,5250274588814325	1,1252219770462033
-0,7505479002527322	1,4755449417382338
0,7223107852834886	-1,9453393208403025
-0,5280791515994078	1,7410312907206413
-1,3086613830180758	0,759417468317077
-3,712969533056292	-1,899937326617733
1,8762944972374134	0,084688415542134
-0,3830982585939312	1,957203994222768
-0,4724867483729528	-2,4708463163659076
-1,5965045993838776	-3,6653469536339527
1,5440220633529047	0,0983541585863689
-1,7254776607001294	0,9820115139414226
2,637713218413891	2,1922160221760776
-1,5281690764185956	-2,022298119906234
-0,7766518158522078	1,6771824559185808
1,2232367969958209	-0,29068575993847
1,235370572095924	0,3983140860255506
-2,203073709006503	-1,826380896271289
-0,031937663839722	0,829153962676252
-1,9141211541675263	0,4897791329777041
1,1930916413879786	0,0704023492403932
1,6690760198765202	-0,1430379095801791
-3,5446013711643243	-2,0805212008363387
1,254614890552466	0,9522498663633354
-0,2557692903065909	1,822067371063795
1,4606116204346546	-1,1026337905026289
-1,3483529022610727	-0,2727006012830094
-0,1236567882653629	1,920843570280769
-3,291882043223918	0,892680777044681
-0,9011485532592453	1,1451937862840111
-2,8250958567582476	-1,7476726334715265
1,760525510392568	-0,2339078904663311
-0,936631296076617	1,3537091972271198
-1,2934301430105846	0,2350169731965623
1,8282648329174809	-0,3572581196957439
-2,551536227481729	-0,6162173367956271
-1,583914331599741	0,7607900936207685
-1,1895251070639592	1,4858766285716505
1,380233580628226	0,3303586190726228
-0,2722400257438793	-1,5187952988861002
-1,7119141705782663	0,7020604081265002
1,3308849670878948	0,0977725424067956
1,4046668152161648	-1,187309332255043
-0,2437941050056989	1,9651395023804867
-1,5104439482658383	0,961906129760888
-2,7400093340884504	-2,1501887486960487
-1,5052597089221038	1,13122011203945
-1,4967050651740674	1,0308141862315612
1,4259220325480713	0,3178584570683414
-1,1701263203032255	1,1895010756959508
1,1580231392272113	-1,2478067072077228
-1,041505841784772	1,1360797131787337
1,7205093683204038	-0,7620471053929689
-4,2902186141239245	-2,9527236025326413
1,1996699164907418	1,375347228179326
1,9394732096172196	0,4046559077356877
-1,4251949888728395	-3,7990881821547315
-1,2912277610621978	-2,2913924801766923
-0,5465044979309276	1,4951130583847014
-3,9673729699471214	-2,479235044713778
-1,1110301026060847	0,96820964267659
0,5789664975103209	-3,966967238897211
-3,42822887457838	-3,2154645243636955
-3,475643408724152	-2,519505737638384
1,0706034057856928	-0,1825394045128906
1,8450979076392766	-0,4081468787270767
-0,6276181214445413	1,874022141518327
-1,3936320513571845	-2,601397349095379
-4,165947101502559	-2,422619835724573
-2,2942230936505323	-1,4331697714129692
1,259511138728886	0,0569685892993378
-1,6297730189647688	0,8066469451896978
1,6509472314442721	0,286925029824004
-0,8373017870483369	1,5259617104289207
1,343062272066549	-0,1524568734600162
1,5278964371400843	0,8927820624743568
-1,85103214136334	0,4220770503929042
1,7626249729660763	-0,3739826536927239
-1,3562093610944	-2,4492619509144764
-3,537657567172141	-1,8048145712500325
-1,7790088584579369	0,716968545342708
-1,5612105160998095	1,2132878985597433
-1,733745659319445	0,6653036033714712
1,4191764009903503	1,3122464139190977
1,6214267078039688	0,981362085747916
-1,7938628292487617	-2,5734751671413743
-1,367083593508292	1,151455583747257
1,608503850435707	0,9622653845031065
-1,1035027211266506	1,0252952316203623
-2,3036035187656423	-0,9432287219916062
-1,6827181816046084	-1,4175719527608133
-4,829340320041785	-1,7042975696786944
-1,2591199581402495	-1,8845809374845557
-1,7498791526979796	0,6241039164312874
1,1076327142205302	1,4861393913982344
-2,1868245396672927	-2,955684361961451
1,1711864148639513	0,9197754190168365
-0,3703275639551477	1,634632514947615
-0,7344157375641928	-2,0335384024189596
-3,332904981888424	-1,5995619767111808
-1,402958076670152	0,7889411123077528
-1,0016843329374778	1,4407591113744707
-0,229426540678311	-2,232797097983941
-2,1502973793671165	-2,6134534927386253
1,2089048426852385	1,4742788346822275
-0,734467275565497	1,5751879086726297
1,5668568907513525	-0,2731133129303662
-3,205007018873547	-2,6863094892931505
1,5113769127713657	-1,4555435313830625
-2,3468149656528032	-2,5787412803019016
-1,8512688562395567	0,8952846253885679
-2,0325297505226434	-0,4711522064042158
-0,6529518256096665	-2,7067858590781824
1,4636232006838334	-0,049577894536729
1,7913491970334008	-0,8299928234437373
-1,3947802242449043	-2,9650558035223726
1,1860993363216705	-0,7152220820712467
-1,5931918263620901	-2,0403138028270593
-3,812056310639035	-2,474325320908723
-1,5767139269730437	-2,9937592818865864
1,3218760519382617	-2,0825105516276623
-1,3635026708135192	1,2690066129894648
1,2418890181397375	0,8596708540046885
1,701226192984695	-0,8483948671494662
-1,8994762256653408	-1,0663518742740083
-2,2612341024505804	1,461266247660704
1,111283663070643	-0,678750854008382
-2,330763057059298	-1,4527030555672176
-0,0327081465226968	-2,346924799154491
1,8523224386434518	0,6177860022976996
-3,290002619838842	1,419942970588147
-2,7422297738635137	-1,8373896606789
-4,535311898204367	-2,8615934248974737
-0,1706894288948395	-1,9584511726313845
-0,9830893577367529	1,0853060504802312
-1,9714937286115537	0,0671140614902778
-0,9241565421888579	-2,577818902037376
-2,01991652851779	-1,8475099339392334
0,6931775447781813	-2,233094579553587
0,9295917103699355	3,956901630454792
1,2491446501307182	-0,8500316676626046
-1,2905977690143788	1,2063393358938783
-3,6182292336760558	-1,3289607588747319
1,4491371359990215	0,8805386552327852
0,7409451929657334	-3,194987501690824
-0,4198685059321308	3,495524826342204
-0,418463489852626	1,6772243080469575
-0,2413892754153847	1,868413781266681
-0,9804940639989356	1,6909563926370952
-3,2836602008988764	-2,4368380849263658
-3,8602146030172775	-2,7142545327577072
-2,7305415094880208	-0,8214480730118118
1,0210699673672532	-1,5498592419340045
1,674542031379472	-0,8559919417370794
1,7098354417000818	2,927442010468921
-1,6586245415146732	0,8082372422347679
-2,646755923278376	-2,358489066724025
1,7016085954080893	1,048520918565214
-1,848840211567568	-0,9465605620496029
0,2683742037527997	3,8386697801635763
1,1136592338963212	0,0711703921500769
-1,2981374291646859	0,9668257520929684
1,697945333031301	1,5842136388867134
-1,283511672758349	-2,5637843271136527
1,714371400357234	-0,271053237947535
-0,379024081067487	1,9474150435179354
-0,8013801438361231	1,2217672505645538
-1,4357146639965446	0,9770076804571433
-0,9292442902259054	1,632419757922996
-1,2878824847701877	-2,434211421863889
-3,9837746740915874	-2,998187638971494
1,8792080704306948	-0,1590681538577304
-2,220234002659695	-1,6988433504762972
0,0972277302859402	-1,8496936830849813
1,4786016796238384	0,3379485252844535
-1,587250956523902	0,5823254288041864
-0,0262088541583781	-2,3153912355941797
-2,6768725932821242	-2,352640600143898
1,2809317523064432	0,0743098316616246
-2,5509503763923806	-1,5893091154575476
-0,275791027490926	-2,921206573185575
-1,1115567561751125	-2,302199533080543
-0,7656353888752335	1,6202163782798127
-3,458748731147828	2,0497570481434284
1,7498699857320048	-0,5568606979679708
-1,5097878748893678	-0,5565982145318493
-0,8286372965702103	1,5220238193913254
-2,7295162980328396	-2,8783238573590455
-2,0025952311962496	-0,0894575017143754
-0,1450218372727798	-2,6665644741185
-3,1556000209669515	-2,092366301785035
1,5274709895044032	0,0719774629424486
-0,3959416131172002	-2,231145115097494
-0,467848507227461	1,8879042140916473
-3,9350349911967926	0,3136265489630039
-0,3812260076540765	-2,802949335118985
-2,5748004537488884	-2,0349714922948476
-1,1408254565283498	1,2257806547557695
1,0829231811493223	-0,8688077549916464
1,386850194456874	1,2819187074884868
-0,656066768681384	1,3946811236687908
1,857543835885726	-0,4130075628127244
-1,6564209573277173	0,907603664100741
-0,8884771818943166	-2,2992059527643782
-1,7002944860821276	0,324685682789248
-1,5150793712195019	0,7446285280685748
1,115476446970682	-0,0832134540785224
-4,041629901083262	-2,9062892951041004
-0,7406562243045448	-1,906649600083183
2,095299560674212	3,300111761501107
1,5521104535054104	1,2058582127662358
-2,077259667415693	-0,6048412232361567
-1,9484114696863168	-2,569090827987008
-1,7119265948776017	0,9656771684846255
-0,562965190107656	1,4895320702475274
-2,0623170382036267	-2,1884347974290854
1,616125795151686	-1,1098803743072978
-0,5082524658112068	1,683897988880148
1,622081134420842	-0,6942702978965064
1,06522595630012	-1,55611498187631
-1,7474863243992549	0,8462394429234712
-1,787323833871581	0,6807729520883397
-2,992166140943049	-1,3030454475428388
-1,043977133616107	-2,08743586701139
-2,8863995712104646	-1,326710627830606
1,3250269661373988	-0,1515532663231803
-1,8972244879464075	-1,9348860640502903
1,211991383458884	0,5995084794308166
-2,9356919615041406	2,674762963589982
1,322912338179501	0,8258369672254987
-1,9326096358131217	-2,25379277528938
-1,0033804841658518	-1,7630857098418078
-4,415773305398264	-2,692177843642152
-1,177157746207617	1,5175456846072843
-1,921278054277412	0,1447174891396839
1,1631176799355354	0,3320681568190778
-2,0026415387333203	-1,3391190575051306
1,5391398315550056	1,0456091102601848
-1,5192516015613313	0,7362134139177753
-1,213955954543974	-1,6103104299258166
1,4704214480590108	-0,1984981138821479
1,2610312173854357	1,0557665373785832
1,6953846030680484	-0,9971719612321863
-1,7994335461260538	-2,1976559160661866
2,46674894293218	-3,074798052135557
2,588860335692709	-1,3793470664330545
-3,352497986240902	2,15795466317652
-0,1165629532335239	-2,8971948369011007
-1,4795070002182586	1,1515220717952683
-0,5700065357985321	1,8346000915632554
1,613985738048324	-0,6896186537486905
1,1110005596407806	-1,2261629761256592
1,564837745749256	0,1514495136078781
-1,3130141435620393	1,495851948416786
1,4655539346064823	0,4532950802419606
-2,0875290629488963	-1,3294726706818365
1,565097123735221	-0,1576771334991353
-0,8149824938700531	-2,2965671266369903
-2,8864289666144964	-1,8432412522144175
-1,960138008454751	-2,900127715074955
-2,551805015708748	-2,187970824632384
-0,5755353657733819	-2,9042670571995717
-2,6458587226144945	-2,717575661045284
1,9878622020480439	0,0175364873655812
-2,0837572079171602	-2,147432155899372
-1,9749742408159914	0,25598270123973
-0,459218035707243	1,8054221285933796
-0,9937005809120566	-2,7902425121045304
1,5411767256549704	0,2731506144252795
-1,6276038386984084	-1,9370611587023447
-3,665872719676896	-2,261186220652598
1,8545592541059208	-0,4966686484132369
-3,2048701993766233	-2,594671472149839
-2,718374022232404	-1,8802114865774082
-1,0957161138751397	-1,6930778578869772
-0,3910896421528766	1,8557579130477875
-2,0207228852308043	-1,6707681021241685
-2,818945549722592	-3,571713116497479
-0,5783211869757352	1,6170870126713925
-0,7228447859881363	1,3067624941596683
-4,042945272380753	-2,9807977870146556
1,0767840590704827	-0,7039809817894231
1,0371959275268767	-0,6252335077470367
-1,4626709300048937	1,3059200053908309
-2,2480002797470444	-2,8894051230241065
-0,9011458677161893	1,2864532915930122
1,702428815187612	0,32619537290008
-3,1036392996062716	-1,4768820627127444
-1,5638426020080956	-1,4885460733022082
-1,2275335851821207	1,548021538710572
-0,9629139003278153	1,6097100509677311
-1,4358595899740823	0,834419579089099
0,3579840953361794	1,4507678263093142
1,0290478357420674	0,5837676515980337
-1,2280835447443592	1,0265886970520484
-0,5070009670087589	1,71325771613209
-3,863907658978997	-2,6321770094217576
-1,494122818698566	-2,284178486479825
-1,845715534783476	0,7044323917840126
1,4775743319944712	-0,6170178855085876
-1,0373978764331593	-2,7923446650456603
-4,142309565974783	2,0297103865577
1,6320789054366573	1,0199333392402408
1,1749640125083132	0,7504676066867337
1,2634356938002758	-0,0109854580464908
-3,6674676541189246	-1,8001602071368583
1,3886263003019175	1,2600141007925671
-1,5622229082509693	-2,9024022473657234
-3,0738256773916195	-0,2518058560056377
-1,9090763114389697	0,4079781618951323
1,2758876399579813	1,4671054875199216
0,9870387307455546	3,9275164843393586
-3,405179609941886	-2,854762783507534
-3,9296598252515307	-2,8215800577571044
-1,321073634757153	1,1002621471210183
-3,2265215311768545	3,2093814817308983
-2,771744322599639	-1,0159287583055594
1,1583803718246877	0,4759006314333989
1,1947255052747283	0,9454246786891921
-4,046088510922144	-3,8359394803531934
-2,0994950177727043	3,944588695207747
2,5332632532483936	2,954557580638986
-0,603705570542897	-2,518467989183321
0,9866384722954887	3,5410395655900166
-1,3487138460312766	0,950701593853898
-1,086005310743693	1,5289756875053735
1,0769047579056639	1,2331280475670834
-2,6233615835863375	-2,40754574519658
-1,7452707109033103	0,7013578269244948
-0,467338231062521	1,6720741681611515
1,0985023585215625	1,489952942667665
-0,7691325459271191	-2,53747975100605
-4,247292369567093	-2,6361646533218535
-1,6271574788030314	-1,4594641720280142
-1,494192143715818	0,5666740653964507
-2,2443032290271505	-0,6510723304361153
-1,8024685869539412	1,3000829993299325
-4,700764343348761	-0,0254535858905223
-2,1894299858846646	-2,226499551712953
-1,7266725635964613	-1,8702979131791633
-2,4606449916252933	-1,118742237065688
-1,1155395937721142	1,5961255724134347
-1,856174401046992	0,4201268872172206
1,3227448563530404	0,5787879330709651
-1,3854011772198715	0,9147760356307778
1,3411719820981975	1,4476951038948092
1,3244800023432053	-0,9433449398948041
-1,6946488844180785	0,5413971410405473
-0,2072170487285374	-1,9998498487007668
-4,236658371327006	-2,2744873507244217
1,1103081679865818	0,6027691500375949
-1,4079439635308113	-2,221192684258744
-4,121781506842043	-2,958499687584402
1,6078035948288991	-0,3491046583794923
1,031974773817045	-0,6860190663528422
-0,2862873885675078	3,6413636778258414
2,696141811267835	-2,9082851168272454
1,1653041128334638	-0,89780322649923
-3,024926345554713	-1,7703945838974948
1,6633657631012824	-0,5891452575553461
1,4652829767936404	0,8083372461970141
-3,225539031111248	-2,74885866917302
-4,494935541277091	-0,2943886277296019
-1,7724550580021359	-2,550532305878874
2,800643700621529	0,6453946940052848
-0,5766705668340468	1,9588427187879036
-3,1422956077977626	-3,8905853227988385
-1,3478219577691508	-1,6799151908605683
-1,604935771566209	0,9975661422017891
-1,038994229931524	1,44989851311641
1,5889728577219833	0,5806277914450666
-1,6945026852951348	-1,491337628857457
-4,172461623060943	-2,9533328427170344
-3,077640197597507	-1,1324283655273468
1,0434234131980764	-1,6640615748585952
-4,682312804702389	-2,8174697895431375
1,1576071319018961	-1,361693857375376
-1,555750161476137	-3,528622792953658
-1,1475416142126262	1,5412366013826664
-0,743721368344662	1,5504471720695272
-0,5300773579066848	1,7533882129657663
-1,9451596695165372	0,2407510095255497
1,2659698342089758	-2,0655087011937456
-2,371807870250854	-2,799565395319875
1,4614852024967684	0,8394296812436639
-1,2601642293095074	0,8029199346256866
-2,3552478630121128	-1,0012642571776815
1,0826397058387283	-0,5401474765254747
1,9255842724507684	0,2952291354281031
-1,4110363872884153	0,995897543692591
-1,7594646126707945	0,4894002383187251
-1,5668414636007233	0,6458221005322844
1,7265675284960738	0,9852549118526069
1,5515555040376166	-0,8175263411839462
-2,0305236805314624	-2,8332050430964753
-4,757235214174347	2,4584170784218493
1,012548105301918	0,0236362723444558
1,1995557865382058	1,5729432749342447
-0,9133785549586537	-2,2034821863094605
1,713170419927774	-2,590725999225345
-2,212913086279893	-2,3836789484739183
1,8501520129238829	-0,345494154232074
-1,314498982423066	-1,808883560483899
-2,776194192376566	-1,5212942508648877
-0,5354925510405038	1,5340474530757537
1,711754844707844	-1,016190236927796
1,657251620343105	-0,2580090283674478
-1,5120891477603482	0,8867529725059397
-2,635999550038668	-0,7547519856569712
2,3458581269162213	-1,9717658033510912
-4,134182892502522	-2,143008913998674
-1,4701065992618	1,0954499041027153
-1,2969448283118776	1,2778014076642412
-0,5592813068250237	1,500599076593985
-3,197512747234776	-1,3952952143851651
-2,127653842423124	-2,8513318790511506
-2,38274044869424	-2,2770159813744772
1,2433075959634907	1,0991329674186239
-2,7786667790966137	-2,60245541122863
-1,6312878522028722	-1,2102717163624355
1,0687078550041593	-0,5937357651458973
1,3365491592144196	-0,6042043207457324
-2,27842451056582	-1,26157674826237
-0,5858222379415247	1,5650842661140563
-0,191210580112539	-0,9482049870890148
-0,8731611568298948	1,3165806988454487
-1,8845858462115737	-1,138809929133784
-4,437771862212303	-2,4588846720115525
-2,497564209579918	2,2834329150793273
1,6633039544825476	-0,6205950704438687
-1,198843939647239	-2,187523350925674
-1,5474052472434905	0,4550631734116055
-1,1288426245222372	1,037390902094435
-1,6355132102874537	1,0573504798807063
1,6055584998635046	0,5008985167867683
2,5708030202658327	-1,5405918549983006
-3,1472250914335493	-1,6968908375888092
1,6691385662340719	0,4907966810065225
-1,065461489246198	-1,9691069545773365
-1,6721958148045335	0,3292494961909254
1,3508553446931897	-0,2147913429771177
-4,621400303964554	1,9166563614314422
-3,9052036232071585	-2,9213999141326012
-1,6011442419055983	0,7717989770230509
-1,6105525282593174	0,9274735375286788
-1,043818913607004	1,3388734390233914
-0,3611474307279942	1,6666593858453225
-1,6228688227641772	0,4179020609888047
-1,8251210774547462	0,4049814854106837
1,4543098648100612	-0,862811391331099
-0,6218122873176191	-2,977761167552476
1,0263984433363762	-1,4409045690499809
1,9484334204599698	-0,0050423579643024
-0,5076538262157906	1,8137327019063485
-3,5387367437372816	-2,409966301836924
-2,1990909058932897	-2,8153096903099715
-2,4106871943357784	-0,5117664274142419
-3,2156631773970226	3,209938824709961
1,4919627868667327	0,7667777872980505
-3,8254449374383093	-2,9852467856281697
-0,7603439284469529	-2,697298748089476
1,1681871170862492	1,4507401215776168
-4,562046609610025	-2,8059305089998645
-0,4088460961242959	1,7458918499108602
1,0789757413134433	0,0718490770225736
-1,6063758319646642	0,9657431970062546
-0,4241891453276061	-2,4761098778965116
-1,3179090974846892	1,0876479792531932
1,0073017328916753	-0,3980908857645209
-1,914151982409324	0,3859327646361421
-1,7462271533656395	0,4477032603805661
2,273357841612799	-0,3556314137892055
-0,8263168877796175	-2,5266235280366525
1,6267447155394468	-0,4125983712459828
1,128973737320798	0,3198083910414581
-3,209756068430151	-3,5502333466183558
-4,035714380717622	2,1985946066201176
-1,6457978572444805	0,4523403159107859
-0,5772323623517421	1,8002035713825513
-2,27164353347628	-2,984959491139078
-1,1282516614527212	-1,779969939175967
-4,073184840652845	-2,4181831534775546
1,8123962890701923	-0,0008884465266935
-2,7028702243075022	-1,4596235235830752
-1,3473958365675007	0,9494024241308383
-1,0088180518473306	1,2962638339807993
-0,8983560596463046	1,384748661606818
-2,2749780596506315	-1,7934562413267203
-1,4358004090168421	-1,063745448279238
1,5152855736666022	0,9175523098920306
-1,8448520476431978	-1,6771697358151254
-1,5479000551004103	-1,3856766559824136
-1,474433148288529	0,9843722441284395
-1,0193853444521337	0,9861688661899174
-1,0143828689152872	-2,496005158322058
1,5512746005162308	0,1631300532399502
-1,7650380975693112	0,5347974296421517
1,080061060017464	-1,0369143333678061
-1,486396124721237	-1,7701606670317407
-0,2437936249070856	-2,135043176392759
-1,1279538797918547	1,3673513925293062
0,2318122607492218	-0,8539363356589728
-1,8365074517500024	0,1978687226727968
1,0469303444675913	-1,6215549765155464
-0,9531462206201067	1,638595150883691
-1,0387397584220888	1,1431791408021081
-0,5553037265198809	-2,760688130785856
-3,6247050399708862	-2,3747680373574322
1,1008496537475818	-1,2489523503655657
-1,838674398394227	-2,062905176136561
-3,7605204617722383	-2,227530243068199
-1,842702403819162	-2,51072419653044
-2,1017694786478445	-1,80708461365461
-0,8674682698956618	1,1560534673605292
-0,1918936913974162	1,8775220009601312
-1,1931422403706278	1,2985946062681004
-4,382510954261944	-2,797384576789563
-0,171244951318171	1,9430046605411564
-4,408914949693192	0,5686417937629139
-1,183370488675834	1,210416704099638
1,0024317153293936	0,2951735592121479
1,413540941728731	0,0029601670176845
-1,020790394713004	-2,5876936751798096
-0,8808118506572598	1,418586129620115
-3,4944195014020925	-1,7157689812963897
1,8297195239467003	-0,7344236751805576
0,343062945952868	-2,223711527567163
-1,4212627479648754	1,1160908674746726
-3,813519134523709	2,362659902014103
1,5496763566657639	-0,1682312038021285
1,1188767041389647	-0,2913442393748263
-1,962965797853117	-1,4033513588631692
-2,283267475001848	-0,4578832868285437
1,8353217562275534	-0,6833468134481946
-3,3516115372048794	-2,5008691032085064
-2,4432756989106514	-2,2226354499979957
-3,0633973162102355	-1,6530408251084276
1,2864233765847417	1,0469156695559267
1,9508778087158896	-0,2491918956901854
-2,066828099858585	-1,2078779879153836
-0,0341393748408355	-1,0314474466332757
-1,739292660354049	0,763095455688383
-0,7591071332935868	1,6314999459347095
-0,2157423497051076	1,829827657108888
1,12560623830031	-0,5341936895341123
-2,8680821121587425	2,0991991734381767
-2,7235031421355442	-2,3346578260291637
-1,1932846312873062	1,1042361729871297
-2,1102093039029004	-0,7717376910756598
-0,7698945260160873	-2,2536266481896066
-1,4102290853015047	0,7547573593878104
-0,8309733732813335	1,5065921996787277
-1,113521217647647	1,4726608391472924
-2,1905750485951065	-0,720676251865377
-2,7273673742485314	-2,12982090005966
-2,1469654473405706	-0,7535860439652999
-1,742928100265806	-1,58955661338917
1,774542909327404	-0,1499278990595706
1,1505246193964398	-1,371958541051539
-4,139701891386921	-2,448143432887944
1,2616842269698751	0,6500709720953589
-0,3277993794132601	0,8451064433941394
-1,4160324173749566	0,816705837137108
-4,3197302559442905	-2,651654684645934
1,4438426663327277	0,4151252420993378
-0,0622108867042676	1,541705689908977
0,7582602416466541	-3,9681164633132324
1,693989196516663	0,545593740005347
1,9257093877881657	0,1893210878952621
-0,4168752208852204	0,3054814516442513
1,0197080650886354	0,8420998089538799
1,605646247503191	-1,1338058698234446
-1,5142638446867056	0,6457460732930697
-3,9714895950232374	-2,8763591189922084
1,784667297292466	-0,3989612648398073
1,241400836358821	1,1437147094157278
-0,4013681835670617	-2,7274835203324153
-3,5430647069646746	-1,54458558028732
-1,52489204513477	1,1564297760226352
1,240768546605655	1,1406175853106988
1,3085797225292908	1,4227568882476178
-0,5003778118302257	-2,7339591503551235
-0,1793682306538679	1,8887291982776018
1,892381703475813	0,4554889179336103
-1,7090892281678474	0,4814582641332621
1,3783804997229407	-0,1649250303432147
-2,8386372616577358	-0,9646851001616953
-0,6385522431131865	1,5100694284012313
-1,4228351961367307	1,0062547866264366
1,848603733753178	3,6801480414824637
-1,53982860532207	0,9188463694184567
-2,608819112338741	-2,7170069782245054
1,1090274769538384	-0,8497057989983423
-1,7792045594314445	0,8387332008413222
-3,526495735894718	-1,9792773418577985
-1,064121370017543	1,2505942683096851
-2,2582295135063033	2,1084560801885828
0,1051205843915827	1,5571467601181408
-1,2498839100098866	1,4166637383864455
1,5253841765726288	0,0605474801202283
-1,6174791847210144	-2,656569365633074
1,289475708474627	-1,3258113236950573
-1,4605311112361983	0,5608693228803598
-1,072016330287584	-2,02130776288074
-3,308224039226351	-2,2316769469015005
-1,3833803645785112	1,0707280570412467
1,0076530961142174	-1,3593183939075966
-0,7235608426269411	-2,0068321407500163
-2,429241620797117	-1,279641072633794
-4,176017910532152	-2,598692286891142
-1,1010228875586965	1,1510545401742023
-1,8283641149380363	0,4727690948964279
1,0207974305108292	0,2872571714095896
1,7921033179524568	-0,8325499813379162
-0,5152381542924276	1,9081605646264848
1,8345965620510578	-0,768853206854076
2,9896860241158225	-0,9283161220094949
-2,2113988834522846	3,564104298362235
-2,398274985346485	-0,7724082954591511
1,233930335508751	0,7302394483038185
1,5024185703736346	-0,0248199801488356
1,2936231099812878	1,1754422892034735
-1,8546716257975984	0,4529842052883617
-1,58058316356417	0,4394953426469256
-1,8002205027579135	0,6210679282761342
-1,2208811066781875	1,2006377650658013
-0,9643192444638142	1,5867292168472575
1,146914226393786	1,0323326971071132
-1,4786531304061512	1,0767829390049428
-1,3821155193460264	1,021443784920838
-1,3879210953167274	0,8393067122525228
1,511176460015153	-0,6455808041408474
1,7931422186809618	-0,3860479058321908
-1,9414231228601007	-1,6222546805371376
-2,754215787634106	-1,3834196195356343
1,5718596770937752	-2,5014431494814047
1,4654203895905555	-0,6243230984574669
1,441990559205478	1,1656622341469647
2,5936729825949874	1,349361530013049
-0,1112233627181006	1,9163063506756106
-0,6609882521876566	1,621292039019615
-1,983087851818452	0,1017211713483949
-2,3893226068911444	-2,9753213438356787
-2,292842050965431	-0,9654391347542045
1,2616781328192215	-0,4736100864384432
-1,5010906980326957	-1,9195001384232553
1,7955002036834944	-0,7966766475484818
-0,3034075415826625	-2,097903291394922
1,9565511705617256	0,2769192285659089
-2,1541598800729282	-1,267500542693711
1,1235450906769233	-1,42709830489688
-1,1486499061417674	-2,6948666068434908
-1,4328386729421552	1,175127244714743
-3,8675350811888176	-2,327952657692189
-1,6912692903643218	0,9984643921887154
1,5680950258406756	-0,5401831442109408
-1,0123444315638603	1,3538826890727054
1,2802848492485794	-1,470084068292877
-2,50706538760271	-0,6408595726290424
-3,0321712979429845	-1,7062872556891007
-0,2797100813376315	-2,3267291935587204
-1,9612450116658922	-2,35059356790618
-1,3358873941585558	-2,94961633945562
-2,174726154651414	-2,2305431847664576
2,5838606729093745	0,6863131901328076
-2,007566716820982	-0,2600986142915004
-1,8426977209008446	0,4333012417560576
-4,157556597957065	-2,372959952110271
1,344000715987982	-1,3963680265683946
-2,928936416473059	-1,3173938739142177
-3,2926162339914304	-2,5254420235858515
-2,642516148394021	-0,6784493306169934
1,7587354904444132	-0,493512368880422
-1,8802599170769572	0,2453616973257557
1,6695083616679427	0,3053912815139757
-2,6580451701071404	-1,243790063792023
1,1513973796182753	1,5909640273906311
-1,119993564301009	-1,7798609399236174
-1,5245051593733612	-2,8124323458223124
1,481862793777017	1,2266412505976854
-1,8294214402144098	-2,4207912013731803
1,4316811211367035	0,2824313350137585
1,4809379006045504	-0,6505741801005064
-3,5463913502053948	-1,7548137159198638
-1,0862703283356892	1,292544953995313
-1,7122036363038895	-1,2223803106818685
1,0488055493667727	1,4275209854738007
1,7689056131743675	-0,9298781348596326
-1,9387287416667458	-0,6196031274991577
-2,6652560187630416	-1,7776787860765215
-1,3515806196173643	-2,0181353904647907
-1,078213374772345	1,5723312443181503
-3,5361562043859918	-1,5842846965463806
-2,2190321913281053	-2,8407701037983317
-2,5822631140864805	-1,6162237019635646
-1,306889429122679	0,9836984769414916
-2,2674001829914645	2,0278338587219205
1,7901037207350798	0,7087551108871557
-0,6564247341234851	1,5692270472398948
-1,7167759841486687	-1,3669429174720544
-0,4761132472339834	-2,234902826202108
1,5153687609065178	0,4264583369633709
-0,3835906681793297	-1,9990787494441973
-1,2074925409305757	1,4906947083075832
0,9278463037543473	-1,2598664070538486
-0,1633618433193225	-2,3473927647946256
-1,73796347447272	-2,683768984088341
1,5902648790517275	0,1598107855120955
-1,1226522530858256	1,5097700895539408
-1,8839250999836001	0,1787649376215513
-1,9448838003669182	-0,9788440234517145
1,699243810399551	-0,5342605528196804
-1,2265872510598983	1,037512988769183
1,4395121764045657	-0,711769281820959
1,4460268849446973	-0,0434793112784946
-2,971275883044666	-2,115148045575505
-1,261276189618688	-2,7977945389404617
-1,1355199514788956	1,4240453327290101
-2,4040874954487377	-1,2608984617564571
-1,898753099169819	0,5920599839435682
-2,505497866311144	-0,7878447615038268
-0,569534815064835	-1,932998145326815
1,0642656774547086	1,1857885672186772
1,0786173992898576	0,980509964530437
-4,452110067190786	-2,9702085036773864
1,1232159604545027	0,260645354642753
1,0239660193331535	-0,9977899183893731
1,9013047156383056	-0,3097099300561463
1,5089655430066666	-0,6546719397873136
-3,1930797799156436	-1,5843379399459199
1,18948654530134	-0,2158584908923953
-1,566187594570613	0,9697611300965248
1,27558110470162	1,145715331995126
-2,1510849765888977	-1,9951218174171277
1,2624967123893716	-0,9636498525388509
-4,572258789421746	-1,9210847972265448
-3,27948113188642	-1,29898340602389
1,4906778826397455	0,7360108039030306
1,814840753545448	-0,3122660823650224
-4,003322906489835	-2,1804992706672612
1,8001899813238846	0,6825078516370744
1,745453501277208	-0,6694838979896701
-2,758408752783844	2,1987931845597917
-0,7550610769336542	1,5286796006941858
-1,8770504893686808	0,3665370805758813
-2,2176360543880933	-1,4788088977100124
-0,5969178647190735	-2,4037847231223446
-1,1807750715068124	1,6029666841945356
-1,6047592640270716	-2,7585081923292116
-1,654763559324532	-1,444240933563072
1,9243624186735793	-0,0004565348353949
-1,5710210568977712	0,4645527131865677
-0,0316072265024776	-2,369252899817865
-1,6935804586137289	0,8824014947599711
1,3322361289579343	1,224521516911191
-1,32437686187227	1,0200738231678483
1,0567197115636522	-0,4663143444404912
1,714436943288867	-0,4919246582333258
2,0028294223720158	3,1611619533410624
1,3968281947881875	-0,0037366999961667
1,1887668151271007	1,3497713417304005
1,1878792999485819	-0,6582366253521462
-3,694653266927404	-2,008879193349827
-0,5811606931396338	1,8603965761110803
1,755490252945597	-0,4110388894802923
1,4053453059351653	-0,8514600606883073
-3,177288352965896	3,75987950075961
-1,9789319849987612	0,1590469490792868
1,4401207850810531	-0,1743805251975908
1,4563065726085698	2,19366452557059
-2,2708338853924785	-0,2052265424128255
-0,5629471392981825	1,7459411258991901
-1,6267388329309385	0,846894055769836
-2,555939451905768	-2,883682254283609
0,8024758034100965	-3,3756795251411225
1,0448372675587476	-0,5250974879697239
1,4474214018783451	-0,8280756505843033
-2,721125257735188	-1,8277282161249546
-1,448185244180877	0,9860639440280247
-2,6855351731449404	-2,2362483935117434
-1,0115511735689209	1,6345459251783425
-1,069683836126742	1,1105231736922079
-0,7123382594011712	1,8586237664018719
-1,6520056457079173	0,9713199142840803
1,0654748525065003	0,8344003507271972
-3,541975658492618	-1,6398169682616244
-3,8506244807851937	2,617489013836539
1,663316215086902	-0,8898200350734171
1,4861952479044833	-0,9703731232849304
1,0712616799550798	0,6077148719492409
-2,505822912969823	-1,1087605431206025
1,0702578938159593	0,300990403378859
1,3179637542632143	-0,0697288990104397
-1,9450248696901318	0,0816162838936149
-1,1039987681355385	1,0391254671049814
-2,669367231278918	-1,9707327822101293
-1,543636766742846	-2,3504387749930022
-1,2821189542967106	0,7863218929476654
-1,901938311207632	0,5268473950250493
-3,989686382636992	-2,5276036892315954
-4,352420438804133	-2,794344464116292
-4,300519443169595	-2,687956352403805
-3,9470667689746066	-2,657970247024345
-0,2416082702574748	1,7757838074293237
1,0468503949262487	0,4126520996728321
-2,4611984513375598	3,728512453412203
1,9988971215369071	1,372347494902677
1,178316968246575	0,457344872160513
1,5643317553238347	0,5187256859619234
-1,423915129727824	1,0424238242696355
1,4115965735285914	1,3281560462263684
-3,911811769538997	-2,532503555229313
-0,7929262373294071	1,6195370894862422
-1,9466021468591277	0,1886005775772169
1,0870170600379256	1,4082473925566565
-1,8228103921544543	0,3254122722542209
1,264393226613265	-0,2369192831045931
-0,8252646119181144	-2,5373696861708916
1,4845863259048135	-0,5632993338201778
1,2891412010323267	-1,0023939677960887
1,5236917274269994	0,7400133513410176
1,831114078911622	-0,5843273496225333
-1,7350601121350193	-1,1492001473355224
1,417193959365058	0,0677409287466185
-1,943201665076302	-1,31942411636708
1,6231797178279619	0,6217577110786755
1,216461917959847	0,3126737712019763
-4,304327370297067	-2,5462585827598603
-0,1211971772644873	2,5326336544223103
-3,8732086605070424	-2,4992656193547926
-1,654428409054884	0,5116816175252573
-2,2199421496989142	2,3936595289147657
-0,4641170880898583	1,9352400665793925
-3,367094156768546	-1,5263898294543878
-1,3847031024510668	0,8181983540934024
-1,035458992127158	-2,867565764129285
1,311200498202913	-0,3059176994518138
1,0781105939363962	-0,6480138578988867
1,899611957866632	-0,4488565088330283
1,5062541564372984	-0,9065973125666645
-1,9208206809691193	0,0859841983233194
1,4155416463668318	0,3310664284884512
-2,8177213265954277	-2,830207267391808
-0,5327973448637912	1,627752731514153
1,5746267817235697	0,653916814311548
1,61774320252015	0,6923021396516723
-1,418549601917805	-1,578472151650024
-3,0913946556410483	-2,1363613232830336
1,5989470513485577	-0,5695938597855477
-3,479446416580869	-1,7627642802608083
1,7982142230537295	0,2573978408159089
-1,741970068374649	-1,6306296817651047
-2,8578458536223827	-1,5895163029418553
-0,7174106385567623	-2,2853660409549383
-3,8954000260720454	-2,0929075143758635
1,4864362706461567	-0,7830106149714334
-2,645972874056905	-0,9519017976867076
-1,5220897490791572	0,6620102298817276
-0,9910847069718833	1,515796098821359
-1,7407492483083367	-2,781603615094366
-1,3228148354300258	1,4967377871266287
-0,7305115164735131	1,4274889376623274
0,0733699766580633	2,2236609566384065
-1,7844044333481754	-2,9540748006584345
-1,3664359360069889	0,6609346064357894
-3,3143721389927614	-2,7507194427070245
0,6759545259411035	3,979113346828513
1,4390031937944503	-1,346312082446191
-1,7179983738866622	0,4968800212970033
-0,4540194123040094	1,6719279953608726
-4,162689342733457	-2,625901539099908
-0,400922799210867	1,7889206468914813
1,4639889766332437	-0,1431686522799965
1,2899037804951474	0,6965225459032904
1,3082406149696586	0,6090011610065926
1,278648623649524	-1,1502916921990882
-3,4663771980703637	-2,7936206304977746
-1,6528278161861694	-2,3993019465742407
1,1350146527984748	0,585330996284199
-2,8985748979677277	-1,9713887539226678
-0,8210112985803522	-2,9010695290797623
-0,8233015687518385	1,3346171041731913
-1,0325982866277275	1,1152239607831396
1,0682511090915243	1,5303276508584995
1,1262890871385998	-1,1754607688391192
-1,8139230411085348	0,7435629729289065
-1,1493832545733	1,583378402803708
1,2584112737795334	-1,0652725511978558
-1,6981063545978419	-1,873541923816172
1,4560117412645164	0,029282739524352
-1,4267355003597677	0,6855088529091573
1,0653521719811665	-0,1068986389084612
-1,141509841527033	1,3122765360092048
1,5612668457756498	0,8424483233308814
-3,1500799276135187	-1,4255316546372425
1,0520021362817682	-1,6275763796855398
-2,1341294731938802	-1,2406257711507933
-1,7000465775677882	0,4408994295044953
-1,8179176867705817	0,6279889480400349
-4,48080405287637	-2,7672732945823744
-3,767044363337636	-1,9580928833521822
1,0185900680090878	-0,7618173258722031
-2,942769917680579	-2,375220518298912
-1,9242427657996255	0,0761233042720542
1,3903361413016533	0,2545903482291909
-1,9905302834905245	-0,9647956611693291
-1,9913465298164734	0,1079347253226329
-0,1496843118694731	1,8634029226774755
-1,2892529693644417	-2,1737651387859387
-0,8459588408379008	-2,3377835152650874
1,3790097430814119	-1,385280017297846
1,3294057891745794	0,12678634030187
1,2029708482518253	1,0324738067834704
1,5595858289752627	-0,9769830471124896
1,5116261934229054	-0,6750555186159843
1,124636021142651	-1,2149728944362335
-2,5523703539126763	-1,1010620165924419
1,0989256482928194	1,0646856225459607
0,7380739826096695	-1,5271221492894653
-0,364794866861948	-2,6044009469845717
-3,219112638533842	-1,3260375238881752
2,0942148472629856	0,3766297613739804
-1,1396654921401084	0,8653731301652057
-1,5026499658795518	0,502442192512778
1,6877286484126004	0,1557192069958409
-1,7258299911994048	0,368225487671854
-4,152685663621694	-2,9745484047295383
-4,775687262792206	3,61468259092143
-1,7105761477682715	-2,203549356204208
-4,7717149368971254	3,081091439297613
-2,9494992429145572	-0,0086693187604168
-3,8936975701386984	-2,704683606084272
1,4516603442306995	1,0146893110760007
1,7760937472853862	0,1491683118422481
-3,0451667757229655	-1,5655452849339264
-1,0547776040510737	1,211990315503359
-3,7761132557994177	-2,6873295909130093
-0,2094687274390606	2,108297083558292
-3,2937230789074183	-1,3656110937280463
1,8902715634231164	-0,5879690472472785
1,1962758253675254	1,0417799545503559
1,75057546314238	-0,1442767783703663
-1,8650841033088315	-2,7166195367071007
-3,4810884350353577	-1,9546884144211634
-0,3286788902529834	1,7638373541286478
-1,73093323488302	-1,0389818965973
-2,250559103200319	-0,7127593547436862
-0,2980291934874167	-2,432930183006964
0,0015404786339837	-1,7615893500436148
1,0107225105873416	-0,3879923690461947
-1,855119521215156	0,6415777135070295
-2,908185391218184	-2,4694146945898985
1,1438773105572433	-0,9271199702060612
-1,3181150026020036	1,46895426438936
1,4122177672224208	1,102064756690214
-0,365696585829649	-2,032961619948262
-0,4886292899588677	1,8029033888572408
1,2717319586652138	1,0370357667719214
-0,8771435832277716	1,3455057872136265
1,365829835248451	1,2999013622584275
-1,8543308042056963	-1,8273036239620901
-1,0638793356040437	3,1598791974621028
-1,6144136443965622	0,6544049344564892
-0,3979758736664417	1,6619840558668826
1,4367944126772305	-0,6601598635343842
1,6059037649747219	1,4257397507486487
-2,0492942172397104	-2,7226875868675986
-0,8054388890808264	1,6856571613666083
-0,3242388482451866	-2,067860846011783
-0,9488729433810996	1,1587013556152468
-2,169712154778629	-2,4039764331191305
-1,874527588820225	0,6629732016447863
-2,720626003898635	-1,6116001493176715
-1,2591424395490716	-2,3898139304057064
-1,6097385527405899	0,8717724117484011
-3,12205968267575	-1,9464118490433502
-0,7651854400743701	-2,115001586786505
-2,1217084142409535	-2,8266437360035614
-0,5939771162503539	1,7313949883374418
1,1691785934061256	-0,2747553616671176
-1,4573412243952144	1,0164741177656529
1,4678798443962484	0,8358616336608948
1,2558733666695445	-1,1717754713006057
1,7903528078986537	0,4825915612590096
-0,4606375084863479	1,595389908011806
1,4319145668209792	0,7410838731386072
-0,616691606574672	-1,9507262683887383
-0,6667653941099905	1,3532926962034053
1,325914322178361	-1,4307557000130144
-3,101011678978513	-2,0590042748929416
-3,049652390728272	-1,2612263749069053
-1,7962721605102598	-2,147148398950489
2,8743561194445695	-1,7881053852055957
1,3294048866339112	-0,1079321769083312
1,7414395847977917	0,3119187699720695
1,4303339412481728	-0,9330777129032405
-0,8067445268783646	1,6867473384762388
-3,6155444218750805	-2,5865169412750366
1,749836928568497	0,5365654857400923
-2,994576158954936	1,4722851169245423
-1,4220896124682025	-1,7465958283619636
-3,3820397445376855	-2,7959360220682643
-2,1985739233646373	-0,9275731715807598
-1,2742413660480922	1,3873559245734652
1,5595625668868194	0,1988629011902161
-4,624725612409094	2,7323759499095512
-0,7000060084996755	1,3533215512484809
-1,033620877560399	1,7077360635003482
1,5738380062596788	0,8007243097118738
-2,8889211601017726	3,3775066274743444
-0,8901393471725729	1,413969363577138
-3,9133572700906685	-2,642741882834334
1,4949211556600361	1,1599400963366546
-1,238653845349387	-2,629650229619639
0,9031658825866647	-1,1178020094027468
-1,889498352648466	0,1735360143239697
1,1720408933970203	-0,2034772880447656
-3,138210151743792	-1,6827515659205385
1,046424598097857	1,288097999930914
-2,7784826270413565	-1,1624287219723493
-1,6100096347502941	0,4950740382892949
1,0520882407632266	-0,2807336544458927
1,6840269223326707	0,9626510581680967
-3,287445063200432	-0,656037890177041
-1,8730219076140926	0,5697510360057176
1,4012972619901038	0,093175318023385
-2,7238882868428753	-1,6198779734187885
-1,774165960383129	0,4622249985756175
-3,3045403255795422	-2,352808840971022
-1,3422280420116297	1,074403759737162
-3,4885889169276245	-1,9836306960615517
-0,9323506577431611	-2,7242646976792697
1,4422180035822971	-0,6380135505410679
1,3162214669494696	-0,0317183859224134
-3,7086392586834953	-1,375997630660804
-1,141414074508201	1,288166928735449
-3,201904870759929	0,3258317284199541
-0,6596785301786499	1,8507409136088517
-0,5390742111413309	-2,544545294981371
-1,1706954533046705	-2,076521844474134
-4,884227895605212	-2,986280634991274
-1,82854870789955	0,5229560022650842
-1,746017992252221	0,4703278595280298
-1,70276077483316	0,3703239055726902
1,454507327659887	-0,2939299510718241
-2,3075149406384967	-0,5870385623483737
-1,0718961439177441	1,324543379774072
-2,634090398173455	-2,630106606806389
-0,7642125230720362	1,7931015373849593
-1,9237965638658907	0,5337268954253078
-2,262557374931184	-0,6535912407942502
-1,1488701747038124	-2,331322583021557
1,5207972698204806	0,4129337370290411
-0,18495638153516	-2,4184269852628453
-1,6779552459174678	0,6664384923041788
1,1099902770635337	-0,7625655984351254
1,2706757445528463	0,4411097223567717
-3,7098116653097155	-1,9367579461376012
-1,788841371855231	-2,2074013407399056
-1,6470753348328309	0,7688168959835577
-1,5076887553637712	1,2529192985014863
1,454453766373904	-1,3636002599144534
-1,522190227167151	1,0936217618993236
-2,3054060320303247	-2,9894629426180197
-0,6746938765012733	1,6944066160151392
-1,3553006015916471	1,0846126319086289
-0,9615970928101858	1,5453508053592464
-1,4197262855407995	1,0345902940177616
-2,655709367000915	-0,9021956550283958
2,555494857020423	-2,0272327803139696
1,157103250757178	-1,3865826984786915
-1,1808481691877724	1,3692332212276965
-0,7775150918732251	1,8084715109955423
-3,153330918243022	-2,6233399060669083
1,1943038509648947	1,588543180702596
-1,1191100278054056	-2,6174257720759577
1,7049347806067132	-0,8595800541159794
-2,724278099257775	-2,175371044419687
-0,5829159041453067	1,5384313605745383
-1,7087163134607195	0,6004342404795793
1,349124740558972	0,4031089954904519
-1,259058348065098	-2,7478993276401393
-3,564055863911432	-1,8405074590329604
-4,286544571646037	-2,4898534302819995
1,2606096069574573	-0,5725041749286987
1,00381276796469	1,4166736895725323
1,4002043096886827	0,2701363074860761
-3,4884222568172403	1,0884483975428338
1,7183723313099595	0,4840639611828191
1,4069543821348232	-0,5358281149155261
-0,9596218880976355	1,414364590396948
-3,324973554905335	-1,8785943460543497
-3,452083084177263	-2,5709279143072443
1,0386448679115177	-0,1222878666381766
1,5690958874273784	0,7222184868876306
-2,069040431237333	-2,1833481568337767
-0,7235070559186685	1,6587647304727033
-3,0037641167638407	-1,0637998061805019
-3,615403956134331	-1,8357368268585164
-4,015149176122593	-2,5703788226766946
1,386524760413549	-0,1203718046497665
0,2571355150695463	1,9528863259068976
-1,571951407203225	0,4347416062977506
-1,2328882142592108	1,446935680193181
-3,4553306258892995	-2,6126616858102985
-2,308650844638252	-2,315067892376672
-1,3493707450289574	0,8573759230855001
1,833884584914005	-0,5175936693657928
1,3617626936309368	-0,5799294982215766
-1,102414033208123	-2,0084699680871516
-1,2861260476781298	0,9340230785241531
0,324234060436738	1,4472369137893222
1,3101131341809495	0,9767732812745422
-1,2164026287953529	-2,385370799477425
-1,9237067914809587	-0,6383753414070531
1,8485395467914505	0,6012577622238919
1,1587096539086716	-1,1537427925704782
-4,214795241122446	-2,6913008386264616
-2,4351452772375	-1,0322734747660562
-1,9502988924964269	-1,5456134968138202
1,5944495968409853	-0,1964882564717669
-1,3336742679391926	-3,1710590950790167
-0,7308051040081812	1,734815311907033
-3,0817790649304713	-1,8575375990541643
-3,51759991523035	0,6902919199832112
-4,810905133394382	0,3558912614251993
1,0006500939502492	-0,0665520178608731
-1,226130482140656	-2,2865523321592467
-2,1593952224739166	-0,8587046179444497
-2,9866595985203603	-1,7201562960213312
-2,3568922435522364	1,3802608151347593
1,328523865439611	-0,4074594648520122
1,1780328820528285	-0,1518964292259302
-2,6869152879147107	-1,7476810190741001
-1,1770800332066984	1,1343781597798825
-0,2664792255643292	-1,9890358802979287
-2,290388299504679	-0,6138592063219024
1,100555200820597	1,469149507479154
-2,6624790129817075	3,3139480570124062
-0,9959722699395699	1,550796292834577
1,5280862796308816	-0,5583526677957985
-0,6038077866329116	-1,974173637319654
-1,9014166281508849	-2,282205108653917
-1,3027128343839733	-2,880388243896279
1,1354774138951076	0,896095988126224
-1,1098280531088824	1,592580458045323
1,6518790189768282	1,0867230671587444
2,2741365717254585	-0,4807685374225162
1,6917118443442734	-2,0216483320179788
-1,5605571868285502	-1,6251317325765289
-3,1487933612658106	-2,5997900089794617
-0,7105115840548936	1,7251708017379137
-2,5578443506096717	-1,4065359679133884
-4,283798675292634	3,6527433871258737
-4,294394842998347	-2,7579386398780987
-1,8018046885413603	-2,1567909217834513
2,9469868861558277	-0,9659463555596425
1,6084191403929848	-0,1494656052456717
1,0350537831290465	1,358184176264118
-1,8913978897261574	0,6418304546958874
-1,852924116500748	0,3317642159109933
1,2185189768235183	0,8100218546954215
-0,6754361180052265	1,6323054531612797
-1,167787383882403	-1,9622229422859991
1,4343282914316013	-0,4241438645747662
-1,387938111310001	0,7695629530790248
-1,9458105637849896	0,2398198039813442
-1,727740003322646	-2,968034550751826
-1,06623945979999	-2,7634911998257525
-1,993232222705632	-2,6159998074274324
-1,7927362734512455	-2,616848506544533
-0,9935472355678219	1,2392190629812667
-0,897426358747846	1,5602374031109045
-3,2630218817746224	-2,444560019676647
-0,7137142456454296	1,480929314632965
-1,3491145245628156	1,0282734217079024
1,7593454466321305	0,5986203600795139
1,104482911250286	1,0657413721640543
1,6425284411420076	-0,1757985301976321
-1,7633382216823095	0,7400333314846713
-1,3580217319209833	0,8514103179902471
-4,710846069984728	2,706759000011341
-2,6485186857640306	-2,3987287479480734
1,4121889601799886	-0,0196577429269917
-0,7708411184335058	1,6652175675268026
1,5937569664853806	0,3172559022380214
-1,3433296793534004	1,2379882609120099
-0,954762519042322	-2,1406982355919286
1,1602405769667248	-1,4931095439700135
1,1550648790715885	0,1200280888828054
1,2460874105230864	1,3103509717093085
1,304807746232278	-1,2170937712496346
1,013981811035495	0,4997240201439906
2,815373987342662	-1,5468615285717746
1,0617129545121982	-0,5616250224782737
-4,090634774218456	-2,958845132698492
-1,4623973524404992	-2,2936582647973527
-1,5427772425558794	-1,4921059236709309
-1,958490070938253	3,294137653331669
1,400286962797002	-0,3534661600318375
-1,4591810054880272	0,5549667561740922
-1,5539086742585893	-2,7494658700084043
-1,8498942802791039	0,3155644596356163
-0,5911714503131031	-2,5192653652839447
-3,3386161913223673	-2,763527920907015
2,265433241547335	-1,4413352761638336
-0,4093456240836014	1,7142014454845864
-2,428551332642632	-1,2559403659760497
-1,4531172710576015	-2,7838231602933265
-0,646127330114758	1,7106913223311022
-1,7749284036640023	0,738165116866688
-0,6780266181078002	1,6116474860622234
1,120780531929307	-0,5542609940788373
-4,695920703993091	3,3379858615659153
1,166179471696295	1,1468023374198701
-0,6096609356953394	1,8930157249812607
-4,36155369799377	-2,5177688063242822
1,2630024451419217	1,5684190168295595
-2,4881643189262848	-2,017744288530797
1,2684161711089956	0,150659735486204
1,497011425650685	-0,8035522449072532
-1,1019235408881047	-2,7638221669740846
1,8423717044660688	-0,6704327533817508
-1,9018748458416508	-1,6823615441833188
-1,3311396683067471	1,476627145586348
1,7390791633786233	0,1261872153012624
-1,9755631069628052	-0,5690735788898501
-0,446519640888313	1,7031495961864256
1,7468420003889338	0,5059164965734184
-2,57991900425796	3,6815884641797965
-0,5104466410933532	1,8724620537826402
-3,426124574464816	-1,255277840999757
-1,4170445133845262	1,364028636225776
-1,3444278098311009	0,7146221019335324
1,1149218071177196	-0,2504720520736198
-0,5883691783571365	1,8829841869302952
1,1238231270532366	0,4033692434448305
-0,4608551536769671	1,8878341519862953
-1,5921485205627484	0,7875456690657494
-0,1969419971244225	0,2405076006674353
1,1043714498605879	-0,7633939865145324
-0,1528871220919013	-2,7808385367376696
1,6075497174398405	-0,5615997119546557
0,8728904765261734	1,124720288245956
1,1347819543931694	1,2286856651165945
-1,807746836385615	-2,3098906328042332
1,1383568029898696	1,007500052508136
0,4544797307855353	3,435533178846266
-0,651160406062346	1,3793154978253552
-2,2645616179910197	-1,0804317056159936
-3,052061558852399	-2,9523960894888
1,0829254514900337	1,3152901367528629
-4,101257346211623	-2,630897659949393
-0,6258043910908264	1,6142384562763188
-3,546671778277039	-2,429144904001683
1,1402655824584567	0,2574864193086263
-1,2779896475359567	-1,8121032532089631
-0,5249751052457928	-2,438116927400694
-1,276685051622278	1,4724181654779174
2,8329416451603455	1,1680935539297803
-2,416013217492336	-2,8908579317098324
-1,0261947829443863	1,4304063857517857
-1,795307991676562	-2,4544556223276484
-2,270275568287296	1,135182845744513
1,7034166681006147	-0,2167757058341506
1,548993452135188	-0,2406797881458923
-3,901663143781877	-2,7221710006055417
-1,6037125289443943	-2,3482468677884043
1,1675279643379914	-0,2091277741673403
1,6799205774780164	0,5090735346673045
-4,004061920180245	0,101241351688906
-1,6316517027876047	-1,5137974832083367
1,1016006498448574	1,6282823449575456
-4,34938994089263	-2,7410299479596927
-0,2530599414452214	1,783887133250437
-1,4730235738455182	0,5790554777373426
-2,071376463938628	-1,632711938193339
-2,549778990144845	-2,2518753406550136
-4,550968528216068	-2,6104266752872025
-2,6553751667846983	-2,8994728661395857
1,3619092004498055	-3,4821636481022447
-1,9384422532188776	-2,522038965990089
2,1572768185232865	2,7786395089314273
1,6592317678532034	-0,2608243493457596
1,7643756632383139	0,839449875041575
-0,9344402778628028	1,1554465496382105
-1,6795999695180148	0,3589865625471861
-2,66351356262488	-2,5783698316542925
-1,810103720895004	0,4169179190070748
2,6759932467561414	2,967890967528482
1,7063321483833593	-0,3375916428741571
-2,0078647473129623	-0,4689858189750731
-2,5728014916625144	-2,9192773589947674
-0,2972455604484806	-2,604047271779095
-2,1857394003858572	-1,2779659169023612
1,5920197632015198	-0,9055176601984052
1,5226239649193827	0,5748946115550311
-0,5682976597552256	-2,058292898082792
1,6727944345178498	-0,8923507573668472
1,0775412778002944	1,4637927010339569
-3,2058570535332804	-1,8986625967501594
-0,9584283048991039	1,7034231897184298
-1,4668531447243351	-1,8992494739350003
1,6770152894720256	0,4800131848098004
-1,4862696501192325	1,2902450633207414
-2,375686382405361	-2,406280874856816
-1,694475681101892	0,4644606328176053
1,1568087586123477	-1,4646934901543651
1,6224148179148605	-1,0165224992899264
-0,9118682866931869	1,5447851488644617
1,9750800262507244	-3,048982455084954
-2,4450037812008794	-1,9890295228025003
-1,4749070436389653	-3,7223674908947135
1,4267042931921605	0,3187258534713522
-0,8790899663321691	1,4180661216243868
1,4046804292686506	0,3550098925910529
-1,3782232168729243	1,2837417087426357
1,473878835140013	0,8041557493483725
-1,4967842284494304	1,3041709694175432
-1,4983958822387784	-1,6907701939651636
-1,9627309515121474	0,1612408995402606
-0,86885279381545	1,5480735964454664
-0,7382157697888415	1,7698049864296266
-1,1779681555933572	-1,6776057944533607
-4,410836874477724	-2,599862516128931
-2,772311905964531	-1,1631167893341896
1,8649648194831094	0,4482218729590106
-3,1763940610973806	-2,3405753455532556
-1,1593717039538347	1,2275524121790795
1,7295366818996187	-0,7151621369039365
1,0561123281867544	-0,7421541901542335
1,0599479186370409	-0,1612565310877211
-1,8738925301037659	0,4299570385338587
1,4144725134122706	-0,5429151255205933
-1,7957647585949927	-1,4125608685502378
1,209572652278558	-1,2032060426310136
-1,260856261701842	0,828840152270852
1,3301904195170757	1,3922191066910166
-0,9036836364624153	-1,7392286489687976
-1,185163545110337	0,879523230729781
1,9464540457874575	0,4248664702346825
1,3097523709539436	0,1575159449160016
-0,3245347782429789	1,682324768952707
1,2237425887519042	-0,6932035298745005
0,0237238574818773	-3,7943238302322047
-1,8471848624993852	-2,8264784418217923
-3,69802183837274	-2,330415972963414
1,7498376578695258	-0,3624290504928337
-1,1195474437146087	1,5285168255749175
1,5207468837350213	-0,6612146891636163
-2,6515105484767183	-1,2322728121762831
1,7038075566805868	-1,0201916256008332
-2,8427219837242017	-2,7755783490436685
-0,2682327986289588	1,8739662675101427
-0,5747719808579888	1,6804939433725177
-2,2059881130345	-0,7153383518337516
-3,070785497755848	-3,4263866461313777
-1,6474192671044894	0,7086337340013893
1,0096160073468816	-0,6065478097724348
-0,960623107716164	1,655339038262361
-2,067233543053254	-0,5908436756893399
1,453706398452786	1,0847254217419362
1,1688678778635224	0,4263443614046788
-2,1340010547698247	-0,4723720979485957
-1,3187551411149732	0,7899157002337059
-2,15599200717602	-0,4800202868152054
1,2245477602820718	0,9952025998312584
1,790710130109082	-0,6230961801258896
-2,9501995468174695	-2,014186529450366
-4,143689292569645	-2,4853393966972384
-3,988342806213235	-3,8310230354871484
-3,892244657160069	-2,2499388595713694
2,8444921868187327	1,5827192049853034
-3,2669045916263597	-2,2188061645746506
1,3456260155121438	-0,6362057026921274
-3,3225221214444534	-2,5493128117143886
-2,449483068220988	-0,979567049822342
-4,1599872539313205	3,2110543534854985
-0,9518081573812595	1,5946099157817015
-1,9819854525464424	-0,516652463112167
-2,7602142917214416	-1,8529467063331766
1,3342693247152382	-0,7329844161152825
-0,8949352699592957	1,3116011799257206
1,201131224286656	-0,7113570431440134
1,5489933351515133	-0,0826155707959505
1,395206095966587	-0,1384694876245967
-2,047040213269353	-0,493974158227849
-0,9433775047687594	-2,7328356169274923
-2,18464833523607	-1,3633683720920484
-0,6951522740129262	-2,96951736603251
-2,454848865266164	-2,3934521708808045
-1,7550990017082815	0,8424850202283767
-1,3971075195910507	1,309887586741989
-2,6603010746489173	-1,1768852415950888
0,897142874578906	-0,1380421575463979
-1,7788094564190864	0,2244888963596801
-1,1172497827763608	1,3060257614268564
-2,0696001452020285	-1,9726659096339558
-1,3035528794229763	0,8292059317511751
1,2231423576076776	-1,4457460141441687
2,3961349757505013	-0,3396728161265107
-0,2230022463820869	1,936483745391535
-1,3083273871864807	-2,572405075263908
-0,9878162236838816	1,3257473875323567
-1,645540688941757	0,7836800427824845
-2,5994200928716973	-1,8594977153594805
-4,727471021398399	-3,488425261853976
-1,6041088408579425	0,4139977955031477
1,1826360082272958	-0,3615128363173413
0,2446660998068989	-3,3883242349536626
-4,384144252153989	1,5318892910001816
1,319319490390511	0,0636374104858528
1,687098731348554	0,4954966278177467
-2,625902205082869	-2,230161849052282
-1,1499121296048846	1,0053811585942585
-2,632174104728106	-3,758393318066443
1,4652921795909868	-0,63873749745313
1,5753018715187146	-0,983633011566353
-3,203425141539147	-1,8788299121785301
-0,8556573013587446	1,596850532368888
1,5156840533843756	1,2211410048491906
-0,2869877418170844	1,8248427274402657
-1,7713554063237769	2,312789405228529
-1,8658460739575338	0,3902734723871574
0,6235623946617532	-2,5250141253830454
1,023562672474739	-0,3058281643450582
-0,7302774174719161	1,4769159667518001
2,5107341538649814	3,8049442095538595
-2,6618681728669644	2,5882428710646725
-1,6846262275144426	0,3955615819122629
-1,880990968722092	-0,7808117570688499
1,5626749971646157	0,1433188655798526
-0,7240221155649236	1,476847470916548
-2,1438013568040373	-0,6867292337602988
-2,9417982293609124	-2,289507153945297
1,0354990932017492	1,560739392338864
1,5961228139450028	-0,6167876754334087
-2,0065447187454883	-0,4608902625578571
-0,4520490890522769	1,6353543457327322
-0,0894473905471187	-0,9049088879123878
-2,546209189465067	-1,4060974241889612
1,0907542031870319	-0,9327446269265
-0,7265669171589375	1,595453595319491
-0,2738913486575335	1,8716344106258105
-4,213566588620785	-2,4665403714573033
-1,0284764837915863	-2,91047637829975
1,8553638296785702	0,3516866919145889
-2,6642262602759477	-1,4063124304239745
-2,0201333089751685	-2,686222049151157
-0,622687465417774	-2,005090941256241
-0,4420911779776244	1,598003911129339
1,1095455969996835	0,0207078050449362
-0,3886687446296538	1,8054397223120793
-1,0687027578083086	0,9909755011617637
-3,619392974700914	-2,8582230875610484
-1,5770396875561339	-2,5037697082564647
-0,5783084404724518	1,6298432190132068
-3,9261220149028935	-2,8325002780862807
-0,3604958060119217	1,6674630578232654
1,2996993909143262	1,4616323877307649
-3,1413767251089357	-1,4102128843997783
-1,4255671101624912	-2,349124405124286
-1,076845053537244	1,6799256525256399
1,7523363953039028	0,2683423887597191
1,130132613254831	-1,6183840346068905
-2,8394195843039007	-2,851400904086556
-1,8715405399191232	1,9611899435836297
1,8056580264363498	0,7968670447069123
-1,017168980040747	1,063980557577287
-1,9331086445325703	0,1259646266050605
-3,5273218388114533	-1,643213408955277
1,4485637019733368	-0,0297820314012355
-2,496901743286534	0,4358638597657454
1,0485282364676594	1,030821266249895
-0,2235268703033114	1,935000848135215
-2,1981659972253906	-2,1989233524960126
1,3722937195230798	-1,3507634396254469
-2,743496852316653	-2,4137618182340463
-0,7454200431953285	-0,3442502894590022
-0,6900859578918397	1,6068742920319918
-1,8682409685041157	0,1726811098665606
1,399890538338572	1,1468897764548376
1,012285933887513	-0,4403376504514814
-1,2137713442507643	0,9211827089586535
1,730061349190255	0,5330475528670855
1,4309275471214375	-0,8686944166821147
-1,5237025553838244	-1,4592056734972343
-0,0228373484454171	-2,9962018209666015
-1,571752724270314	0,7445481339403536
-1,8868531832088902	0,4541562151965222
1,0733803005481892	-0,7776492076399009
-2,766277927775608	-1,4595964555042662
1,6427607604243812	-0,2810266279474511
1,98553026946949	0,1396316132733323
-4,021747024200144	-2,8499960271932565
-0,696445144003164	1,8561713214616122
1,066045226040857	-0,7989084678054572
-3,8534177116453394	-2,296282414076077
-0,8420932376022257	1,4435622666843675
-2,1565924051370398	-0,948985250401222
-0,2982745630036979	1,9292398509380597
1,243509183678289	-0,4470784899351313
-0,020634681890033	3,8033970995989708
-0,8749971699150023	1,651561362900627
1,49616224770819	-0,3035361331401831
1,3208574235435915	0,002965327176075
-1,6743970850205456	0,5394163520082037
-2,420452377776771	-2,77964720795208
-0,6205329529157242	1,5347750157860913
1,6778233552816948	-0,0596244351072317
1,1339960513528249	0,4505224483220138
-1,4982904239740422	1,1929478416431238
1,2970935039342617	-1,5069952800919184
1,0635126207988463	1,5266971987412408
-0,2669959892978131	1,799692400604614
-1,6735527391156433	0,6411568003487665
-3,7746658858481186	0,9191845893659186
-0,5139423450080227	0,4460687913101422
1,8018606496927398	-0,2026797622927664
1,6061665333697808	0,53351487000582
-1,4015866992701862	-1,4735109220701506
-3,709694991953887	-2,877766072566383
1,1900573476204794	-1,5645832170087086
-1,4678728418947593	-2,053909197128448
-2,152804136777597	-3,5534078515546095
-0,9198283607395769	1,7152477978254388
-3,9429621839503786	2,8233190076852326
1,38827813447253	-0,3654122140291242
-1,3429033561791293	1,0042722746885828
-0,6695064152674084	-0,8115596601531582
-4,902013516079754	-0,6907005305179232
1,053478978847517	-0,7675442477429247
-1,7146367663037667	0,9790993399441181
-1,40323673049977	0,9713068489570822
1,3919504211337776	0,1453203032901615
1,3521087222844779	0,8220255204142899
1,369153669179061	-0,8454750313568946
-1,422935711135156	1,186792930808663
1,6956904178719288	0,1230044535481238
-0,8838514436472601	1,6370867909554958
-2,2207487777792316	-2,7370369234904617
1,5842836073602975	0,8022241658955077
1,5705130188259226	1,0918145270755228
-1,3596095972430995	0,8290899632726375
1,8138466831177817	0,4788342752792514
0,1444733871136525	0,3165324557874503
1,6841757152080035	-3,62800372963486
-1,2891927788814652	1,2116888038753268
-1,6174584061291184	1,919289860387316
1,6996149417755264	-0,9149131073136365
-1,028307864789073	1,0715567080496105
1,0794942147292816	0,9504380137273396
-2,9704175790960554	-1,9217148554896304
-1,8973301522062733	-1,3798849518462184
1,7344552327062943	0,3401918209428003
2,232170031524422	-1,6402285803997532
2,3565775170136023	-2,231628680029356
1,5172780940002473	0,5714776165151956
1,1014618683260093	2,389996361151186
-1,200885978819488	1,5047305682233216
-0,9846623196726213	1,0808780924336365
1,6284984411596972	1,0644749719057263
1,5297935407024577	-0,6393200423387714
1,0453323369743934	-0,2658238393823881
1,6270264395342635	3,95148946904973
1,0593042506030241	-0,6841454900409256
-1,1738331208136366	0,8764285309759282
-1,7910996290217969	-2,302440042425031
-1,5813746402638504	0,6007452144541056
-3,094780820541592	-1,8718022336392648
-2,1623073360028	-1,7785433393134398
1,7712144440282942	0,8143233315556305
-3,8951393445374967	-2,7336985444154513
-3,2812229768167267	0,4975527748984861
1,6478530523456716	-0,8784635939781446
-0,1714260383322553	-2,4762923246253186
1,2988869830550178	0,0324231672609239
2,4299895620280516	-2,5289234132737737
-3,2119953691985734	-1,7126493658159332
-0,550072931772532	-2,207395005406324
0,4870018002517364	-2,8306125574400474
-0,4485261860262644	1,8608604001486015
-0,4620319816854814	1,615733429266418
-1,2416973761921564	0,8787310741865287
-0,6901303085487365	1,6707102700933278
-1,2652977226532647	-3,7498597383405907
-3,0644790883150597	-2,6863900506973732
-0,4291030126152364	1,8318821289529283
1,3738846175896295	-1,1459193344182883
-0,2265809493793216	-2,711607935178164
1,8010185110774393	0,48964768402717
-2,411933400225409	-0,8039728853059492
1,6758695637342989	-0,4977354718054628
1,8291799762408139	-0,5913270054167412
-1,6791180791443567	3,5729264789017696
-1,1350112690967564	1,2457206503544207
-1,0966458631517901	1,3335072753797723
-1,5027281238222243	0,758687001453273
-1,3704419725346157	1,2596891555568923
-1,6858219936124483	-1,8728095349503966
-0,5293890090413093	-2,146149737949212
-1,277077121897357	1,4062496027299738
-0,0926566619136191	-2,4721802438154707
1,4472616636968016	-0,0681048465853857
-4,02165224310178	1,6256606478163182
-1,2287482192098733	-0,0700263297868345
-0,892504603774557	1,3005505936314683
-2,0495281130714167	-0,5071270751676944
1,5330044156857778	0,4277304965217946
1,837567507860738	-0,3513154157006424
1,062140658603828	0,8108925538437828
-4,159638286308953	1,1001809285535853
-3,192289905357935	-1,5005008840379426
-4,087511483557899	-2,27690984554125
1,1443715202026845	0,5831819908675634
-1,2408919987895752	1,2915333632035453
-3,754953459761519	-1,6741631613974497
-0,2629838580695667	1,8654624696467597
-0,7811941195303371	-2,2857106893042927
-1,9018762393748223	-1,173922674510218
1,2694450116592528	-1,4986691649757835
1,1333975377946026	-1,3825998595328155
-2,6649336955316363	-2,396557476491805
-2,3306569786407594	-2,9163243054918677
-1,4907050732718625	0,7748857757240611
-2,5857219183648064	-1,1229897815600556
-2,256755526406935	-2,713791306477243
1,0912068272244837	1,5297459917419562
-0,087224715225396	1,9619591477408491
-1,1329104411235038	1,1007246786977616
1,7295428728525346	0,9619475161901232
1,333172652106041	-0,1748868942777176
1,052198381114001	0,7414853601432917
1,6140172666717627	1,1059855985723526
-3,4971082265310907	-2,720961191078734
1,6563616716560525	0,4015172702556074
-3,2637629856246893	-2,9733864830817787
-3,76015329258925	-2,9665207021737987
-1,7176546468622855	0,9596753977227338
-1,6982660881590732	-1,5202758302917403
1,3903613491038758	-1,0963714738439843
-1,5900589761381898	0,9445961422913817
1,013885103011082	0,1836914752417115
-3,329501402715783	-3,3411703683635507
-2,302071112207517	-1,4131768685241948
-1,0104609973262777	1,3745787796123943
1,2206516657407307	1,455238331316849
-3,4311764072042257	-1,7191474886180251
-0,9966682642911902	-2,4839555870550587
-0,7530071407745831	1,655179482499444
-0,1775076839877729	-2,3910140983126875
1,3721257362671893	0,0304667702555254
-0,5698186407574488	1,7380130179498532
-1,2198460353188727	1,2775838297768902
-1,558791553774333	1,1179619239370926
1,3504329239178492	1,1846955147010156
1,647586103073814	0,5640627343090082
-3,468936338032487	-2,667888112534039
-1,1744430752996036	1,5879261280331325
1,6197149168079212	-0,8267772578682149
-1,5975235680036797	0,5983100338599311
1,7486233666284685	0,4976010493099363
-0,2827411093616571	1,8314201351128956
1,4113708224590633	0,3215367099889371
-0,7852482343784134	1,6772268696067032
1,8193411128746924	0,7108799043833586
-0,9052102006040382	-2,8625085186642023
-1,494707141273853	0,7094181812934522
1,8678104431697946	-0,1025111739019038
-0,1852559201749981	-2,8529488016685125
-1,6737145466909116	0,4515407400809587
-3,2455140095633634	-1,8110679905145104
1,4845751418133886	-1,2024075453721066
1,2478208855303339	1,2888864000137057
-3,3849924038093784	-2,706673346042981
1,7795614795621741	0,0854421580175917
1,2859669534785807	-2,063423499318934
-1,4385446894599663	1,0577109505993967
-3,2701923893239346	0,4957198542189959
1,3396203233486683	0,8474714624004306
-2,475825015357582	-2,209169008558542
-1,8174273256218552	0,4672334991054019
1,4340479564108444	0,8904669353497203
-0,9562361580671406	-2,039330367990942
-2,121104220567383	-0,138195790650356
-3,9567248064373537	1,1540307694744083
0,3554360760885935	-2,55903711143369
1,058244764509088	-1,5773818805436837
-1,120406583624981	1,2935200718386406
1,5805773555594804	0,1193391985245821
-1,3579295786276395	1,352027601864489
1,8873084938772537	0,1705720084156205
-1,2254588179343913	1,535716720914348
-2,5511314969242496	-1,4875902338371363
-1,9243961599715724	-1,3965865521258232
1,039066768212431	0,2826126172234719
-0,9535458616297616	1,6610307436579996
-1,4523771876643778	1,356078496640414
-2,279811235048007	-1,8367672416440435
1,112954914438159	0,5520190970254947
1,531372704643808	0,750796313145514
-0,4167171284536499	-2,2252055057958353
-0,9905581162646225	-1,9914965999108425
-2,4590708082974895	-2,9201950149097393
-2,487752077793145	1,3021354889292642
-1,616061418634749	-2,3206875417266386
-0,2699431707124389	1,8137944727261217
-2,6189266087421856	-1,1798344974557833
-2,3391574417971084	-0,8278925434334193
-1,5942654355639276	-1,908132660615447
-3,5588327513619817	-1,4248274491648099
-1,4791770072416512	1,1012746343885533
-1,238139049084138	-2,4106880268233555
-1,693515986268788	-1,7234906047933856
-1,0035794501222695	1,4339511272797032
-0,9521434797227257	1,5546755943669626
-2,3914061390124344	-1,120461286232596
0,2999021510842611	2,897096036522538
1,2553746735461029	0,2503562353088078
1,412392207329106	1,2289288107916572
-0,0912359524118963	-2,3116123153781523
1,2511236743487686	0,8905793587352603
-1,8257498930309222	-2,960752535042806
-0,5014999993867104	1,5552914858899984
1,7847232136166244	0,2433424557103787
-3,8764426798481324	-2,3320360103149826
-0,1725047960832961	-2,7426529595609876
-4,598846091469502	3,9345241478554263
-1,5715353964637568	0,5824789958131408
-1,7666101846990139	0,712733994511721
-1,1772579174360187	0,8293143846970178
-0,2268249962412735	1,890039283900026
-1,7073947292410794	0,5652509014084879
1,8876547552806915	0,0994343223782916
1,4484692339920144	0,5703006476748264
1,8502161896055873	0,4878259024786413
-1,9697406482481286	-2,9280459488469686
1,371397438315297	-1,3066936175089578
-2,6104429372226896	-0,7757779285465652
-2,6995308921528363	-0,8380123530936263
-2,002241380189889	-0,7647008146448171
-2,9703788715320534	-2,3635455516641413
1,59219702297512	-0,2498446919350081
-1,2177891198836133	-2,482823370837311
-2,5009780506218457	-2,1695836444563508
1,5058996037309105	-1,08892180417111
-2,340760759080662	-0,6574728855118986
2,861360885213517	1,6516326109550952
1,1860796428803644	-0,8696290585730826
-4,59822739202216	-0,4810531082209977
1,5342691341774874	0,2227645830103978
1,6353555548674266	1,0370781375927867
-1,9821366324694198	0,2610687444332948
1,8518593711870275	0,4067798275880234
-2,3666564689385625	-0,3840517841251662
-0,0879587229561158	-2,2231574113116768
-2,8769905657942845	-1,2160876615227325
-1,7141146701575338	0,5318460693773196
1,0918863439289304	-1,0647686896927566
1,1630250692855826	2,8216765728129167
-3,0075612181188873	-2,964776972968019
1,7744322276358238	0,4613188592528049
-0,0397533056458106	-2,2292861970538453
1,0484492930583527	-2,8860550457613314
-1,0105048610575782	1,2828746002596203
1,2455648203103096	-0,2095729699083502
1,7553441521234816	-0,027260860720506
-2,840606358797187	-1,7147370302588125
1,0129036457829956	0,3420399928723583
-2,0904156570629535	-0,9672471679461011
-3,4888765238180817	-3,7187147391467104
-0,5199561498830364	2,3910596575990706
-0,1021753072185094	-2,0595739018814596
-2,7030045246129246	-0,9531712770072557
0,2796563301025459	-0,4127952072306057
-0,9944163630564224	-0,8917921916777459
-1,4939848358486798	-2,1910511460791233
-0,2070304791877198	-2,793505345967792
-2,947702335942121	-0,9551594818881695
-2,4916886396391305	-1,49038375855214
-1,0288654033180546	-2,3416884422128286
2,1774752948173943	0,9696008443994073
1,1141970429257584	-0,148772576527083
1,6499256591524496	-0,0137758835762027
1,353766997058404	1,4065466753899523
-2,976148718509438	-2,870602432116087
1,2916314510141886	2,208329034105014
0,5707989154748454	-3,4335051022503698
1,2624494657912564	0,099118963186263
1,5236411808672545	-0,7821910973393963
-2,9124378952080705	-1,9328635510994128
-1,9814447002596456	0,028855631716122
-3,1332802374746094	-0,6831207428315872
1,1194061160822963	1,2139831786405977
-1,6084653396519215	-2,799109519250725
1,3922943858196501	0,8021926834479379
1,154279446578116	0,6687580298628709
1,2854755795766168	-0,1977482628914783
-2,971235791007115	-2,267574932413603
-3,310129207957775	-2,4785672326982455
1,0729867808517388	-0,3052923446512432
-3,069551350844836	-2,852164044186093
-1,8292721448841613	0,193253019410539
1,2562985127968203	-0,6918120227820266
-1,3853132290144194	1,108361371066695
-1,6119706435322807	1,0323052167915225
-1,289597005030711	1,4602001423728193
1,6187200684795773	1,0864495732578856
1,3474312669237554	0,5512710731668176
1,680328631244234	0,503724583131219
-0,9707437052048048	-2,4982017385855624
-1,384560270689085	-2,0134931241351524
1,3765851337396504	-1,435369837588882
-3,035499873047775	-1,8757033345426621
-1,8480144177684725	-2,180289838349669
1,026782979733846	-1,1682226571271124
1,1848793946823895	0,8417547968816971
-3,1179081321699096	-2,8622713788353096
-1,7636097133570445	0,8771945734362395
-2,41589515447904	-2,315912123780712
-1,3413653596350577	0,9308996635205999
-1,6766342235264573	0,9652819844686519
-3,1125917503605462	-2,8729198920480603
-2,3323341494007086	-1,6089891546646227
1,4687579207282653	-0,1907293941909405
-3,5137689722298067	-2,814759896263314
-0,5690396246006162	1,7193970006609387
-0,6373322747109825	1,388208788805712
-4,886268813991853	-0,6681014896350131
-0,4171204073874776	1,9042623126448857
1,5441744396653574	-0,234509018111967
-2,2613166383005847	-2,99561418329445
1,436754873304951	-0,2466521066542711
1,7748064830769485	-1,5580335141831134
1,1745942664247393	1,0010443166461171
-1,9545306207300797	0,3248118642810292
-3,19864167249527	-2,1705566877633635
-1,3315078425202933	1,1192080512545834
1,169204004106589	0,3489062799397271
-1,3391098426587267	-1,6192835422898217
-3,696158353703784	-2,4257925433457306
-1,876833796063497	0,3731320246263042
-3,1467773588204846	-2,0156040542833322
-1,2973373625190887	0,8055035501495587
-1,353620251574363	-2,6466474920906236
-1,5074316788483526	0,6627868915860069
-0,8722658053323019	1,2294063255702299
-3,3914802917661993	-2,8884357445722486
0,5853358061345073	2,060941333366011
1,6913507017986182	3,643396521962817
-1,691021058831762	0,813032003447599
0,0035117851141853	-0,5002833898472444
-1,8908561859476496	0,1414125457643868
1,1369768646079472	-0,6917948548916272
1,5294097415986292	0,8014910655189217
1,6231083826077919	-0,588017224417463
-3,051589889888768	-2,3469331617893885
-1,3444235029326874	1,0525763288202556
-0,5494523493745024	1,7585960597016626
-2,727719152232965	-2,755897989472453
1,3327746001484444	-0,2210002139389855
-0,7975595402814694	1,5979710288187605
-0,510363022137949	1,5671928015476762
1,1446640555619618	-0,6959634645886824
1,2589492247403917	1,2632868184319124
-1,6855218937920218	0,5707182518297168
-1,182414365103324	1,0192152748342285
-1,3702909376003358	1,0044916944829274
-1,9150665981001351	0,1528076471913997
-2,3157202109535118	2,7178389559678986
-1,0617523490852512	1,4920841634577233
1,0179047570458544	1,2282840863207765
0,5336422110439769	2,7626335315103594
-1,1169392567614957	-2,162212743198532
1,7177785340628728	0,3337573093886461
-1,5746186275778646	0,5828944002517524
-1,7297000082973935	-2,4804434706954472
-3,6903762628998966	0,5121872097744512
1,6239206805495292	0,4254684084255491
-0,775083099923886	1,403671913567907
0,5833992488220556	2,831962652457954
-0,2897402788074525	-2,610091729674724
-1,546596637280866	1,1634762656414899
1,0085877114455082	0,0922813666694494
-1,4962037202595369	1,0244212421211296
-4,649704960780437	2,491250443398306
-2,1633698861004755	-2,0419445229103745
0,5054851143495984	2,4084982789016207
-2,266721426136702	-1,9395140505736554
-1,4125757381770772	0,8211019568788105
-1,2958491309240494	1,3625229218554331
-1,6382554658846948	-1,8220173736047252
2,914320004845744	3,0777439900005414
-1,754231016923074	0,5009589697247487
-0,465820032302633	1,0294391474762694
-1,515605809596209	0,6853536283767223
0,5735706384092745	3,7680395670894438
1,5264835465652613	-1,0614969290128577
-1,7415953387683407	0,3786169826351683
1,0945871558055775	0,6025578158116582
-1,7030011623506038	0,5996970041856644
1,3576636590438256	-1,3258493240918012
-0,3585768727674435	1,9133176446293447
1,1009104185046779	-1,5149324494834067
-0,4704669712707186	-2,6193600367279997
-3,7391676580265814	-2,2155930310977725
-0,294882412044701	1,7102027281616627
1,821286359426377	0,3074791822881344
-0,7465644142597327	1,8250748730259336
-0,616957444163597	1,7596319379682877
1,8331604448613745	0,7388690525885265
-1,6058381807037487	0,8626374513767026
-1,0847270054857099	-1,7378005011205597
-4,545690876194452	-2,6650624127504345
-0,9727449382048734	1,2748646871024545
1,9898838596476423	0,1870494255091278
-1,147367480575519	-2,408000554452018
-0,396959735310311	-2,409490863256609
-1,5244447617790173	0,9221795999638828
-3,050368442259936	-1,1552207481940702
1,2082512023839493	-1,0930634905385146
1,5566949685313012	0,8789496641104607
1,2084474057616148	2,8186166804966617
-3,091054074014066	-1,6157333934370803
1,4424960306149917	-1,346033495118705
1,0013194193080608	-1,3187218419880309
-0,9001104331790032	1,4382413154164424
-1,7789191709637502	0,776045154741122
-2,1210497250706104	-2,964863146807374
-1,0318359195048052	-2,1376065062839884
1,710976763388938	-0,533365686754073
-4,035728695173203	1,337195336001509
-1,39384532927508	-1,59880438029845
1,2694997579471419	1,0023902494348267
-1,7850909348090243	-1,963488944562258
1,9122806476344938	-0,2949176998692273
1,55249887383453	-0,202690848511519
1,629512528937665	0,7521532289151656
-1,7028360263204376	0,7282822248347988
-1,54946729204516	-2,9724370568990963
-0,5818760352743828	1,7670279512377505
-0,2423090110978157	1,9391885581262522
-0,9665356710110558	1,5351520214170327
-2,259358765796386	-1,6876937405876953
1,1135057008661968	0,7337607207496815
-1,746347712725901	0,3495875810694948
0,6476857608621702	-3,671486200538113
1,196932168607522	-0,5569876714855075
-2,357569996794638	-0,3995114451806764
1,7955883022439754	0,2250637026481968
-1,896780843689806	-1,816342088334371
-1,2629443500656206	-3,4831459176719974
-4,609623672623549	-2,844973002843089
1,8174188034550816	-0,4432969048693783
-2,103332508526575	-1,9896370953600298
-1,2989557077278753	0,7158319219491187
1,426805399480306	-0,9367103962421308
1,81138852872704	-0,3830020574145064
-1,1789421672720164	0,9590546393060642
-3,542811356056175	-2,7703124863154933
2,713175348612224	1,355902875884703
-3,399344140451772	1,815457271254271
-1,7946631445248735	0,845825211253212
-4,261915804417102	-2,342499397702959
1,3070528292341255	-0,7296272018700083
-0,8831082856502399	1,5696342341477136
-2,7892141243156363	-1,150046148465996
1,2409883554656536	-1,1137864787191276
-4,256518503010921	-0,4953744600123715
-1,2570774328370429	3,1448219075677404
-0,6566600452639841	1,7720218454022034
1,331885414847704	0,8040616408504168
-4,235475993126375	-2,319097247232868
-1,6542275633507493	0,3841217469783569
-1,2733216235155678	1,2763144855635649
-2,3501646631288207	-2,5018690973210185
-2,447358166738041	-0,4718783389540916
-1,1529575678048904	1,416499908366204
-1,9185029338171686	0,5203567952901755
-1,6945451336981083	0,6326971879333376
1,2043691705207706	0,1779575857924416
1,404172618626851	-0,2200904355322759
1,5170925052235442	0,3935740819366235
2,882031164920337	1,1030352623424786
-1,7128253404976808	-2,937387132351892
-0,4109565329090652	1,8337239730738362
-1,577009458453738	-1,6741684979063072
1,1779930241306484	0,8755154878777296
-0,9125985695920135	1,1748509581632645
-1,5039484260592686	1,0183988331525904
-3,3572535003976296	-2,698320039631798
-1,1830141027509324	1,1669919844272274
1,1374573014239666	0,2057996877625143
1,332954156902148	-1,4165180262471997
1,1399085983847654	0,4223261239020559
-1,3827832177097894	1,0225933908334741
-1,710160775567389	0,2980160771335192
1,4726832818758755	0,2659634701198712
1,7221754328705623	0,7290215825110061
-3,8727119054768164	-2,1352555927608226
1,1681156672057522	0,4881222169026156
-1,9762873600516686	-0,5718020081006586
2,1513527611490897	-0,6080455181271764
-2,75267170847817	-1,8576195471081745
1,1511347949055661	-0,2040290421940945
-0,6574635627723561	1,8840735971574083
2,8354865628214245	-3,16199322561348
1,5480019090176094	0,3107272409394616
-2,237644335996946	-2,9428525443969114
-1,483413891263704	0,9306157551480796
-0,4286297403737823	1,8341721110520808
1,640817799502539	-0,6523439009174373
-1,320383048254138	1,1228655267183658
-1,6918971685612445	1,033066544444096
1,57958409330244	0,8310193523453333
-2,2495951727173376	-2,186529924689279
1,2498211646392692	0,0073037770272577
-2,4445590753302024	-1,3670145112307286
1,037889208285094	0,8270787942309885
1,5462675236363221	-0,117856384182189
-0,3977472934141693	1,9013652376467074
-1,8894774545826327	-1,348929104661257
-0,6388252531761207	1,7787128654154674
-3,025168152828908	-2,310432836103204
-2,6965037349823104	-0,9180641427156894
1,6430930694652188	0,4889689892875114
1,431245332987144	0,5710242943619641
-1,6355424416892832	1,0075123046014296
-1,4778962485041767	-3,7629155728125236
1,7649452970056692	0,2793437032542214
-1,6021623909610327	0,7492358019433542
-1,7603253420393075	-3,826801216968237
-3,8338541822042136	-1,9352070947991389
-1,0411825746085146	1,0960136915557697
-1,7917646738991941	3,737283532948455
1,2935843638058167	1,343163774377928
1,4032468660545123	-1,1533073531469724
1,715580264482604	0,3990592083045398
-0,7113487216174537	-2,77028225348326
-2,180422802164748	-1,2149398500961937
1,2403336247177523	1,3769894760771049
1,2775818399015582	0,6056771174375667
-0,2798643189734902	-2,2395761198610433
-0,6202165247598306	1,5950216465797586
-1,8187775389315057	0,8196257839825665
1,565406657586224	0,9868013744268905
1,168330126613688	-1,1554726485793876
-1,557179220401268	0,4712800161812937
-0,260330928211734	1,7629218865022458
-1,583247669727359	0,8631512714137942
1,038317655735412	0,6529718341025098
-3,7618530208608036	1,7277887909694458
-1,6773786308085876	-1,508888039194058
-3,926977274679166	1,8273123085622842
-1,059068577374738	-1,722059095197261
-1,4614654278818224	1,0832371082264727
1,087141849394024	1,3196098661615887
1,9985968587893508	1,225077013781475
-2,692944351726653	-2,6648319286546234
-0,3389818600258029	1,7277601433522232
-2,8551398111043738	-1,3204308255963757
-2,112368589548803	-1,6923921058219387
-2,7888145775140156	-1,7660554838270972
-0,9870848881071657	1,5155141810069135
-2,621635380267188	-1,7712803712944638
-1,5916844972444688	0,4584776534011401
-1,9114132715434324	0,1010841625463792
-2,951282529392884	-2,464381610854106
1,2782223645187196	-0,0433107300722957
-2,4192878965705935	-2,6762929704704206
1,7708209989787886	0,0832343635258366
-4,401451765057242	-2,425081292870818
-1,2308718125135143	1,5703755182688228
-1,2120204643046906	-2,8020639329863926
-0,4752297819488139	1,5463213516099557
-0,4646230116469311	1,6808990831822213
-1,6220497386282111	0,9988458522337355
1,7337958368733242	-0,0848576763736464
-1,3996044959936962	1,4079071416828373
-0,3466569421468347	-2,5684021158591075
-0,5914647940180909	-3,6535728540778933
-1,398657835175245	1,2389359557411752
-1,9441546381120582	0,1049154623124277
1,0991936222477818	-0,1313611309590894
-2,3595497617004635	-2,6105797207900956
-3,4274332828410996	-2,17930191108554
1,807019595282826	-0,1771673216891021
-1,9009963170689552	0,2429676880182193
-0,5070641953468799	1,911155308286657
-1,8481198172013122	0,2039022433456199
-1,2455068901456134	1,466151673504085
1,1918879229054156	0,8281350509780209
-0,7600407463801498	-3,991995814829484
1,2265602583786757	0,7199555790244859
1,5912327432068292	-0,4891183030333311
-2,100176052848539	-0,1572465718487439
-0,914840487359969	1,3833917172985637
1,3441627807293401	-1,4452015168535537
-4,041295826588907	-2,4078250508952
-4,677036987871164	-2,7621266538290357
1,0941700631263735	-0,0175229771331612
-0,1220604967757047	-2,7397062825073406
1,522856859733239	0,137098300083237
1,1094306266127327	-1,313996695328588
-1,5459493850969674	0,4970406454489191
1,2786095896598164	-0,8139276678244167
-0,5454347452864252	1,7217318866643998
-1,8140172964636823	-0,9944831159913309
-1,7674233781678805	-1,9989538336644506
1,2084774119307284	1,5531676386381807
-1,2782364381938294	-1,596223511340356
-0,6280388491632833	1,8297351971633038
-0,8305720275969993	-2,4463812536081706
-0,5356456494386368	1,585584801913423
1,3928340317163048	0,2355459156134357
-1,3969266543871743	1,182885202162471
2,4352739745693253	-3,7823234219925235
1,9448756302709054	0,4232480389500886
1,0361048739747472	0,9727599959955981
-1,123084222895133	1,5808851509910506
1,5477410264460332	0,5371124867075989
-1,9775937909713357	0,1329469053011666
-1,3456963245133273	1,3867336863413522
-1,7207639214887611	-1,7299110984617727
1,5322898012729724	-0,1402694577963306
-1,568177312332517	1,155404964951442
1,6110558355638402	1,162993455238756
-1,2334611390479955	0,7844461527525022
-1,0604504459322597	1,0535711409564044
-3,1773928789387673	-2,0453971790453895
-1,347243818860759	1,3050073009020648
-3,6415419034031764	-2,846220860122376
1,3243907097162304	-0,3993586111623307
-3,075896037251553	-2,735881034543289
-0,1436924086106788	1,9807624707559583
-1,9499004932384403	-1,771093545304172
1,0851111127003061	0,5604009624855805
-0,9676005771740979	1,6393087126784036
-3,242469194636273	-2,488111496796614
-0,644747260731107	1,369523159552448
-1,570687611285691	0,6987224731813544
-1,0650214786958576	1,0696575810053672
-1,421145852144645	1,0415089371019333
1,1980924292154138	0,8980832018679327
-2,192887940361648	-1,3512105916418715
-1,746266031259612	0,6957219234479582
-0,3162598959791404	1,8979320684989935
-0,4534623652314538	1,57675377198614
-1,6446086842947611	-2,826935346006496
-0,5715896461222993	1,8019425486849419
1,6016451098326674	0,8184924867127158
1,3167999409847657	0,7001552357238301
-1,7885996241940685	0,8744827348409694
1,4844559873516854	0,143522843126075
-4,120827394499812	-3,861117879034783
1,2044311204525973	1,5907119272743846
-1,9551591093018756	0,2526228331511113
-1,5150326013057698	0,9962824974072741
-1,8188888851833582	0,2411992989655347
1,8116150355505116	-0,6159463413163349
-1,2147509635454483	1,2863451677282556
-1,323824991044067	1,2005932098170158
-4,671721708749728	2,7270295540868474
-3,9407008060221695	-0,2550781226133154
-0,2496592412817757	-2,642749807120526
-0,0044406234204992	-2,3317830760093967
-0,8315161778914629	1,7981072824397084
-1,3434143268358496	1,4600696950664331
-0,8384953219360365	1,7465327869877494
-4,248379847589983	0,4133514008060634
-0,7129736737532012	1,4262061358666305
1,0183412799653688	-1,1766642114272017
-1,961063837954834	0,3824608229464691
1,253192014768144	-1,2152321552233434
-1,6549226895312652	0,5660335327811772
-1,7084148738863003	0,8337420014074084
-0,9664577767138912	1,124484355732343
1,3757193324306758	1,376512923142561
-0,631764255165542	1,8267259153651025
-1,3431445601799825	-2,757525235078033
-1,2777345134918103	0,9832624761978146
-0,6152729816163593	1,4636565928042193
-1,1943670347979238	1,140814264496441
-2,4565437483265544	-0,47747835897024
-3,406529136367471	-2,717772756439066
-2,150326937275923	0,0559331152977469
-1,85013264014545	0,3859965031740079
1,1297399474844323	-0,0345594227200712
-1,5845106575766545	0,755308712388103
-1,396141893753728	1,2700751974925746
-1,2710909398058219	0,8018964356998153
1,137966785107476	1,407148180427698
-2,0148434426537474	-1,3377747685819148
-3,287152196525648	-1,631378232131568
-2,3916329692347924	-1,0467233649763634
-1,060440298758277	1,5180599208224965
-0,5800050821914267	1,5143868256824757
1,3166132894519273	-0,0962811174346254
-0,6740739405917978	1,3307675559291552
1,074190376497648	-1,0684505086976885
-1,189174131829236	-2,19459582271182
-3,9169902474484477	1,4614695876843724
1,287709826097243	0,027024066976143
-0,8871193277517766	2,2669204475625406
1,0721104246632278	1,0345088723648639
-1,7058165132552858	2,0761357793392072
2,4073242477559216	1,0609709130403917
-1,2646005602063428	0,8802420625751041
1,7696062148350138	-0,6623745695373834
1,1594851167537152	1,4635010931589811
-1,5331969118773938	1,0613272967200078
-0,298358053401211	-2,989653684217792
1,170921839164834	-0,108692788781223
-1,5288943715309378	-2,8961581003143695
-2,6634716347738023	-2,2892693818228134
2,9192659554128304	1,0128705314848325
1,7047184771756836	0,9950112036926775
1,5602362322595904	-0,6667298978480052
-1,5251119821761376	0,9754942610934638
-2,1662923310759132	-2,6929794569108845
1,753296377559053	-0,5782199176587698
-1,072327452025977	0,9498173857852209
-0,210770408764926	1,8389789621982908
-4,526482948108334	-2,6795378979740603
-1,181226357662946	-2,74878651635837
1,0773898299167288	1,2533330346079457
-3,2364389867384444	-2,2216859474596284
1,722730018802197	-0,6017164754963077
-2,9405198147886287	0,0342539551055064
-1,1568648095065472	1,2473972522207033
-2,4813838244231863	-2,108080676507753
1,8258440954067425	0,5008553645809357
1,1129829821941537	0,3369399339428729
-1,1295841755525684	1,5976203547309074
1,3377850257760333	-1,3545290177304035
1,1090421328632383	0,7920041012193235
-1,576585601091137	0,6478571760880898
-1,813852820180215	0,716508684181407
1,7348415861868043	-0,2105627583795142
1,0127535647796793	-0,2210168250327442
1,433424721488103	0,8157452168608397
1,1906361695302308	-0,6371628151933834
-0,6492851332319137	1,6146598923372322
1,1864891852007475	-0,6798249740814563
-3,4898552685188178	1,777726795834816
-3,0926535166096496	1,4879822495407424
1,1965973088035387	-0,1483269861970056
-3,0847405733970183	-2,371395297428143
-1,8690850073274743	-1,6672197672559874
-3,952413968906263	-1,073688731340971
1,7109829122843523	-0,2396961793634447
-2,4838450847126783	3,6863867895251117
-2,0723366447684626	-1,9543089762521757
1,323301791181778	1,4698747706177917
-3,1228794790513645	-2,855520775467644
-2,5773053236833237	-2,122162242341677
1,0643910880312486	0,5575791739943944
1,595463844356117	0,8291893299573193
-2,114231749052343	-2,7169837069592524
-1,397014983177613	1,3083905732324812
-1,6096106408138398	-2,4422805891243518
1,520268578112542	0,0937834485079128
-1,097670976851276	1,0448517427956183
-1,1280695958086349	1,2353521828986092
1,2404304925833445	-0,1799376532987478
-0,261503279616454	-2,0272595627029575
-0,6361459429875498	1,607311730228334
-3,080961025439812	-1,6034081364765596
1,3244335855735936	1,0961150573906009
1,1558943945640738	-0,7568252583823811
-0,8934268262421612	1,4038338420547483
-1,8804827100304453	-2,562838351555657
-3,802920376807372	-2,778620603973976
-1,0409718406292794	2,4790221702709956
-0,2652191949700823	0,371038690094467
1,110052938132482	0,3390595252254135
-0,8318364188131958	1,4850966264695051
0,0333503778078896	1,477560708347966
-1,4119108373685498	1,0536686967995443
-0,8164292385729617	1,5198470025251107
1,8202399030654979	0,3392259572978586
2,5073215026055946	-1,9108482715718043
1,2724498818834071	0,4268596534977876
-1,4834118568993557	-1,4829543451491856
-1,5149054901662282	1,012950054294235
-2,533547679628876	-2,2176949640317765
-1,1172278449557722	-2,652475558845704
1,1814351664792266	0,383366626068501
-3,7929891167561314	-2,965121410105593
-0,4722344869124432	1,7757630469853143
1,3083406655450158	-1,049311426126517
-1,2842270223685914	1,1431490189829632
-1,4063735149800474	0,6851294948185243
-0,8739081493615353	1,7404154510098975
-1,1422042065290658	1,593871760180039
-1,6031851942471151	0,7527982945972581
-1,2681497486342497	0,9576770979281822
1,1095682595103058	0,0509992041677758
-1,9380934571959885	-1,5179883605642046
-0,5846206868362717	-2,963445285063284
1,4863732121258333	1,1252115223717163
-1,4694151022526367	0,9346687941097441
-1,0804550623005649	0,927820028147089
-1,5342094467181315	1,2310421661648783
-3,8911532099243153	-0,4433664354875059
1,341425700588946	0,6365364297480898
-2,804996964744779	-2,7538204144725915
-2,990240110281724	-2,4074702530573977
1,2646165992960479	0,9674481398690877
1,7222134821124	-0,1079737112988434
1,900205945709675	-0,175554428288818
-2,0731418219154594	-0,4934317972896491
-1,927127078732603	0,2682205866864815
1,3409086066656182	-0,0261535473667609
-1,226637816150272	1,2291102457208218
-3,7849086484099965	-1,9022674313325223
-3,2971226043913955	-2,253676183656058
-3,2818895461279824	-2,224266895028892
-2,03414960846488	-2,183350032252636
-4,4868344684838295	-0,3538523719057032
-0,0490334047859168	-3,6766926696566835
1,358015172126443	0,9279223008865437
-0,5637913388779863	1,7243372207242142
-0,9484622476849348	1,5607275294585023
-1,0125716953382429	-2,4949241837268707
1,8399428590913716	0,4612025949819624
1,86204144711935	0,6156397213484719
1,2194180575721907	-1,3587983636330123
-3,2155815434717225	-1,9930307746875826
-0,3048251815327075	-2,1198743472713377
-3,908649492136897	-2,345229880946053
-3,7064913405271254	-2,854840274395811
-3,2259650335758394	-1,4665239024318955
-1,635049574386325	0,7913444995582161
-2,6069152742541752	-1,544832783145329
1,2558531661583192	1,0485319190093803
-3,3693122491535563	-1,262194898077408
1,4304394143229873	-1,3913938431693997
2,0119547525005945	-3,2839708271149135
-1,2230781694728772	0,9575818389658192
-1,672631645582375	0,6362405551835912
1,0476862201373947	0,4247728361258516
-1,65173563914104	0,5936330620957535
1,3500284549099337	0,4716978142828403
-1,0436699351633654	-2,389004834856859
-1,5075972329190495	0,931420473460045
1,597648176377927	-0,5258259023552935
-1,8519234518381276	-2,731782340769881
-1,7553805307540973	-2,048323124079551
-1,304894527170737	0,9572333630276371
2,554322551180298	0,9350085193397566
-1,829622708118118	0,4689172979918612
-1,7997816005581968	-1,6208311230583767
-0,8593097037964553	1,3616723438756313
-1,7720328310287496	0,7399576973848485
1,3508914025526906	-0,9035938945974072
1,353330332808774	1,2577688434458825
-3,4724446592670732	-2,975526575255099
1,3465158661792938	-1,0408917185177495
-1,1115875919287026	0,9081370213956073
-1,539284204706868	-2,0201546077761456
-3,517194485248633	-1,5509233163216325
-1,2996868804846775	1,1590824430694386
-2,2873714885243093	-1,0662489714898693
-1,968461106440559	-0,6324621198415739
-1,9896829420696194	0,9410098908335292
-1,92872749130838	-2,2638871684951996
1,3390219122715834	0,6105727221456791
-1,6213400450126039	0,9069545307477377
-1,8540939448225893	0,6442453472629855
2,942024930845652	3,766756486048556
1,7008634785618488	-0,0478223915057813
-1,63428009725683	0,6887429263130164
-2,256955049285811	1,1353915213671955
0,2769106771619769	0,950819407568147
-1,307367280283482	1,3382705338181748
2,0985863381183316	3,2574305063027573
1,3542287848123653	0,6159014337791758
1,5396496748059274	-0,0593344891526377
-1,487429677375487	1,2940797419252341
-1,1960960617702534	1,2027650023810674
-3,9510168870883615	-2,482421463864146
0,7146910948486547	-3,8807463494907637
-1,722004613720191	0,6745093415616618
-4,235523447514538	-2,637875228768568
0,3885819179198577	-0,9806670633838586
2,776871383312951	-2,309476486274487
-3,495893394874156	-3,9750433221241046
-1,6086781112721182	-1,7782115544348969
-1,8211560698832168	-0,5774366851774752
-1,466321759967947	0,9421868725910875
-2,786428802619577	-0,9722298111146584
-3,3785998325060365	-2,5849692636400277
-0,7359381728511154	-2,7780373241199015
1,5352626931621889	-1,1931379057392748
1,0173525931214988	-0,3409277301439995
-0,9533365596192711	0,895769510373651
-1,5391191983298143	-1,1148796427447163
-1,7197098514175233	0,3328040512179471
-0,4473214608181063	1,7134520111958453
1,925842821777836	-0,5352996663065582
-1,0466514382496668	1,4516226872737736
-1,9560772912746645	-2,739145997945311
1,1357910299948955	0,422359300126474
1,0841992597756511	-0,578594554212298
-1,5763473267306243	0,7985287987641525
-0,0491470025361243	1,9592026655808201
-1,9939337310851555	-2,4200186041315375
-1,5326246612313503	1,032459027450826
1,319879743914503	0,6755139614673793
1,6458331612546149	-0,6170182732135245
-1,8875234069863933	0,5345423257971327
-1,5984417933080115	0,608482697204452
-1,4268982271139659	0,9935229715916895
-1,4641994832577687	0,8642281695573923
-2,7030525491489272	-1,3878739334784156
-0,1880352102347507	0,4402027833535135
-1,2536461299721662	1,3810207360543867
-0,2490703490246711	-2,325973435456174
-0,5594791307617697	1,842109242534498
-3,953968961757568	-2,672437042001414
-1,4905122343511255	1,033819866694276
-0,7348740204015829	-1,9953867757174266
-0,3384265185709606	1,9037923089899156
1,4734240687781701	-1,3297049244987402
-0,0005268970556263	-3,8376602200543477
-2,2791634167375587	-0,5230297954387411
-1,4886509477975052	1,1319801193998003
1,614580503807274	0,1955476875599566
-0,3720774807743649	1,9216625736542718
1,2901908419282648	-0,2796162825973483
1,1501982867393183	1,2185256361949295
-0,1009537052587808	1,9874330919686232
-1,3507805571694764	1,4236074202091098
1,9972306889175262	-0,8070145659457804
1,1937944738497142	1,244685109920545
-0,5308479851528599	1,58528697662554
-2,6250412009027886	-2,029126663482822
-1,1467141311876163	1,360465982976623
-2,5125591817832644	-2,36308321536088
-0,5730099599213944	1,8302152808208372
-0,4578813615396765	1,7151092710183398
-3,8540966412299036	-2,0086608989720447
-4,8177291260948945	-2,9375704395859588
-0,3803870379707857	1,6326568602096327
-4,134174702962431	-2,708676971235752
-0,7928066986644553	1,599231916382054
-0,3901531865188461	-2,968586469303256
-1,2216471324191485	0,8699637403564093
-2,1686107824317133	-2,6325088693713945
-3,6797255305753147	-2,327768711498173
-3,230445706779054	-2,10701539802903
1,8036405960974549	-0,0883251035096513
-3,5228187855094646	-1,831966292050279
-1,1033080222220577	-2,077368076211324
-0,0905649236011306	-2,9453631400111613
-1,1193626108711074	1,5696245419838004
1,8353520608609837	-0,7892620592087208
-3,104648153047331	-1,4772020419296572
-1,3252849477804203	-2,8578791399297363
1,2707423771871162	1,421232327079538
-1,930899483311173	0,4245080864701655
-1,4480121835574815	1,3683449525352551
1,3927772702319503	-0,7524576559279591
1,723800391970744	-0,2528306439699773
1,5087430511850237	0,8732686613310335
-1,6621783530293808	0,7924023064953405
-1,7501906331048893	0,3869983883095565
1,8197265843905415	0,447179274484877
-1,0909317694694067	-1,7134550325298474
-1,5263978320508529	-2,0440733582455644
-1,4362557395681206	-1,5856961935472436
-1,7429561022726798	-2,5088313598450687
-1,5152201860901964	0,9026097901574536
-1,8025333860828567	0,3060492223033582
-2,6528059748618613	-1,889361423412243
-3,5533388541993354	-2,324128192332795
-0,6243024068245784	1,5102171750776496
1,2250279258414898	0,3684215811055578
-3,0052630104093176	-1,1877388271619065
-4,2378869805829815	-2,2750948371543993
-0,6005488026874729	-1,8003419331059434
1,119781561898302	-1,150480409673773
1,543379269307502	1,0270311285798135
-1,9336306223534638	-2,6139170772688582
-0,4345317131573018	-2,883624943666546
-1,2857585076963431	1,025897724884246
-4,486293537623099	-2,7604712857384985
1,3593308162793978	0,7225572635924077
1,1367886036486063	-1,5550529925036547
1,234667095735033	0,9185083043440762
-2,795960508311735	-1,3823271353003737
-1,4296978155527749	1,235701144259153
-1,5937174438461001	-1,6550421350676918
-1,202253798931389	1,1565049650734176
-0,6984281052514657	1,7174043070241223
1,0571157648131178	-0,3093079854745996
-2,342357660484307	3,598900207055994
-0,9160087843791707	-2,339049137881314
1,30545762857461	-0,1179652447679518
1,495052558845656	-1,0504354356785384
-0,8285459449655825	1,3297773564507132
-1,6854781008172377	0,5772959805590651
1,370010265528872	0,6897235120981475
-1,633689966997268	-2,297626524349866
-1,8069851974305062	0,257673958960939
-1,1183730523985587	0,9925153445726789
-0,9020869805739476	1,6433967762908595
-1,3907224546383308	0,9126644654159816
1,3518600966555963	-1,268498986381609
1,5368978833996945	-0,2190272359548852
1,1963522287065982	-0,6372645083195302
1,5711200698717704	0,1840848401844396
-1,0345127372844605	1,5432170146136874
-4,19691035315329	2,630692638062195
-2,4633574678470485	-1,1081445970687192
1,3800953024132432	-0,2633305297072627
-1,5819022811727108	-2,791567370965542
-0,3491588223088798	1,8276366161112776
-4,923939843023817	-1,7329392940129489
1,2556511621803332	-1,4945862695336827
-1,1450004210313776	-2,6962439411820673
-1,8031583915669176	0,3605992904377622
0,7978621000924577	-2,620351519536976
1,3683062424676087	-0,4599091341697339
-1,6102240083877188	-1,7317662692618352
-1,1596797412061055	-1,8570797044828158
1,433293761937759	0,7105777294117134
-2,0600871896989887	-1,1630093663003864
1,263453499449054	0,1875489828321489
1,3615289310284848	-0,7132233560598149
-1,6228828933248813	-2,0870414764971477
-1,98446344758197	0,069699218200863
0,5822646136141783	3,891839200391441
1,4307095241174994	-1,0654933081504083
-0,9188343658594652	3,0393156595903914
-0,8913121162407868	1,1299268465421681
-0,974009079718392	-2,42936527721633
2,900725209042829	-1,5301010799151755
-0,0619669751022658	-2,3144029850736754
-0,7341236018658371	-2,333035128467581
-0,57068582003233	1,9156938450857353
-3,2856235237121934	-1,4817155125640817
-3,0234830612099923	-1,1767952200543752
1,1168910178222071	1,123700768305934
1,366826559732329	-1,3932983136285189
1,1019672997836047	-1,1152014120679383
1,0859003584205253	-0,7355149017011408
-1,2924510921426184	-1,6523888539474405
1,1527500107043673	0,6454746569836549
1,2011679980971546	-0,474185723781545
1,2685253732377002	-0,6609187937400415
-1,4503154174009287	0,6244475476703776
-3,821370697507917	-2,5635536861748713
-3,286088281607951	-2,7184728349752816
-1,6254780680190943	1,0591359566200516
1,4174559066887342	1,1518918519657837
0,0200851482118669	-1,5513505739449878
-1,8244605201192368	0,2362579365813041
-3,6499780854533825	-2,664696657969936
-1,8742714562381724	-2,8959022753612147
1,0523758360355573	-0,4065883601688851
1,9653967224470943	0,1575391995705968
-1,6098421603725521	0,3998526701858854
-2,07849059009088	-2,886843604554848
1,0204776010477565	-0,576882905052772
1,7355221588011003	-0,1287413460657565
-2,1967828120940958	-1,5447750270007998
-1,1433611109036605	1,1599382535477158
-2,969919146158941	-1,7125401147689974
-2,409249437619276	-0,8433562059315918
-0,7754153790899815	-2,9667222076848114
-1,423803682962693	0,7656266580489473
-2,128238114440087	-1,6700106669723
-2,948759518514224	-1,400375740929586
-1,1991816866691738	0,8432391973850509
-0,5666561366939138	-2,9337442571900674
-3,610037438352319	-2,83126593201551
1,0978635246750854	0,9963782006093838
-2,0153454326924076	-0,5982603863513585
1,3302064430490301	-1,363852250074762
2,6914207574337183	-3,595586614586426
-1,009118623722296	1,0682250831252442
-3,063880857011461	-1,8111889888962156
-1,1114776300407065	-2,0531800326438
-4,420811322439961	-2,3306281503095465
1,2754090637936373	-0,8705158352556994
-2,3172001696812625	-0,5329728342519434
1,3418783551010587	-0,39956457052606
-2,271620971585244	-2,7128298449555617
1,6564859683519595	1,0137539124500936
-3,217339661828693	-2,1604135610278083
1,2134372232963764	-0,8096567349256492
-1,1476170634260392	-0,7794072451287039
-0,8978170794071365	1,32057263055856
1,8120034934812983	-0,1365617737490424
0,6265383790773588	-1,5151653850825966
-1,7836324789155538	0,3040857592018311
-0,1284772018283942	1,5793772813445788
1,304556260906008	1,4214774347928036
-0,986113375115928	1,6247252037973237
-3,7989923431703647	-2,952184645554343
1,866312163857803	-0,1919670385432171
1,8370159517455542	-0,6131396805236238
2,8472056897345426	3,625441617007538
-0,6302583709294907	-2,013164577433685
-1,6942496067099064	1,0037069809700216
-0,6328713321369543	1,8688093713095943
1,038324755718063	0,170884714747047
1,368155927565467	-2,5122351547772785
1,033289509276994	0,8627278257890172
1,1858731969447045	-1,231649170582512
1,5881859005800514	-0,0354914558815512
-1,81680858600168	-2,396910479610293
-1,2357922733317592	0,9474725707428436
-1,619630864452493	-1,1959168095169468
-1,626595566438943	0,6403907610094917
1,6121649317422275	-0,6236505557400875
-1,5145167770978913	0,9303500273063425
-3,8745514864678094	-2,0324038205056554
1,3427729578605172	0,2076861643274256
1,1235252516266985	0,8873549777386937
-1,8975901303319929	0,2680809852048809
-1,7475153526111917	0,9216617319672131
-0,7172252094431217	1,8654964784491006
-1,2630989959937513	0,9830287983843815
-1,6988401098792725	0,4168642913104371
1,4728090084348429	0,9061736469794929
-1,4122050127666426	0,957966901684652
1,6610035303024373	-0,2892908508319583
-0,6398531459277572	-2,07029703407572
-0,8094681943398282	1,508725406244946
1,9845281734802385	-2,3494706816534636
1,061536919423947	0,18116197424726
1,1307962343854663	0,1696922962788447
-1,6826684600976134	-2,59039371569381
1,302048595619321	-0,2162303391026265
2,2968532433401543	-0,7201795329024986
-4,159899852484873	2,1539468046043457
1,1250150002699173	-0,2727152293007067
-3,170114372818217	-2,743127972658711
1,1820644914040024	0,0581389545421986
-0,6438620773877283	-2,5950612207260777
-2,4737834754990926	-1,5041803775046083
-1,2335562901048671	1,332208703882463
1,746116812483513	0,0568213382236449
1,1670200025280417	-0,21106191829688
1,0288812957302773	0,6436991247220211
-1,6326513823551774	-2,44732684204283
-0,6857182217145332	1,7865436634432235
1,2190060318667277	1,2918686211782675
0,3435005370457995	-3,6989865477434796
-3,911505459262964	-2,8968910659293776
-1,656851909895931	0,6181537521769008
1,4666504115018741	1,3534828081785957
-2,417628183608667	-2,7342483948428438
-0,8400926935283008	-3,7221884105656895
1,5612077076294888	-0,5842145219405365
1,0975851221417254	-1,4291324070833336
-1,8645041817418218	3,8642738034057595
-1,0948972883780814	1,3790045828815902
1,3804249274022813	0,9503444958736352
-3,1195790810389523	-1,4569465342713395
-0,4576988235499699	-2,4524446368558146
-0,586898455981336	-2,6422785422152826
-1,8148807925903951	0,6184703048324949
-1,6487163601838188	1,107341890884591
1,720768324273007	-0,3839666030913842
1,6540555355477773	-1,092894868835859
1,277192553521306	0,5821883380870044
-2,307341561959069	-0,991800818803433
-0,858794847017101	1,5055033389388388
-2,2728490585204697	-1,764650928825465
0,3116124995206031	0,9856949117220171
1,6781700471543908	-0,7552810129774372
1,1561565860855216	-0,2107090417635002
-1,3840531713971025	1,2865182955520242
-0,5643753231619606	1,586678482977562
-1,5958758195385232	-1,950985952843662
-3,1803680106384475	-0,2196575445666753
-4,549680034790235	2,0243973302798146
1,936429695183789	0,415723440527367
-1,6439946504753329	1,026737820131617
-1,9228936046018117	0,2967834475078011
-0,31351955509261	-2,8609082526304572
-1,5771695990333119	-2,025282095141667
-1,6156641412292578	1,0937907393569943
-1,8382597350115848	-2,100510880256719
0,6683904659203236	-3,4861293959969366
-2,765290449173228	-0,9691628958191865
-2,9848881296810084	-2,610113387495037
1,7286316949409377	0,5769023689703323
-2,098180615146044	2,6592293842136328
-4,321688503317973	-2,5318507568214943
0,3524917475649262	-0,5387593394101561
-1,9655014176547234	0,1262606250725613
1,8749736189383408	0,178301597651522
-3,6336990781093634	-2,743405538208406
1,437188785330704	-1,281098168308774
-1,2776527128437447	0,789308370572623
1,0303715875691126	1,161856772005521
-3,191266143892044	-2,5205681646116567
-0,1427469206413184	1,336621257491096
-2,507062701122474	-0,8929291447851899
-0,1068274425686128	-1,5753037606238771
1,1662244757751932	0,042801197645348
-2,66483866066097	-2,464347667337337
-1,6834759148782985	0,3922590748083645
1,493637814195935	-0,3963004387448387
-0,6571856431530215	-0,133377835749534
-3,2871574234662138	-1,8309456221792244
-0,7791030585814807	1,3944480551886869
-4,339734680062351	-2,940837314759941
-1,4310355219232735	2,5698375804348976
-0,9158285584329761	1,1871486826280848
1,054377052183093	1,5717230466534886
0,1586246816552409	-1,836464689697798
2,662173597880665	-0,2847150368702404
1,3399074080741218	-1,4779839899653968
-1,6814714896614917	0,6216501258258577
-1,6719202967594469	0,3474806166239307
1,28857592196428	0,5140498006563504
-0,3882311047852743	-0,6295010774767105
-0,5893325294802316	-2,817548641454099
1,2862761179812914	-0,8153459825643364
2,4458356673994857	-3,8286283475399108
1,0579722443548403	-1,503062534197991
-1,1908248043440923	1,1908425577203454
-3,381206358957027	-1,853683984478837
-1,1196290987588218	1,3368617453967175
-3,0318057767973143	-2,5054209140170958
-4,037485427115701	-2,585236286062119
2,2218235891412785	-3,0709998303537014
0,4739702963796524	0,0560438534308779
-1,4191691465080551	-2,684806106630204
1,2871662820218415	0,5871283363339087
0,3597260569189632	-0,2775838650309997
-1,1382350707382058	1,0091120722731128
-1,274781540926103	-2,8706973175711865
-0,9928832407797814	1,2004371002831074
1,4848501336745887	0,3468654458695846
-0,4652768028269243	-2,4286133755329784
0,2029080709623862	-1,0799174500619553
-0,8309600657214308	-1,9030888850856016
-0,9561090813762041	1,5313166953891835
1,425260273699195	-0,4956699612120041
-2,1758448186413952	-1,4457955872781647
-1,3667158903653047	1,3727170372826292
-0,8509894206868813	1,2635265733497714
1,8992157235975817	0,287066020544559
-1,1200654006415367	0,9155209150091332
1,098021590069088	-1,0934587760843413
-4,670078409935794	-0,6642164717002323
-1,3518384404911399	2,815874519160942
-0,9208829255351719	1,2223701883524596
1,1598760272735507	-0,8352208164400851
-0,889304908907555	1,2030158354740628
-0,1674103438048679	-2,9846509341994136
-0,5775191266238665	1,5163765611288054
0,4808347664473452	0,5502459463710738
1,8087870317915646	-0,4210845039038222
1,4877465191068566	-0,3007453796199867
-3,844742087452121	-2,76464733851276
-2,1815184772164806	-2,568519225413395
-4,414200808950704	2,8494958587069017
-2,666917851063075	-2,3634003354494486
-3,6669120598323177	-2,645784278583446
-3,6640898884899924	-2,2062131361134742
1,7598570480734737	-0,0872654766669841
1,7673279919285274	-0,4235960437932419
-4,950738211834726	3,277001305884168
1,1982718284900409	-1,3765619886617224
1,0409321514138767	-0,4501440541059867
1,204611219413032	0,4361969216439943
-2,812665928015807	-1,4441567976161096
-2,2332958041131876	-1,0035251057453334
1,1461095453869965	-0,4338601641983296
-1,892907769957699	0,5986543179381713
-1,218314319930231	-1,6449253876538326
1,301022088967747	-1,3229676100780787
-1,272402582465114	0,7857293376597853
2,01246343896218	-2,0070830498459777
1,6065120030698021	-2,300390663882598
1,4053612015702317	0,4935899953012524
-2,373345818238018	-1,4271428067853498
-4,0414352872744095	-2,8499493932737527
-1,3467670836901156	1,1888919905856818
-0,9634175228489563	1,1925544517177091
-3,6171894186061007	-1,9280373611559383
-0,5525408293641086	1,6693574730374219
-0,8086410674196781	1,4590684974820034
-1,573925758654553	-2,3134859689877256
-0,2026761651161483	1,9294388180708635
-1,5476199984049288	-2,153698448000957
-1,808576336878501	-2,496164115372375
-3,1742712139261147	-2,9864298375718006
1,105634839371024	-1,1522641912819138
-3,2790793088774848	-2,1638042489796687
1,2068753759775257	-0,1870730832244007
-1,7056110177388337	0,4722124930201472
-0,8875804661201264	1,6661759866356722
-2,0940595773064303	-1,679938128759722
-2,010198076035857	-1,0814119095421069
-3,214370986680894	0,2609439341667166
1,8438711174637277	-0,15440943337695
-0,3184688872041043	-2,5477433354140753
1,166649998648589	-0,9180803748327384
0,2835112430646591	-0,8353626377012985
1,327342806034412	-0,884783238869035
-3,8587902085081742	-2,5467113877177137
1,3409800398824887	-0,0039585926004315
1,4039297881196278	-0,0757999188023222
1,4537832347476378	-0,2641370393247854
-2,1654833049375988	-2,013476245046082
-1,4145066428825257	-1,8689716205530176
-3,5477216246990864	-2,650843071891025
-1,8054816623900503	0,7643365363364887
-2,062064204578902	-0,8662421668010851
-4,32557421765689	-2,9848136905387768
-1,6174344625232573	0,59177316472044
1,0553288310211588	-1,4501535264068663
-2,0097896620742404	-1,296171066061941
1,0542706652925236	1,4978560247062793
1,0839735674555289	-1,0812320123718158
1,4778949532853467	-0,8801132454440062
1,6586697347031223	-0,545518590440589
1,199826717922459	0,1936573146146365
-1,7588448525090894	1,9689664434658019
-3,0363774471048997	-1,1041659914482334
-2,8542089796136185	-1,3270496937928984
-2,112611350934399	-1,8362896330765501
-1,9516664600010183	0,0598685718107207
-4,245289855193288	-2,6407026817055526
-0,4815719149628358	-2,678697599932551
-0,8469937516620497	-2,069114798620026
-0,5533816788691368	-2,8968052843158616
-2,2844092027339533	-2,1221300708434883
1,8397826916889009	-0,153268980409265
1,1030635054982598	-0,9635346485527313
-1,58496625480511	0,9652364720323854
-3,180494900158422	-1,5910267577524357
1,4498898563535703	1,077948248457587
-0,4220346233812181	1,6941050071690869
-2,7507028246096246	-2,4420909769235237
-0,5330742224269813	1,6824861407436829
-1,0472814123082665	1,0790425022597034
-1,1181449436180242	0,981438793493396
-1,0715854096892048	-1,581590205318611
1,250231056838463	-0,2966643370442782
-2,420088902404098	-1,0994991081825123
-4,799699094467139	-2,8966542740408734
1,230973809021176	-1,434984302093416
-1,6634319785438363	-1,689992553130585
-1,4919550566460331	0,767403561771717
-1,5628738678283676	-2,7659947238351696
-3,3849473783708466	-2,58076329797486
1,6611006203787624	-1,101904418218371
-1,561724236524602	1,204166134423692
1,5059254615996958	0,1480208779831637
1,5964565495717231	0,1963968551740579
-1,2833365308045068	-2,985889409108597
-1,8292877478237508	-0,8201188101579764
-0,4874226403696004	1,5331021511505427
-1,7963984876047367	-1,1914037164254432
1,1190701422141547	0,0918143971191695
-3,189975882548241	-2,0460862749073803
1,9492250883529834	0,0276330769873996
-2,9537309121407587	-1,3100153179181504
1,3619586852448855	1,0076965139285021
-4,568737908320168	-2,6198386179702986
-1,979989636407194	0,1578443011352441
-1,3073619824072045	0,9891669630227136
-1,5848425240329456	1,1025632920087345
1,0958129321892387	-0,6735662002578875
-1,1075823327309817	1,1205625836884643
-2,1847845394933954	-2,937723281409618
0,876906735344622	2,5502725585749717
-1,7503069690576332	0,2602756702228524
1,5324510262279287	-1,14975955381579
-4,203903644209035	-1,337235007344915
-1,7916223243805556	0,8592981655318536
-1,5326339355842427	0,6361432773804648
-2,1240788173686647	-2,971033530030471
-1,884379376981336	0,4266573641919571
1,4305466300737404	-0,5696381285984666
-2,6671225198458632	-2,753867153998569
-0,724579351300491	1,3093657064087574
-3,26531711369157	-1,513306244115109
-2,916224022535509	-1,919990504100069
-0,8742496481969589	-2,939512267093557
-0,5817483866081741	1,6956307095132481
-1,7365602550293269	0,8285728504722016
-4,540262571384303	3,788559554544117
-1,0217235984079889	-1,98763828634122
1,8940646479737184	0,3336421003026676
1,8085615856321087	-0,967107301808029
-3,955259544615913	-2,709816597727092
1,0336105563754054	-0,4162411602097011
-1,7294327234746694	0,3827033253560078
-1,5143534538706185	0,8367986955806198
1,2110994109080047	0,03099942747253
-1,2990826697923061	1,261315439255209
1,7838231829373847	0,2413078931007947
1,6452824747932486	-0,7318190388654551
-2,1663128499532296	-1,1457044004789596
-1,060246186612509	1,0672215441881094
-2,0674253498435	-1,9784559366955496
-1,8375066813603118	0,6157540167560069
-0,843176971958009	1,668370564171629
-3,2724705858745753	-2,7962020899363376
-3,9941292833915987	-2,8236515567809106
-1,4721543696732948	-1,5826888050822963
-1,5983430528166798	-2,4981266083774893
0,4465734359219096	1,0115012486118509
-0,8972695105411675	1,2356820965494122
1,3865458633833767	0,1803565592979745
1,2360076263250777	-1,2348887440728042
-0,7016659988359243	1,378423866374829
-1,263993764106266	1,1253289959156414
-3,5968194191649103	3,2773730315869476
1,0882543200267762	-3,8374289738776524
1,7722436788677516	-0,7250110212698427
-4,211889463490873	-2,426278700747934
1,8867993056825794	-0,2015187233433133
-1,8789633998334851	-2,8325258795988817
1,0260646272413472	0,8742598053975156
-1,0011925395088113	1,4389787215640804
1,8443337459070794	-0,0712766581755017
1,175176304242349	0,8147984900708839
1,2548243392507605	1,0300145823852165
1,681753360319262	-0,7759299368417679
1,0834852143427196	0,7263775166814378
-2,7548987711854753	-2,3083317151308917
-2,03845322188562	-0,1894817239645159
-0,111490411695949	1,8935784467045513
-3,8758215444950297	-2,4007268491282043
1,413148373976334	-0,0783633747635337
-1,488554523950784	1,1414133038579086
1,3882260119408427	0,9904150253852139
-0,3042412634741881	-2,009856241880633
-0,9642536709347528	1,2270442621125617
-2,1407479330790227	-1,1516565613493097
-3,5785547555566595	-2,2117487316010487
1,9059334970800275	-0,5805288187305567
-2,0605329998673803	0,2708212539619101
1,290107070072931	0,9250291461318368
-1,0206461875351827	1,5811825380878626
-3,5982815403837236	-1,9147007076428408
-2,4898907056121735	-0,9274171963802368
-1,6602427444875412	0,8061108499849163
-2,9600694899299564	-1,7016220693965636
-3,271693179511998	-2,5302346694973004
-2,2149137649614685	-0,4090489301823611
-1,3599640502156074	0,282859540469941
1,6451900935092607	-0,2799216696296092
1,8174523827508213	0,4347671239881601
2,8879441320605435	-1,9705701606630153
1,0554243253319084	0,512127636931571
-0,6352058546624967	1,7931390561100673
-0,4058425655964023	-2,460340645749034
-0,8541066573879509	1,4760330120887282
1,0528519789439534	1,6394322222974207
1,1134918863706922	-0,1601960224464122
-1,6827529717835064	0,7220982394811268
-1,6464881826094333	0,7246055803816188
-2,6379825848296337	-1,1992773163616932
1,6106448472216952	1,0973135214901357
-1,2777593188449452	1,322038222406435
-4,280849860931572	-2,9824081565045972
-4,86803538970781	-0,800259861646243
-0,3805161258355523	3,796113398507444
-2,0138164888816834	-0,1469764971867551
-2,852628464239464	-1,5192902694207815
1,1569455377781712	1,338291992543142
0,7582276926811796	0,9411192402905572
-1,6289610255154814	-1,446116001761585
-2,1645469141405176	-1,5322965270864615
0,7608078680816567	0,1323958466677221
1,4439142603283517	-0,4014022741123909
-2,2736397880047	-2,3082707452419373
1,4174524700308921	-1,0079668643267423
-1,547374544381877	1,1134913599226584
-3,657037919106325	-2,5503972259581884
-2,8004460555374013	-1,520132907390448
1,634804607082383	0,5040214987210689
1,315133090341691	-0,8558507913344736
1,4394075147022098	-0,7360840347900687
-4,413493494113841	-2,546549329099063
1,1132617074802378	-0,0907962479369361
-1,6247022178942605	0,532579956248217
-0,5971672271463597	1,6381486808591843
-2,970253749866724	-2,938506447897039
1,3524655681464937	-0,1275025151975917
1,6437916750925516	-0,1290437360387392
-2,5356985883641423	-0,5484637346886595
-0,5612472533664411	1,5113190100727598
-2,6826888706418797	-1,2731145748067085
-2,190696753124416	-1,223201478960247
-1,4721016479698878	-1,6681067938121044
-2,230629386167039	-2,4328697019916747
1,0798118726398518	-1,2324255791825185
-2,6828462491719205	-1,6315393903803317
-1,4511256564155506	1,3106278890866356
-1,6271403030335891	0,761893269528598
-1,0931897237980084	-2,5467129894047904
-0,6633666773709184	1,6606113424830173
-0,2131712026060512	-2,3654270035668787
-1,6929239036104198	0,4934380452880667
-0,3294094178924104	1,966755352841457
1,1435402328675268	1,5068144136755615
-0,7198269875194139	-2,836215433617099
-3,837423132293445	-2,3862295164837466
-2,437827044147409	-2,8112267938000874
-4,091858426608465	3,2260006076852124
-2,0065995028619916	-0,9226062960559044
-0,7629186479769061	-2,844664697019854
-1,285140084277213	-2,7596344275874656
1,4644434665330173	-0,586972043249218
-3,0611552644354525	-1,3593483070786945
-0,539605582856052	1,7541513396171555
1,1661182780855877	0,4847145538223628
-0,3036653510714049	-2,531211475428088
-1,8036175250356057	0,7767312196325681
-2,9842223755651522	-2,467805757911793
1,5946590362087703	0,7380402240093688
1,3683401624379379	1,388169184263625
-0,4796972893525847	1,9704627693373098
-0,5005237602103996	1,8839511091235828
1,0105964775672982	-0,9277427044281764
1,1089226022291734	1,1118627901743032
-2,3197418939069165	-0,9024985647978568
-2,670615468738303	-0,7542665494914118
-0,5701369844644663	-1,4274439971423536
-0,6789691131855193	1,5221926596748032
-1,9340246263950633	-2,745141129945259
-3,5086625096261703	-1,8827061786407817
1,5797490725667047	-0,1952637310037325
-4,607375828754085	-3,8526130112197112
-3,0320280384489995	0,7999708790604847
-3,482054459247569	-1,74712707257636
2,040910752352957	-1,4521381423834174
-1,8246065484890717	-1,5676733828632594
1,3331661284129424	0,6309941097129265
1,430055682062528	-1,196251450617945
-1,0554070553668484	1,2605800800615778
-2,900140009191732	-0,1153324363703212
1,380649708047184	0,0793360115500352
1,1715420927079023	1,5351142046377593
1,584886951293122	0,7498302439839368
-0,955338981218137	1,04854979109634
-1,557290258327133	-1,472505311932113
-0,7287531282664691	1,7149854734070127
-1,6320520677162569	-1,5338323365513806
-0,5926468950324053	1,4135817484864437
-0,6762731432087222	1,7771093132792308
1,933835616316893	0,2239815291058537
-1,9333321587587997	0,2848472965649926
1,3254502071459275	-1,5437778473352264
-3,498038733122838	-2,7750491672367303
-1,5467851716916812	0,6520879388042975
0,4909791976156719	-3,4893502565574606
-1,05086698182307	1,258898512584995
1,8842987008645795	0,4831459143087059
1,8149488322753164	3,413242879561537
-0,548444902698427	-2,9288684077728693
1,3194150127679096	-0,8808301377640623
-0,1777829339888148	-2,8432138215303606
-0,8061221855370471	2,361873344246371
-2,183721991898958	-2,722141722371485
-1,4642698322162246	1,0859659516085722
-0,9473606528510469	1,0729464041282815
-4,49522102515832	-2,5232655108988515
-1,2507593784567859	1,495459394313201
-3,484751648046997	-1,8054335695184474
-1,9550806342346871	0,1488322620164791
-3,3385043506207728	-2,7355262696659888
-4,85545996855214	-3,425687514141198
0,9577069214564793	2,7739157545316036
-1,6809910009445905	0,4217570814490539
1,5857878807209413	0,7010695616220457
-1,343460583445047	0,9836449565037179
-1,9807295037037789	0,042365878360472
-1,757307108892771	-2,573975503387798
-0,5143394709201465	1,8188433642238522
-0,2487665229200988	-2,8361487704090185
-1,2394709352492201	1,3435974637665398
-0,8469276535462367	-2,519266393677757
1,5257727268816694	0,8402103407055904
-1,1856420015549718	0,9034361273030016
-3,449806548481554	-2,1188225067554134
-0,2938267971366804	-3,9724040659509505
1,1922436131734293	-0,3473125804271102
-1,023875564732149	1,1678518366568689
-4,297863797161318	-2,6567974055933834
0,0415585317023831	3,2073836271506853
-3,5210322479296203	-2,7693126963177708
-1,0627449524606112	1,14967814573411
0,6541129298320166	1,9261542578411646
-1,3868241023682661	1,1712243386586612
1,1220968411859222	-0,1158682063039363
1,3954136381868585	0,9814755639547307
-1,8859885558898037	-1,795762249025374
-2,8145035800654474	-2,709275176820394
1,5259101937193862	1,23034951062496
-2,678315536488932	-1,493456752999481
1,3683515621299396	-0,4294163867355245
-2,3454897820980705	-1,6685250795485969
-0,5925819717320053	1,6555585530759476
1,7252864879384746	-0,2656618188085754
1,387233201655297	1,2773160294433077
-0,0963862913417678	0,7886999446452387
-0,6254404383856836	3,458315948341173
-0,3662016124555965	1,8902454525466759
-0,0685499121700737	-2,94040080394394
-0,4380820276796815	1,8235400143596947
-1,8727905466273063	0,2718816904100682
1,1832095825252442	-0,0246090619479469
-0,0605234223172196	1,98599935905867
-3,2348018478459815	-2,550847196141056
1,364728285250499	0,1378819455806717
-2,8978229933758857	-1,6919101596654755
1,2248506207452126	1,1985624564955644
-0,1764406896567959	-2,1386001189843036
-1,3165031465921722	0,9201489171564742
1,1701914863428051	0,6540768183690598
2,8270489058632213	-2,253880061893489
-0,8032341168685077	1,4907437034065651
1,9200626310552094	-0,2502172050075788
1,3447226385530389	-1,4157750301565188
1,5491639762853704	-0,992465561247204
-0,3157335609366561	1,7842639518251828
-2,8012534404777822	-1,7270799441691516
2,921681097667308	0,9995809512696284
-1,5382548832913008	1,1178815615522477
1,549973029870337	1,252039691419798
-1,7200657768625764	-2,1312237799483826
-4,25951429047945	3,5748370621284336
1,0727061705157814	-0,0433350377210955
-1,0649071637751746	1,2575228113082926
1,2032204979848127	-0,9243959132160698
-1,6356804183067513	0,9587186884654308
1,6442543320751501	-0,2653938764475101
1,3141948373952963	0,5254918218570059
1,0747321061110902	0,4686745585373602
1,1444973282513295	1,332526879017189
1,3133380280729712	-0,1570207844022522
1,378667570266657	-1,1719169073663664
-3,5192415152439596	-2,714946180316441
1,8039434503335445	-0,0173109363642489
-3,0538079478326208	-1,760663791738802
2,76277203264785	-1,9257203705815855
-3,472855384168536	-2,0569765987355235
-1,247932284319897	-1,9148633988127894
1,244274015319362	1,2835931642003442
1,0139384983899253	-1,5884319252896077
1,1696357558395467	-1,2897149891510902
-0,5739722671724228	1,811446736256205
-1,5129896752473588	1,2360798961155322
-0,9980897258634062	1,6959764566382862
-1,3729780826046705	1,2336348574246816
1,2155767138716067	-1,0409653526464269
-1,4686567986874772	0,9258384388266587
1,55830169322339	1,0173698959607798
1,4664467122065363	1,0291886276584985
1,3944729339916702	1,4092226097618787
2,496538685997852	3,5120114092360573
-2,6841506775107233	-2,2160302212578555
-1,100431920275394	1,3400438932669778
1,091842821202035	-1,5192798780568397
-1,8517319262844034	-2,913046453282485
1,8970777363343778	-0,0929424084361369
1,1624779253277304	0,4118214683854098
-4,355670176394651	-2,828861019952838
-1,0803042395937341	1,150810742146754
1,7772399446557756	0,7993293755423533
-0,4055845588114757	1,8662777283215535
-0,991245729306694	1,817442630601658
1,3728267014376736	2,774555888361279
-2,581867451835523	-2,7624241978372543
1,1244881772021622	-0,8782702558591796
-2,947386239295957	-3,0673086649642585
-1,833900275332172	-0,9660277180136577
-2,0618513344944596	-1,1197295878665632
1,9842642915146755	0,1610943360106251
-1,6473267340908748	0,8752227290753092
1,1699040556678306	0,1616188079289922
1,155474542975374	-0,7761434682968162
1,1510067354161673	1,6838769031612157
-0,9887259189131631	-2,91983590677993
-3,596169906463254	-2,8524618829723853
-2,4262407511218984	-1,1392585998074103
-0,5014856743533681	1,6924507806128408
-1,9275333596117532	0,0802696167506893
1,672280799007649	0,9690561855238434
1,2431102070632742	-0,4103150152760797
-2,9298354684764263	-2,4389401379897393
1,1695489299955275	0,8566866674999992
1,1066852820587005	-0,7803365315916949
-4,104338543040949	-2,264279712897908
-0,8785375206742998	1,7431980119393198
-1,603399662117586	1,1061900681796053
1,0253876356212381	0,0906503868116215
-0,157578442384713	1,8821734803459047
-1,093401498321549	1,4501602765760553
-1,661862349643899	1,0404807154641804
-1,928479073801758	0,471930038105753
1,9114475094936487	0,4588960615303036
1,666524631583647	0,8019292010495536
-3,91303201476597	-3,725254504608129
-0,9555349747391079	1,0586465222295878
-0,8935128532156068	-2,3156553272135176
-2,3303088932268965	-0,5653109162056618
-2,024962663283489	1,2389415935138943
-3,2066118490944144	-2,7264711187782105
-3,87054100292613	-2,769593996411245
-1,3526507459431114	1,1675389069413253
-3,193092247603395	-0,351643124269275
-1,110827349113635	1,51712366141303
1,3077324684870368	-1,1277635813103832
-0,7958463367596258	1,4590420185220916
-2,6580641251297457	-1,4528756964051204
-2,6481320819171343	-0,662662982987956
-0,6674347097785412	-2,7391560277181606
-0,7307861488963919	-0,9755144031251931
-1,5315568217699727	0,5757499386783878
1,7334709521385459	-0,803277534682079
-0,7302250525498108	1,733212247116871
-1,379777209577333	0,9062005264386405
-4,192392240505676	-2,617633546143815
-1,888919428936471	0,5567704167756619
1,3938808143549224	-1,140868872123718
-1,3394616920024214	0,7089639069591839
1,028976851834765	-1,321543072462649
-3,9601484838812038	-0,6794909073057032
-1,0385813950653369	-2,815570806625663
-0,1945563897150594	-2,4529523913801863
-1,4892986441855287	1,090388864378887
2,0107067914070558	0,8125748867380647
-1,3998421630574407	1,0624911594373954
-4,375500640901536	3,390944752463038
-3,6226755806336683	-2,972041913742508
-2,585218838733747	-2,4217361688989962
1,6874117794666712	0,9150362852924021
-1,8008302134338345	-1,3150807765811454
-1,9333980427195114	0,1545025038592941
-0,4841372276468994	1,5295946682610808
-4,639122818865773	-2,850697322916007
-1,7308035583588084	0,6637319263813262
1,612122752786025	0,629318527377966
1,123681042952348	0,6035014801683645
-2,363829348580022	-2,235144929588571
-0,5183256079406605	0,5415958100465376
-0,2529972289427268	-2,0691223058909207
-2,2609876359484193	-0,8658844601886945
-0,6789987263260168	1,5555641599123393
1,337504281344557	-1,1794247896317267
-0,0233937796575598	-2,9238918088168626
-4,132167769183331	-2,8473436467742737
-1,6291880224408684	-1,4927865732709233
-3,079150720983608	-2,403613183400916
1,5719291185563329	0,7769109042385851
-1,754351808488332	0,9357827495067111
-1,5943675855191417	0,7289001855972594
1,4583476720971622	0,0855719834877426
-2,794532616953239	-1,3719471219647832
1,2460655580940547	-1,2895213882543635
1,0035317033252928	-1,4828342946516386
-1,7770677377875017	-0,4578390537230456
-2,855304538859108	-2,7143261433944295
-0,9974882997243725	1,2733035970446303
-0,8525639541601179	1,1640715318171746
-1,7869858478947527	-0,2341155568709811
-1,050894606939523	0,0843220109976321
1,0788631439035696	-0,1902632711293873
-1,2510491061871143	0,8159760123545783
1,836723244183172	0,3511852531996399
-3,8809648449247245	-2,1371559789078454
-0,6401627625806512	-2,3002502140589867
-1,8953256637630496	-1,9635224070757114
1,303513018736016	-0,1767856807460995
1,0442087532145288	-0,6436062301962052
-3,8389017263336878	-2,955143834563934
1,3945622371313788	-1,3532391590136328
-1,022715155697306	0,9936910400366166
-3,2634418112345216	-2,5531825563123736
-0,9958492573098369	-1,9217487507679745
1,7042018733510043	0,7882815451621449
-1,656800717067017	0,5253417176231778
-0,5254023810807129	-2,717742511745417
-3,0245330349895667	-2,793321944609664
-0,0062661338138977	-2,2470833753957025
1,4258744629152895	-1,2536867180547913
-1,8043312653174917	0,2683843047029532
-3,5345318009168736	-2,1118936583053034
-1,4698574500928423	1,1955431936496717
-2,584862099507802	-2,7747425085380346
-3,2549848649325344	2,7638094843683967
-1,2422830318404827	-3,76690904951908
-1,3337197650020325	1,0696395539194143
1,4377196095367624	0,7819123227829874
1,1848439277696365	-0,3055133877259607
-1,7329624227699059	0,6241464354574005
1,2799691941354157	0,2108908622464818
-0,9025316185302862	1,7293442207115093
1,1653722877176886	-0,4159693459914919
-4,53698580222366	1,7698883017057314
-1,5215396345940313	-1,7393473303092728
-1,1169928374050933	1,1922111683497618
-1,5875682189105134	1,109716338984757
-1,0326672350063868	1,2122433514831399
-1,5097357224523655	0,6067678425605659
-2,5449825339537155	-1,3289674211104505
-3,337840708086026	-1,5207712860996414
-2,021086476935722	-1,7048933973154816
-0,9336626419957054	1,1540040466544772
2,7231742539972816	-0,6903559282388785
-1,1407345192114202	1,1329186892759702
-0,757822667192179	-0,3322841257070834
1,7564191693064206	0,7775418827257419
-0,1937545101706687	-2,0541710799369883
1,1048569178356074	-0,4027349270317074
1,2041730729469289	1,0220928368086555
-0,7420020669450231	1,7016388183275912
-3,0171575910980475	-1,7297232298617997
-3,422229288000023	-2,604566666237779
-0,471546440515268	1,658433844993831
1,4473005013538616	-0,2943409465408726
-1,678322189080321	0,4972516454981531
-1,2139975090347574	-1,9656871979343737
-1,3202553134579025	0,6972137485555356
1,04432282106852	0,5972516711735157
-0,9311733477303966	1,1613989369694975
-4,134320092315944	-2,2696480115912747
-2,629846587415525	-1,9255368532515633
-2,829583597788039	-1,4623173125873792
-0,8281300180276061	1,5892052863936508
-1,1426653406152416	-1,8842830389140686
-2,5498388387381663	-1,968555793194008
-4,205341150939128	-2,5947141906064712
-1,174198233910321	0,8361346453161733
-1,87069892637938	0,3900653173358141
1,4631215284226664	0,8308881896220791
-0,5812589287784927	1,6504083601735102
-1,1504968148020924	1,4093954404922722
-2,518020732811766	-2,3078853246722995
-2,838031581289079	0,5454365103553601
-3,0559974707035966	-1,3258062783333613
-1,2274696259889673	1,1096873942398768
-0,3324192600058692	1,953800955739288
-1,5498817963235871	0,5342926879526936
-0,5369143027479925	1,6826433880024068
-2,634023585549752	-2,789268678028884
-1,9428924367645128	-2,074197676884483
-1,4653928207864257	0,9838031507257682
-3,8820786968320937	-2,7694887747662165
-2,8643281485334144	-1,836254108010006
-0,209423866372489	1,8608926387107745
-0,8057256681792057	1,3997074715612858
-1,1560943738503535	1,1323181036047394
1,4039202276349876	0,9458143942399554
-1,9341323871702834	0,3463548390344677
1,1958787012554284	-0,525083573782019
-1,6074661212349701	0,6932774430814762
-2,39845422808961	-2,32579924303336
-0,9436455648562023	-2,9101653959623146
1,2231142217279358	-0,1774197221757335
-2,08078784038389	-0,369292413244281
1,4284092297195186	-0,5936667943636891
-3,2570508027576937	-2,1115123992376352
-2,428741108305922	-2,516425857962088
-0,9993132281586111	-2,6909559418107625
-1,9465957742165232	-1,4832836627846335
1,42412882743996	-0,5730798320844596
-0,9149040622566615	1,5889455802647232
-1,7459071893970264	0,4958804690364955
1,2566644228590258	-1,2186913259854222
1,070695882158383	-0,2033119697505578
-0,3502899137896881	-2,22701313395621
1,5962259275057415	0,4951758065272795
-1,7111024210394212	-2,179705785020245
-4,045619783521792	-2,3355566041296068
-1,6568426292448675	0,8107031381303313
1,552960397532486	0,3283398567194025
1,9186983501416806	0,1809207773636686
-0,8938403164551044	1,7294589007022112
1,3277431695476478	0,8762276877866628
-0,2567553202996642	1,7504629978514168
-2,5931316661608657	-1,981525798693438
-3,428634059545529	-2,1268248125310567
-0,9327086840890165	1,2764620878068753
1,1530024209742114	0,0859848326626333
2,723809583554689	1,483616239299118
-1,7658909898204986	0,3565424485716477
1,2442675477480942	0,6813971218837979
1,5807742111049983	-0,8847169228068432
1,2548013594367093	0,1794026513896758
-1,817799122615158	0,2005191668696815
-3,8623111933163226	0,85552888568805
1,4815933005248878	-2,258725314180449
-1,1829970916045043	1,0345769635449864
-3,2421102407490974	-1,8646357594460508
1,404678478157038	0,5460923050817142
-1,5566428913132002	1,0779142476766495
-1,8469096545666028	0,2845559886113967
-1,1439072035814983	0,9944016875533302
1,689406099274394	0,5537900818743491
-1,5501861023795631	1,0356135254087118
1,5813749625289149	0,8872936210626491
1,836451500249729	0,5079261789584797
-0,529387031345544	-2,7702199192351116
-0,5507564714427203	1,6769057217472763
1,5526149794267465	1,150478559316613
-1,0337501059558374	1,301425745106865
-0,8843306933620474	1,6540115264136912
-0,6333385449869791	-2,0659736803971946
1,4851594357937623	-1,1510418242381144
-0,5213233435587022	1,8757125057228325
1,1581959231925116	0,2776686706492724
1,8825234381870037	0,3033632616020833
-4,5833681258289865	-2,931192885232427
-1,3302449842911297	1,179340712686362
-4,699472048892134	1,829811044174176
-3,0262003550159644	-3,4881606631341815
1,4891845826508554	-0,549259998925599
-0,8182614699339598	3,149415764487291
-1,8616581971067037	-0,9973283469046542
-1,8352337904397857	-1,5217324066126692
-1,1003719616627645	1,6425969960547235
-1,7662569170482265	0,83078804541578
-4,635075902548302	2,133045462986683
-0,8245939858317604	1,6614939975900178
-1,630583428307972	0,6136705054250082
-0,5416358647398725	-2,931431946245567
-2,5192331939201047	-2,212410750573559
-1,2606796172309946	-2,8826784774458023
1,5437109277768244	0,6228850538485645
1,1911141990186387	1,0024632643094633
1,133186951147759	1,0316015925683022
-1,230937850411403	0,788728880062671
1,4706287055823375	0,6036384377789805
-0,2664826568937475	1,760109439816465
-0,5641561297617657	1,883656374564862
-1,4176182900650356	0,8682185092258806
1,1456988443265776	-1,1728507282926228
-2,199059124331103	-0,6505316854367437
-0,6756893671592893	1,3971413516513869
-3,848673912571723	-3,629295770165652
1,2093566870001586	-0,9739113935543943
-2,746597533311112	-2,510602493653405
-0,8614304228399873	1,6775919607480199
1,6016620570350475	0,3363590383235112
-1,9608987639138955	-0,6437214476375489
-2,9715810769569275	-3,929955218590959
0,1591596257003839	3,681635294342558
1,154185607622602	0,9371783595528025
1,0899846191035425	-1,5470321882003093
-3,4373711116853447	-1,050418801525613
1,3520596824707276	-0,1096580911492507
-1,8954206394394846	-2,9716291034570546
-1,5524673598555272	1,1024875062745503
2,0165924568645424	1,3194833759512867
1,8794003401633814	0,6350295354630445
-3,1360686901910606	-2,807465283533401
-4,543950340743168	-2,994426649013246
-0,8587573503554242	1,4527641676342562
1,5806879464842296	-0,8328764332183995
-1,931061676713544	0,2723255625616892
1,8521288308975967	-0,0699352572278691
-3,3642799700651147	-1,6251181537926027
-0,7999388293643622	-1,8673134008412442
1,0163950139987183	-0,9524527566580706
-3,2980256418167677	-1,6481767696495244
-2,879496875536966	-1,3956328551584511
-1,338316946373023	0,8936221629038942
-2,593499136669849	-1,132861640042635
-1,8829552372289562	0,438164367682519
-0,0822976060314569	-2,5972661389312233
-1,2510324228460612	-1,8591289091866852
-0,068505033367633	-2,6565680901989652
1,536007490723509	1,071938081844881
-2,072352836201998	-1,32492510175894
-2,794598828173137	-1,8101049181627125
-1,5825782184747075	1,2080047938858929
-1,2113483482545346	-2,5538515303813765
-3,779493668982895	-1,8581084695598649
-1,2604047086365529	1,4857098266275763
-0,9333956856875233	-2,0002064166551277
-1,4811215265410194	0,9540174148999111
1,3520990193849312	-1,1469883160374073
1,5386896551954565	0,070878030826993
1,259819441668474	0,5118118219788251
-2,186694441937291	-2,662166501122972
-0,7654849222067918	1,4190971248563584
-3,592297874546445	-2,4787123460237312
1,2546268966784342	0,8184771130225041
1,3561756960920457	0,3472146379054405
-0,4472922836585458	1,617882456572399
2,352386482113798	-3,8018550638713218
-1,6258726575525846	-1,6340473902622445
2,958757360515578	-3,0128162930844278
1,5751472663601969	-0,4460960571407963
0,3257133050457063	-2,654728296053973
-2,6253913383378666	-2,2526220349297175
-0,8807613605020367	1,6465257494645225
-0,4870543488902622	1,6596762716445599
-4,395013325821805	-2,940825134742597
1,1317888484668366	-0,74890375705863
-2,3152188821271045	-1,5833409334182087
1,0147360893962096	-0,1998489547099511
1,2872792249478242	0,1890152473638868
1,0253017306802361	0,6392158687016738
1,8134071982075617	-0,1594882563879501
1,4999276652277787	-0,4058441192107791
1,3763242966459135	-2,233409854316867
-1,8497197400767122	-1,5327766808942993
-0,1775627880387979	-2,665885962773751
-1,7951294342853896	0,4995774287776334
-0,5179764203194607	1,8407931417768288
-3,8930228908274844	-1,9231163702040417
-3,8494944476869795	-2,2329142753807676
1,2244931145728168	1,4183272228571362
1,3883497324812417	0,373636718474229
1,6257505243445665	1,0380114495690156
-0,6229270231417943	-2,847527923620973
-3,7023077060808025	-2,1864572591566653
-1,9564267073052037	0,3672058866783718
-4,346223748798624	-2,6966146630863106
1,285682794869952	-1,4560230108946048
-1,8102193124829982	0,2959885776514068
1,1106889941246152	1,5683711621532215
-4,695017617552356	-3,515583298725305
-2,0930606692746316	3,222776099895097
1,5661834240079386	-0,4359204339091064
1,4609069299458153	0,4199207911751622
-1,2064130598141054	0,8026968283820411
-1,4909878164927224	0,7976079369008093
-1,568040257699385	-0,9025905233875658
-0,7933733321102739	1,625820415603441
-0,5407555491250385	1,7066332838944396
2,500764914710284	3,7686693368176325
-1,4709558512306655	0,9848047820941255
1,6374900026375911	0,72419633926467
1,9245709653027623	0,082346712396149
-1,687947760530206	0,7155972558400003
1,8880697424615556	0,407007530972664
-4,919742113532451	-1,6613878307250989
1,5973503174348407	0,1917714387648275
-0,9009868094271061	-2,230690156628054
-0,3611445736060153	-1,9834911213352373
-1,9162686367764181	0,5618062512729636
-2,898448981249835	-0,9075528059676921
1,9297131567543537	-0,1583523440523436
-1,7773491675394597	-2,029678692705566
2,285481803654931	-0,1084370481278938
-3,1297518998428386	-2,2387811436160723
-4,091131409534215	0,0713389525609553
-4,789508951956241	0,9467940198988972
-3,5738741960925706	2,604303296066997
-2,5614191254171077	-1,204973217769252
-2,0829271911105773	-0,4276071965653113
1,0953918540825085	1,024311143692331
-1,7891245558356772	0,4939604968618294
-0,7812432042586102	1,5029810392493046
-2,6069664168512263	-0,8444655320657665
-1,4853200801944544	-1,8999902999062424
-1,4100355300921816	0,6906163961070121
2,206277213905534	3,2593053626516006
1,0946976459030486	-0,0328551515301067
-2,3732549374444685	-1,460344771898641
1,6056549811115897	-0,5259993180283147
-4,990885877659721	-2,0448175282769445
1,0199390803392647	-1,0077753761716177
-1,8829087082344236	0,5532538882319301
1,2429739274485165	1,2390774629245889
-3,1280913811490354	-1,6080833974531408
1,3781795003789372	-0,4740684160346217
1,3673836817824956	1,224254771624841
-1,9602080344135033	0,3447908669039104
1,3807510842237127	-1,2650429870077757
-1,8504286667720145	-0,0588935266606754
1,0379992147575576	0,0267014201703005
1,812764283779468	-0,1345685056297927
-2,50966465823336	-1,7894877723144869
-0,9547312795013838	1,2094326434366898
-3,288762867086105	-2,14012463951167
-1,0599918686889405	1,690923802633413
1,541493998444107	0,392080555746257
-3,949176726483061	-2,6303557740011003
-1,7757298335059732	0,4472818077589634
-0,3286722610913075	1,863336266102523
-1,74700540804794	0,3171533289493651
1,529516659937498	0,8686803492413933
1,0215094362971497	-0,8917638486568766
-1,1731252593670078	0,9541031058480545
1,0750397812729613	1,3194276628487458
-1,5273770479646243	-2,262483564147626
-1,976918748557354	-1,8151253257935869
1,810555114684353	0,8138056169665255
1,8004641849707825	0,4018026385907263
-0,7407271975214371	1,3692314475172598
1,4925290355264487	0,5206301362560212
1,310798477330108	-0,4965372691345163
-1,0249148579555656	1,5087297754812388
1,1719915954955895	-1,2641540905226742
1,396629243560707	0,9793773211532628
-3,548414231382741	-2,719364493708844
-3,1520788731601193	-2,3868603912263904
1,6513147559145809	0,8514238102888155
-3,5896786006877734	-2,513624377381844
1,788874972629827	-0,6516593933654171
1,4388744194979566	-0,0784441720937716
-1,448163592650129	1,3708465180557106
-1,6014201825149805	-2,1084620679691657
-1,3222049706307892	1,2601791777840732
-1,7783327053081897	-2,422701808265783
1,580063735217522	-1,075696965419794
1,0729554324087587	3,704207787662556
0,7192363988069076	-3,316566275857717
-0,8308611847244357	1,37705126155293
1,6299713563252	-0,939006151163349
1,3306562700502416	1,485199871462502
0,1239664720021483	0,191164759729153
-1,2073469105942198	-0,0827017227600451
1,525140862893191	0,9904507895383424
1,7824374539836858	0,0457720439611072
1,8396087429839358	-0,2747723781133599
1,6315912417352028	1,3608006464383666
1,0008504528633348	-1,257829552688977
-2,0705791328979366	-0,7184932008859134
-1,4227221795772136	0,8267643354599808
-4,13090711402114	-2,899653422049561
-0,7737965172700161	1,806967436939125
-2,6687635288083444	-1,4050262118741983
-1,5267239977128355	-2,741127894518208
-1,4870464698146717	1,2445206081190407
1,6241426519972615	-0,639141871206954
-1,64109702035614	0,5461184376692666
1,0480180521618823	-0,7791103793065021
-3,16546893065865	-3,235513953989601
-3,7648390810314254	1,0543295794997523
-1,4217081670624245	1,2933648472844146
1,569107263669282	0,536651132602731
-4,019008892852509	-2,196215493735065
-0,3202179109761384	1,9255784009734156
-1,086487592097807	1,5819101569932568
-1,2694167403294203	1,055733721479582
1,368411466329593	-0,613051962405461
-1,2297056419983134	0,9713504781115638
-2,482316542191379	-2,447581482368771
-1,2416775531698372	0,8743489772972727
-3,0507495096475377	-1,1072308131508475
-0,8934566074751231	1,3054831898771155
-0,4917841852964902	1,5945893764085923
-2,6322058854167634	-0,7902002301791065
-2,2410686959833725	-2,7135277981849812
-1,2789476426823185	0,8009327359479654
1,1002572940761437	0,7784609494935832
-0,6893560797507375	1,339469379830232
1,8374157307994805	0,3102776503878358
-4,546675529546633	-2,8393184799418805
-1,2123165022293714	-1,0748983287268943
-1,2672987184996987	1,3249877609752694
-0,2360040405787164	-2,8013452392864275
1,8010538599205694	-0,6795978582101081
-1,227801170942793	-1,707748760618291
-0,1138210836717162	-2,064043621314359
1,6161240016845495	0,086345858256577
-1,7987124097053184	0,6786111830409545
1,2507036253575046	1,3070035110887033
1,652235686757587	0,8209009387166192
-0,4646284771008521	1,6939245430334806
1,5703925423170055	-0,3287776078989297
-2,0843562469130315	-2,576938370855291
-2,3688220943443805	-2,80509459763329
-0,1875730575643552	-0,6278680723887506
1,6678279340167304	-0,981783990462006
1,388202087417242	-0,6795952773824061
1,8488337769543244	0,3318342047552122
1,1322217433087205	-1,5537735573767275
-0,9737898146435168	1,6865683576609407
-3,328426250485682	-2,3819000705212376
-1,258644059690022	1,2847132928561393
-1,2075698025731785	1,4983515108137504
-1,0953151339336507	-2,5666566197407192
1,7199552189763931	-0,0949812118539261
-2,291156628870226	-2,2630978609337746
-0,0162486370963104	1,9867330451199359
-2,1876374085324457	-1,038758448962514
-2,5198295524020016	1,7156491016529531
0,0599996108258272	-0,8879016950413398
-0,9194885715719695	1,1176365726441526
0,7274177048505929	-1,1248644550434088
-1,1006287686721752	-1,6948389488457907
-3,1806668807514074	-1,4801582666198967
-1,9268660489858496	0,1363412636060634
-2,5787069731932935	-1,5783159839250254
-1,7109541437291718	0,9136016915881554
-1,680566734652338	2,782539395865765
-2,0847062910376994	-0,2741390133218028
-3,656156366151155	2,295764002909451
1,2624869586131462	1,2420202405817202
-1,7099982682304762	0,4705647471931849
-0,7925301658904296	1,3465549039358713
-2,115385369626924	-2,3673136279537372
-0,6638366826865668	-3,73405767227104
-1,3764314964460995	-2,476149216694295
1,1970643008098574	-1,0626442278044763
-3,5574479336069658	-2,561379270422832
-2,138526309637941	-1,6619371434316996
-1,4628870720796066	-2,4394624310600466
1,2082501647508883	-0,2807286231628674
-2,554413284359801	-0,8185036784326758
-0,6871114037496971	1,7346346520776454
1,3231477606976902	-1,0024199901345434
1,2472796641624257	1,451387176440393
-3,8162511930418943	0,2177973427994326
-1,2483255063701948	1,3640273976578685
-3,143599587982748	-1,3806859003903413
-2,3371200765862667	-2,298046738024395
-0,2275309617240981	-2,6948853011091205
-2,533123834274952	-1,9853162054139912
-1,0151716622109022	1,371968801303002
-0,3684264835454144	1,7649693615224622
-0,770280941058038	1,3502327712541964
1,4138749067439775	1,136003312560562
-0,6095380115143696	1,757320539901682
1,8568239807024556	-0,1005639360839925
-1,215294638560625	-2,5347283501173865
-3,2580343489978656	-2,917854459119198
-0,701478851120531	1,5451663927454509
-1,0011886173164897	1,2953086865902272
-0,1927542191313778	-2,5353154993858857
-1,848163280353719	-2,9693869012138587
1,2639185023792212	-0,1276161329427163
0,2982784219563147	3,762405687728982
-1,1281217504921628	1,0510192575313977
-0,2867164869781044	-2,3755168295227835
-0,3620393320475068	-2,77026107686552
-0,2821527120219579	1,833782773884257
-1,248825067291946	-2,8987652708618494
-4,46383360808423	-2,9547015556076586
-3,2074025669685025	-2,0015739668676806
1,639187662448283	0,9338522593962124
-0,6352987186489799	-2,2383684222292737
-1,5889378909210765	0,9888807079268257
1,062134720868129	-0,6350796392876009
-0,1857842978595903	-2,7726375733298005
-2,1800975581477084	-2,3678952543206613
-3,116061100241655	-2,2691022717991927
2,152081733399896	0,661597654884582
1,3274954405871786	0,3002269268866212
-1,6536000375803703	0,4949829575661047
1,579232696618268	0,8504097413094034
1,6777132855825148	-0,380893517363229
1,3281288778379157	1,0263765514091863
-1,1875769272027883	1,5277320351569732
-0,6074240391500265	3,305936398056373
1,2742945586042524	0,0526722232283608
-0,5108791951377147	3,6607636988445433
-0,9340796165186389	1,5229780305212475
1,8211271283947226	0,5831388866989956
-2,70362727617037	-1,2956492465390355
-4,778734748657074	-2,7854612179284675
-0,9629894052030318	1,4837185330084885
-1,903744173158974	-1,419995324307271
-2,0064652930960998	-2,1078146369754185
-1,2668444247861435	0,7789625136013768
-0,2149331275311784	-0,7938013774391428
-0,6794391947276045	1,6914450592021075
-1,1404519791119594	-2,0511750236308908
-1,574105789513914	-1,8009580863682073
-1,1896825850955326	1,5765944640859628
-2,1562316416871328	-0,7633083194365815
1,6364897086437862	0,423585446191757
1,746043215494176	-0,4951840303411639
-1,3710729511548654	0,7750089193105648
1,152048199409531	-1,2549065434190405
-1,3097678746964665	1,5029914964583597
-1,4560759269423404	1,0293825017385236
-4,24595397599007	-2,66152355028436
-0,1983551347916075	-2,4473384231859354
1,8691268517645994	-0,0271432286307753
-4,467158436287428	-2,7113763569200353
-1,0066956935452924	1,2939136384374503
-2,364383522538402	-2,3857415092167855
1,6312147706256668	-0,0318131930815008
-2,8915011420563026	-2,865884365025079
-2,748819718659455	-1,1510760212426947
1,8152394061991193	-0,1008987421214633
-1,1588282289983503	-2,158976424248248
-0,6953006640715371	1,8604979861651896
-2,9490972313015997	-2,0007850405725143
-4,075302511881865	-2,6886858600944215
-3,0265726041916077	-2,7064080751649455
1,0259603046488275	1,0620007802993663
-1,512131571530892	-2,9155737777901587
-0,6580938030846731	3,329589014747922
-0,5170169370480827	-2,463864344267974
-1,2290478949977188	1,0986267532480576
-0,8810330794103981	1,439472719663072
-3,779077612875962	-2,387493752649344
-0,548970771134765	1,6775564068143431
-1,2701218329963284	-2,9433752528956436
-2,1856967949466632	-2,0991605290653292
-2,0115493857284896	-0,773601714967965
-0,8407274908597501	-2,2967003660283836
-4,326386831141131	2,9622914994546656
-1,5291224242071466	1,2597692118969084
-1,1235600513926522	1,2209580772175053
-0,3238829255829989	1,9308361504032232
2,1491447239691874	-3,941951506893389
-1,6489503744051381	-2,942877317917842
-0,875628678267752	1,549630468617651
1,3386769710725288	-0,5548536274963406
-1,8394447839842791	0,689713614046368
1,3155774251091346	-0,0926141831248063
1,135924829388724	-0,5298182096262977
-0,0222973755151978	1,9971583052537478
-1,195197762704102	1,1929689632475964
1,6832755278170426	1,063851030702212
-1,0227627517901627	1,0760888642487973
-2,6140947836848887	-2,437785270136424
-0,6867739913593935	1,6662069585826034
-0,6562317208835027	1,8879552433080562
-0,6620578780879431	1,814651238944479
-1,6850248709866305	0,4134486553390214
-0,3104895999975608	-2,2012111689011906
-3,7048591753793247	-3,8404580564377575
1,4664947240610524	0,4243752433298653
1,1345089761105345	-0,5905067564977511
-2,425454318213319	-1,4100685953040508
-2,605478380908114	-0,9179277950781176
-1,994028703408425	-0,4067296519112741
1,5271954646508146	2,269150114723281
-0,1253337048349448	1,9835850928432095
1,1584342652264321	-1,5016857273025397
-3,8457351292052717	-2,578983671942762
-1,5289538917497096	-2,180982175992242
-1,1757333494157947	0,9007648896047593
-0,9438417439417086	1,0946865479538808
-0,6792531388751265	-2,038630101294707
-1,463515588859048	1,0000745014895898
1,6390326095877756	-0,6057636166155956
-1,3009219809824648	0,819349788381065
1,9951011236446732	0,0946255665241957
-0,0346464650974557	2,6690707344986695
1,1696349214452257	-0,1397533191649788
-0,9825494426030904	1,3856743197603505
-1,1488915055362936	1,3144099365771922
1,6276920700694846	1,1122621306385443
1,0087078247545969	-1,0267011014277272
1,638518898901265	-1,0739009683719682
1,651358613543289	0,3025788639024142
-3,6170013948301425	-1,9064030704575843
-1,6619659596686898	0,6836431556638309
-4,687944895951892	0,0359989799774159
0,5973139740485341	0,2266351293915704
-1,7131992741164344	0,6902463531488234
-1,5548926569639954	0,6465315138778686
-1,611600555441958	1,014259584436699
1,4206074096770256	-0,6777835797243187
1,2836422259491616	-0,1270682118497667
-1,5324625061811306	-1,9875987878116304
-1,8434215393478395	-2,922428112689362
0,6501596474999031	0,5732466076117798
-2,286429111507817	2,4262956859674114
-0,884059479570154	1,6754648860517507
-4,628235825026818	-2,4671716743609613
-0,7319637186307114	1,6725360366279125
1,3499009657201464	-0,526365802738131
1,3331860371541873	-0,2843704169837724
-0,0986522641235676	1,921423424619086
1,0422276713036367	1,4653209398556728
-3,1524230526946644	-2,678335745548579
-1,2297695661782173	1,2799387099731256
-2,0893880328233054	-2,408596534872047
-1,6210291433975978	1,1423077506989496
-1,0541774818959855	1,3314864493456886
1,9927341248238202	0,039457869000281
1,1418713831087333	-1,4447030653923871
-0,0492638710435416	1,985070055319512
-2,5300393663422174	-1,3927080286783182
-2,6479177670239697	1,3846137522917783
-1,3448920986674215	0,8937294524198711
-1,8182560592091317	0,802865770665074
-0,5375522976345996	1,7013275806214578
1,8444740573652123	-0,0739294040362867
-1,443713575210512	1,1725439495500196
-0,4322929285714675	-2,3791015722089144
-1,0170882954098253	1,267315522392144
-1,0403417264191286	1,0706350664335016
1,8400474537335145	0,2716724979301631
-4,301798372133377	-2,6973937868563276
-1,4539044311130755	0,7463037130326619
-0,2569101192894159	-2,4634778703413245
-1,518228825023726	-2,5272153659835244
-0,3635754495889859	1,9024193837887189
-2,110671585315137	-2,7898361603772543
-1,3076738402810788	1,0254355590219
-1,4428723411251072	1,0744329694166526
1,9022456822744749	-0,2101042078837045
1,5798682041640748	0,8843197424330442
1,1507141323310723	0,1924546010090383
-0,1384881360816771	-2,912781350444295
-2,199167562416506	-0,344636642779708
1,1742142858402316	-0,0912427594751762
-2,8950965174485614	-2,181074851996888
-2,351921123300079	-2,841838631863941
1,7215991041301024	0,6570746227295268
-1,1384484294363286	1,5979375558472118
1,0207118839678397	1,061271751296153
-0,3169030788041801	1,8830834264616012
-0,5322027384782351	1,8269593223863467
-1,5039650200079584	0,6727215847466494
1,49653042032954	1,2734832304816741
1,6581803225892502	-1,0970776772376607
2,1471984399028003	-0,1777219656303648
-2,8349976248200726	-2,661484067685179
-3,304931766716433	0,5340357542579913
-1,2388844539933088	-2,733182930636558
-0,8975292794870914	1,4189867266256722
-2,9432427703242774	-1,3780747712661015
-1,6345945803400599	-1,350026373961453
1,2865071888163147	-0,7703913192964134
1,548646647967641	0,0746026688846334
-0,4003032521664235	-2,1010952282933206
-0,3966257227666594	1,9487653106189362
-3,871626345925762	-1,9190202531901677
-2,143793201886395	-1,3688227876973036
-2,051557790056318	-2,3355966920077167
1,2528350259214607	-0,3229705933110064
-2,678469033294315	-1,4488370927762562
-2,299840009437319	-0,6796652657217892
-0,2857891580856846	-2,2686475414365477
1,0088975555874942	1,6419796668500735
1,192145503382041	1,1674873340952112
1,251781153852524	-0,3782191253850953
1,5289015574130613	-1,0470483877611338
-3,2079098450402856	-1,360432829161032
1,371779041844427	-0,7232435988620353
1,8441858494377743	0,0808782886597059
1,0708002093806275	0,8781283005535486
-3,99017932164099	2,382050207704316
-0,705832395892163	1,3496212187229322
-0,8168580363484274	1,2965606257573392
-0,0330286404305402	-2,2458415041404445
2,1781409504689306	-0,9424710638100643
-1,5536071842191281	0,5756729185955775
-1,8094179013467004	0,4425221617453485
-1,1117442736891743	0,9178513463725154
1,2723943998828613	0,9291885352570992
-2,449910085417039	-0,7705214947858477
1,8088932338916024	-0,3611988633817
1,3939815663285235	0,7213707694763941
-0,7438653937885152	1,3308692007319602
1,6528793578573244	0,1633606748822333
-1,3190855406657502	0,8731177695404697
-0,3167299052446391	1,7515491471617515
1,8616923120934477	-0,1339379696898448
-2,301397576455946	2,310648246595192
-0,8871701598473575	1,6937287400750884
1,737857974179627	-0,6200942501182415
-1,3780769378625208	-2,458967300689674
-0,9773194984858252	1,4087338188762266
1,4238573881267569	-0,2607674326368556
-2,2014415688565854	-2,786601500714732
1,9514494808918275	-1,0944935043848534
1,3953297951216856	0,3022466410614616
1,535874710710348	-0,3718008504602466
1,6928503393369132	0,4545577501539013
1,2726723837082097	1,4808865793766341
1,434926300368949	-0,0668132409953058
-1,4004686118335155	1,3427041717103385
-1,1553228514100868	1,4502680326831738
-2,7674858288645066	-2,2102761659008334
-2,459651014225764	-1,222184345775021
-4,24826341309679	-1,120408093712264
1,385085611256537	0,9712635895881968
-2,1073075652696915	-1,4743447531793732
1,2023874817352271	-1,0519227476755368
-2,7397798215563536	-2,4282605316694674
1,1288664227933478	-0,6315633855651213
-3,0934141412446916	1,575345385150733
-3,240429692363435	1,2645823317911065
-0,5685911031081261	1,6238590243180446
-3,410418250389564	3,4026603034574743
1,6534963226062467	0,1004880092954626
-1,4429806840236257	-1,4738887520735382
-0,958308928601106	1,677987976903633
1,94211770715999	0,3035073224149999
-4,988573014937234	1,1364314689075328
1,4555662339390405	0,6090440701005071
-3,195934814481683	-2,3611277733799367
-1,899679189206377	0,3996370227102791
-1,5227400315414914	-2,4464149975591925
-1,856610097742486	0,4690007970729499
0,4991180377251593	2,336944520221155
-2,90172922577821	-2,0781752125334743
1,5519467054562197	0,7180119110683515
1,2468670109478133	1,213890503721605
1,5828594649931995	1,1366688772617304
1,2475881340591193	-0,0680367781470922
-0,6851130737625821	1,7854670709832297
1,4619926076112935	-1,004529176612258
1,5848424280079694	0,6096450263044353
-3,2935782020480224	-1,7614152629154738
-4,297251300299759	-3,0396344649073157
1,1496739693694364	1,5285979240272662
-1,499036184047954	-1,331808398812261
-0,0734169245540529	-2,654686160232689
1,8741163452614842	-0,16074264081765
1,048564789855619	0,1779197851750953
-1,3612840377404556	1,2096379139499018
1,176812410286288	-1,5334519684588994
1,6684022867693495	-0,4124293662615877
1,2367439920514367	-1,4929773014463044
-0,4958861037775165	1,8381919255370867
1,2253406105896718	-1,2333174583258182
-0,7496012348465992	1,71015291869022
1,455987493334241	0,3731443525230566
-1,6666316988534093	1,0376344916846045
-1,327378288776504	1,2979449113063009
-1,0222279482594074	1,0231124155854219
-1,4710964217186429	0,744409253640735
-1,4934069021942165	-2,4624650482732746
-0,8685487427561893	-2,3162466001801763
-1,3214928101711563	0,6995310569735916
-2,5634053411091773	-1,8382774344132589
-3,0733441900096183	-1,2067513164396124
-1,6933182021755333	0,8223289698377404
-2,266469729141977	-2,5458806292182676
1,619514583910615	-1,1484934057520493
-1,251985216565589	1,5414034152775562
-2,582794134869707	-2,205665618966839
-0,5498704782126485	1,6761464822874474
-0,6020636062287303	1,5305522096844841
1,0966621386878486	-1,4764067945460708
1,5647692103956676	1,1840755724241783
-3,2248320013064893	-1,6046958932546145
-1,6543860598149052	1,093235890196392
1,082317435405613	0,0427443951280476
1,1898919691317256	1,2909490558112253
1,6146159696139106	0,6182352341396111
1,2089475317149296	0,8429788358197912
-3,2725895707776274	-2,1447355605234977
-1,80528592517063	0,7524975472066363
1,3392215745523828	-0,9390551814106403
-2,6623899189558227	-1,1067410768955157
-1,9555205934652153	-1,5313941248164151
-0,1987176353548056	-2,9805087669134416
-0,9502026801483264	1,301819197383416
-0,4909174627500416	1,7355952769430227
-2,9278308151639405	-1,932752562098218
1,1993671159182817	-1,0328548966162439
1,2595627477467768	-0,8554703667366821
-3,233435314476323	-2,6121875749392314
1,6196705923375183	-0,7367603866331148
-3,2218334741152406	-1,4152125010743772
-2,7722714383665252	-0,9638982046695838
-2,2882345675563607	-2,2372282800438628
1,3026038784993226	-1,351177003762603
-1,3260997242987163	0,9249227161982184
-1,5911494053397834	1,189100974071842
-0,889055835353213	1,7008320698855672
-4,272502542108551	-2,6885009449436525
-0,0027260841100866	-2,7081105150367617
1,8251374244217353	0,6782628804934563
1,7857712271188495	-0,242443621447164
1,984957980862923	-1,1467609397703362
-3,337092109380076	-1,471791782551425
2,513275707791051	2,3369528231202166
-1,5630201869863471	1,0519372678128127
1,048326230217584	-1,2073229736204518
0,6072753646874707	2,6556993692679796
-1,4095133490164533	0,7562289901931317
-1,8336863408608102	0,5907484747719332
-3,2896812776819733	0,4685380696516562
-1,677746734937816	0,5749197011459408
-0,3129778998656938	1,777329476784956
-3,4728624613959944	-1,4869909545003668
-3,161894719632256	-2,4914731613364385
-1,8918703477002714	-1,399816286123055
-1,8183077333518516	0,585862191587664
-0,9259918193847716	-0,765961981938407
-1,491689777566149	-1,731725866459515
-0,1495288768019908	-2,391683790415573
1,4923954807231326	-1,1045494945270171
-1,3178059298947948	1,2336336538823875
-2,6998057366779076	-2,087725472829041
-0,9432240688269499	-2,074471653837392
-1,071030986626939	1,1333700336868235
1,7131265358258896	-0,4406227349538711
1,4615333649903461	0,2879681398017645
-1,41181311640932	1,347865675286951
-1,6039977563395431	0,9668699821475993
1,692558483897682	0,2832754447701888
-3,1803686588171365	-2,9949821140735535
-0,5213510467922148	1,6146398301477976
1,7127530860423703	-0,6591282275040042
1,7256960937526031	-0,5395875761259098
-1,4685124315841875	0,891731621997609
-0,6192889651658311	1,813676757425474
1,1610265440433496	1,489257516267486
-0,1464636628128327	1,9618560987442981
-0,7093147487641779	1,3042229383253825
1,3323868163584134	-0,68473867534602
-0,9178542990217834	-1,780600047447991
1,8335079975154365	-0,2959055865822454
1,4969529263943846	-0,5945225766086312
2,1640758320793987	-0,6045593396899566
1,602698306012412	0,6834037128540665
1,6978852285940529	-0,0402841806745791
-0,2768811304939226	1,8607688553695327
1,7556430763018813	-0,5819993586637074
1,3084305705459922	-0,5592209966262157
-1,4330137195828039	1,040181836403971
-1,6527818423469531	0,6255287985029614
1,4962282743959094	0,4068489640172757
-3,889941489324774	-2,085298299818061
-2,101403853729838	-2,9994099245061783
-3,3996133045835415	-2,1833923010605467
2,752849758637768	-3,0468568825470648
-1,032871366340924	1,3865243698117742
-1,3783308317577796	-1,7632177516242407
-0,8021762593967352	1,265897445170824
1,0723747919476365	-0,7303808247287933
-0,9327494969326657	-2,0962517873805075
-1,763323318729137	0,2616346229905753
-3,0445129838892973	-2,026545180427276
-1,0599910936224206	-2,7278901929418735
-0,8070787696150945	1,218622994982164
-0,6276200880070958	1,8883040409358776
-2,3934832921171116	-1,3270284289045673
1,8790938856210175	0,6557862082540518
1,2962036876237617	-0,2215764691367208
0,0518595758261211	-3,127430775297084
-0,6637833698004812	1,6813062449296194
1,011849961198021	-1,3094549366740122
-1,4987377328782763	-2,3951253849842673
1,471135804023357	0,4808661735168275
-0,8119847711110681	1,4239772407559164
0,834204199001112	2,6460398718389344
1,7284667598048769	-0,3141680512366042
-1,014948763312213	-1,8258876583082722
1,1112928874181431	-1,6519611888773644
-1,5410407142813196	1,2029766923364067
-3,759997023129687	-2,3662849432309647
-3,2387450635165314	-2,968122672338319
1,2219446910900236	-1,5800284252580221
1,1432265289844787	0,8742708270166126
-0,764912298891043	-2,9048741836070255
-2,8037950626535397	1,8396313499307606
-2,626766214710423	-0,6424028460964571
1,8086753177537385	-0,1279921133482387
-1,185356866670388	0,8634135578028791
-1,553339670278031	1,2273126334264668
1,7208415840859894	0,1069935352591693
-1,6277431399539313	0,740506429630364
-1,8672474718879393	0,5242444679937474
-1,9794229291053687	-1,2611720538881355
1,7480076207765773	0,0228018472001246
-2,3398408800334995	-0,6550202997507233
1,9271384111570002	0,3073729563776813
1,0852066015036401	1,0354690826183357
-0,1214557177516189	1,9822411435913523
1,0002644828458909	0,9424551159159716
-1,8595036796551048	-1,0534647393113992
1,1190707659358725	-1,3340524891345302
-1,52341211761067	0,9593220733690692
1,705221962209315	-2,8601992188145275
-2,4533628960502796	2,677255856192671
1,5131529721856447	0,9950882610067415
1,5703115866116515	-0,1531782866430839
-1,9847577094636155	-1,3303668130073665
-1,3517132841362638	0,7158734799465939
1,7688064528144434	-0,8086236045718934
-2,947958787071044	-2,4977298125049385
-0,2838635514412436	-1,1842886339119598
1,458196731915781	1,0892875467159147
-1,2378869262640897	0,7668138295589229
-4,291609521433532	-2,7182759838328323
-1,5821446987216938	0,5248712447786382
-4,070425676623316	-2,3111688602552047
1,527261794839334	0,4020093600906012
1,4615602509674024	-1,1565094331486068
1,0524554501965566	0,0638310938597118
-0,169243429412491	1,9332140996932918
-1,056179351855778	1,0803713885870296
1,821861722736326	0,0399671000665102
1,6170009741814133	-0,5333214061920645
1,2837622534569642	0,790836012547845
-1,9160722371162726	-2,6773707671823983
-0,6705925553222842	-2,6170996932866872
-4,182692820227062	2,692406119610834
-0,8041170772957595	-2,3776826798334016
1,2174497735435943	0,4032178753073585
1,5082913795244355	-1,2062909694455795
-1,9180784004972882	-2,433975723598701
-1,952907418820424	0,0794866911417382
1,391852388878522	-1,5010856647789979
-0,3468290058249943	1,9342669774827237
-0,6347230413877567	-2,1456062963438325
1,0072101349276805	1,3468594041923065
-0,9121104775279223	1,5901439622084235
-0,508769800056545	1,8354902421947472
1,1351008515480812	0,0646644663026398
1,4095139848122082	0,0949534749881473
-1,879848483864444	0,4595632919102653
-4,163018166100305	-2,6786233199688105
1,4228064537874632	0,0381309678424377
1,5953992494175764	-0,2355881444795633
-4,712148197333191	-0,2941867976765569
-3,6637650249369336	-2,13905860852182
1,701224719315062	-0,8832288312136621
-1,490782918139818	-0,2056105514491716
1,55533872103394	-0,8063802095867153
-1,5401365919065186	0,6314768270696368
-3,5840801303609	-2,2129040964265347
-1,2297604577405994	1,2459553969978268
-0,4240891828027568	-2,1745583815413028
-3,203396903562924	1,3558461409822984
-2,7075312744086655	-1,0858538051160762
1,1177060492918196	0,0562328585330966
1,6282165730631841	0,2955194857020254
-2,2153973650044487	-1,5278416188633723
1,204763541119044	-1,276611333118972
-1,2515364291769768	1,037287106332852
2,855401972480929	-3,3404311696672293
-2,945481060712448	-1,2850236555578187
1,6455827458782375	0,6154265650072871
-1,009594961310739	1,0785484300921921
-1,5936964065868775	0,5429621770967661
-1,4549001200321534	-1,644816339788113
-1,7302286599531587	-1,4665436472229754
-0,3987180386699621	1,7567754553123212
1,5402307040000915	0,9342406983213617
-2,11737696998366	-2,5643676582978636
-2,931933440637024	-1,2810385447947095
1,059091743511332	0,0249023292575392
1,3225054115736374	1,397949085677429
-2,2458830300679455	-0,0285408805259045
-0,5366520405898771	1,5637925491653062
-1,4595317789313464	0,6101519720197262
-2,416078872059426	-0,7982353060127405
-0,7149508732489342	1,7489150105388718
1,7798485523087277	-0,1961418274054676
-4,354664196724295	-3,542998819859805
-2,5261401377417725	-2,921807911087403
2,4286071441704147	-1,9320893446972587
-2,8127548216061817	-2,3742118089775266
1,0357863774971716	0,7844971554515509
-2,479495749500654	-1,008380134240377
