3,8537319110	8,4704417080
24,9612064550	5,0677473655
15,4738034615	15,0376498750
25,3445330864	5,8708270212
13,8548452196	15,3769805507
24,7627070183	5,0647548645
24,7249521792	4,8202000883
12,6663283661	15,0433923055
24,7355843911	5,6296792691
15,6480244838	14,7800681912
4,5832415984	8,5390383916
4,4440759186	9,0506462037
15,3927484079	15,5746425702
25,5363081063	4,5718069442
4,8194662998	9,7180185956
22,9930491599	4,8975128061
14,6341922558	13,7632146810
25,1761680099	5,4871553372
15,0772922442	15,7155095101
24,1823535671	5,6116400890
14,1082829538	14,9445725794
24,6654460998	4,3032209354
23,9582122343	5,0288501507
4,5448898330	8,4889659194
22,9307345826	5,4062998097
22,8783786425	5,3906255024
22,5707855681	4,6715519655
16,9561737802	14,7935582223
23,7824497406	4,7955945034
4,0825410740	8,3877133507
22,9714403024	5,3689910057
24,1117825922	5,9672927072
25,0806449374	5,4157207107
23,6073317759	5,4892165445
15,9014311992	14,8035684043
3,7257205539	8,6607279395
24,4267726008	4,6515391474
3,2473304650	8,0787088488
3,2941567061	10,0216940941
16,2847052355	14,6944671685
15,6871382509	14,3059001915
14,0607707674	15,1880101673
3,2990199500	8,2094369428
13,9718319821	14,9825280273
24,5892838594	4,3204818347
24,3093245650	4,5565933073
3,7047495036	9,2387689670
2,8375524786	9,1252264756
24,6275211211	5,0696546778
2,7043136893	9,2071046414
16,2243770769	14,4308774392
23,0701194916	4,8725108330
5,4922994024	9,1559317395
15,5543475693	14,9669466708
14,4976621514	15,7022584317
3,3920787955	8,6620790247
23,8885160160	5,2055203849
2,5150454571	8,7777128387
3,8608805499	8,5366477103
4,9505458452	8,8352827812
15,9616898018	15,2334912284
4,4446915124	9,4758704361
16,4033444147	15,4260093844
23,6057903249	3,3839811453
23,6606467418	4,5223830427
3,5869294243	8,0287225501
15,4469795788	15,7370964846
2,4712529703	8,5957113858
24,4301755368	5,3771094557
23,4841323410	4,2099139790
22,6319306464	4,7691505126
3,2549621168	8,6002106816
15,1088932803	14,7818062739
16,6056712974	14,9840571701
16,3058252938	15,0444568617
15,5337606626	15,9764328470
16,9245026536	15,3108281187
3,7725938851	8,3368246662
14,5330136448	15,0925327197
2,0704664953	8,7252339444
22,5535713653	4,8784113458
3,1932369871	9,7265918160
24,3407368521	5,3324107139
22,6955988005	5,7281248968
22,6280818050	5,3294876419
3,3735902567	9,0603073210
16,5440474026	15,0634874843
24,1093687799	4,8759922656
15,9267183013	14,0540773847
14,5546700969	14,6618829135
13,4744553860	14,6618990002
14,3339654220	14,7574141861
4,1380871131	9,2611264516
4,7706802090	9,7685080614
13,6079272032	15,4618504161
24,2477087547	5,0211083835
24,6483946255	5,1848841808
4,6220323226	8,8866073290
2,5817274863	9,4911185676
3,5218685705	7,7103715895
13,5861868287	14,2184399979
13,9014917014	15,0697118762
15,5297761210	14,4881964977
15,5847156260	15,8445254254
25,5423727242	4,7276594564
15,8778045409	15,7664318548
14,5623648868	15,1055775708
15,2176338634	14,5146434500
14,9208310856	15,9905526762
13,6983792063	15,2348762176
3,1165188946	10,2672819892
15,6076912992	14,2622089050
24,0020060956	4,9724737395
23,3505502563	4,9185158688
4,6157011757	9,1157469966
14,7773097805	15,4838833324
3,9096683330	9,2670290477
6,3009360860	9,8990684230
16,2821371441	15,5938346353
25,0915613775	5,3048254892
13,7551041779	14,2274578442
15,0233025443	15,3396456879
24,4710582781	5,4602821688
15,4873408928	14,5118212852
14,5587768525	14,9271846610
23,0333782492	4,4702593157
25,1972273636	4,7178523073
4,4164298222	8,7810481315
15,3121681375	15,1648766463
3,4930815797	10,1301226632
15,0379517642	15,6680815064
23,9536965099	4,8274470286
24,4336752727	5,4980632536
15,5206759866	14,4240751265
24,1553302855	4,4652397890
23,6208321394	5,2983248227
2,8534170680	9,1696839985
25,2557056484	5,7054506522
4,5828115977	8,7313959316
13,6856007041	14,5218953177
15,1451924747	15,9195243543
22,7033634541	4,5569247824
15,1585326183	15,1803320627
4,1792239474	8,9084932727
26,4740057116	5,5796502821
14,8399972331	14,6015045055
3,3125924150	8,7051226546
14,7751175580	14,7470237746
23,6682448072	4,4982542243
4,6688262294	9,6108201111
13,8358823933	14,9495106074
2,0587241370	9,0230092308
13,8439482072	15,6607975892
15,1341261248	14,1752968272
14,0928731407	14,0678865480
21,9618510455	4,7684655086
15,7844883529	16,0181098375
4,5474039094	9,6987880711
24,0750820568	5,2029290443
24,1906030288	4,9985563126
2,9185745809	9,0146491501
13,9238462417	14,5846006669
25,7403689393	4,6882188037
4,0183988633	8,9241650272
5,1767016983	8,7092098004
13,9477367517	15,0747461429
24,5849733450	4,3250521335
15,9204171767	16,1049786668
23,7021918779	4,3925906682
24,1919131849	5,3161197655
4,1545345488	9,4588646830
24,4926779864	4,3393565694
14,3711368204	14,2240608855
3,6697137795	9,2515711112
14,1566154366	15,0077672367
5,0493398139	9,6654554651
3,7825851341	8,2575584327
4,7675555431	9,4077137189
14,5521682590	14,5127381041
24,2746405437	4,8774730840
25,0310789432	4,8698044366
13,5628267178	14,7228158890
14,0211211382	15,2578705839
23,3131543052	4,9495318985
24,0823768533	5,8462698579
15,8786125626	15,2775602538
2,9612994248	9,2794257904
15,0850459733	15,0363370106
3,7475909394	8,5557728203
14,9519669664	15,5124985212
5,7053440963	8,9512096356
24,6884976360	4,1843094827
14,6107869531	15,1298570466
13,1662814657	15,6872955011
24,9515714438	4,9133845425
3,2864586688	8,9523882749
15,0214749903	15,0428761994
25,3671137492	4,6305976849
23,1332886418	4,3986485594
24,8967654942	5,5117058998
16,0101304115	15,0985999856
22,6787436573	4,6427765306
4,6356098692	8,2460176394
3,7372199486	9,7765022603
2,9080931371	9,5522635527
22,1841301292	5,2883702645
22,7611017796	4,9501473100
14,8239118131	14,6845816939
15,2066829936	14,6503222277
4,2948951550	9,1430584605
24,7071403673	6,2211704532
3,1810657987	9,7303527121
14,9722151523	15,0421615637
5,5401408826	9,1495108312
25,9611842391	4,0685643576
14,9031171638	15,1274219262
4,2062753286	8,5877642592
2,9565242889	9,2204951439
22,9294502525	4,0138913252
15,8730551438	14,5973163173
4,2687981647	9,3038560708
15,4017855288	15,6386760675
3,6538028959	8,0928610699
15,0183314247	14,6685704501
23,2916450299	6,1657538445
25,6586663841	4,7652707030
25,0067914270	4,9053304052
3,8116661535	8,6862921769
4,2545612209	8,5386617933
4,9340044250	8,3418035717
4,8690398555	8,7309384270
3,0634811769	8,2831766937
25,0841707150	5,9159867670
4,6041019828	9,2410623135
24,7629380961	4,7987338694
23,7704483225	5,0060494264
15,8897864113	14,9444976011
23,5041527427	4,6551480116
15,2756518264	14,9645982115
15,4788603374	14,9879594609
16,4906030410	15,8500850141
12,9513365362	13,6010868522
23,1953732268	5,5109584921
3,8520033990	9,0623834497
3,7129034941	8,3722003423
4,5693796587	8,9580403260
14,7718462467	15,3188684076
15,8278086959	14,8120620237
24,6805914674	5,4882506629
3,2820497373	8,6953016052
15,7761875575	15,4666088174
16,5026987326	14,8389509212
15,7553410900	14,7925895384
4,0125116015	8,5981561201
16,0461051084	15,7013062108
5,1343277945	9,5276280776
4,6947785471	9,1586176556
4,7202114268	8,6378434014
14,9373113115	14,2544400825
22,7870673479	4,2415986288
5,0557931115	9,3046168797
13,6486498341	15,1207761757
25,5890869429	5,2688101800
24,3521681238	5,2886394081
5,0401902302	9,0892894467
24,6203087803	4,4151273470
23,6205002324	4,9244599696
3,8727732172	8,4118662376
23,4368731818	4,4696842092
23,8134823579	5,2256101999
15,9489382189	15,2109788333
16,2198556055	15,5374971954
14,8622965448	14,1415881057
4,3501936329	9,0824135239
15,8781397818	14,7166610522
15,6066566075	14,5176966364
3,7278420853	8,4768733628
3,8591230432	8,4522843467
24,2926442395	4,3721550957
2,4564268081	9,6940503500
22,8575233057	5,7884711481
4,1583966698	10,0449926916
24,9099693275	5,2487422138
15,8794203178	14,6909500858
25,2746802422	4,3551144288
24,1142128328	5,1127230278
14,8565893710	15,3463846055
24,6786599125	5,5583537735
24,3397820482	6,4730355150
23,8663140704	4,2212385889
25,9967167344	5,7689842504
6,1337262695	9,2225393970
25,5781202259	5,0286033958
24,4272864846	4,6372961930
13,1715336628	15,1923364908
23,8690166353	5,5941648116
3,1185550166	9,7013171176
24,2802239640	5,0708973536
13,8127764233	14,6918505485
16,3460497324	15,1678863515
15,7399132793	15,0864655062
22,3271640560	5,4631321024
22,6524340956	4,2851704171
14,8860527309	14,8155787584
16,6376069862	15,0096162634
23,5821218248	4,4902122657
3,3750726958	7,9532538950
14,1264524593	15,3409231102
5,4291122501	9,0162643042
22,0322562934	4,7706551537
5,3944297624	9,4678632512
23,4096458910	5,6868502184
24,6535380618	5,4464931930
24,1196122910	4,1855217255
5,8056772256	9,3845369645
13,9907816085	14,5262185074
15,1169927621	14,7122890924
4,5897638479	8,2610738129
24,9433439376	5,2973784755
23,6822748049	5,1008937629
13,9253663799	14,2396014063
16,1244027448	15,1429262744
16,1400441518	13,9009839338
24,5557472481	4,3021907065
22,6562801103	5,0400823176
3,2642190537	9,2316994833
4,4921511685	8,9400816843
4,1205425628	9,2212800957
4,0185609509	8,1894798627
3,2072041288	9,8800174092
25,2274329490	4,8797270706
4,2452253052	8,9004852550
4,4074567375	8,3891978482
14,9710911533	14,3975588339
5,1643996190	9,1714068591
14,4532094805	14,5627562737
4,8841577191	9,1065468273
22,7859124403	5,0505382997
22,5774207957	5,2692814890
14,9911957801	14,7066008625
13,5250545370	14,6598516530
14,8793825304	14,9858755733
24,4798611877	4,1800337018
13,6241891296	14,7453108558
25,4138111272	5,5263050996
14,3977819131	15,2124592689
2,3116417781	9,6293991598
14,5130141857	16,0890781088
4,0362760175	8,4938010211
3,0501765708	8,7663984003
2,4372976346	8,6374265766
3,5090223732	9,2129772541
24,4755293461	5,7361845240
15,1131708355	14,5271212596
15,5683608569	14,6629245044
24,5099559570	5,4330606864
14,8441061085	15,3494281938
2,5588003953	9,5151593866
4,1614054023	9,3529745499
3,7493867294	8,6273947818
23,8352375015	5,3059086424
2,0783410247	9,3151456450
14,9729235875	14,9813611277
4,2208517245	8,6917503947
4,5538430357	9,2582386003
4,4377963557	9,2008099670
23,8995431526	4,9037289733
4,5484564797	8,6803273346
3,4734115469	8,6931492384
15,4368920345	15,2587547730
5,3484988648	9,0407323452
16,6234996648	15,0097715354
24,9992341675	4,5589435974
23,9403806379	5,2799116354
24,1638784120	4,6288994691
23,0136476765	4,8757366904
15,3126231054	15,2599684948
23,0626471408	4,8306981601
16,4974354029	14,7306135618
14,3630220206	15,3528007994
15,3100409750	15,8425490127
14,7686045928	15,0224062535
23,0955060478	4,8701189452
3,4479117563	9,3665872262
25,3627985397	5,1700230441
13,8919540373	14,5406631402
4,5004520759	8,7128999976
3,0369003135	9,2090056540
5,6372162966	9,0774910547
23,8225236248	4,0935272242
25,0562872589	6,0857702674
5,1844022136	8,6382357930
3,7066650609	8,3648478248
4,0608056906	9,6030423147
24,9956036435	5,1892855201
24,1935043368	4,1996569504
16,3762973819	14,3357685342
22,5441888888	5,2362744101
16,5062599452	14,8413827314
15,5610062817	14,9409618032
15,1808036516	15,2102083966
15,5835117237	14,4937698920
25,2043101362	5,4283564762
14,8048292040	14,6220408727
4,6977074209	9,0813713201
24,1136445582	5,8049275272
22,7893515122	5,3301279326
15,8916748679	15,6827292813
3,1114983167	9,6761330136
14,4532503792	15,0090889170
13,1253490837	14,3405274098
5,2384079501	8,8921758322
15,3156893953	14,4546962185
23,2975805071	5,4047758740
3,5687558924	9,0031067937
4,7216500916	9,2949243361
4,1864258404	8,8419969784
16,0159176572	14,4125146214
23,1323547114	4,8434234803
2,7212747207	8,5163397230
5,3214134977	9,0126803285
14,9342843980	15,1464751912
4,6283681758	8,0768315239
23,8278265030	5,1860368320
3,8109104827	9,4288429988
4,2832689781	9,8556679801
3,2771608249	9,7346129759
13,0685963144	13,7178676498
4,6300820780	9,6713546962
13,4080253663	13,8248273132
24,9441621774	4,7021016902
3,6802651452	8,7901585751
3,0325162388	9,2066823773
14,7802115889	15,8307762110
15,7986162792	15,4473738718
24,3160993422	4,9322810156
24,4840541856	4,8198843908
23,6440334407	5,2786067119
24,0825399710	5,1712468268
3,6531713052	9,1523832361
23,5263418842	4,9113945660
3,8202018359	9,8896032508
5,4363150536	8,6247015871
15,3480443616	15,0621308424
4,4715665352	8,8019432051
2,3677588466	9,3509589218
25,2166452377	5,5687357085
25,4495079216	4,7938381542
15,6709961831	15,1023352422
3,2353385844	9,3484399469
4,1156525522	8,5814931314
13,5575540473	13,7876750514
24,1426912165	5,9142826699
4,3236835370	9,0321436115
23,7712528302	5,1352187597
3,0263512480	9,3174262952
4,2249584538	9,3592507426
22,7355042291	5,4349391557
14,4335251016	15,1404188881
25,6231308850	4,7225512613
15,4281639366	14,9883362809
22,4181653004	4,9632127101
3,6285224282	9,1859501990
24,4130362879	5,5056187412
24,2147152599	5,4675016098
3,2375089016	8,5848509373
22,9359768737	4,5081069781
14,2733528466	14,8530755903
23,9021063060	4,6808533963
16,0208830257	15,4321860018
22,8559585674	4,2259226094
21,9902555659	5,1422295797
14,6820693373	14,7057684718
4,7737520987	9,7697448480
24,8936494848	4,7447363338
16,4218087183	15,3056028539
22,9242408351	5,7773841377
24,4293083614	3,6573424518
15,0522621596	14,2145990619
24,0637878577	5,0208491023
24,7831727471	5,4674637061
24,4288973560	5,3056705060
4,1704563340	9,5017034149
13,6264416472	15,0279571099
2,6383728185	7,5623055194
24,2076157687	4,1432810373
2,8771139880	9,3165027552
24,3513865486	5,6545037827
14,6192707272	15,4941561746
13,5163799323	14,6177836262
2,6558680174	8,4668813244
3,3801518638	8,9349344716
23,7966909849	5,4771142121
24,9461725925	4,9679842366
3,0097007322	9,2975134364
25,1101709705	4,1994492730
24,4681905796	4,8755624587
25,7415573146	6,0178614564
22,0780440913	4,2934079825
4,9086355712	9,5290404872
14,0777405362	15,7914123856
5,4801516000	9,3087634410
15,5566875024	15,0226040245
5,0603010611	8,3558231869
16,2086004919	15,3665223123
5,0375663027	9,2396711400
24,1762653468	4,9976837370
2,9653695181	7,8431837649
23,5417905297	5,2872317464
22,7299606915	4,6455068897
3,3492451032	8,6992573592
4,6685325879	8,9927829132
5,7298368373	8,8593210233
14,3034632393	14,8262296519
5,1868636155	9,7072461977
23,7878737233	4,5815536444
24,1332990650	5,1252747720
15,2088823641	14,0480267377
3,2605615903	8,8656526844
22,6937067280	4,6083076940
13,8194299632	15,1207561739
13,4331612214	15,3268255776
25,6428748746	4,1885242435
23,9995708920	5,2063171883
24,1310516802	5,1082976094
23,2674726551	5,0546925986
24,5468770336	4,8674647335
4,6842305138	8,7682795397
15,7027508371	15,0107826856
2,9112147199	8,8358946526
3,8259981009	8,7995188718
24,9239413238	5,4473438132
13,4767206105	15,5691875789
16,0504848422	14,8243546103
14,9816160248	14,9962967332
15,1184430356	15,6278500337
3,9166181269	8,4931698835
3,6015819749	8,4353696517
12,9931933050	15,0495007005
3,0719563717	9,5895652417
23,2312149557	5,9251660785
13,8281120317	15,4772168438
13,7085345977	16,2103035613
14,7781217972	14,6365965975
14,9924752149	15,0728152274
4,7147445945	8,7637268394
22,7855509255	4,9013414374
24,4387418369	5,3011620441
4,9070310670	9,2758261654
3,5024896911	9,0983690058
23,6105089510	5,4572411051
23,9907628178	4,9736730696
4,8287342804	8,4210538917
16,2536039129	14,4451047477
13,9606761609	15,2963260004
15,4964668966	14,3433126158
23,7683838518	5,2751615772
24,8909672887	5,1333861117
14,8175749372	15,4032697502
15,0422219288	15,0669558749
24,0706140848	4,4901076806
15,6094978562	15,0266557785
3,2447291381	10,0603965133
16,3614922154	15,5862673531
4,9957598728	9,1822908580
16,2462310227	15,3023441996
2,9487234704	9,0078127393
22,6421089945	5,0599712189
14,0816808558	14,7266561367
23,5425942914	4,8964804903
14,6892368367	14,4027719474
23,7664481676	4,9070195263
14,0203453550	14,7952558220
3,6373663838	9,1864611900
23,6224653733	5,6526447156
22,9976126194	5,7517568727
14,9590770548	14,0899776058
2,8096163503	8,3450294445
4,2135432134	17,1236521564
24,2663798144	5,0853329451
24,9056281985	4,9595204063
14,7932145592	15,1372316596
2,2162491847	8,6814455169
23,8811382856	5,2236985769
24,9344556370	5,6960243550
15,2163793927	15,5352496396
5,1800681186	8,9698266751
24,3539839504	4,2411992113
25,4696740697	3,5895449085
13,7255736748	14,4125842497
25,1896110912	5,0788810423
3,3837329038	9,2739321704
4,2543753317	9,1690007587
22,9575703665	4,3323781724
24,5738895428	5,6074937921
23,0255547359	5,7234546811
22,7437196379	5,7478955319
15,6184334768	14,4615064814
13,7560583340	15,6192898898
3,0789975153	8,4241717822
16,0803326887	14,0493748396
15,2576798610	14,3590451668
24,8868370677	4,6331250498
25,1015816103	4,9414757689
4,5860607208	9,3450290332
14,2235413127	15,9081293513
25,7171096812	4,1836535192
22,8967417508	5,1968509441
5,3360789682	8,6286969670
15,6750793228	15,0330788828
24,4709942344	5,0740544873
25,3749988788	3,9945428760
16,0865303248	14,6625266542
3,1013338960	9,6505886296
2,1903605652	8,9795581124
2,8081082534	8,5018957499
4,4800645367	9,6799709325
5,1101587601	9,4128609768
23,1577487276	4,9092563580
22,9403821315	6,1499382978
4,6354372685	8,1761201700
3,0287980746	8,5908956580
14,6900311371	14,6944291703
3,1820356278	9,6066155361
14,3437069776	15,4238650550
3,6797213179	8,2423946013
23,4704796121	5,1649092922
13,5400166010	14,7469151883
23,3514750601	4,6518555832
3,1078924857	8,7304188820
16,3330853483	15,2911111925
3,3170222559	9,1320799444
23,2660446089	5,2799589122
4,1177449950	9,5310014904
23,9180949720	4,2486038411
4,6444727433	9,1625408488
25,0510223965	4,4259455190
4,0116922505	9,6597680795
14,8853487518	14,5787752320
23,8496763155	5,5173754424
3,1386339932	9,4974506946
4,2822791022	8,9575496553
23,2374042667	5,1947222876
23,6176802207	4,8047142807
24,8677656368	5,5694340924
16,0425660852	14,5417184220
23,5388075335	4,6242041566
5,8163604266	9,7384651263
4,8280126293	9,1226745380
13,8606636221	14,6322358115
14,6542612826	15,5353929917
15,9195274668	14,9002944412
15,2297332426	14,9621709216
2,4470837943	9,1787896022
24,0472370388	4,6590834418
2,7939576007	9,2521725922
16,9214507975	14,9430723041
25,2488443032	4,8721860009
23,4038657017	5,1135509215
24,8998035694	5,1805203503
13,7969467773	14,9054149324
14,1402038197	14,7397995198
25,7876868466	5,3607861861
14,0823696737	14,6661943951
3,5146561712	8,6498164961
14,5642933548	14,8107160904
14,1824383661	15,0291380384
4,2878504837	9,0764542730
14,1339905630	15,6863339883
15,0236134418	15,0296040609
24,3564387729	5,1858824218
24,3446393779	4,5755951827
13,8932616584	14,8917465073
23,1939572026	4,7628072048
5,7713704628	8,2324164531
22,7756663150	4,4450025638
4,1760201449	9,0543920184
3,8984495219	8,9563535574
15,7974791786	14,8797190252
24,8286317291	4,7703491357
4,3145639653	9,6145932946
3,1947048814	9,3465009093
25,2384386860	5,8042625467
4,5457707502	9,2252581458
22,8270775878	5,4121401733
15,4625267681	13,6800002165
5,2190756901	8,5644605273
2,3307475129	9,5694509435
22,6050756063	5,2026576158
3,7875579821	8,8259866101
23,3401932598	5,1874905421
25,0638951498	4,7995747720
4,4460146849	8,5757500034
4,8142930795	9,5642531783
13,9715081322	15,4923544531
24,4989243386	5,3858596257
24,2975526485	5,1790507831
14,0364168752	14,4762314615
22,6282735385	5,6880056636
14,1355012308	16,3189082205
3,5428622703	8,9898702248
13,6813292547	14,3129322930
22,7203728565	5,1509270997
22,7042378056	4,3662604228
3,7182074965	9,6645632051
3,8987385969	9,6785438003
24,1287384813	4,8141395656
15,0878852625	15,0427201567
3,5356539172	8,6068679545
22,9492751153	4,1682201613
15,2550213774	15,0769608730
16,3502649052	14,7759352253
25,2339535276	4,7199521422
22,5591088956	5,0017840807
14,2218811318	14,0533351635
22,2741080606	5,6440029470
4,8685977083	8,5050099823
14,2378730581	15,6025889783
14,3684707003	15,7357936788
13,9025579155	14,9002007366
3,0370955972	9,1875019328
5,1668971639	9,4084458815
4,9597620182	8,7881246629
3,8799656363	7,9811358900
15,0522261334	15,0901662835
16,5186799084	14,8559243211
22,3049273149	5,3433991838
13,9946987653	14,2393070845
14,7448631221	14,6740184059
4,2431187520	9,0076225403
14,6288688758	15,6959391352
22,1079382473	5,1603659657
14,7895568870	15,6238375357
23,9638462741	4,0152852841
12,9261650661	15,2004131475
3,9985951948	8,8846287255
23,4439902742	5,1001951446
14,2934825267	14,4800588050
14,6153654044	14,8925817232
14,9117913566	15,1520992563
25,2011779653	4,7127505892
4,4891876349	7,8436393482
15,4173571503	15,6075528726
24,7920038727	4,9847218285
22,7204909295	4,4776225064
3,6607071701	10,3741700092
24,7259650704	5,0101669444
2,3948979883	8,7099871670
15,1535306061	15,6425690357
13,8734171478	15,9027233178
5,0675871802	9,5033029886
22,4136996463	5,0527891239
2,6068625379	9,2802877863
14,1867074663	14,9140832209
24,0436091880	4,6326254730
4,8448542994	8,4429986571
23,6492469116	5,0227888801
15,0772816127	14,6783266178
14,6883264647	15,1182311881
23,2296921341	4,7666137564
4,3044078698	9,8190856419
14,1443088791	15,1432542220
16,7830180881	14,5461651459
16,0797402761	15,8256046484
13,3352163441	15,1098917106
16,4497363758	14,9782047190
21,7571960756	4,1509787922
16,0293780815	15,3248015225
23,6911391029	4,6969023010
24,9433132303	4,3654045155
22,6116643052	5,7799400654
14,1944065824	14,5481709059
13,9747584259	14,2110780159
14,6043019936	15,4288017314
4,0490425934	9,5637573740
4,8408497673	9,3138154800
14,6987438932	15,5583030945
22,1891931256	5,1199932450
25,2117556118	5,5207261495
14,2961495853	14,9004001057
24,0029255474	4,7873253997
23,5683221968	5,7533084896
23,4303380166	4,8948493611
16,4482120528	14,3164379163
2,8654079520	9,2239553617
23,1584356386	4,0969203588
23,4758152505	4,9352745931
4,1930837031	8,3639203913
25,3863108302	4,1167341351
15,0387267539	14,2150993904
14,6800233412	15,0121123307
4,3732937500	9,0130684394
14,0354959810	15,1842606857
13,3369291147	15,1899808035
24,2769373082	4,9859971769
24,0439025368	5,2559693011
15,2145751125	15,0370221040
5,9312844688	9,9526632929
13,5419186158	15,4272831345
14,6875385818	14,6023341374
25,1457885936	5,9654002152
21,6844235295	5,0702163485
24,9888974884	5,1559210647
5,1039491723	8,8399254001
24,8629771902	5,4845219048
14,6628563153	15,4898967668
4,3494827535	8,6952128746
16,3251540268	14,9445589018
4,8307985809	8,8101431361
14,9097992744	15,2508759946
25,2067825154	6,7032703230
22,8545117926	5,0611224060
22,4547526219	4,7706528471
13,9709039334	14,5139067484
16,7138812214	14,2993453725
23,3608419091	4,7585784772
3,7937111126	9,0001890894
24,1341388453	4,7994951300
15,4301627554	14,8934595504
4,2856488317	9,3506536421
2,5586172052	8,9370363051
23,9891628599	4,4850401844
22,7243544966	5,2977028438
24,2871703336	5,2707205514
24,6338135298	5,1154037324
23,2172673715	5,6737475070
4,0204120983	8,4580239263
23,5435326557	5,0129940921
4,8820260322	8,5934212419
24,9871592026	5,0709149444
4,7047664565	8,1210386362
23,6746967997	4,7627559071
23,8200728416	5,3188296869
14,9852642266	15,7455093806
14,3543205724	14,7587714309
13,3746537223	14,2856281725
3,7900935772	8,6980557948
15,6803302116	14,7679329342
23,1320966942	5,3706187976
23,2399177443	5,4264531946
15,8165210024	15,1108835723
22,7084979199	5,7606369018
24,5290589434	4,7797079006
3,1829467493	9,5942098374
3,1274300096	8,9868656673
4,3214817617	9,1667220336
24,8279711895	4,8298187537
3,2766087209	9,3586433239
3,3398579029	9,1009144029
3,7418175399	9,0959106739
24,4542526843	5,0827946835
3,4062527970	8,8513793550
13,9917023296	14,6248311586
17,1561303213	15,5978497998
2,7866792654	8,4907452870
13,8303486121	15,5094412186
16,3725956739	14,2531208749
14,5049898666	14,8859564559
22,5078661272	4,7441751709
24,3378027625	4,9468872440
3,7802942403	9,5723388494
23,2748215508	4,6846167460
14,0489763389	14,8111359842
24,2415118038	5,2599706279
24,1477019835	5,0615894212
24,0175587222	4,8316521746
25,1806296495	4,7501878442
4,4038481162	8,6788865048
16,0121228285	15,3989891167
23,3083448199	5,5328126482
14,2381131235	15,0879466434
22,7875281467	5,2028524711
3,5432987892	9,3967514428
23,2319738671	5,1089527825
13,6810895433	14,3671849227
22,0240660057	5,0785330356
25,1921651876	5,3579722914
16,2368507438	14,3220660583
2,7275616102	8,8259242532
4,5426930521	9,5754442110
14,2480264569	15,3310088745
14,7994860081	14,6507688352
5,7118111878	8,4230763945
24,8046968790	4,7132877862
25,5565062978	5,6474669850
13,2231785135	15,2758549173
23,9071373738	4,4440509690
25,2379825447	5,3122727239
3,6723881132	8,7462572241
3,2556795537	9,8496327905
23,7778496468	4,8017203427
24,8103834295	4,7956926086
16,2273900290	14,6147523901
14,6993385439	15,0770864468
5,8869833706	8,8990693145
25,3170144307	4,5432785609
15,3009451180	15,6507650310
23,8606375011	6,0450919740
14,1054321003	14,7981962919
25,0626161003	4,7941072779
22,3497741442	4,7423083906
5,3634715178	8,9273642817
3,6105166024	9,3505161005
13,7498693451	14,2710198928
15,3321734191	14,1799765637
15,5679044909	15,7229698062
23,9201702697	4,6568055754
24,3365514620	5,0417235523
4,3925094981	9,0128130135
15,3233439856	14,6004252024
2,0836206767	8,4464288099
14,9378349009	14,9035171959
5,5911362795	9,2053641217
3,3733476131	9,0453950923
5,6294993839	9,2839400343
3,8293076680	8,0364920626
4,5882831862	8,9877129371
3,7186391972	8,8893562806
4,4312716049	8,7628588119
15,0217032530	15,0534509111
24,8831155389	4,7010336585
5,1815706241	9,6852826530
14,8082122848	14,8271191086
24,6227955630	5,5493460891
14,9271835628	14,5055982654
14,2398961246	15,3278540861
25,1374634802	4,2903638593
14,0119137181	14,5194108076
16,6608489109	14,6728872003
16,5966358475	15,7714325791
15,3084273087	15,3283558354
3,9655687515	8,0751468976
24,7167433512	4,9742348601
24,3421944885	4,1759779400
5,3966813755	9,7612089406
13,9155584870	14,4532145883
16,4529662732	14,7404846436
15,1847583018	15,5829639262
15,0697179222	14,3075322428
4,7105405751	8,7627910858
4,1145161411	7,8478191244
24,5467809555	5,4067500375
23,8023036150	5,0588408227
15,0554199247	15,1152274051
4,1467167319	9,2457635492
14,2097631473	14,8005584458
13,2256855197	15,2394903268
14,9225356133	14,9781701492
3,6278733274	9,4818246397
24,1914172267	5,3281473832
2,8919267029	9,2937690483
5,4212179490	9,1859785437
13,6252409880	15,0956588688
3,3687455535	8,7010720616
14,0813229000	15,2988968775
23,3418921730	5,2220714300
14,8787040232	14,8553030397
5,7742317239	9,2916048699
14,2923853676	14,2450202312
3,9188631787	9,4381707117
3,7422652879	9,1006430267
4,3811972649	9,2345899337
14,9601244660	14,1310988048
15,9623408641	14,9221401549
23,6264719792	5,9589183867
24,1213020721	5,5691964332
14,8914185541	14,7334581101
3,9205959119	9,6351033702
4,6988490367	8,8502398364
14,1696958645	15,1149890813
16,1969522345	14,3271622842
5,4767221528	8,8267809211
23,6217323068	5,4849788355
14,2389312627	15,3615186277
15,7738161971	15,1875578652
24,5485802288	4,1723541699
23,1608349982	5,3370738769
23,8879378346	4,8959018309
23,5645791479	5,6012141369
24,5054765258	4,2157978512
3,3704124630	9,0923445427
23,0663585000	5,5715381608
3,6755409208	9,2288232432
3,7494352640	9,7480703731
24,7074027288	4,2577229150
23,8036670689	5,7310929839
14,0675473674	14,9283122405
24,8775671595	4,0702582031
15,9616005572	15,0560021623
24,0680534104	4,8920399592
4,9754080513	8,6231127912
3,7284744841	8,1557151199
23,0574836224	5,5225205846
4,0380776308	9,0591091676
4,2808993418	9,7511731419
24,4454571947	4,1045350268
15,5861230542	14,8389947543
23,5747834716	5,7866661611
16,0558498431	14,8175001089
24,0730636999	5,3031747860
15,7926119430	14,2142705606
14,0073550063	14,6577402690
4,8972811296	9,2350865397
5,2993506346	9,4557197330
13,5366660540	14,6323533418
24,7962401537	6,0370142545
25,5439930584	5,2303760532
15,2176542980	14,3278956802
25,3816303590	4,5148603551
26,0100063347	4,3583853341
14,5790921234	15,3063469134
14,7453252882	15,1008114654
21,8641618005	4,9738752176
25,9967089248	5,3700527539
15,6710989290	15,2300027986
13,5472667983	15,1577974122
15,3883479853	15,2547330434
23,0712776189	5,3179870184
15,0316151398	15,0497189243
3,8186313313	7,8434684815
14,6927059742	14,4384510542
15,0018516473	15,4604105030
4,3430250462	9,1498870298
13,7308986575	14,8616526233
13,3104694844	14,3942722374
22,7309791345	5,4187411683
5,1447243216	9,1378550600
22,6667923451	4,6219368162
3,5718809076	9,3958875154
13,7215930489	15,0538779874
4,8073621980	8,7014427932
4,0422346966	8,4722189439
22,7273600134	4,4831694373
5,0454856970	8,6886557653
15,4919204378	15,4829892539
5,3671084520	9,3354751600
14,9364707327	14,9811153345
23,2928346570	5,0759068380
15,1135991926	14,8585607146
2,2222602517	8,7187259155
23,0603057337	5,2446216386
16,1850404178	14,9292762337
24,9087696912	5,3284232550
13,8435441006	14,1830422955
4,8482128822	9,3570171578
3,5412316433	9,1189225062
24,0787794012	4,1031011351
13,5921444870	15,5398283143
16,3405726449	14,2659801043
15,8062530330	14,8743670252
24,4418183470	5,5001247376
3,3894420852	8,7051077554
5,1463351495	8,5307091275
4,3993801150	8,1240155512
3,3953089606	8,9138606325
23,0144095209	5,9454830134
24,6689068101	4,5565860561
14,2378259563	14,4517565119
5,6166761322	9,3364178984
25,1550159126	4,7518780189
3,1959693054	8,3811714096
15,9911468570	14,4916290807
14,5506135146	13,9051916062
3,8311952318	9,4214401411
23,7181979495	5,3656678884
23,9221528819	5,0916310444
4,9403004129	8,7807129210
15,2385184933	14,6596373663
14,1558710989	14,7379736933
24,2270768534	4,8246035896
24,7865516169	5,2551955325
15,3911369280	14,5726839145
15,6673970682	14,4173215298
15,4386592053	15,7208963012
3,1125626966	9,1921031366
5,1440098746	9,1815501718
24,5472565270	4,3404891256
14,7093336309	13,8821354141
15,4142595958	14,4887077488
14,1250078425	15,9134953854
14,0214984039	14,5794282421
15,4169289341	14,5269040863
15,2361636787	14,4694186707
2,9973482503	7,5798155239
23,9283716689	4,8938476342
14,8233636340	14,9758871505
16,4593527300	15,0619477605
3,5903785861	7,6207772016
16,1630727631	14,9539862752
14,1544007629	15,7892333708
24,8252751158	4,7505821123
14,3770640152	14,5044821904
23,3834902960	5,2596267643
2,6072115399	8,4917521745
24,1429574079	4,9735964353
15,7966155044	14,6435106156
4,5220603421	9,3943524378
15,6229282151	13,1392418142
16,1513943515	14,5295588269
3,3322969778	9,6422428818
15,8927306719	14,0373025754
14,9634830421	15,0810722921
15,3613972584	14,5444935683
5,4071897353	9,6798146498
24,2161351368	5,0702847940
23,2109584641	5,2064666378
4,8197165934	8,7155597751
15,1744006232	15,1931818898
4,1143280307	9,5934211266
15,1712431056	14,4405636531
15,0065177396	15,2827792480
3,2441687189	8,7335522253
24,9659390451	4,7211217422
24,2326908497	4,6169518804
23,5901173950	3,8001042835
2,4286094716	8,0793399462
4,5918048316	9,0179499198
15,8251343729	14,6492314070
22,6400273735	5,4735022034
23,6702165724	5,1817287102
3,8592985144	8,6801777923
23,4329661142	4,1078526779
16,0895339906	15,0713451366
14,9919855386	14,8189481512
14,2519667221	14,5778265282
16,1460049171	14,5478776402
22,9790710472	5,6550268710
3,9755483192	8,7598849343
2,3362438954	9,3701242560
23,5245750840	4,4005342066
22,3591355287	4,0836302975
15,5458250967	14,7544189947
15,1711653953	15,5468034392
15,5235468918	14,8672297320
25,1512980254	4,4921761313
14,6994635226	14,7164577744
14,0022836517	15,0447407218
5,3325113784	9,0425241664
22,7844676365	5,0764089369
14,7803102299	15,5266824419
14,4373867380	14,9512658587
4,9684297209	8,6183291760
3,6424673459	9,1644034530
3,5797458867	8,4482680535
5,5647867220	9,3891608269
14,9474304797	15,0241213801
16,7703367623	14,4186789388
14,8456092037	15,6210596157
2,3724499250	9,7804358607
3,8057998387	8,9298078839
14,1964216766	15,6775056037
5,4261776680	9,6413900944
15,8051042539	14,7195973707
14,0216008489	15,0290855414
3,6597037112	8,8189656013
24,2170498840	6,0989037928
5,0559844651	9,3612082420
3,0446570095	8,7811265806
23,4608498462	4,1987484539
3,9700873620	8,8238703933
24,7945468434	5,0704876088
15,0627774789	15,8930255917
14,5129623120	15,1019889252
24,0951652802	5,2201939707
4,3732665653	8,8454008605
16,0001358435	15,0732337831
24,6341036052	4,7832964323
24,1706778821	5,5072327912
24,4581817483	5,8033014811
23,8172630055	5,0008759819
13,4898979974	15,0521133737
3,0696032713	9,1684919495
2,4570865202	9,1263659053
3,7715539451	8,7853496021
22,7219393451	4,0599985092
3,5210438665	8,6683032213
14,0699856585	15,1044424133
22,9522709518	4,5143675293
15,1199599877	14,5460708700
23,0775458408	5,1858966075
4,6440055233	9,2103531502
5,3192932294	9,5815784644
14,2077394654	15,1095093207
4,8289353480	9,3019552255
4,1376107757	9,3784208932
14,3761366415	15,3258202192
14,9023012725	15,2311499504
23,7475427742	5,5567222592
22,4250117118	4,9095971540
4,9405239737	7,7662592612
4,9256281860	9,2985487088
4,7173295753	9,4257168130
16,4675440219	15,2895080641
25,3878728363	5,3853936669
3,0746677492	9,3709622526
24,6451281823	4,8520812546
23,3015734985	5,0527473538
15,1517134144	15,3937147246
24,5427127053	4,7960197534
4,1057846543	9,5422385085
23,6923852660	5,8196240053
25,1423693675	5,3737491688
14,7372097180	15,5084118311
3,4920267545	9,6065786067
5,3807335318	9,0409785608
15,9100018455	14,8379713222
3,4685405696	8,6852203819
23,7142044527	4,8354014510
25,5800609485	5,2493821750
13,2251136293	15,0775920983
13,9214539017	15,8659514763
4,7936851041	7,7286150596
5,3328576131	9,0951038047
2,4698424589	9,2038011766
22,8712689701	4,6456458886
13,5145461078	15,3575649950
4,7432959388	8,5415160722
13,7889090752	14,8213504643
4,2774357247	8,2029955413
23,1302816039	4,9047100544
23,6638844755	5,1888577255
14,3872535839	15,7452012294
24,2178247050	5,0043375083
3,5597706689	9,0541918362
25,0146999606	5,4558465984
23,3925874057	5,2227457485
22,4913304416	4,6285540940
23,9463045509	4,7983040114
14,8759471656	14,9495370899
15,7555437918	14,7402402076
25,2196302747	5,0294645173
22,3119217228	5,3582096236
14,4950048527	14,9008501671
23,4673696774	4,5743662935
24,5941088797	5,2822874460
2,0610586892	10,2271433552
14,1336035070	15,3241815398
4,2674262052	8,2546032425
3,5663254116	9,0583818480
22,7434745096	5,6519707405
3,5550371695	9,1654564339
24,5559055998	4,4200322614
23,6257803504	4,8915965269
23,8930791292	5,2959602207
2,5102355376	9,8165743290
23,3105232001	4,8444156340
15,3335398326	14,9442521463
22,2857960336	4,7162952118
14,2368719399	13,9156113662
2,6203354236	8,8361448638
24,9380810971	5,4639659652
16,6979924094	15,1912082547
3,0731223750	9,4943392226
23,0286433795	4,8171804090
25,0400746692	5,0493214297
5,0250128723	8,0900933112
22,3719324631	5,4087419920
24,1758949549	4,7477605202
3,4899607907	10,0029400065
3,7948937104	9,3988659771
4,1723201275	8,6765653850
5,3410842427	9,5014598311
3,0876506330	9,2253762978
15,7505535104	14,8753516902
23,5715285216	5,8183236226
15,8874295538	14,6127416570
3,8712207194	9,2305146203
15,5906113687	15,5449642766
13,9573444654	15,1313299203
13,6737381039	14,9343281894
4,9002456976	9,3333563343
15,2859037718	15,3303622574
24,6993424511	5,4530906536
2,6622721002	8,1969862774
4,5241015669	9,1181062490
25,0100141290	4,9000411144
5,9255149637	9,1450073894
15,6156201170	14,8161003729
16,0193412422	14,7376355305
23,3120802223	4,2749982743
14,2817690650	15,4190747836
15,8048841395	15,0242555732
23,0598413217	5,6441716004
15,4152965402	14,2397241010
23,9609531418	4,9436254457
3,7881952481	8,6619267515
14,4211310309	15,4149607588
23,5104097942	5,4459216840
25,6690396466	5,8750967784
14,4853495259	15,2695959556
15,8380130433	15,3074516841
3,0494929108	8,2221605811
4,3809948262	9,4143979783
25,8499402387	4,0052612913
3,8587146310	8,4991980191
3,2922377931	8,9233480536
22,1836139942	5,8524887324
2,7206647422	8,3242144965
4,6607820614	9,0621500886
3,9283502678	8,9645256196
23,6548878458	4,9471715622
2,9090963076	9,3859836741
2,8229713747	8,5796229911
2,7466318970	8,9186019885
22,8725936751	4,7312867901
23,2175942859	5,0265761898
14,7885751121	15,3395531274
15,4678335580	14,7998365485
25,4023630671	5,4547058490
15,5668809603	15,5925416239
16,9152987395	13,6768895538
4,6546053305	10,4269798213
3,7430283849	8,7363420536
13,8318705508	15,0352984359
4,5190473852	8,4308271203
15,2875736832	15,4897457226
3,7876491379	8,6243048830
15,9014805060	15,2210874096
14,0161442446	15,7618939962
15,6879387361	15,4029130033
4,1677875763	9,5898068129
13,6777933112	15,8070470760
14,9090035297	15,8036999296
2,9569946133	9,7806444797
23,0341051532	4,5716825429
22,0289345596	4,3031754094
4,8525855078	8,0188622350
22,9412149501	5,3644541731
15,0215632295	15,0527248019
3,5935035210	9,3541430829
23,7802247141	4,5435932402
4,1560798785	8,7266384395
23,9852192001	4,6235164776
13,4751542285	15,7494055685
4,6064675738	9,1248929177
14,7901732755	14,8442444528
4,4334652413	8,3588622046
3,9505654907	7,8241274099
4,9040276297	8,9873141960
13,7965242150	14,9584402817
13,2600708194	14,8612482196
16,3549373467	15,5325456633
23,0027591582	3,9915481244
3,6840793238	9,1307604627
15,2451758322	15,0774479999
4,6477421752	9,6448461531
23,0542282468	5,3101674959
14,7885504076	14,6463771218
14,7452155594	15,1658198235
24,0665049776	4,7883664912
24,8747926380	5,3888405199
14,7069403396	14,5275118405
3,1407807006	8,9962760367
14,2067250335	15,1956733754
10,5641247677	3,1484823544
24,3033056726	5,0112023536
22,8319499988	5,5573888951
23,3515097484	5,0186697990
13,7824931361	15,3657209307
4,0613025864	8,9644073536
23,6463892715	4,5577678393
3,1690302833	8,4515276278
16,2301161179	14,6275926770
23,4382214588	4,6720758488
13,7190563575	14,6418862383
2,5674653124	8,8307836774
15,5148066441	15,0780002650
23,9498630176	4,0758912377
14,2676968887	14,7561022464
25,5135482632	5,1422862356
3,4613498130	9,1813683808
3,1521707372	8,9827841949
25,0996302889	5,2623154431
15,5226600354	14,5258214954
15,9044263507	14,7281889318
3,2334754881	9,0476454983
15,4667453446	14,9025343827
24,7223456835	5,4057964804
25,7329900886	5,1232207841
5,5026868825	9,5010183628
15,9561263038	15,1565660741
23,7335876298	4,8394146544
24,2549625141	5,6191517267
14,7053152608	15,4089489914
14,0897458807	15,2747673129
25,3697269847	5,1963764717
24,5118693426	4,9161332638
5,2229199107	8,1132045575
5,6861251911	9,2038550962
3,7044427282	8,6805948952
15,8367894140	14,4597772956
23,8339033887	5,7874081357
3,2804778370	8,7005505199
23,5644178112	5,3467587647
3,6183819504	9,1003489401
4,8251900707	9,0961048852
3,0247332399	8,8954346505
2,7918762927	8,6886110106
3,7861169087	8,9431013317
13,7145344365	14,7837546711
24,1347583764	5,3937599459
13,4175364868	15,2254564302
4,4452762004	9,2766979570
15,8392128417	13,7407600595
3,1304982534	9,1847471972
23,5356516630	4,6086209572
25,7509494069	4,8997169144
2,5913591073	8,8689655294
16,4816844805	14,8738535696
5,4263180277	8,3932472750
5,6764056178	8,8570593565
13,6714731408	14,9719526105
15,5263012025	15,4730269789
25,8423191291	5,5353825069
24,6732770296	5,3561357526
4,7105516221	7,9851584719
23,8069951063	5,5915788382
3,7628013469	9,4044721815
4,8944102850	10,1287151908
16,0049023123	15,3688396984
24,5926065582	5,5018715805
14,1229099499	15,3721940633
14,2134066217	15,2681016282
14,1828612988	14,2795479393
4,3921191004	9,7308774581
24,6426513974	5,4906858283
4,2896665454	9,3792732255
3,3570169278	9,1378528319
15,0146568294	14,8567779487
4,5278662251	8,5216014206
25,0745349015	4,9860071486
24,7583113476	4,6442686897
24,7372589282	4,0572738525
24,6165919836	5,3266225456
14,0083441744	15,5267428764
14,8451631063	14,7908359909
5,2504752923	8,5199926981
2,0654347279	8,6953139693
14,9153504740	15,0015888767
25,2945617456	5,0708467513
4,0905351687	9,4622847068
22,1732505086	4,4469287373
26,0088236873	4,8072528842
24,7255269534	5,5088079489
4,7795381052	8,3129263120
13,4891866345	15,7958957286
16,1083921065	15,2210425396
15,3982100683	15,1558333771
13,1586557014	15,6583836705
3,5265682663	8,8656547098
5,2789831502	8,4504612341
5,5393624790	8,6992629232
5,3314465843	8,6757420982
24,7717430279	5,2817050724
14,5763866577	14,9934580223
14,9515949796	14,7068991033
2,4976277337	9,2174066956
24,1372624967	5,2416028762
15,6400264670	15,1974383426
2,5780290714	8,8742622225
15,8755583391	15,2573089722
23,7313598507	4,4859166238
24,1674642786	5,0234618003
3,7362675820	9,0962682655
25,6339839137	4,7514452935
2,6623039332	9,1803089579
5,6181561444	9,2959491316
17,3038711716	14,5650689105
5,2928279828	9,1057214170
23,4605374975	4,6535358423
23,5737953497	4,1020901906
15,0420407788	14,5713333367
15,8508219480	14,9773066911
3,2721523256	8,5770583136
24,0648666606	4,6846979377
23,1931690695	5,7219775469
22,7431322558	5,2265894530
23,1207185210	4,4656875974
14,2798768928	14,9924747643
15,8603411138	15,9175775227
14,5511720372	14,8888568868
16,1795186451	14,8821722891
24,5947057172	4,9277198937
5,0020978436	9,2687846827
15,8064607542	14,9369183387
22,8079615463	4,5639792064
25,6159220140	4,6106017166
22,4828773783	4,1927767891
4,8089206854	8,3119148955
25,1998256318	4,4866083588
21,9183523971	4,3921266549
23,6841608728	5,1871973903
4,8264584502	9,0382593356
4,9746883611	8,7969532578
23,6931835093	4,5453695627
4,1602374777	10,2952254909
3,1582617402	8,6130475957
4,6500240606	8,9690587872
3,0172860183	9,0615535124
15,0001642634	14,9959222680
3,0597702240	7,5912058404
13,9816883255	14,7534566095
25,2782948853	3,9196550558
14,0867813770	14,8511366205
14,9049900358	14,4337183472
24,7262330242	5,3334366811
4,7545237392	8,5278545467
13,7113999766	15,9533550898
13,6228571074	15,7705168451
5,0550504835	10,1192762465
16,6237619219	14,4293351318
15,6620235106	16,0637889984
12,9767390066	14,5112040660
14,5834335059	14,7136718905
16,9638913935	14,8116208083
2,4816472684	8,2479448038
5,0279927361	9,3499183450
14,0891965251	14,7428711873
2,3654558723	8,1710730591
14,3705893304	15,4482343326
3,9852035053	9,6287422188
4,5775617045	8,8275908027
16,5679039676	15,1169894538
16,6253323096	14,4972987242
23,3716279225	3,8488280461
4,5528795719	8,3802642313
16,4032990226	15,2898251585
15,7935960426	15,7411538181
14,2958277272	14,7775463396
16,0538012071	15,2874793935
23,0462341237	5,7596585295
3,3688698965	8,8675472655
4,9921657553	9,2947839665
15,0614103690	14,7203786559
22,7065984151	4,8690045711
2,8736769222	8,1387791478
13,9345328793	14,8623069326
16,0755275260	15,1625007359
15,6309970271	15,0378688134
14,2181111360	15,8042252867
14,9553108945	15,4439214528
15,8279860790	14,7286007778
22,8775084856	4,1337680117
22,9057232996	5,0247858461
24,2338897765	4,7574942514
13,8502688113	14,5177464961
24,5892860208	5,2404050036
2,6502315153	8,0534092991
5,4685154706	9,2962474911
13,6119978614	15,0899701787
25,0185491550	5,1011973011
14,9586341399	14,6909810884
23,9014385967	6,0814282974
13,8128785881	14,5524617923
5,0396043422	8,4199899149
24,3125363274	5,0551749451
23,9392741702	5,3763181105
14,5414319789	15,4283575716
14,6614189496	14,4749335047
23,1198497723	5,9213483972
24,1381621595	5,2561655420
5,1323021314	8,9183666513
15,6973943720	14,8181731311
15,7481539404	15,0675138908
14,1668890802	14,3095469617
25,1504580043	4,9480486122
16,2212208506	15,5875357973
5,8064727475	9,6322169208
24,3896533118	4,8986390452
14,2167074085	14,3405402445
5,1962774144	9,1867757222
3,6461898328	8,4514049985
24,3491656783	5,1389051824
4,3572994316	9,1118157295
3,1765889868	8,1718905916
24,8429096141	5,0785702156
4,0815337311	9,1789070466
5,3316262629	9,3482088519
4,7864746692	9,0174487772
24,0236921723	5,2099593568
23,0784968378	5,6427342160
25,0426604607	3,6971942651
24,5729494295	4,8721427523
15,2016814038	16,2508705063
12,9542948621	15,8819126476
15,3987934676	14,0053161506
23,5774346932	4,8591536577
15,7897350006	14,5121032833
16,3287158478	14,9106489762
13,8258524514	14,7905791691
3,3319255552	9,5592460484
4,7095588682	8,5030424148
4,1805180292	9,3697025380
24,4366505081	5,0038029775
2,7819667770	8,8426762736
23,7388714808	4,8807935881
23,2306469167	5,4330964237
13,7579256672	14,9876288331
14,5472397846	16,2436919492
25,3097551231	4,9750197301
14,7909318937	15,3216407142
4,0338876979	9,2094581536
14,7546435629	15,3416449801
14,7643447786	14,7170402388
3,2830356087	9,0305040871
5,3369791136	8,3326351369
4,2740232786	9,2450697797
2,2957129800	8,2623107844
3,3971377197	9,6944927322
15,9019952897	15,7466790617
13,4468219754	15,1671981814
2,4122315257	9,0198136134
22,5056384658	4,9998376334
15,1707252359	15,1329305449
13,7243510588	14,3112190886
22,5877282366	4,5869710948
3,8618780776	8,1723218333
3,7992581612	9,4005160148
3,4676819119	9,0637472193
5,3140250565	9,0217069394
14,7401348945	14,4888920074
15,4776364007	15,3328797786
25,1531525576	5,6915824585
3,6379539605	8,2892720611
15,9048913939	15,3821823487
13,9361173657	14,8211750387
23,9009788071	4,8792825696
25,3831955545	4,8399002767
23,1217530593	4,8541281293
3,2845107810	8,8698833543
2,1671904524	9,1412085870
2,6095736978	9,3908172286
5,7949411010	9,2794850607
23,9228392941	5,0640959944
14,4290785821	14,9325370802
23,7710005719	4,7286227311
13,5354343128	14,6408572733
24,0186906113	5,4538910142
15,8920634864	14,7918293370
25,3340475149	5,4027408722
16,4734482122	14,4071986843
25,6228976090	4,8955652493
15,4563394563	14,9020202586
3,2652345562	8,6382551424
25,4867277103	4,6329551248
4,7208006601	9,3536825314
3,8355318864	9,0001105546
24,2045432620	4,4888008120
24,3727336473	4,6400774617
23,0544818698	5,6216733734
24,4202700318	5,4943422094
24,0423723983	5,0682093161
16,5373526788	14,6322846723
22,8588288064	4,8326804870
23,7577801550	5,4658129246
24,8368883456	5,0713941085
3,4216530272	9,7064855284
3,3530975960	8,3902060186
13,4689578245	14,4882381781
2,1639418956	9,2137459278
24,0837545042	5,4545387618
2,7762534308	8,5838218926
16,1185045529	15,0901847826
16,6036741028	14,2471618616
14,4676110464	14,4387568599
16,8950982695	15,2572864230
4,7000174973	8,6324477219
3,9667320851	8,9192781134
3,3986738812	9,3718471317
23,0562761573	4,6736131043
15,6256533469	14,7218361843
14,5756033990	15,1291202495
4,2989434397	9,0333062743
23,5999947425	5,1004746338
4,2833462511	8,3095455767
16,5466384544	15,6041183590
4,7245773382	9,5462561653
15,5173193855	14,9019304249
13,8992485504	14,8492536504
13,8602394773	15,0075956889
23,5062005557	5,4726205244
16,3467889220	15,5793964284
2,6204517926	9,6961834742
4,9991360203	9,4029379974
3,0530826570	9,8635483499
5,5172572243	8,5352942114
2,4975824668	9,4482703718
15,5260609081	14,4354934421
23,2368853807	5,3842593664
14,3705205411	14,3044690008
24,8035964092	4,7575791026
2,8284861449	9,1471048931
15,8106409661	15,2875936272
2,7908309674	8,6002716841
13,9787629385	14,6246536675
4,7057658398	8,6991365524
5,1775995847	9,3093643850
22,6411583553	4,5458960071
14,9659602026	15,1757414530
15,7732158639	15,0081499126
22,9527037842	4,2191506151
4,4517971171	9,7021181669
4,4933084579	9,8660899568
3,9885662644	9,1786824286
4,2106301660	9,0738382774
4,3307109286	9,3121689401
4,0043135892	9,1564296571
5,3614708924	9,1958397654
2,8675189860	9,0323056829
23,7428397821	5,4844458705
22,5143353516	5,0468177019
23,3467572014	4,8197533444
24,0600677780	5,1929605778
12,6422005123	15,2665740987
4,2450960850	9,2059824702
5,7938906717	9,8423446231
5,0473565418	9,1605284108
15,3035620357	14,9012232255
22,6391419157	4,6340854426
23,9637437057	5,2907629381
24,0576021229	5,1913498252
24,8918835230	5,9873993190
2,9801357478	10,1201483022
21,9242142603	6,1375337630
22,7994907433	5,3994205034
25,7245563003	4,4236514538
23,4468556497	4,5904940156
4,3946108151	8,1362759248
4,2970314195	8,8315646314
25,9699000397	4,2560937096
15,8986757236	15,3550481848
4,6654055138	8,8670690444
2,9579832467	8,6061683215
13,9064953596	14,1607345845
4,4233425013	9,3122875833
16,2580633129	14,8175758873
15,3462500642	13,9798539882
4,4621256534	9,0587801975
13,9444238578	14,4594094101
4,2886463876	8,5002339705
4,7976963802	9,0580102491
24,9453273881	5,5332656834
23,5408360458	4,8115428232
3,4857527762	8,9420903045
3,2982930779	9,1520308922
23,0089054763	5,6474977403
23,1316696162	4,1913607727
4,2129709279	9,9659588553
25,3471841810	5,0731796732
15,7578750226	15,4919052750
2,9461273859	9,0178574580
13,5362716478	14,5057540123
22,6845795936	4,7100863682
13,8842049748	15,0964147329
23,2205976495	4,7093105459
14,2277813107	14,8289314180
25,2165702061	4,5030607023
23,2898479081	4,1106326793
22,3912614277	5,4805204554
3,1266504836	8,7604128616
4,4331963029	8,6467795060
4,8277375288	9,3996391720
4,9492821392	10,3318048121
2,6928998873	8,4972535380
24,1101718135	5,1712983959
23,9264768490	6,2353504943
22,8670481362	5,7433451079
15,5216420443	15,4177051379
3,5465299798	9,2129263724
3,0443322009	8,9491883323
4,3770721981	9,4396152128
5,0415233820	7,7167987585
15,9762403202	14,9591674971
23,8447833455	4,7477500985
3,9129336050	9,0397121112
4,6593659978	9,2319065657
15,8290425031	14,6205931350
3,0171161190	10,0141404626
15,6719737003	14,2082194296
5,4069910331	9,0547911312
3,6115706118	8,1513298064
15,4400013758	15,2187241154
1,9320753152	9,3561138692
15,5123312996	15,3788251341
14,5436666430	15,1433023082
14,5193732353	15,0285332642
24,1106187580	4,4250303159
16,3334911765	15,1967755371
5,8849390417	9,0414481192
3,2431453177	9,1509809142
23,5865301267	4,6491871868
13,5695987767	14,8994096400
23,4099202650	5,6076565985
22,6335777358	4,9755420232
25,5841712693	5,7894346641
15,7293116153	15,2354087098
23,6561415167	5,7113370554
23,6106584906	4,2436361343
25,2547131384	5,0301497728
15,4110305800	14,9457248573
4,3745071042	9,3080783644
3,9672359478	9,7928815327
15,2079725075	15,1665030704
24,8538749033	5,4207908553
14,4640938466	14,1877022541
5,1197477404	8,5107139594
23,2569487494	5,6071800867
25,1019329620	5,5931164385
23,9311392293	4,9100663078
15,8615708191	15,3968499373
23,7969531976	4,5403680841
2,3047539796	8,3886714937
23,1431686920	5,5199511194
16,1374606835	15,5011982674
23,4608635019	4,9138052429
3,5365484542	8,4230093680
3,9699818762	9,4230190950
23,9584909932	4,5618859161
23,8180486947	4,8454280808
2,8563073381	9,1760205281
14,2684110398	15,4322805992
16,4672923648	14,9999518582
14,2699477755	14,7039242698
14,3452509518	14,6659543739
4,0652829636	8,3443538253
14,8299398516	15,8405316489
4,0060536205	9,2228885002
15,1863675176	14,2204608219
3,7276158107	9,0472476327
24,7027456177	5,0924180633
23,4260556950	5,5551388801
23,9506432747	4,6921629505
25,8566472693	4,3030378572
23,2103026128	4,8013435442
14,1688900797	14,0190342468
14,5080597147	14,1353240980
13,5440769981	15,9156211186
14,2964791157	15,1662580526
14,5533755974	14,8233205579
23,3407553170	5,0084207717
16,2800866315	14,9666501688
3,0975904541	8,7189610196
24,2388472416	4,6721371336
23,9039797581	5,6002331286
14,1759948244	15,2324680315
4,2190865213	9,4051464942
25,0380777253	5,8405628781
14,9077956581	15,0487354624
2,3646197604	8,3189934951
4,3499839256	8,7515382486
24,0625735025	4,3221673834
22,6157914025	4,8582823967
23,7161684803	4,8472687766
14,6831240083	15,0251624525
24,3657693400	4,5616492064
23,7856858965	5,7371896735
15,0756560517	14,8280514107
3,2230922931	9,2173826180
25,2271174884	3,5286200040
4,2753117699	9,5126530862
14,8670414889	14,6110367824
3,3563568406	8,9210232690
13,2395150540	15,1300192122
15,7881623794	15,6208715636
3,3219213275	9,2175647899
3,6174155562	9,1155177289
22,4532285407	3,8933253609
25,6949626044	4,7001246052
4,1951601786	9,2897062225
2,7769368434	8,7891562335
15,1927574178	14,8504775932
4,3904690155	9,5097386718
23,7656429365	5,5278898047
15,4012175659	15,7217592785
25,0562370729	5,5439054879
14,5594054803	14,9302999208
4,7883814260	9,2580692546
15,7887702647	13,9146641874
23,1691258624	4,0527221634
24,1502542617	5,7765023299
5,6482775202	9,5485465842
2,8860739869	8,7872398954
2,7102902061	8,9729850737
3,6120428928	7,3474264349
3,2466454566	9,1695856503
4,4420321299	8,7928541342
4,4137711130	9,2769656943
14,1392818166	15,1304693519
22,3668827797	5,7531801420
2,5324005363	8,0379869773
5,6099374619	9,7154746707
23,8229191859	4,4937511752
23,4763684823	5,4701181713
15,4389772548	14,3856010966
17,1073059645	14,3782994029
13,9934263459	15,5586547342
23,4752265480	4,8266567047
5,8345288999	8,7371202499
24,5331038711	5,0752792700
23,5827897955	5,1414458111
15,7417831008	15,0205337649
15,2284628595	14,8636833217
23,8851901201	5,5053526805
15,1552951036	15,7636060051
25,1069469723	5,1960032990
3,6762732223	9,1838653676
23,9115909158	4,7973642029
3,3270069254	9,8072971611
14,9653788835	15,1942055694
24,1541711547	5,6442715177
3,3056355985	8,8467551833
3,8963410902	8,8648408398
24,9560563959	6,0537622156
23,7544141930	5,0683128482
22,4672040272	4,7567684319
4,8705802838	9,2859329602
5,5364674961	9,7714312748
15,2117312160	15,3668582862
16,3268187988	15,1674692175
14,3242077585	15,2025620958
3,8978077503	8,6609354419
23,1685460659	5,4176275669
14,6517795695	14,7648029930
4,4300426116	8,8031541324
23,1411372044	5,1616521330
3,4670880228	8,6301073400
15,8517450978	15,1170977357
15,5566943998	14,7943289825
24,4525176918	5,5346660328
23,0268233709	4,7086260793
4,9651645962	8,9342828147
24,5206299358	4,3124969760
4,4663323011	9,3049652126
22,1150628448	4,4528424761
16,3356897499	14,4115079729
13,7027112550	14,5713680552
13,6127013500	15,7630079083
2,0160964329	7,7771879532
16,3151583636	15,2411408508
22,4807740288	4,9639243300
22,8492380922	4,9239733378
13,7806697886	15,3328691113
13,5130098206	14,1905409966
2,3846781202	9,1157055806
15,7878032448	15,1527383674
24,5358597488	4,3343637647
22,9908596410	4,9986675182
14,1670145753	14,9853644082
16,1431488936	14,1710059765
3,8096477221	8,6821210105
4,5084596328	8,4424003287
25,5459645986	5,4573255259
16,0361898503	15,6209673321
2,9690276585	9,6093121121
14,0220556774	14,7969100592
4,3935269240	8,8459045282
14,7938099970	15,1932463107
16,3786390978	14,4517987691
23,7671383871	4,3540105196
4,6005870266	9,6366501052
15,5050416263	15,3038760301
2,6194677678	8,4236968623
24,6315785332	5,2362977792
23,3018122261	5,0023252548
13,8279670808	14,7514671120
14,2635306573	14,0135450099
5,2789392730	8,7704286006
4,7566592403	8,9069250844
14,2658337681	14,7434052212
22,0283344570	5,0345175337
23,7937516015	4,8714909029
2,9454754333	9,3898343588
13,8923597957	14,6717163581
23,6677289307	5,9115966749
3,7265414114	8,5836801457
23,1166447901	5,7889514547
3,7808324650	8,5997200139
15,4717051927	15,4995024710
17,1364986430	13,3574348514
14,0793248611	15,2753283528
22,6996151655	5,1596748128
24,5114772786	5,9288730193
15,8923948929	15,2223645040
16,1283710337	14,9434487444
15,2429538612	15,2235346013
25,1390399210	4,6925129588
16,4344371055	15,4669208797
13,8737439417	15,1470371883
15,2851759787	15,4766370573
16,4489448135	15,1136355348
24,4686589994	5,1048601126
23,0816299429	5,0472300771
13,7444708125	14,4465968154
16,3500847896	15,9781235908
24,4166807970	4,7193355086
23,0119498085	4,0773546731
16,9432863907	15,0651199545
13,6487707024	14,9736041006
24,6361694386	4,8901887981
2,8833992307	8,5859805597
4,7833692236	8,3689527992
25,0965062536	4,5810039164
25,7275647764	5,2958354731
14,8098553193	14,4786916212
25,4845998955	5,4255373967
22,6668122516	5,0810791905
26,1681844321	4,7348777866
4,7920642659	7,9249386226
14,4297429250	15,3087829192
16,2981312450	15,5705745888
14,2217092224	15,3023867949
14,6174375073	14,6764367434
15,0447115272	15,9652359026
2,4152248122	9,1686736819
22,9502174267	5,6891991913
3,5619554564	8,8951343402
14,3740241440	14,4154039440
14,7210873383	14,9895904369
24,8254699274	5,5701292877
22,5640715954	5,0702321785
2,6068244392	9,1146150978
22,7229711471	5,3375823770
4,3826390831	8,8860081580
24,6009677098	4,8721717511
2,7688786642	8,7695539884
23,7930612314	4,5020693822
2,4446352824	9,7143762419
5,1318553152	8,9307159840
24,1958995126	3,7896156829
4,5653315599	8,3644642432
16,0742734812	15,1002549377
23,0681933973	4,3553553583
23,0244067133	5,0074807171
4,0452244147	8,2285281889
5,2906133361	8,2932940942
2,6775296750	8,3741745879
4,8080668560	8,0433522368
16,2867660014	15,2167787006
15,5859557622	14,7032264314
13,2915936487	14,4151722600
3,5236392502	9,3952566148
15,1668325418	14,3753807877
14,9183055645	14,5577415591
4,0124386846	8,7878578394
23,8715213713	5,1530239149
25,1244562318	4,9688401975
23,6386928740	4,5240108424
25,7241703344	5,2620962883
22,9010326089	5,2893267775
3,8522246375	8,9606992944
15,7026364706	14,6421436664
5,0543720195	8,7190048408
24,1333076900	5,3175973738
15,9914766342	14,6248865376
24,0462217698	4,2243094972
25,0152261315	5,2733935607
24,5951858758	5,5409324677
3,3448661597	9,2014795058
15,5916833822	14,3767582534
2,6760895448	8,9874153086
24,0737367355	5,0202328455
15,5100856596	15,9491431157
24,4283626750	4,8400049262
24,6647871665	4,2059805854
14,2137794089	14,5678425904
15,1140042196	14,9667670597
4,3292030667	8,8192930142
13,7389559882	16,0799699544
14,7728903643	15,6616798529
25,5468367601	5,3339330584
5,3343802755	8,3289504348
5,0321705290	9,4145734372
23,0834280521	5,1785652477
5,2666989154	8,3708315322
24,3016846723	6,2838837256
24,4811669369	4,8817799832
14,2920910395	15,3459980583
15,1220154088	14,5604055139
15,8713228421	15,2888003298
24,0149206478	4,8779835490
3,7806469188	9,3313822162
14,8120963202	14,8307010388
4,9635333330	9,0916267579
4,5839282788	9,6656113915
2,0880448878	8,0449588832
25,2759949453	5,9720873886
4,8771338434	8,1993081318
14,4596153883	15,0625612040
3,5381475948	8,3017758270
4,1167224257	8,7227748210
2,1373436993	9,3120079676
25,5825510105	3,7017976962
24,8693458275	5,4097731586
15,1121422824	14,5784343775
14,8965191583	14,8434676262
3,2759050709	7,9209051011
23,0765534182	5,1732133184
4,9213970426	8,7152591156
3,8726047530	9,4441581272
25,4277224393	5,5848665257
4,6045423265	8,4199086361
2,0741458299	8,1214568392
15,6457431063	15,4386472095
22,8298542789	4,6350165845
13,6057199690	14,8068018746
24,2781836038	6,6568431926
2,5028837317	9,8734930124
14,2235161851	14,9616229423
23,6775790578	5,8242668881
13,8857024523	14,4801148565
15,7004111630	15,0037690603
24,7036137649	4,6578300212
25,9363132794	5,1960495894
24,0443121679	4,8818469646
24,7357381049	4,6923286986
24,7060012643	5,7272870851
3,4059713950	8,7687301455
13,9403636714	15,0558273593
24,3423295315	4,4324863933
15,9518046285	14,4269707198
25,8589732907	4,4185436214
16,4374959435	14,7753316123
14,0468064382	15,3953174572
13,8454120513	14,4482589355
14,3822902741	14,8766437275
3,5004907622	8,0581095051
14,2488590743	15,6226146867
4,5842630484	10,2553727272
24,8074276960	5,4291870771
23,9242618499	5,2374980623
5,6432538062	9,8234275821
15,9951504710	13,9630726181
23,0154671283	4,7801073561
4,5793656429	9,2686755121
16,3935599701	15,4143988617
4,6599415591	8,9104065245
25,6025988087	4,9958786820
15,2174121461	15,3906567821
24,9130214848	5,3980804483
22,8242497513	4,8466117226
3,2968987636	8,9060185252
25,2695532975	5,0919614938
15,2263302827	15,1710954404
15,8328498464	15,5176698770
14,2138808271	15,0393211217
15,5214344797	13,7948352512
23,2048451154	6,0672659102
13,8883255178	14,3924557412
14,0341236738	15,8387468213
23,5164143520	5,9057974364
25,0905211656	5,6155377134
14,1795305988	16,1584126653
14,0293024354	14,3036878289
3,5683619397	9,5226317300
13,8954393911	14,6705478084
5,1100434042	9,1559130662
15,5211848973	15,2248306050
3,8256836906	7,9736050343
4,1671937871	7,7690351292
15,2749636354	14,9520322051
3,4189026799	9,8297736802
24,7167080084	4,5727830382
23,5928661338	4,2897178504
22,2707980243	4,5718602121
2,6543571670	8,6724285261
4,4381083516	9,5479198572
22,9632668161	6,2827464676
3,1257745342	8,7658126210
23,7324789891	5,7257484361
14,8320825044	14,1189319400
4,1519394698	9,4020902426
23,0330101376	6,0427457627
15,3569116317	15,1105456937
15,6485972602	15,6526486250
22,1854162226	5,8637577042
14,6216352617	15,1914444616
3,2934688479	9,2032953271
13,3926650626	14,2200583942
4,3105306131	8,6501433979
3,4180598490	8,7663680342
14,9789784048	14,3744078504
14,2283501228	14,7108402017
24,4359569408	3,9897479743
24,4499364378	4,4579295565
23,8640095416	4,7550080605
3,6068894239	8,8725183860
14,6297138347	15,1496456133
23,5518890019	4,1940005400
15,3144032607	14,3095911711
14,4960532256	15,3415693148
15,6998909613	15,6890173519
24,9647406778	3,9670237883
16,2517759811	15,5099924569
24,8801640958	5,1208212617
4,1022755447	8,2336162177
5,8090502778	8,9017210123
15,6280951506	14,1836159088
22,9530155675	5,2498047229
22,7174729500	5,2414357731
2,4432317797	7,9522642417
4,0182252750	9,6467240821
23,4215236747	4,8447699287
4,8805415275	8,7252932037
6,4237270234	9,0790755559
23,4426309435	4,8197342623
14,7678284722	14,9560235572
23,8067113875	4,7119926105
4,0631662294	9,2868416679
22,4088833168	5,6908505684
13,3796015367	14,8058478234
16,9953651824	15,5812996007
5,1959961185	8,7998462789
16,5236728710	14,9332614767
23,1707073459	4,9062755045
13,4750711719	15,2346090418
15,4268036498	14,2802982773
15,4412706696	15,8698322359
24,2330573732	4,4291402119
3,0264192692	8,8308998846
26,2098931746	5,0753155380
14,7064754414	15,1966269787
4,3355637338	9,2454325319
2,9466921275	8,7523075637
15,8883404943	15,0077786238
4,5362811557	9,0253856750
4,4615527990	9,5806023429
4,9751305968	9,0934415685
13,9458002755	14,7781850819
14,1691774079	15,2492420418
2,9259867511	9,2422444177
23,9099334850	4,9725035326
14,4570942376	15,6485202114
4,5079306177	8,3824108010
16,3832386155	14,2861611261
2,6214278665	9,9887129648
2,7339313002	8,5264332607
4,4354124582	9,3384815174
15,0555476832	15,6902244482
3,7576295256	9,6735957534
25,4810079255	5,2241934708
22,1917240842	4,7949300222
24,5689862865	4,7065445139
14,9069018628	15,2548762236
13,5406112243	14,8617492385
13,5851491872	15,3993146738
5,1149761298	9,0709287977
3,2769112152	8,7734470555
2,5703835627	8,6517595119
1,9082296669	8,5723966736
14,6902971178	14,9536134595
15,4304211626	15,0019027418
25,3253744988	5,6018343681
24,5321429714	4,9361390035
25,1733689733	5,0005627948
22,9581724852	4,4243653537
16,2963459193	15,6165049591
3,2897196204	9,0549176688
13,7373138871	14,6480092913
23,3308057926	5,6879111871
24,9600444162	4,8617411103
1,7615594377	9,0426006265
5,3429593091	9,4838329827
25,4365093364	4,5421986232
4,3844957594	8,9868734824
5,0889257317	9,1968781087
2,9107179516	8,9590024649
23,3512893667	5,3032468596
25,4823778997	5,2933795985
3,3496916016	9,7209879944
15,5582107166	14,3717803764
4,3093380118	8,0711447637
22,8697398192	5,3466419622
3,1590763320	9,0297756377
24,8425053418	4,9508595833
4,2713413341	8,8959741837
23,6096687907	4,4806497202
22,7539029905	4,8342615015
15,5257506141	14,6483376067
15,5474069932	15,7096073051
13,8886588190	15,1058077966
23,4290086617	4,4932815786
25,0312718324	4,2386209255
23,6130262519	4,7133607931
3,1849063295	9,1922874951
14,5634762434	15,1225791228
23,3216165133	4,3547238971
2,4524450145	8,6326172235
15,3796781644	15,1349225835
23,6765524467	4,3223628406
3,4291196491	8,2346883117
3,2565084645	9,3586192991
4,1508980278	8,9921611167
15,6088749891	15,5233850155
4,4411709060	9,7196286985
5,5443892352	9,0569304299
25,2098976177	5,5180821319
4,2383876268	8,3989093664
16,1951717646	14,1833534998
24,7993683001	5,1693095072
22,7596396884	5,1134582635
15,3077657216	14,7290872855
15,2731413540	14,1783048791
24,9471284881	4,9391258182
14,8695587834	15,3252423149
24,6527309649	5,3820207791
24,9327881349	5,1386786656
22,5575178687	5,0741187189
16,6182534256	14,2825406875
23,6754722666	5,1694404546
23,3055062891	4,6013742469
23,6564512412	5,1679947146
14,7034539768	14,3414902303
24,6525563952	4,7757578869
15,0231530160	15,7076745942
4,2266729808	8,1255046453
6,2467710483	8,1312726583
22,9568225590	6,0778719432
2,2972320899	8,2085683125
5,6345909215	8,8972519684
24,6063416048	4,7765336954
16,1370154215	14,7706109854
23,1489283446	5,5781425318
14,2570929472	14,7978616172
14,0368551426	15,2080837675
3,1599723257	9,2900400603
4,7684214542	9,0958630286
4,2450212035	8,8122070468
14,2466025399	14,5493280579
23,8402456138	4,7075258488
3,3932043982	8,3136626130
25,3173396473	6,0775046288
25,0951192934	4,2198060341
2,5633070479	8,9889705475
4,6968520869	9,1722110632
23,7533049312	4,1251800899
5,3867433173	8,8686008918
4,8050100581	8,9353059303
13,4764606906	14,8633253642
3,2454226662	8,9218181257
15,5424136809	15,6872337325
15,5577976570	14,5278199137
14,5316136676	15,0620843993
24,0545695148	4,7635200956
14,3770109774	15,1678234651
24,2004402725	4,7157109724
24,6117399591	3,8630988950
14,0133913201	15,1492828224
2,8547513637	9,1337842612
5,0811867556	9,8814681005
2,5693591211	9,2626475944
16,7731158158	15,4449005575
23,2833381147	5,3115039731
13,8149051900	15,6536342639
14,2335561389	15,6264273376
3,2461527226	8,4039578322
25,3821302319	4,1870881683
17,2479403389	14,7281359144
3,9942815935	9,4770379241
4,0228506834	9,3882647359
16,4012373863	14,8659450371
16,3616008463	15,5436905133
15,7431552759	15,7614932993
24,0986600540	5,1145465743
2,4909637094	9,3591122101
4,6848348552	8,8285247836
23,0050728023	4,1571359582
23,1454044194	5,2189725557
22,7717907165	5,2168957521
3,4783829698	9,2719884459
3,3635936338	9,2131599103
14,8294357438	14,7130098422
23,2192450922	5,1467808011
4,2715432494	8,9031281954
3,0614913897	8,8182565639
16,3465924862	14,5987750488
4,5764621882	7,8581406268
24,6909323110	6,3030140671
3,6686989694	9,4179470627
15,9991455560	15,1117724959
3,5948569981	8,5464611444
25,6589062754	4,9277456406
22,3497627400	5,5250064906
13,1701762504	15,5426520297
15,5098149078	15,1279711260
14,8044584421	15,1349384906
3,8642631102	8,7706842456
14,9824678111	15,6267263008
2,8516462792	10,2240951882
14,9374324189	14,5233271911
15,8896271403	14,3001083089
24,7800671642	4,2023452486
15,0909877296	14,4037198292
3,2418445625	8,4533407576
4,8834068715	8,8739559896
3,9743409373	8,7449300369
5,2467972219	8,8835864174
23,6510051593	5,4912463681
24,1226098317	4,7954707417
24,9613531593	4,7154352647
15,4243723031	13,4209114434
2,5981356262	8,8496933013
15,3340188903	15,1397045382
24,3355312081	4,1082373820
24,2478075674	5,9951547171
22,6375845220	4,7681187000
23,9320972222	5,4706955012
4,7334959857	9,5066106802
3,2282277379	8,4899984977
24,5839255826	5,3555346308
22,3286379828	5,4123304091
14,7202631042	14,9963489517
25,1918528688	4,4333231426
16,0081688481	15,6394546268
24,9960775553	5,9402913108
23,5007868038	5,3875165062
24,2990702425	4,1159019963
24,2655882899	4,7952903443
2,9054842970	8,8189224289
13,9717990297	15,7013224591
2,9278409432	7,8600924629
24,2872540485	4,9191086803
3,0010326346	8,8567825850
3,7655099256	8,5751903991
4,8545816140	9,2218937118
23,7638654944	5,3373279462
4,4874518847	8,8376124003
14,8232791435	14,5742986825
3,0386591722	8,7156641200
13,6017327564	14,6575953857
24,0249253066	5,3183468227
14,5452844776	14,4260319262
22,6960082659	5,7995049614
23,5204841490	5,2620230117
24,5386264467	5,1895747054
15,6065420808	15,2218794869
16,9937331966	15,0323131663
23,2482934202	5,1587092592
25,0958718270	6,0526117272
13,6684900585	15,1597154799
22,8181921355	4,9294119948
24,4227793872	5,1858364820
24,3744439665	5,2925271696
4,2611978663	8,2845157484
23,4861749381	4,6263937223
25,0946484466	4,5814033788
14,1895660220	15,4272441090
3,7774961722	9,2454235972
14,7568021920	14,5443497127
24,5453841969	4,6865702609
23,0400812227	3,9280382131
24,6589902711	4,9773681037
2,7147221436	9,1438311002
4,5859485960	8,6134182339
3,3151589258	8,6658639873
16,4664994905	14,9123577082
22,8966064846	5,7322426233
2,8442307263	9,8494053155
22,4556124961	5,2288512592
2,6137153225	9,7606891705
14,8722780780	14,7035146198
14,5619591209	14,3795413799
24,1480157413	4,9043100134
5,2813612519	8,5007112664
25,7756453066	4,3975354861
22,6596756147	4,7860632089
15,2984577640	15,2974166274
13,7798771076	14,8425543137
2,4178694305	8,9358349794
16,1693268320	15,3225291340
22,3759509706	4,5257704603
14,3629404250	14,9237929911
23,3569596754	6,1144527226
4,3621605629	9,4693118639
3,6763159782	8,6475403696
24,1845551548	5,9244477996
2,9057011434	8,2264797339
14,2837689415	14,1743722673
4,1303875701	8,8405701843
16,5010693207	15,5168418287
4,2464445190	8,9075586540
23,0922711831	4,8607297518
2,9742194967	9,1582996893
3,6674380096	9,5697119796
24,2984515447	3,9120135321
3,6547404134	9,1027421581
16,4079770359	15,7219601821
15,7232551303	15,2237303078
3,8964672439	9,0148790997
24,7902357004	5,5712064986
14,9692563515	14,5288737090
24,2621290952	5,3919510297
16,2328310892	15,0516263739
14,0572365181	15,1273547112
23,1874729950	5,3720621979
22,3349129750	5,3929487202
22,5813520300	3,9317703833
4,3007459948	8,5327407248
13,6152437134	14,4636310872
4,3201803949	9,3917416948
15,6626663628	14,8815868704
5,4110061774	8,9080952368
3,0167575476	9,4210632658
13,3498709297	14,8476659888
15,4771972334	14,6885311839
22,8769781320	5,3956249571
23,1479291583	4,6791278306
13,6198524746	14,3040465825
13,8001299894	15,3009480435
23,1065886854	6,0087469790
3,3516341906	9,0234790231
24,3399078219	4,7482114656
3,1361826153	8,6287278767
14,9985811482	14,5135260801
5,3011660680	9,8229792347
15,8605984350	14,9614148626
15,6587171781	15,1586931260
15,0038623882	15,5364593129
14,2144438127	14,6844458901
2,8369295682	8,8971155476
25,4176105401	4,1258165358
25,5302920128	4,3572550580
23,2234726172	4,7781466475
23,5450661719	5,0588375824
3,0706093655	8,0487376685
4,3463858124	8,9557516295
14,6892019961	14,8562164234
25,5267527724	4,1696498490
24,6264389675	4,8569901938
22,9420701960	5,3565554944
2,7756525096	9,3488130259
22,6901037345	5,5229150281
2,5342825071	8,3649065795
15,2956532896	14,3915293069
2,3309611954	9,3748740194
23,2342634566	4,9213567117
16,6127710069	15,6308101381
16,3183071175	15,3688235781
16,1894595623	14,7671798534
5,1917421452	8,2704191420
12,8316318133	14,7245753510
5,7025666122	9,2738551096
22,8901663788	4,6036370006
14,8181750261	14,7592795879
3,2584632836	8,4072968705
4,2265556332	9,6586704211
3,0986704035	9,0476840180
23,0295685000	4,6105240256
14,2399418496	14,7954067770
25,1631317023	6,1579955105
25,4279436777	4,7980689604
15,2436867918	14,9912839060
13,6341401002	14,9481353116
13,9090567491	16,7609665273
4,9481909992	9,2977401194
15,6798580467	15,0332148396
23,6100500032	4,9115571497
4,8242393250	8,5144381173
4,0885268314	9,8377135178
5,1213792688	8,2294454268
4,4373323273	9,1475817395
25,0098507215	4,8199304527
23,6147452683	4,2602541646
14,1107774036	14,8000172328
3,4963432537	9,9590017848
15,1299311966	14,7402704354
14,8917358818	14,7315716678
15,1753186269	14,3969087606
15,1894379563	15,3620751029
14,7294360053	15,0612354529
14,8205876027	15,1427031415
13,6024079787	15,8314337632
24,6796942168	3,8724676235
15,6644625514	15,4518045398
4,0767573997	10,0320216960
3,9546615092	8,9873665884
24,3180983452	4,9896192619
23,5775356419	4,8340680754
22,5789428278	4,4771870726
15,8664829160	14,5717685627
22,2504568891	4,0743348395
25,4781681692	5,5615272248
4,6769309864	8,5590395782
3,7177665048	8,9177116373
4,6346090093	9,4457350711
4,8468822720	8,2709933532
22,9662347835	5,2665031936
5,4112728465	8,6172681159
16,2301294090	14,3860325490
24,7271475957	5,0224610582
25,3619758963	4,5083368745
4,8163704969	8,2908730636
3,3351217750	8,6347731575
14,0674189086	15,0398789716
15,8538655756	14,4367429899
22,9565443564	5,1827736511
13,8244650284	15,2295928810
15,6562656614	14,3776706712
14,7348723239	14,8883697510
3,5754503357	9,1058933618
25,7020511941	5,3158964734
4,1471137018	9,0449718759
23,9829236918	4,6988731509
3,5393561812	9,6338724086
22,8750243731	4,7042605408
15,4489448330	14,9216050313
23,0853464841	3,9508129848
26,3557480934	4,8909091142
4,4820476668	8,9105201979
23,9433980938	5,1662736699
14,9734071147	15,3644468832
13,4726213495	14,5717333500
14,0072003300	15,0843197861
3,8235697295	8,6750906878
23,9101268635	5,2664060490
23,7948280886	5,1178457990
23,7587380451	5,0752199814
3,5154087164	9,4936038913
15,9975604068	14,5685925509
23,9657409678	4,3396481495
24,4340758529	4,7409845375
13,3980692398	15,3921870097
23,2641620972	5,0844466240
15,6649590146	15,2865824836
14,4947061566	15,7639374441
24,1203853477	4,4940051835
13,7460587092	15,1474778032
15,3604486195	14,9946359740
23,2648421047	5,5214826936
22,7681120810	4,8130841924
24,5624387646	5,3366656852
13,7587429915	14,5380304099
23,6550621808	4,7385378445
22,9213715395	4,9219224269
2,8187799534	9,0530913718
15,8531055069	14,6002680970
16,4389554122	15,0556958514
15,4715693484	14,2444886429
2,6009045085	8,4016584737
16,4126435326	14,8982908313
3,0923224822	9,3029786791
15,3415676113	14,0403333245
24,8261291250	4,7175667610
16,1225927270	14,5285890206
3,1030184106	8,8941759370
15,6717171883	14,8336944016
24,6134546243	5,3048829040
17,2875501731	15,3612889738
16,1251920619	14,2280525674
3,6657787958	9,2981140538
13,2837273261	14,9475833714
22,3296170639	4,7927031120
24,4524667653	5,7959269963
22,7887326770	4,8526007936
16,0884613724	15,0027958703
23,9714731554	5,8938834629
23,8694553462	4,9321391301
15,7138810231	15,0145965091
3,9500743206	8,8662187619
23,8327717994	4,8703750626
25,2419230746	4,8180254617
13,9943020216	14,7761938754
15,6932354196	14,6262119783
5,0497744527	9,0208381133
13,8651574893	15,0453144460
22,2097417394	5,1273504632
3,3264991635	8,3878980576
4,9839484513	8,6017437474
23,3585400935	5,2250203991
3,8859626510	9,0964386820
24,4284571512	6,2596722936
14,5613763974	14,8052455106
22,4790585954	4,9192123567
15,6166325269	14,9414628929
3,3292576392	9,7104233647
14,8557627042	15,0505772359
25,0771818047	5,0140580118
2,4082936583	9,0001802927
24,0214736863	4,7995047637
15,2814926568	14,6279743422
13,8440339295	15,6442773055
5,2471731635	8,3259286352
15,9324004501	14,7820965842
13,3886397289	15,0555024645
3,8128414782	9,6935922024
5,1859076177	8,6647188817
23,3497386579	4,2058231604
14,5996552910	16,1032154346
14,1490772448	14,9284304701
13,9457032473	15,1859804845
13,4456545129	15,0022826484
3,3584655596	8,8530393384
16,1983836584	14,7738520060
24,5740420564	5,1785641954
14,5710779309	16,0475402037
14,2713595491	14,9568514269
22,9070623671	5,1375026194
24,7133417529	4,6726085737
25,5533716516	4,7687412073
25,0024772765	5,2629275693
15,9733293633	14,4345499252
25,5548944312	4,7800598423
14,9091394226	15,7384194065
4,5213105441	8,9788128234
24,2130258257	4,5686364906
15,6017959692	15,3092098002
14,7878246661	14,7593667201
5,2138775484	9,2039837816
2,8475541711	8,4109262321
15,8459040074	15,1821689634
16,1867125017	14,1665903757
23,6829529634	5,2362371901
4,1442911144	9,4807016085
15,2885619361	15,3297963001
23,9158019349	5,1097494838
13,6390995579	15,2488554001
23,4154712360	5,3261156428
15,5957670462	15,7919039841
23,6463375951	4,9903013168
13,0256464879	13,8870797537
16,2262095005	14,6598874085
25,4033822245	4,0419583135
4,5412891662	9,2561348977
4,0304157253	9,4093979258
5,0951449701	9,3390777235
23,4681690332	5,6409670654
14,7182343384	16,0710635154
24,8122656323	4,7786599701
14,8769531725	14,4591155265
22,8781497059	4,1861109747
3,6130020124	9,1812782699
3,1247860332	9,2424847082
24,5122944029	4,6249850258
4,3602910783	9,0971983131
24,2804916919	4,2410771269
2,4573352310	8,5149811596
3,2459588276	8,8501931264
4,5965027887	9,7128719580
2,0359272262	8,6405582175
5,2803560380	8,9271890244
23,2893788506	4,8671347679
3,6284367796	9,4301464356
2,5049994518	9,4794659817
23,6917506207	4,5530626985
24,1678534411	4,2559951025
24,5575942854	4,2265419693
4,9809846851	9,0371314269
14,1026098213	15,3938721892
5,3775401743	8,6649277734
22,8322357466	5,9378741086
25,9306223513	4,2364796299
24,3409383602	4,3797195765
15,1080583728	14,5284988921
24,6980140682	4,8676544985
2,9584482273	8,7971705029
4,7172138886	8,9328994804
17,1134471263	14,6798728479
22,6473873388	4,4834292133
5,4940012587	9,6271656259
23,9422466271	5,1283862699
15,8508024169	14,9935309282
22,2398868921	4,5920368360
14,6274013413	15,1126790745
17,0056177070	14,5458373178
23,0549532294	5,2649640421
15,0910055357	15,3568610784
25,3410642339	3,6498742811
22,5703711297	5,1787455009
13,5707084085	15,0729483976
3,2983621828	8,7346642078
24,8937944996	4,4455897860
13,7539305717	14,5898497057
23,9915096280	4,4815434116
15,2986313315	14,9979539180
3,2817084928	9,2999290442
14,6135217008	14,8046173049
2,3274322319	8,6338113565
15,2015442196	14,6844177311
5,6669956337	9,1548079628
14,5579384705	15,2513022488
23,9629888090	4,9243418717
24,6069467577	4,1569168399
15,4020210005	14,8634198021
3,9359581175	8,6186538613
22,9787722453	5,7163573338
16,0428606605	14,9543979869
15,5767281043	15,6491549914
2,9173943399	8,7959140470
23,2383584061	4,7635013711
15,1969909141	14,9154398737
14,4603463641	14,8897699846
24,6710854740	4,7025771409
24,5809841870	4,9436763755
2,5826938496	9,2124619449
4,7435630606	9,2362818284
13,9708054978	14,9135809089
13,9521071878	15,9907778454
14,2134156340	15,3793910398
23,9925548847	5,3856310913
4,4494168709	8,3606722131
23,0172906461	5,7608209034
4,3256677775	8,8224600756
4,5009979773	9,0003103526
3,6283423624	8,8546062120
3,2610984462	9,5674482629
3,8726508258	8,3228365018
4,9192124277	9,3462816584
13,1781031178	14,1147073305
13,6359785527	15,3430003451
13,6934895681	14,7656692479
13,9599788470	15,5317982366
2,9208421690	9,0048534057
4,7828329463	9,0981616652
24,3718023685	5,6762711496
15,5883942542	15,0646387227
14,4825497925	15,3156418348
15,2887908932	15,5403937090
22,9798691943	4,9203474871
23,0845010732	4,6399434590
15,1760529869	14,4624025543
23,7061162658	5,0489380657
4,4229257440	8,6859423011
15,8683798833	16,1164496667
23,7461043068	4,1024207857
23,2560980456	4,8961968819
2,8212813780	8,2480910963
3,7037603092	9,9586920792
24,4321745685	5,2481733789
4,5991542768	7,9308879959
25,4998986899	4,5030225550
16,0142087505	14,8690644566
5,6230312049	9,4035004265
25,1248742067	5,6765707478
14,9670275011	15,1076634746
2,9379542600	9,0335901956
16,7722044954	14,5445053076
24,2002973238	4,3722125199
4,6421431268	8,3905729999
4,0984322903	8,3194453329
2,9297230519	8,9505813797
2,5080248064	8,9009293745
23,2559529246	4,6835167724
24,7368518892	4,7418144660
24,6787237814	4,6035808516
23,0921566480	4,9112829016
4,1834256859	8,7440326232
4,0875547041	9,3121175916
15,5531260186	15,2872216235
6,0465768904	9,7844019625
13,9503022401	14,8195410179
15,9607487353	15,1080226824
24,3509100847	4,3223274140
15,2961355291	15,7337415539
25,2425114615	4,9903877274
4,8633464142	9,5445070363
25,6547057785	4,3234291864
16,2111467716	14,5273919583
15,6027600852	15,1757476709
4,6637181156	10,2780654084
23,9525146421	5,0496313259
22,0783535749	4,5164621080
22,9891163837	4,9409616177
22,7499276359	4,5559712883
5,1791793434	8,9793612413
3,2690394995	9,2762478356
13,8773816075	14,7986481353
25,0026639337	4,2682257978
15,5409326672	15,5840233673
23,7156689692	5,4387993933
3,2142179481	8,2633458043
3,8245392839	9,1568766924
5,0899202820	8,3925648519
3,2862603994	8,4009719621
5,5975309298	8,8287183622
13,8663953160	14,9689639450
24,6001820338	5,5318901619
25,1331739181	4,8588261049
15,5916483399	15,7334812045
14,4837323111	14,6158626392
25,2814623436	4,9660332610
2,8899837187	9,3564417180
16,0768084310	14,8607680879
5,0018496130	9,0186995021
23,8228786540	5,3945123591
24,2916300468	4,8346276548
14,2206922521	14,3663764193
24,9411376632	4,8852194758
23,9817735345	5,5474692995
16,0160145177	14,8612108575
25,8293588958	4,7025167331
3,9680120782	8,1323404359
23,4807183783	3,9723018234
3,2327258260	9,1473236444
14,4175680635	14,8156789836
4,8585371841	8,4118578017
5,2544896365	9,4307671166
14,2811611745	14,2134785754
24,8805030746	5,1299555130
16,4506298288	15,9051760273
13,8344455644	14,5031363793
4,7300824805	9,4526456788
23,6381519221	4,3983717043
4,8005268292	8,7083080338
16,3795583602	15,4883943814
14,9657596176	14,9344603970
4,9390308644	8,4966571343
23,5639205954	4,8573219548
22,8265292580	4,9233954288
14,1759810654	15,5014991273
4,3241449935	8,6911466565
15,2146261105	15,5316319275
3,4391320846	9,1266948540
14,1164885704	15,8848788381
22,3752122203	5,2826132388
3,4372889461	9,6902855194
23,7058502811	4,1391405820
22,0750788701	4,3591610682
15,1814479056	15,0756128535
14,2070751670	14,3650659965
3,0980816763	9,1453997209
3,6362314791	9,0542441491
4,1461864575	9,2592879176
24,3041611291	5,5119964202
15,8476209042	16,1077114397
15,9550958402	14,6336798467
23,0800422172	5,0480244753
14,7345120332	15,7048240947
2,3853866387	8,9811825819
16,1914165379	14,4207985054
14,0522638961	15,3074837423
16,4006031935	15,8211623748
14,1379344888	14,2053313473
3,9629524229	8,7667970429
15,0048117419	15,2663779513
15,9525514713	14,1776614558
23,0963672591	4,5936777460
15,1583937531	15,2888785606
14,9791662126	14,4840176172
15,2840986272	13,9736415711
4,3097343717	8,7681505792
15,2310928045	14,8625051559
14,4045556284	15,0981303866
14,4927811665	15,1415556617
23,3494145129	4,6070018346
13,6246838149	15,2570234520
23,6947722716	5,4257594354
4,9419070624	8,6177115871
24,5567406826	5,2952697426
13,1958530620	14,8855836809
13,0803630358	15,6150281055
16,6725618924	15,6149595316
15,8030272925	14,2970129285
14,6143869873	14,7118695068
3,7314962743	8,6926119740
3,9301693471	7,7526447035
14,8245567808	14,3372639191
2,9150321967	8,6551638451
3,3311853269	9,0565487134
14,2826943104	14,8405217368
4,3356670049	9,9708402883
5,4840850477	8,0799095164
13,3145962872	14,9668147127
4,1805438413	9,4151639965
14,3607893875	14,7347241751
25,4836597318	4,4665865356
14,5649827423	14,9391083295
4,2346592823	8,5187627335
23,3261572899	4,6737625042
16,5960948031	13,6816028781
23,0144332416	4,4475941753
15,1515584492	15,2139054272
23,9474288490	4,7840559279
13,5242366579	14,0521746798
16,8019084148	15,0457057946
25,7173673656	5,0487834986
16,7308587946	14,0272623608
13,1987522537	15,3310699465
25,0865811041	4,7530635139
15,5825215158	14,2543155732
2,1231273181	8,7676024217
24,7772158420	5,2075835554
15,0124765254	15,3292273412
15,8804102804	14,8361489756
15,4972967181	15,0370703423
3,0943146767	9,5654946310
16,4657410141	14,3654888395
23,8937525234	5,1004143262
5,7029611833	8,9767570354
15,4464067008	15,4547678643
23,4766987820	4,7109661602
25,0745583621	5,1414058944
15,6303613533	15,4695525225
3,2488540976	8,6599802496
2,5657096324	8,0685470457
24,3916130031	5,8444900704
24,4083952936	5,1141393339
16,7256852513	15,3107972557
22,7502547169	5,4086642842
25,1059307776	4,6971391792
16,1516779478	15,8724755921
16,4214904392	14,6865017467
23,4163401892	4,8147712528
24,3816341645	5,0079635374
25,1489726939	4,7405591756
14,5204489599	15,2109455324
14,9396412638	14,7444190056
15,6999789975	14,7047940354
25,3293948318	5,1612280326
23,8037075588	5,7163354756
13,4099809318	15,3177357646
24,1401126666	4,1761774062
13,7516204703	14,5349899026
25,1525918643	4,3645694586
5,2733285919	8,6129777441
25,7988024235	4,7664120763
5,3458160806	8,7633023861
14,0808480763	14,0934045519
2,8259397149	9,3200810599
15,1624803662	14,3745866888
14,3615684897	15,6739087620
16,1774193566	14,6457802378
22,5654111907	5,2131762814
4,5505943027	9,1447980487
2,5224793246	9,3547937061
14,7588304466	15,2174424163
14,3199709662	14,8327857424
16,0557313150	14,3276374292
4,5954502429	8,7500281591
16,3051120877	14,9068216693
24,3861364960	5,4592749980
14,3204141614	14,4883663453
2,6711438635	8,3950276685
15,9603705499	14,4027239143
24,1424308255	4,9318798946
14,6011360282	15,2737310136
24,0965703712	5,2123213508
23,5461097793	5,3021250984
24,0182914994	5,3322742267
25,1428689525	5,1265369211
3,7358040701	9,1640618466
23,0125819119	5,7965535562
24,3572877617	5,2978247435
24,1701404469	4,6652285067
25,0521312142	4,8485909010
22,8932000694	5,0370840466
22,6878277546	4,8144463305
25,7308755951	5,3996826007
4,4152788129	8,2476329319
3,3936907868	9,1278019041
16,0659919930	15,0051662957
15,4086356421	14,4960165595
22,9417933487	5,8209631467
23,8623537637	4,6785319528
16,4188046916	15,1113870222
3,5386932055	8,5899080315
14,2011948045	15,0898292596
4,4958270745	9,0179748149
23,7638406872	5,1445941616
24,1197894790	4,6242367339
4,2612858366	8,8689920509
24,3711573978	5,3145456248
23,6682198135	5,3682700841
16,1970713321	15,2676983515
5,3762920320	8,8895878945
13,8417821830	15,6970629370
3,5466206055	9,3351097160
14,0334538734	15,0619676019
4,1079186510	7,8364128811
14,1476398296	13,9263153115
15,5886394353	14,9176640349
14,1107978929	15,2378568550
15,0706535902	15,2649828454
4,4851225815	9,9766431650
14,3389432779	14,8883799550
4,4056235681	9,7758162220
15,5222057316	15,2887306743
13,9490736213	14,9998250931
25,6559507941	5,2974395383
22,8925990690	4,6861923722
24,1631617163	5,2777797788
16,5607895703	15,1642899194
3,4969695018	8,2993216211
3,6023447610	8,8495772906
24,8944522206	3,6408248220
5,4509310943	9,2928346280
3,6761138449	9,1857789263
15,8600688136	14,2386732912
25,3009764281	5,4836163585
21,8757573589	5,3010800103
1,7515653437	9,4817434878
3,0173122176	8,6746518950
2,3192884175	9,0275453873
15,3877185639	15,4970168697
24,1680819971	5,1772065938
23,5326383019	5,0573805300
16,0045816381	15,9336469666
23,6890396294	4,4065881459
4,6562132222	8,9992727080
14,1349814874	15,5312923916
14,0770593542	15,0365757006
5,0164378122	8,6394413125
4,9256466827	8,6512552525
24,2650398727	5,0847842737
16,0745324050	14,8696589760
23,0618713463	5,4604344273
3,4871309387	8,6535792661
4,1385665125	9,1255664998
13,8998438967	14,8988103314
3,2425288150	8,9559693465
5,1313817533	8,5874160062
24,7726934831	5,4332716968
14,4610929926	15,4357807687
24,4371823095	4,8678287008
13,5088588880	15,3680871555
4,6531076830	8,7670453614
24,1198884648	5,5972668106
17,0373501896	15,4976685387
23,5178261416	5,7813265097
1,9154573810	9,9275629953
14,2356908516	14,3564730384
15,7264085458	14,5920123828
4,8549204050	9,5332797588
16,2553157873	15,0571291542
15,9367714564	15,1028304000
4,0383818712	8,3423408853
13,8560985678	14,0768708689
2,9641716784	9,5044214677
13,4728785355	15,0654201274
3,0403773084	9,2471962879
13,9849563678	15,5866156819
16,5982600563	15,1336616543
23,8321740867	4,1349297930
23,7029497867	5,2170163308
23,6119118725	5,7069639113
5,7793311191	9,6280657954
14,5240561251	14,3860420501
23,9961634945	4,8564884660
24,9017520270	5,2095589353
14,8808237218	15,2666298616
16,6095257388	14,4920245473
4,0814661464	8,2521403042
15,3412198878	15,7959530144
4,9783793196	8,9261143819
24,6375373672	5,7346420105
24,5636848203	5,1362478377
3,2788180124	8,3445118298
3,6077502737	8,9468406394
3,5078175878	9,5705125776
3,9927481090	8,6288386524
23,9626112159	4,8911112551
13,7266554200	15,6092297180
13,5974901842	15,4381167323
15,2038459269	15,1778087936
13,0738533603	14,9465377436
16,1007004365	15,1127901831
25,1193979123	4,5731166140
1,7624184554	9,1303872634
25,3308314166	5,4959322746
23,6899773331	4,8277518174
23,9851341509	4,3885371305
14,1023084872	14,4838757685
15,1902672775	14,8339112514
2,6789944908	8,7998145730
2,8859395994	9,5636005422
5,1651604199	9,8116121224
2,8474636404	8,5989102792
23,4420583753	5,3811458777
23,1135756076	5,4249785306
13,8712650765	15,2029637037
22,9927447407	4,9048703530
23,2498234505	4,5234342676
24,7356737731	4,8418428406
16,5253312063	14,6915901054
5,0334195910	8,4812070835
16,1614225809	15,7985725096
3,7385568964	9,0388780477
23,0687732190	5,7746277322
5,2346761912	8,8435527776
2,9965126760	8,2480668715
22,8954598804	4,1303562740
13,9394725906	14,4144052415
14,8126517522	15,4145534019
15,5177296256	15,2429608108
3,2895684620	8,7061666648
3,2037637645	9,4266119159
25,2956684036	5,0612119282
23,0142777551	5,1536375728
15,9745935647	15,6143431876
15,8482926129	15,3244905072
14,8804743014	16,0841019105
13,2482515971	15,3562591698
3,4414287686	7,6950435993
2,7584356108	9,0671483077
4,5093946078	8,9360731359
23,1278159527	5,6547965792
4,4592996883	9,1750807037
24,4301582294	4,2672592563
24,7328116949	5,2486504325
3,4422103614	9,7338396038
22,8240340180	4,5122865969
14,3149839175	15,1874478313
24,5060289490	3,8690749773
15,8396648727	14,8707313038
13,9693409666	15,1857164381
2,8151330224	8,5310332019
14,4131545777	15,2241989678
2,4748677447	8,3319654596
2,1076745067	8,5279242804
14,3473934588	15,0548816989
3,8430447509	9,0652925427
23,2370579833	4,5813725503
14,4440698293	15,5382837818
3,9002662091	9,1311728522
13,8414365263	15,2476618331
3,1703911805	9,2131160635
15,9627721145	15,0043083896
5,0551355102	9,8840113338
25,1726765324	5,1985588239
2,8861994093	8,3335824210
13,1941970135	15,1306050025
15,6881678830	14,7802715536
14,2778948931	15,1233639221
13,8003606361	13,9481572697
13,9736742232	14,4681945618
24,9506506143	4,6855300027
23,0547071169	5,9825325488
25,1814744814	4,5639260415
4,7568616282	9,0278861720
24,3207385428	4,7079506618
15,3918087470	14,2938651819
2,5237144899	9,9980183149
15,5162773128	15,1329252758
23,5735223619	4,5088597988
5,4553978367	9,2765742232
24,9272211841	4,2657703643
15,3888883360	14,7023009083
15,1451559542	14,6232600967
22,4586956988	5,6053099582
24,8943156661	5,3282148133
24,8117566192	5,2124898873
22,7434638484	4,8974443692
25,5285980486	4,3409749795
13,4762697736	14,9180072016
14,8521949934	13,8893268478
13,7829994494	14,1459893851
4,5140411259	9,8160214188
16,2217926324	15,6844134292
4,7554547164	9,1166610066
14,3496568268	15,0338451592
16,4699775883	14,5702801622
15,6378557914	15,3782889881
16,2675572422	15,3885318476
25,0247652733	4,7704529735
4,0760921414	7,6986010250
15,1469821889	15,0131973625
22,4093884153	4,6709735742
13,8793380028	15,0300431511
2,4981757811	8,8040731425
25,4679545929	4,5275445283
22,9371898530	5,1586862639
23,8347962296	4,9307666973
3,4481476704	8,1379395499
4,1872905329	9,3788897019
24,4310864490	4,5984428108
4,2748741703	7,8899725282
14,9883858668	15,0786484497
24,8183100703	5,7453058462
3,4449114093	8,0562125111
3,6017857031	9,1330483402
16,8687082369	14,6491701007
25,8055169805	5,9810699882
23,6663605038	5,0338272854
22,8836570775	5,8275287555
14,8457586049	15,2947098335
3,7148537404	8,2260852654
15,3361537599	15,5443579488
15,9228538952	14,9863057748
14,9095039355	14,1279624835
23,5497909102	5,1508756299
25,1433393457	5,4765293766
23,0730843629	5,1210587150
24,2216526085	4,3960625614
5,4454552804	9,1023328493
3,3587913326	9,1510468381
24,3447495663	4,1496169892
23,2748768420	5,1372572272
24,2165272785	5,5320115361
14,5869758153	14,9483371790
2,5512170157	8,4343355580
13,5865004868	15,8680785188
4,1866534370	9,5242318681
4,5116343671	9,1955751929
25,0868451502	4,6320259928
13,6441901821	14,9147164272
3,8509753017	8,3082153960
23,4231110398	5,4930032466
4,4822852683	8,8099851032
23,6791626830	5,8140922923
24,5795963674	5,6986940502
4,3224817507	9,6643093466
23,6202484421	4,6555263557
23,7715150445	4,9805290922
25,0342029010	4,7921636189
4,0165091887	8,9956472766
22,6103105621	5,5107579017
16,4264763200	15,3883612760
3,5913054474	9,5219210840
22,6307649126	5,1130647207
23,1834182014	5,4079018741
23,3650667664	4,5514617278
23,1655070327	6,1660190125
3,8244493749	9,2216409050
3,9361172674	9,1973184862
4,2272123236	9,6437344286
25,0154454488	5,6396268846
4,7367869421	9,0057548951
22,9423362921	4,9479249219
23,3353164604	4,7725599630
15,1042900581	14,9201159659
15,7256510278	15,1524568269
3,7936424655	9,3419008630
16,4465709361	14,5340079165
4,6211693898	9,9158598571
2,3032943922	8,9184992409
14,8529192533	15,2863400000
2,2732230590	8,6876352518
24,9720032383	5,0241958399
2,7703219118	8,5809398019
3,1644009384	8,3504206697
23,0319775607	3,4216663838
13,5358586852	14,7439215108
14,3194452232	13,5508899485
14,2644637511	14,3082743188
13,5938647336	15,3042243958
13,8837346808	15,2230006579
23,8939433319	4,3612492787
23,1810812344	4,6969015097
15,4613376978	14,8556999219
15,5182747181	15,1423207687
3,6174832935	8,9275563957
24,4411185778	4,8248474909
3,0159809342	8,4534498176
2,3193238015	8,4070601357
22,8902457821	4,9358753147
16,1356626213	15,9039690726
16,6917486063	14,3653602834
13,9530907538	14,5131764078
4,8547458179	9,4155126808
15,6721384073	15,1752059214
13,7736083019	15,5940181553
3,0558547179	9,7494075904
4,7274589445	9,1430581934
13,2000392981	15,0158944515
4,4311831267	9,2624776801
24,6403144145	5,1155394210
15,6112911689	14,8927567296
2,6418330814	9,9453793171
3,2803606825	8,8789272258
24,8221776956	5,0762092033
14,6999589716	15,0909886827
16,2205857202	14,8083575227
3,8692495352	9,1418933028
25,0554818313	4,9548965641
5,2676922168	9,2604968422
2,7169612508	8,4019958151
15,3970693270	14,3019178284
3,8619494932	8,5832936276
24,7775266729	5,0666420495
15,5295160759	14,8896239498
2,0381207495	8,5008641722
23,5216570180	5,0247178350
13,9436182744	14,4169108386
3,9419964556	10,1757234854
13,5652811530	14,8978379040
14,5936135970	14,7999941228
3,4730831202	9,3632874719
15,5050815681	14,9926826276
16,8356525172	15,5711773158
4,6431134085	8,4842937881
3,5600055544	8,1249347269
22,8017160880	5,3262185468
3,7685494013	9,0855512014
23,3061214769	5,3374315796
3,8366410007	8,5600843338
14,1518223522	14,7953559312
14,2036145285	14,9599607733
15,8769764843	15,1995824229
22,9619058155	5,1758107073
23,9422139704	4,7456340915
3,9365941626	9,0604404976
22,9212798369	4,6137685337
15,0194151404	15,0895284595
24,7961181625	5,0731752303
22,9899573251	4,6993995504
14,6104764307	14,5765722099
4,9089462432	9,3230519019
24,0117938464	5,2289562793
23,4937875783	5,1186128480
15,5253932377	15,2583339178
14,4987029434	14,7984715393
15,0893299886	15,0976161798
2,4438782773	9,2844037974
24,3609620584	4,4062277644
14,7386657643	14,2473243219
4,0987893674	8,5273536577
4,1997033246	8,9157372891
2,9580003100	9,2492724861
23,4956130970	4,9903973188
5,1109253091	8,3753112963
13,6901462590	15,5112560639
14,0002678107	15,5774286312
16,0748793251	15,3658915686
24,6025793392	4,7289762537
13,3184380425	15,6425077000
3,8762940715	8,9796847075
4,6647765833	8,8980413609
15,0236953818	15,1081066296
3,8127161905	8,7487350534
15,4020838519	14,9871895023
15,7913443647	15,3183010325
17,0623830078	14,9998031937
14,6791620332	14,0278817420
14,8592717827	15,1297242337
22,3310582800	5,1413290453
15,4515286055	14,4896118690
15,9499569801	15,7165535351
23,8539579364	4,8871723177
24,5051401235	4,5321090582
15,4038267481	13,8724121170
2,7862149459	9,2330739930
1,9057426057	9,4393748119
5,1027537833	9,7487217275
25,4056601407	5,0744229838
15,6086989269	16,1684863886
16,5142493170	15,4381925325
4,3707951091	8,3465913775
24,6799567090	5,5261530076
16,1397321565	15,3035625784
3,0575080017	9,0937651917
24,5591117825	4,7684630698
25,0160717377	5,1274979320
4,9811879317	9,1368426468
5,5153090131	8,0583824806
13,8476331213	14,5175224163
23,7015001007	4,7132320234
13,9734275418	14,6211493951
21,7503278855	4,7625408929
23,7141751532	4,7391317709
3,0656404380	8,8496341878
24,4105374210	5,3759367569
23,4860452600	5,3462061812
15,7872232746	15,6387084840
23,8162304429	5,0560143836
15,3591186331	15,0991958612
4,4627372893	9,1764890554
3,8248597681	8,6330574004
16,2274043781	14,6560026123
25,0819534230	5,3008161070
23,5586485618	5,0456202014
23,7848918020	5,5165815561
14,8544881576	15,3876041702
14,7806855603	15,1570329228
22,6834728752	5,1725886292
14,5854270313	16,0251731055
24,8221619870	5,0782649238
13,5981107687	14,9040893122
5,3429376847	8,2444371263
22,7865757764	5,2648728588
24,3629021122	4,6474195076
24,9647880462	5,4346724376
24,5291783667	3,9127018529
4,0939991482	8,9834339240
5,0256356498	8,4280580122
25,5809671333	5,4450684484
24,1000562451	5,2666811466
15,0194266329	14,8564660874
3,8907619470	9,6590698231
13,7290401666	15,0023334219
3,3819607694	7,9923380986
3,9256692225	9,1336442999
3,3383563143	8,5854431256
4,9028170564	8,7987262519
16,1590628407	14,6862735530
23,4754534388	5,5482079949
23,1237687789	4,9310869995
15,8326568368	15,4181656026
13,9230661027	14,5902174858
23,9562145633	5,0425777526
5,0371777211	9,7365081620
16,7674031591	15,7175328272
3,4034046411	8,7357069765
23,4430404996	4,6783148073
24,9363439989	5,2375220444
13,2430896095	15,3326132360
25,2357207967	4,2764627681
2,5788849761	8,4904180788
23,3959226009	5,4293846188
14,5848189690	14,9828400613
2,2063078206	8,8194289915
4,2088075635	8,8906170581
15,6647024402	15,8521909285
15,4214645849	14,6742286441
3,1199641174	7,8402976690
14,8741459132	14,5923143727
15,8520932353	14,6975453069
15,2257203265	14,9128204669
3,7858787049	9,2428709025
13,4913803541	14,3691901101
14,7994917728	14,6903261530
15,2648458166	15,2102293160
4,6130095916	8,4308322057
15,6062491301	14,4030817025
14,0763140418	14,7946612495
2,3411711073	8,3886795691
22,3133680845	5,1157548688
5,5272220813	9,3857951349
2,2020971829	8,2502504221
14,8195154224	14,9946067496
5,4109117768	9,5541351758
4,3397709368	9,4557210731
15,1144082664	15,2528137271
15,7899041727	14,9732998137
23,4449302454	4,9765799061
23,1347047399	4,7906730076
4,8542378972	9,3240351267
25,5254622397	5,1158901883
24,9485403551	4,5773778716
23,0797642186	4,8992937793
2,7876305560	9,5258762968
2,8529067112	8,6354753955
23,7808091350	4,2281470444
14,7800389080	14,8644586746
24,4553707407	4,0934642528
17,4201272735	14,8376852888
13,9992794884	15,2230108682
3,4765578287	9,4758032705
23,9736597929	5,0237798214
24,4315334228	4,1631789490
15,0243978413	14,7943809994
15,6593269328	14,5908856390
4,3635065829	10,0256018805
14,9581864928	14,9676140943
15,6508765533	14,9512636514
22,8065876927	4,6077013076
5,5883025125	9,1606179468
23,3095226289	4,7035597802
14,0655626807	15,0461666595
15,5097436373	15,3007427895
26,0398509331	4,6588810283
3,8010480271	8,5015607322
3,1020269258	8,5987031206
24,9683148606	4,8816759957
13,8057459022	15,1709343324
4,4471373256	10,2516935630
25,5693052132	4,8045662903
24,7999450129	4,7337253488
3,3104243375	9,3855742245
3,9827584534	9,3699689467
25,0272595279	5,2788239523
3,5455841710	8,9407778914
24,0669431914	5,2234718194
24,2061153523	5,4316818641
24,8769376607	4,5204811246
25,5742706518	4,2871972721
3,5685247110	8,8934739414
15,9522437010	15,1685141695
16,0808249876	15,6526542905
14,5900641158	15,1960456926
25,7270545861	4,8759395854
5,1912847616	8,5578780949
14,3613961972	14,4158678891
3,5554395248	9,1084769359
13,9058073394	15,5830788427
2,4488984352	9,5072000786
16,1379696441	14,5424809867
24,6042053076	6,5556165485
22,3355328169	5,3326386784
3,3361822805	9,5451996859
25,5005207803	5,9408450656
16,2581827756	14,9333457215
24,7259285568	4,2981084230
14,5564040612	15,0690170819
3,5031048805	8,8919266622
2,6996093533	8,6661653539
14,3709671932	15,3385330504
3,2011974377	9,1856701427
16,9228405762	14,7873958869
2,9640354638	8,8129783988
13,9775776379	15,3663795971
5,1989531370	9,2060610510
15,8177863256	14,9639851650
3,0370907653	9,0895796234
4,7588345087	9,0096842564
23,6730395879	5,2366484189
14,7210100460	14,8020881547
14,8765819469	14,4724953959
15,4693978775	14,1416209822
14,4490004652	15,2256956579
2,2575893018	8,7452702332
15,3501652661	15,0320691116
1,9616495889	8,9630664034
15,2721607963	14,5970992116
4,3031700395	8,1013737250
13,9564841672	14,4098103562
4,9674923900	8,1912612928
23,8226783027	4,8029437435
14,2377422772	15,3534819475
2,7272180543	8,4848095300
4,5155413080	9,5758636523
14,1580626199	14,2745101517
16,2537125217	15,7904006276
23,2026430791	4,1585630120
22,5698487441	5,6623133788
25,2591393459	5,0107588692
5,0859325388	8,6217906911
3,4735513061	8,3009104621
15,2859194949	14,7801427906
25,7606011256	4,5966411202
2,6688749086	9,6049270112
23,7256062675	5,6149384902
4,6576901648	9,2710673460
14,8087818269	15,0799389361
23,6208262866	5,1215097864
14,8308162960	15,0885009528
5,1903810991	9,4366448341
14,2463401418	14,4734592781
5,1969413574	9,1097830236
15,5284493578	15,3125385623
24,4566159447	4,9556004790
4,4048320361	9,2512862939
24,7175956132	5,0825315571
4,0610183511	9,0661391659
3,5969692825	8,3077915580
23,4153959013	5,8535734167
14,4105668744	15,6653698917
23,9230118988	4,9088035920
14,6149568708	15,2140111631
15,2577037319	15,1847843458
15,4498254630	14,9926582997
4,7609833327	9,2837132812
5,4127610970	9,1560211759
15,1500263724	15,4747853666
4,6134941593	8,7248451913
14,8108390398	14,9247015324
23,3117329508	5,9527899793
23,3431216692	4,5069892148
14,6002592820	15,0659404871
13,6184143787	14,4391052317
24,1745904877	5,0881986647
5,6735861424	8,7204684244
23,2543088077	4,8197083614
25,7154491350	5,1803025482
15,3713801393	15,3700493143
2,3331294536	9,3972056976
22,2631629886	4,5249122654
4,1522189698	8,6381420781
16,1113501278	15,7763525637
23,5919847178	4,8349873931
23,5925633749	5,2748311750
15,2040843511	15,2521528058
5,6892758966	9,2731090399
14,1645798014	15,0022911715
2,9723610815	8,6931153618
22,6731534652	4,9047333823
23,7168436363	5,3877027300
4,7176622960	8,7234945208
5,1883134419	9,0980492289
3,2344100914	8,8797623578
2,1356918468	8,4519910107
23,8550011031	4,8625332882
14,4857707114	15,6571653197
3,4697519607	9,3411379533
24,3766288252	4,6274488644
23,0111121452	4,6519970618
3,4626945238	8,8540451056
4,7118685434	9,2132582365
13,1487413353	15,1000488222
4,9662335134	8,1734289656
15,5338753525	15,5871359258
15,4067476774	15,0361232191
22,2832369832	7,0317049218
25,4441970838	5,2293624279
22,4964541462	5,4242896177
4,8194569686	9,2993446434
3,2232883855	9,2505188567
24,1803879775	4,5148457016
13,9930078523	15,4483042060
3,7450657350	8,7529380821
23,3692665364	5,6126882906
3,9413049937	8,3296012547
24,8455093552	4,6745232994
23,1950652395	5,4107945071
5,3821763593	9,1702466417
14,5815624070	15,1188021320
23,2365272871	5,8787644601
23,4638788577	5,1246606245
5,5148972814	9,2385339715
14,6956716360	15,1615734301
14,2549699322	15,4539976742
15,7801182460	13,8716212950
3,7056316295	8,5521869449
14,7791518596	13,8225694456
23,6699584389	4,3587548969
24,0301030922	4,8668307225
22,8781742789	5,2663796258
22,3230098973	5,0857272985
24,2406004145	4,6418455693
13,3500390178	14,4232497640
3,1049069716	8,8671710544
15,9000807824	15,1845948879
14,3029698404	14,7313832572
24,3653188596	5,1525562084
17,3439092191	14,8975327646
17,0648797627	14,7805194410
23,5085317698	5,0001750556
25,3841953964	5,2190373091
3,1338109554	8,1518691804
25,6152770346	5,0840286870
5,3226902279	8,7789753480
23,0408534259	5,0165766167
15,5646518451	14,1666032783
4,1800982553	8,4871538758
4,0524200069	9,1041192426
15,0350130844	14,7048663964
23,4026523451	5,4331667560
24,5059239388	4,7235598210
4,4565661617	9,7164594020
15,4294765463	14,8696016121
23,0863196737	4,6658901421
24,6750394045	5,2201568016
15,3810972031	14,4226721708
4,3871391154	8,8783335975
22,7089440768	4,9981821357
5,2570883591	9,1309595428
24,9062165904	3,6695686230
24,2531480124	6,0341889538
24,7597348801	5,0830116638
24,7215252198	4,2646440262
5,4708288880	8,4903952375
4,2176925787	8,5303771185
22,6415019862	5,3422055720
14,2259177200	14,4292025875
15,1924560698	14,6723064504
3,6668033703	9,1391569889
16,4604863442	15,1015496707
5,1232363237	9,2303084223
23,8970623499	5,4536794257
15,4093869264	14,9453068757
3,6141365249	9,0783902579
14,8772381855	15,0275206435
2,9063463800	9,5972129227
24,9552104314	5,4577592846
13,9170762267	15,2913135566
2,9016721055	8,0570757324
23,6036627375	4,9958459847
23,5145824553	5,4664527578
14,5549167084	14,6096932392
23,9159572331	5,3882099464
14,3611976084	14,7201071294
22,9422079404	5,4196924524
23,0790223766	4,6016627910
23,9141212495	4,7204511767
23,3360189456	5,3449722032
15,0033069053	14,1338853705
15,4577567359	14,6939457623
22,8460930129	5,4004062058
4,7743688974	9,0266546949
4,4101642840	9,7604315366
3,3235111966	8,8547847545
14,6685570864	14,7551462283
1,9159375593	8,7932624468
24,5375260545	5,2237208868
14,7073350921	14,7607383799
3,1945498128	9,9489872350
5,0681303546	10,1755554598
22,4182880800	4,7519618355
17,2483919409	15,8914260977
14,9688650397	15,9041787413
4,3757467682	9,1268409363
3,7990262800	8,9403046547
2,5695036325	9,3705791866
23,7345642658	3,8485565972
22,8609404997	4,8658002246
17,1439572592	15,3554221497
14,8911583196	14,6584825561
25,3788422252	5,0501352936
16,7485517983	14,8622735039
4,1447416912	9,4186718283
3,6365092996	8,6217374136
4,4196871957	9,1120974433
15,6546354896	14,5760701779
4,3033342739	8,8825406212
4,9748021466	9,2397689651
4,3693909257	9,9044499680
5,6118891659	9,0394157239
23,1209698916	5,2730049863
22,6501641055	5,3139380484
13,3965293263	14,3864527365
2,1356008211	8,9256517958
22,4729172768	5,7162042777
4,6697952307	9,1466698097
23,0436244498	4,6265774374
16,1240914873	14,4888266313
22,9973087079	5,5807253703
23,8686848448	5,1130474399
5,0798168172	9,6068835975
24,9865577246	5,5849103374
15,3849128877	15,8613604727
2,7633746374	8,5544800348
25,8676984443	5,4449264153
2,7653173141	9,1577636035
24,0898807196	5,3268303145
15,8413114829	15,2899257367
4,9408868504	9,1140597145
23,7539168000	4,2213297687
14,0356559037	14,5426003498
22,2747214650	5,7378592060
13,9199643399	15,1348707975
5,0852309762	9,7787952669
16,3937432995	14,7146086903
5,5515688981	9,3647979308
4,0505800896	9,6382771359
2,4706194458	8,6104998470
4,7461508605	8,5024667212
2,6705972334	9,7041588003
4,8378702805	9,3044271861
4,8863326978	8,8197024340
24,1249435939	5,8320705177
3,0301854084	8,4164030967
16,0702943702	14,7486438784
23,5653338625	3,9827825737
4,4767997232	9,2275066384
14,6614758103	14,9367862560
15,9873048446	14,6212690089
16,6800744158	16,0321996232
14,2503995052	14,7294522596
15,9515915335	14,7135357237
2,5329980496	7,8682338275
25,3749245744	4,9984064585
23,1069795901	4,4876127604
15,7135498601	15,2284359312
5,5787589024	9,6046196362
15,0969584541	14,7761706122
25,4170402661	4,8629079978
14,7907502144	14,7276296541
14,4083513165	14,1432719261
23,9740000490	5,0983613474
23,6849934362	4,7385301086
4,9152838577	8,4126413477
25,1106033827	5,1109007826
14,4085742714	14,6995733568
25,3521856595	5,1530886584
5,8307324410	8,8218254902
2,8005338050	9,6936378802
22,9722584707	4,5612550003
16,7973727573	15,4903603294
15,7671711966	14,6414503437
23,4957819601	5,0283335429
5,3014396297	8,4409509768
25,3494234436	4,6375277408
23,4751618141	5,3394156715
14,6613282159	14,2294952428
24,0709239202	4,3372811530
22,6584480750	4,7572999210
3,4007571086	8,0525971426
14,3149417226	15,2633162800
23,7006180465	4,7494571263
15,0552885136	16,0667655378
26,0826842532	5,8840407360
13,8848121688	14,6409131575
15,8641540918	15,6437823225
24,3163818360	5,3798068341
15,9087119971	15,6178527218
3,8219919002	8,9169049035
15,8766515628	14,9385356424
24,1082780814	4,8878891534
23,5048916919	5,1575807905
2,6142177134	8,7835695997
23,2803277680	4,9021792574
6,0032727132	9,4355258982
24,7354407611	4,5051592038
23,8726686659	4,5403162592
22,6729155755	4,9704588752
22,6242374772	4,8346015348
22,1122381727	4,5235410696
13,9628705037	15,6890214873
2,7374519206	9,2583858841
25,0869491338	5,0873864991
2,7585624271	8,3384026886
14,0614474973	14,2492468939
23,9552776841	4,9675269716
25,4127380840	4,6632504232
22,4805736098	4,3337641557
4,6918752310	8,4732369816
3,6403086591	9,2107032706
23,8191856815	5,4670224085
4,1962061509	9,2471143823
4,8441958270	10,1977869189
2,9999229395	9,3106687565
23,4650150108	4,7597010512
14,5876501645	14,3954291816
25,0721794761	4,8879466820
14,7880479986	14,8730349109
5,4119538734	8,8970222450
5,4383725304	8,9470373106
15,5416548095	14,2417089122
4,5918584025	8,4311755629
24,9457515818	5,1768046235
23,1364259426	4,0097115586
5,0556951740	8,5745909728
24,9090746426	5,3315463609
14,9561446073	15,5190736876
24,5927006517	4,7011812761
22,7069832988	5,6216573515
14,1098679925	13,8590137606
14,8735676385	15,1773152058
13,4581210577	14,6611601446
3,4781473468	9,1470614990
3,8353777982	8,7135881919
4,0158815600	9,2050496168
24,3559036193	4,8188571733
23,6637030381	4,9243384344
2,8901436405	8,9734104863
24,1646074139	4,7655012097
16,8214916060	15,1804553520
14,7437733834	14,5047644908
15,4952641709	14,3999825585
15,4851801349	15,0190243366
2,7251432717	8,9413434025
14,3471789599	14,5930633070
16,4519584631	14,3378674391
4,3674105937	8,4323584766
6,4528450503	9,1747056765
14,7884446750	14,6760278486
22,9360071312	4,1561704156
14,0915464646	15,1678067690
14,5614416966	14,8895060736
22,9555624021	4,3891169842
3,3021915940	9,5605117370
23,0388099473	4,7112133685
16,2107112370	14,4184447530
23,5885357669	4,6759521378
14,6505905629	14,3092316407
22,7685905260	5,4931919221
14,3351030043	14,6919745881
15,2450654409	15,0562075118
15,8505436919	14,6061775710
14,2639073019	15,1403695375
22,8345272735	4,1044528357
24,4319612526	4,4866190725
3,2353922476	8,7451857544
4,9857263845	9,0925224896
24,8817244084	5,6085315678
25,4164436340	5,4534561768
15,8379438069	14,8655673489
22,5399839531	5,0457554572
16,8327442722	14,6161465543
14,1253259731	15,0319095630
24,0947692712	4,3495578283
2,5668072616	8,7750965829
2,3449320810	8,7677725233
14,9987384611	15,8408108886
5,3824536112	8,6190941693
3,9366065292	8,8787036523
14,1365143076	14,8725613656
3,0808327723	9,0142142525
23,0250346945	5,1765644301
14,6349135436	15,4112816096
3,2261290118	8,2109731434
16,9180674977	15,4580063990
24,3320102986	4,7417270049
5,6454462697	8,5908209086
15,1240923111	15,5956445258
2,4753285361	8,8310624144
4,5405476166	9,6388877159
4,5274745247	9,0507820312
4,7222660903	8,7523445405
1,9686893531	9,8096480144
5,0093464205	9,3313179634
21,8790337012	4,4084875597
16,0003374892	14,6936436203
3,1761358700	8,6338278619
4,3515515221	8,9114731517
14,6110132897	14,4865860627
2,9231995604	9,2627899750
14,8101235313	14,8973199017
25,1992615365	4,9527629099
16,2352097108	14,6134316761
21,8869191933	4,9153283725
24,9274882737	5,6293758872
25,0417977310	5,1847076809
17,2909440034	15,9570756786
3,9784049647	8,7882389865
4,4053380495	9,5010282977
13,7487207393	14,8713804932
3,8507805044	8,7623168935
5,1469933115	8,9452712085
2,7059640177	9,1070689248
4,1503119895	9,1444778242
5,1478822488	8,9236861763
16,0255000765	14,7589375177
14,1001187981	15,3001273305
16,0643076575	15,1643007026
15,4146925867	14,5689828749
3,3885488762	9,3698841550
14,1436844137	14,9843176283
13,4924221420	16,5433877696
14,1991651073	14,3427632746
22,7790353919	5,2106585950
15,9022292814	15,4705531831
14,4480935610	14,4111284830
15,6452506671	14,5821125198
14,3556654298	14,3299601841
4,0715769656	8,0388224489
13,7268608426	15,2340046983
15,6767639438	15,4305780290
23,3723670786	5,9799118111
14,4694358100	15,5703629040
15,0108908034	14,6277670547
23,7201828988	4,9030622324
5,2114236977	9,3169367410
24,3503513951	5,0636539290
24,0652344851	5,0502153423
14,9444416836	14,8667331804
24,4242866544	4,9518114324
3,7683689129	8,7021375041
5,5175270259	8,9818916517
24,3968986270	4,7485293306
13,6597414917	14,4006706827
5,3938872132	9,5423231121
5,4477976371	8,7207718164
5,1839409855	8,6206700442
15,9713942060	15,2990693618
24,5316441474	5,1291435007
25,3505916472	4,6962967799
3,3944477370	9,4797926243
13,0187805636	14,5355038033
22,7735459892	4,8410899561
6,1365886442	8,8476748117
16,6426940960	14,6451275213
13,8837911247	13,8302983713
24,1437803749	5,4696965071
16,1119036935	14,9055401354
13,2379953887	15,0345966256
5,1894350603	9,1707434455
24,2117604731	5,5774537330
4,4748260087	8,5605192943
15,4647416443	15,7643178417
13,6531629383	15,0898196272
14,5803777913	15,5086766604
22,2356079666	5,6292768089
16,4946531167	14,6586474988
25,1913349865	5,4960587421
23,7402321606	5,4447133386
23,4672409943	6,0543577671
23,6241897861	5,1652765516
3,0826439200	9,2434330955
14,0286500624	14,9676062297
14,4598755999	15,3342876083
3,2440190069	8,7148284971
25,1083508506	4,9610373238
4,3031185802	9,3130233853
23,0018792203	4,3225094539
24,3288800187	5,2246374847
14,3564775513	14,8307847297
2,1470130099	9,2036019185
15,0724925368	13,6825201580
15,0389273401	14,6342258055
13,3550219145	14,5371426548
23,3859819438	4,9547427328
15,7326872796	14,9602070039
24,1858626087	5,1534049492
25,0756028375	4,7954126105
5,0912326514	9,0263134241
5,0428072651	9,1211495793
23,2633560089	4,8131081764
22,7082266550	5,5954626233
13,5881722098	14,8759074816
24,3149054387	5,0599934871
2,6028766609	9,1407031221
24,9418898621	5,0545063833
22,6609228763	4,6484849465
2,5185320739	8,2189678101
15,8944439717	15,4031874652
2,9256357686	9,6799190034
16,1904064422	14,9772416905
14,4801680866	16,0307345536
15,8853922880	15,4568997875
16,2680792423	15,8447907842
15,1218489516	15,3503108555
23,3676664738	4,6788118537
24,6336830334	4,4568290187
25,1513097384	5,5122232701
25,2252067910	5,1348295173
24,8055540335	4,9782961995
3,1709647157	9,1855696668
16,0609029835	14,4663925312
4,3523343337	10,1673637947
5,8236241684	8,8269518917
13,5596714663	14,9995911223
24,3240668835	4,7184017575
24,1336639148	4,9159670589
3,4240467846	7,9448316148
25,3121200282	4,8281439974
22,6045521753	5,1147456662
17,1270621081	14,9085480166
14,2392029828	15,2995184116
4,8836572578	9,3067889807
16,2930958850	15,8773178078
23,9754115163	5,4290222733
23,9010714445	5,9247285472
22,7978327088	5,1968577917
13,5800309861	14,5035633908
14,5957359116	15,5285738864
5,2624008158	9,2160687585
15,8723161766	15,3969667131
3,6308219567	8,6936889735
2,6224488901	9,4062473368
13,5169423161	14,3884117498
22,4400596818	5,0900438519
15,3162211588	15,0121367417
15,5972296550	15,3561452007
14,9873201062	15,1373957130
13,7188199084	15,9786252822
4,9656613788	8,2464874924
22,8215779361	5,7097349831
24,7738609385	4,7257211271
2,0616152844	9,5608173598
24,7240808506	4,9060721588
4,1087521212	9,0940921884
24,4298365656	5,0391256045
4,0914015112	7,8621791686
23,9739506466	4,8403842682
25,0542473484	6,0171559064
23,4989853557	5,2845346732
4,5510845389	8,4710262202
5,1056337533	9,7504663504
23,9056498462	4,4620368911
13,7470315066	15,6987320648
24,3188336039	5,1089537106
15,3202019191	15,1972220529
15,0286376092	14,8150535664
13,8809394758	15,2787276611
13,3177809165	14,9400671506
14,5562586705	14,7900609671
4,3221197225	8,3047602012
4,0107953785	9,1795520602
13,5203663646	14,5059192335
15,0522414744	15,6807714136
3,4405353986	9,6544872105
15,5406609032	15,8968441287
4,9752583963	9,6711248152
22,9029629464	4,6649563000
21,7260545595	4,3979138283
5,9776537343	9,5288768696
4,3873953458	8,2488830209
25,2652972401	4,8285394144
14,3962730675	15,0650646671
15,3474209033	15,3473353215
23,7169930379	6,4537587680
14,3124950297	14,4942842207
2,9515106193	9,7177103777
13,4661680454	14,7383170073
3,4785808201	9,1435602119
15,7212005808	14,8959159031
24,9023082295	4,5847307163
5,0030509532	9,9611336690
22,8573185700	5,7071935756
2,8424253704	9,6481647750
22,9243557278	5,4933631271
3,9521485777	9,7237577543
24,9941367578	5,4797397895
25,2613434993	4,3205269129
24,4244876150	5,5988584429
5,3139424306	8,1621720152
13,4437542918	15,4857206837
5,4628296310	9,1279977861
14,1182083014	14,6165268471
25,2131937163	5,6387172179
14,4005918223	15,8959032116
14,9851615686	15,2940339518
2,7838171803	9,0314483028
4,0800377375	9,8157233608
16,2714403891	15,1586216433
23,0026784701	4,2591761258
16,1361105695	14,7426731234
14,0082862587	15,8323055333
22,7311825700	4,4625067712
22,7659949112	5,1690088488
15,3539732336	14,9050688654
5,0640050521	8,9779179647
24,5479264673	5,5709000705
23,3474052455	4,6910519590
3,6858712688	8,1518598489
24,3123003197	4,9446713069
23,7041591507	4,6845684834
15,6437825199	15,3399027669
14,3882073423	14,7847300263
5,8934681821	9,3364315830
24,7817457324	5,0586350193
25,1358473327	5,1119286579
4,5897231580	8,5918739150
24,6850354759	4,8780121479
16,5554742727	14,2729288304
3,0642644223	8,0200434605
14,8759595998	15,1936179993
2,7340825789	9,8509452190
23,2223435082	6,0858679632
14,1602857991	15,0188218622
3,3378175367	8,8164506226
14,7324205388	14,6429172213
13,8598239782	14,2511777896
14,3740576561	14,4340371818
23,1596602932	4,9142990925
24,3625248771	6,1310304665
2,8590214354	9,6368504100
16,3516622041	14,9357703198
22,7323380077	5,2133202469
24,8983850860	5,7245001967
15,8355651558	15,4659327937
25,4757380592	4,5760201319
2,5899585894	9,6579869088
13,9108838347	14,0456687026
15,9470066415	14,5919753347
15,4697758948	14,9888683672
23,3059538269	4,5279383966
14,9171392328	14,5849983747
25,2409380054	4,8824240683
2,9515003149	8,7179422494
23,0611242313	4,4652359802
2,5876407394	8,8997072499
3,6542411310	7,9454997007
23,7577160429	4,9963817905
14,9175826136	15,0005182453
23,1282635245	5,3533455029
14,6936113802	14,8887954386
13,2933169616	14,3301976628
4,8835178725	8,2873214271
2,6233410882	8,7254976193
13,8045294013	15,0482803918
15,7571025480	14,9150326313
3,2069564882	8,3553665696
23,3651738515	4,9682456142
23,7569497982	5,0935265540
5,1725360814	9,4675930526
23,4939390836	5,3994597323
14,8174533885	15,1995071693
13,8507053901	14,3084503950
23,4753073331	5,1959052679
23,9963903271	5,7297671772
5,0670259115	9,0633362673
2,6633960721	9,7419380595
2,7745588531	8,8480185771
4,6753791101	9,2234876682
15,7376610923	14,4995140194
14,9704061110	15,1704213344
13,9647503598	15,7603581148
14,5304785388	14,6676083613
13,7370774237	15,0684903883
14,0775519721	14,3373421772
2,8319591958	10,1440418195
15,7124061890	15,0855054975
22,9977628292	4,8538754497
23,0344313605	5,5234246160
24,6758699975	5,5227217693
3,6311821376	9,0624464774
16,9252483241	15,3960849455
15,8426172989	14,9829538294
5,0248917461	8,6543959781
4,4856940830	8,6417463118
6,3313979686	8,6309173031
13,8095923530	14,3791018909
4,4972401255	9,1261537719
15,0100294650	14,6117704502
15,1800923430	15,2348792979
3,9011069736	9,0250683279
24,1805360217	4,5180756082
2,5631435222	9,1741158473
25,0641868509	4,9954510406
16,2528082276	14,6183088844
15,8059273759	14,9130436725
15,6253372498	14,9990879702
3,5241767129	8,5490924319
23,4809707439	5,5766891215
24,6802543048	5,3435334024
15,1137592824	15,2043876148
24,6308777364	4,6347778281
3,7283557701	9,6693503463
4,2777037651	9,6808137619
23,0149422813	5,2980074470
25,2633040592	4,6755108291
24,2855683880	4,7126229869
5,2310511807	8,7127786614
14,4030515123	15,0709376838
23,6595734282	5,2707839157
23,3088272248	5,4880948198
3,3702431084	8,5022790190
3,9367363905	9,9171609229
4,4240775365	8,8153292910
25,1383481525	5,0454895972
13,8908755898	15,4506756845
24,7374738218	4,7658882911
5,5909455077	8,2892564923
3,0947371320	9,2353722262
13,5055635066	15,3291206941
13,3422452533	14,0985009602
15,5889312577	15,2168987361
4,7110958788	8,8744928423
25,3561601762	5,7180370222
24,9706129776	4,9700607930
4,1863313425	9,1707972655
15,2467574310	14,4606641059
23,6895602871	4,3293811748
14,0053062985	14,9623307326
14,1596542427	15,0149030710
23,3909395150	5,4108952948
22,2572587098	4,3315173297
23,1484253977	4,5194130874
13,6270761102	14,5592442537
24,5994593772	4,4912385749
3,5222225433	8,5529065760
2,8661029382	8,9385373202
22,7230871364	5,3571836126
4,3209084230	8,6194179983
5,0585245422	9,2237445995
23,5705871323	4,2801978392
4,1625410881	8,1932272686
26,1643427794	4,3447481299
13,3041394069	15,1244829226
24,4929528644	5,1404280340
4,1861465524	8,9114311136
3,8339337403	9,6401058425
2,9473688871	8,9947889584
23,3056200035	5,3963985896
15,0900550313	14,8810056978
14,4222657990	14,8887958461
13,3556142104	15,5722898524
16,0951193225	15,4005178330
4,0067632060	8,8280487732
15,8632174096	14,3858684788
2,5861433929	9,1743847717
14,2538794407	15,5883350247
13,7975405289	15,3583623687
2,9387295891	9,1293803541
15,7013857155	15,3485736450
3,7991960164	9,6713967327
15,5692634370	14,2981072563
13,6367834282	15,5084474728
3,2475393669	8,7429507396
3,9067044345	9,4565772639
15,9978506711	14,7665184875
23,6100045828	4,7690642595
23,5523633885	5,9388491260
24,3539461748	5,1133737348
16,6648651084	14,9790497988
15,8071035620	15,2537424562
24,8787589330	4,8675306906
16,1671853372	14,8824805801
13,6824737157	14,8336639445
2,9923897960	8,4056411288
13,4161905823	15,6433732925
3,5070682683	9,5228449864
25,4666716662	4,3867884490
4,3533892231	9,8477867265
24,2334192330	4,4337751492
3,2881559871	9,4668856940
14,3080765209	14,5459071011
14,8379259181	13,7865832622
4,2049826463	9,1514830514
22,5942391707	5,7853078595
23,5949271552	6,3035507224
2,4413096018	9,5716356489
4,6870142384	9,2579302139
25,6498312077	5,1335059575
5,0997421167	9,5597186217
15,8303936300	15,0568812991
15,1761397291	15,7126902951
3,7454540499	9,2752919463
5,6710037678	9,4542038522
5,3613368760	9,5330514876
5,9562686302	9,3341864556
3,6655713312	9,7435794537
24,2471928719	5,1719103171
25,0807696378	5,3225090124
16,9644953645	14,7593604852
16,4114467393	15,1116433538
15,5420324824	15,0950976272
2,7478448638	8,7820163114
15,3928092524	14,2897141604
15,5197370215	15,2915997165
24,7217272931	4,8741956355
14,4752633402	15,6125956151
5,4089214603	8,6995947837
24,5210661479	4,8083474605
6,0453729327	9,2727096889
25,0960806573	5,7510986847
14,5134873643	14,5055228425
23,8474137417	5,4789928106
3,6518906793	8,9097969563
25,7460048049	4,6333473420
15,0030158205	15,6294078765
24,1034290817	4,8511376786
3,3224883305	9,3978626757
22,0364392200	5,0287955270
2,6778199663	9,3417127672
2,2424366534	8,9492886566
16,2329398967	15,0365517506
16,2680698403	14,9398830363
22,5994516094	4,4803504619
24,1246665834	5,4900471329
13,7341613345	14,3202399454
16,0728668168	15,6407348142
15,0660914141	15,5802030746
13,4187729188	14,7110650844
3,7160404624	8,9698236953
3,8361567276	9,0255813637
15,1803725236	15,4124924254
13,5936913811	14,9023859121
24,7017324762	5,1599541867
15,6401371056	15,0700357371
14,7160835754	14,2115477247
5,2928360869	8,8464136468
16,0034208397	15,5410210261
24,5613946816	5,0499967738
22,6085101110	4,6501324740
14,5530166136	15,1555708952
23,0107481100	3,7097419879
3,8310877127	9,7796702399
4,5382296553	9,7954466658
15,6678809976	15,3804032887
4,1060887125	8,9261857791
4,7584400270	8,6526211317
15,8866103716	15,4155071881
4,1801704929	9,2698160904
15,5559594024	15,1218836574
23,2795343101	5,9517890868
14,7981563139	15,0525796892
4,9117019250	8,7080893039
23,2141580595	4,2631101900
15,1259200002	15,5160762612
16,3533702784	15,4049528633
23,4676671027	5,6922855036
14,5263433836	15,0394711061
15,4100756071	15,0459382851
4,5886402598	8,9752882167
4,6025843646	9,1851792668
4,7604543789	8,0443147549
15,6789402187	15,1554564339
15,9443891414	14,9387099168
14,4405948869	16,0272646231
23,8616382924	4,7359211534
13,2851463428	14,0163538061
25,5903392852	4,7686384171
4,5949791441	8,9290343352
25,1006101509	5,3486501136
23,1334888718	5,3874313024
4,1152005992	8,1219330852
4,7620476921	9,6232342187
15,7071699526	14,1944711590
22,7445861788	4,8719568587
15,9488892022	14,9997775038
15,2861551575	15,0654064091
3,2461988715	9,6033289725
24,7498668002	4,9127263454
22,3660458972	5,6115151357
3,2454294840	9,0716622152
14,3728794838	15,8965046352
26,1869105086	5,1039904005
24,9230401572	4,7225583816
24,4756364752	5,2676496930
13,9302505616	15,0678322626
16,4147786731	15,0238339565
4,6101783581	9,7021736255
22,5027674971	4,0868841252
24,2527243530	4,3975210446
24,1111420717	4,2007758180
14,0258639014	14,7703992297
16,4861164226	15,0439818745
5,7395264629	8,5602381131
25,4878981607	4,2667695977
4,1567069941	10,0105531232
13,7833697395	15,5133846547
3,9795049654	9,3659674874
15,9673024669	14,3934094344
22,2147226114	5,2794044684
24,1481844517	5,4887520997
25,4670369615	4,8743794773
25,8310133760	4,9434478173
25,0276373622	4,7315406649
15,2221031546	15,6288607941
5,0712203201	8,4513724786
3,5738373985	8,9158656649
26,0872171155	4,8453831363
26,0265565231	5,1003622650
16,1252094777	14,7822612955
23,7430697939	4,6583672062
23,2272298048	4,7372269246
24,4399098015	3,9407254869
14,1424034745	15,0743158743
14,2339791886	14,8278218233
14,1538946470	14,9903316659
24,1530249659	4,9825643752
3,3958387329	9,0156478350
4,2774690343	8,7788501106
25,2103994763	4,7398327796
24,1240767982	5,4971689872
15,3310303449	14,3714593428
4,5809436357	10,2301700193
22,9486215678	5,3421924970
16,1013055991	14,5501404988
4,8785923286	9,1923307837
5,0286398503	8,5768159241
4,0586411226	8,7443375960
15,7536835844	14,9945963317
23,9731153703	6,1322607511
25,0165325301	5,6706695827
14,9484918145	14,1630876720
24,8369894968	4,7144254925
15,5310610612	15,6145635678
2,8272266307	8,9507653156
5,0560388051	9,1282412131
3,4320540344	10,0597594276
3,9201450916	8,6950658266
5,0624780361	8,4355929108
3,3428982697	8,6584782815
25,7724996575	5,0378970607
23,9685728506	4,6113443098
4,3878514400	9,1764522642
5,2976582450	7,8033984853
22,6163800124	5,2822012066
15,9518586519	15,2743946084
15,5485806729	14,3006145300
15,1623867624	15,3831692834
23,4353579431	5,0481049009
5,0174935380	9,0301030621
14,3038861433	15,9651587565
12,7423324923	14,3235090277
15,8558520375	15,5535314998
15,5760832075	15,5699648123
4,6329724233	8,7819691394
4,5726733946	9,1318612648
24,3715655884	4,8305763255
3,5344637441	8,6520824639
2,8333684312	8,8410521098
23,3890901319	5,5462264171
25,8111077481	4,7227872738
3,5021722135	8,5952682622
14,0117630940	14,8015157357
4,3704152846	8,0037995596
23,7141351590	4,5536716027
22,7684016268	5,7716657308
16,1047642797	15,4803214294
23,9487323652	5,0267962970
2,1153914585	9,7347472253
24,1814233730	4,4226293272
2,7722863398	8,3884168836
22,9094648697	4,8740030171
15,4714707348	14,9777004451
22,9996137779	4,7943399500
15,5767096328	15,1921692841
14,5532364191	14,5744244562
4,4799227327	8,9371089109
3,9431179318	9,6694309647
16,1262206267	15,5516124439
5,1197176721	9,3439406395
3,5624142825	9,2435270855
16,3412553886	14,5813059540
1,8527155098	9,5998890565
23,5745675932	5,5255442256
25,1374069368	5,9105645301
3,3921951958	8,6612625840
24,3661427072	4,7401083911
3,6109110842	7,7555333516
2,9882214755	9,6934124763
15,3944753095	16,0794797491
14,9617857373	15,1228389389
5,6241138472	8,5695331409
5,4327230383	8,7849418076
22,6986271521	5,2565668652
2,7369186201	9,7230457940
5,0168848901	8,0263036087
16,1684816314	14,3446160595
16,6057428066	15,7691585579
25,1951572864	4,9296219378
4,1205248939	8,3328251197
15,6151240695	14,2454631441
3,0834076017	9,0261273064
4,4947148430	8,8899348534
23,8504643140	4,0895124098
15,9097576654	15,7340628744
3,1620844897	9,5774942134
4,6453302890	9,2499774815
4,2567246672	8,8421948940
15,4101254437	15,3599206517
14,1955990966	15,7949581921
24,6645562051	4,4802622930
23,9320329380	5,1957970562
12,7019069339	14,9745979030
4,9687666602	9,2962791304
15,0461975678	14,5983582485
3,4010699406	8,8900307282
25,3108053937	5,1035354606
25,1533254859	4,8186650801
13,6837199059	15,5999466508
4,2242510574	8,7605120526
2,5111488115	8,8567671359
24,6013909436	4,8683060164
14,9094659984	14,2801892403
24,7108682707	5,3138060441
25,9046642035	4,6504685043
23,8739076690	5,1156084695
15,4382482170	14,3528820618
14,9617749848	15,1905115740
14,8898891675	15,0498805404
2,2891061035	9,3361172037
4,3001493580	9,7007880616
5,6216150158	9,3149983354
5,6880345798	9,5121428979
3,1690744901	9,3863017491
4,2708973681	9,3170911170
14,1274802791	14,5706217357
24,3348758329	5,1856233695
23,2625658795	5,6947725319
5,3273272434	9,7113186455
3,2518227169	9,1998774562
15,9713904284	13,5986331635
14,1240963850	15,3607231385
15,4036675631	14,9181941098
21,6042188121	4,8708265750
23,8669544506	5,2802264523
4,7248351428	8,5997455328
4,3196068991	9,0729876182
24,7280922107	4,8965546924
15,1326126708	15,6574919183
22,7663436856	4,3785469857
13,8867054536	14,7048423087
3,5422007876	9,5919035314
3,3563965359	9,3844622699
15,9273135380	15,2915326659
24,5684578913	5,3253208864
23,5572620347	4,7966246120
4,5035111920	9,5084222148
5,1550597407	9,1506951990
4,5917600916	8,2965427244
24,8695002875	4,6125935888
4,5052044024	9,3273857104
22,8422909537	4,8786054102
5,4065224053	8,8907827798
14,3821260074	15,3689441806
14,9975695185	14,8385713874
15,0913273555	15,0999668066
13,8991097964	14,8076907253
14,7609441306	14,9393892594
23,5382536747	4,7464913485
25,3282756001	4,3990834837
25,1832885102	4,9994396360
13,6765609858	14,3972524621
23,2262568357	4,7251468932
16,2539848710	15,2603667396
16,0766631439	15,1189086720
17,0358076386	14,2571708224
16,8823141725	14,3399617205
24,1313259967	5,3656222854
25,1656534573	4,3367340469
4,5490145156	8,9130301699
5,9635528245	8,4237209961
5,2980670210	10,0897801926
24,5250296792	5,1915802106
14,7326380641	14,7212412706
24,1862971314	5,0274250051
14,3836202642	15,0911373209
15,7085839142	15,7566609881
13,7671374422	15,4145868951
14,1568045529	15,2139365926
24,5706067157	5,0238304241
22,3338120922	4,1806027816
14,2771202153	14,3678964226
14,0331785418	15,1086231302
25,0256762601	4,8376369879
2,8895502350	9,3695583020
2,8765236809	8,8232902590
16,3082532511	15,4103409898
22,4912301583	4,4994256226
5,2472330428	8,6191254790
4,4822351901	7,7432226864
22,6756460708	5,1821340802
24,4466107720	5,9798698363
4,1569044664	9,0486775430
24,5571743158	4,2203852122
2,7920387673	8,7859126977
3,0114146918	9,1806845272
3,0809904879	8,9790330441
16,1039664058	14,9128212178
16,6334886029	14,2605522792
14,8872292120	15,6675240826
14,5803286418	14,0313136665
3,6899290876	9,2759989864
16,3369390803	15,8803784731
25,8584477540	4,7293227656
15,8737862266	14,5502615743
5,1725729815	8,7451782536
23,4996901262	5,0432283112
2,3015419713	9,7107023778
2,9988374754	8,7197442389
5,0190036819	8,8966316162
16,6373682593	13,7793035375
14,8440275839	14,2010768895
2,6091545555	8,7353517127
3,8899379136	8,8731333837
22,9304860884	4,8681400447
14,8136526251	14,8032233204
4,9484453878	9,3004540994
14,4324472122	14,0352291551
3,8741664391	9,7476940283
3,1299114576	7,9005933107
14,7410512474	15,3675315438
15,0966681104	14,7831934567
23,9543561892	5,4295344132
5,7558204224	8,8112345689
14,1541911933	15,1910879306
4,8509938763	8,8265808629
14,0898516814	15,0392531111
22,9745213368	5,2999711031
3,8572696573	9,0000844530
13,0644218846	14,7495235454
24,9562050045	5,5486301441
14,7426692428	15,0051916427
14,7944981085	14,4114136683
15,1355696379	14,7502354588
24,5004678490	4,7890654040
3,7645274816	9,6747181275
4,2873880902	9,5829718847
4,5550044723	9,5589021512
3,5582467239	9,9285551378
16,5876053197	15,2843787047
23,1690220092	5,0658194244
4,4247775745	9,5973149594
4,1097353946	9,3137132765
3,5438489228	9,6066914104
22,7537426276	5,1757855166
24,8716572267	5,3624486302
4,0205671387	8,7074738286
22,5611288438	4,9713673626
22,7157934281	4,9019391538
22,9285772717	5,3014619068
15,0433215370	15,3136727363
15,1979987513	14,9029007181
15,2732234647	15,0423258054
4,9636131196	9,5348006517
16,3319623666	15,1153550419
15,0698261455	14,8581049006
5,1627107314	9,1397753128
5,1647520485	8,2967939797
24,9882495566	5,5946511438
5,3771147713	8,9697888170
25,2623594437	4,9249003563
16,0758986553	15,3036049280
14,8370128984	14,7204748297
25,0757544690	4,6114672485
14,4478752318	14,8436490172
22,8297029752	5,4382342962
4,6876850559	8,8671862271
13,5365221529	15,2209007082
2,9375427943	8,2093795517
4,9594280563	9,2264304597
4,2989185773	9,8337603750
15,2147703967	15,0047087365
3,9775869404	8,9697635529
15,1919998258	15,5262441704
13,3112520626	13,7277819445
3,5666426485	8,5212120870
23,6728235974	4,7608528485
15,0339392963	15,0926381198
24,7101758738	5,3806097689
23,4981570311	5,5740149180
25,0342471037	5,4692828926
15,0990073563	14,6795975349
24,8512795250	4,6537479997
15,3180875763	14,4923227279
23,9400139739	4,9295894094
15,5967839567	15,4577220938
23,5421047524	4,6423212087
5,2552979303	9,9558430983
3,9226158275	8,9040858718
4,4239833134	9,4666762836
4,1502523251	10,1345513861
3,3136713746	8,8374925225
24,3773551753	5,3042640492
16,1138982543	16,0829895069
4,3513303097	8,5935640185
4,2595635547	9,5046442393
14,4664774626	14,6613253809
14,8660953996	15,1105240247
14,5245649645	14,1782146815
13,3317393978	15,5336504109
5,0177079792	9,0886953164
5,0503264464	9,3044787306
5,1275592914	8,4402849024
23,0077639097	4,6178179581
15,9451476704	15,5315921995
25,4117936871	5,5149882849
13,8564105020	15,0315336130
13,8792742691	16,0313437093
3,0565627844	9,0416242254
16,0463592083	15,9471165467
25,2685627074	4,6488494117
3,2370348518	8,9232495047
3,9105988401	9,1760156643
4,7853504496	8,1408418315
15,7096999004	14,9340732728
2,4163634767	8,9758813798
5,0966764650	8,8108959248
24,6629465344	5,3885676428
4,7592697304	8,4033209370
13,9612986140	15,8803046112
3,7855148451	8,9313138486
24,5450419012	4,9100147829
23,7317273007	4,9091834891
21,9467078029	4,9383894391
16,6647990436	14,8220447001
4,2245788197	8,0713043397
15,9133094169	14,6588965318
24,6341605254	5,9468666119
22,8183667152	4,8124672269
25,6140150802	5,4603641809
4,3351451591	8,6047611515
24,4275267984	5,5387641638
25,9044209722	4,9809943056
15,9366094738	14,2355303522
23,7200911076	5,2681463843
14,8020576307	14,7739618240
4,5619339677	8,7981544678
15,1818257771	15,5851088103
2,8395847892	8,6169221363
15,2849275803	14,8874668165
23,3531866825	4,6959221590
15,8823905456	15,2458586646
2,7016598885	9,1246863641
14,6907150253	14,9067432063
23,2313905791	4,6846871992
4,1805748695	8,2417689220
2,8662914617	8,1496122693
14,6726294147	13,9432035468
23,6399449277	4,8391062305
23,5901380372	5,4541101912
2,9226505233	9,0636330893
2,2558167847	9,2652131057
15,5780393154	14,5964843025
25,7039460752	5,2808402633
23,7591713525	5,1288774397
14,8764776285	14,6206824119
5,1207069389	9,9634508498
4,0849162028	8,1526026769
14,5637507130	14,9551198064
23,1836815952	4,9968163425
14,5043236869	15,0455148265
25,8767582393	4,5459348346
16,4325452199	14,8043878323
3,0421827674	8,6933741733
16,7820678795	14,4499677038
5,1486628027	7,8169691032
23,4630585583	5,4927175590
14,6598753025	14,3078266879
23,5360602259	4,6589208175
2,5241469999	9,3130195020
24,2341823730	5,4628003156
4,9775715179	9,7602297020
2,3008033763	8,2848577765
13,6156425379	15,0197054385
24,2341265784	5,2430306069
4,5645264086	8,7707228573
22,3659104399	5,1038143124
25,3638499154	4,4919330343
2,8937818258	9,7005945261
15,9534535098	14,7363405132
23,7855406946	4,2293736537
14,3163862458	14,4549650305
15,2621694228	15,0953634863
16,4031948775	14,6243568797
24,6311664123	4,5345838456
4,8337022380	9,4719045608
16,4106102331	15,0733104467
4,7622001085	8,3589300002
24,3582739490	5,1309251234
25,1394072895	6,0655348765
3,9411892221	7,7340421803
2,4681600437	8,9427422239
22,6224753844	4,9822354181
13,1111956772	13,8538641650
24,5731261338	6,0048032547
25,2326493692	5,4836966097
3,3640901621	9,7453654226
5,4314689039	9,1287154801
15,0300888393	14,4704633772
23,9893186622	5,2559757045
23,3802082805	4,5584289880
24,2345928174	4,7655701340
3,6189519756	9,5087422652
25,7697574788	4,9833997568
4,1580050358	8,9690538204
22,3211583135	4,5263676733
4,4344890333	8,7280374258
24,6068802496	5,9960865299
3,9526496454	8,9179374166
23,5698775256	5,3989239079
3,8131848458	9,8645486112
23,6429787102	4,5977727103
24,6578963038	5,1961877085
16,3074045886	14,7440421241
13,8028323734	15,5413193893
15,0661294090	15,1045082874
15,7148310004	15,0550151763
25,7423292154	5,3257730885
22,0668716178	6,1095762490
24,4671488665	4,7575493121
3,8928205096	8,8781838088
23,9225252119	5,0953141876
25,0125213633	6,0838652929
23,5166004794	5,1368995349
2,1723764179	8,4985949686
22,3978636643	5,0665792034
25,4739821104	5,2779416620
4,0128952901	8,7798802680
23,4071928942	4,9490880916
16,2190420069	14,8292687467
25,1182754603	4,9593557565
24,0149188843	5,4719669619
25,1034635446	5,0718689205
13,2844014159	15,4159204982
5,6272580600	9,9185481630
23,0043217365	4,3893864026
24,0411153064	4,5912391048
2,8850528523	8,8309440696
15,0964796250	15,3186048713
4,8421034473	8,9324288929
5,3501132106	8,6192294226
16,2436288017	15,0788616057
16,1698991252	15,0640235975
23,2854167180	5,2126547665
3,7597792209	9,7201121669
25,0645442273	4,2685134915
2,2774802847	8,6538414496
13,5250197922	14,6678002839
14,8441278438	16,1206706524
24,3400533599	5,2979573362
14,3423434957	15,1146129046
4,3754321029	8,5038532904
25,5081073976	5,4353355749
4,5640849535	8,7809904403
14,4153296607	14,7413845921
5,4456374272	8,4288801719
4,7830013675	9,4738834869
22,5955507360	5,3446528365
6,2509945197	9,4360000687
3,6977213212	9,4013485647
15,0219337963	15,7325025398
4,0130874423	9,0845561847
15,9157821233	15,2181889226
14,1490912963	14,6988642284
4,9017959027	9,2412544543
5,3954606992	8,6123402832
4,4070905193	8,9115653239
4,0975848483	9,1483238387
3,6284357277	9,7135765674
24,1020238719	5,2372278327
22,8570751990	4,9138341004
23,0749288883	4,7544712238
24,3025675709	4,7665520678
14,4623235883	15,6636588096
15,7951537840	14,9922182508
23,9484295342	4,6331316348
14,0222016947	14,8573105559
5,6420184354	8,7829193358
26,1834128813	4,5973881570
14,2377306492	15,3222467816
15,5395094341	14,3214998540
23,3545230532	5,8664005096
23,5636529023	5,5003509781
24,7517472771	5,2543664612
3,7321163957	9,3031884573
14,3598312314	15,2783705924
14,6285448685	15,3662208185
24,9166627036	5,0349250070
13,7940881581	15,1694947155
14,9916992806	15,0343976945
22,6141532109	4,3788249508
3,1838947022	8,3759888006
23,1155570141	5,4156125781
3,4638750019	9,2755913094
4,2833369353	9,1555914134
3,7724663686	9,1812129424
5,0061099344	8,7030516643
22,9632921126	5,1234430218
15,0161367221	15,3699985547
14,1722049302	14,8819688901
25,1457348639	4,5365265002
15,1706635465	15,3831657677
22,2643568648	4,5282523715
14,9569946495	14,1805681802
23,9869185982	4,7398517185
23,7425358177	5,3594818438
15,2069089564	14,9985522414
5,2056133553	9,1613797687
25,8194981095	4,9284856279
14,1534648490	15,5181608425
14,5577869185	14,9948943145
4,8931022019	9,0960933964
3,1597704219	9,0643218356
2,8035463740	9,2663459544
13,8520171928	15,4650614129
22,5115604708	4,2222073475
4,6888147504	8,9204919740
14,2635480797	14,6666912495
23,1273283272	5,6674013120
23,8665061058	3,9626098790
15,0950951882	15,7147580148
15,1156865864	15,5205485157
14,5612356223	15,1997468313
13,7151718063	14,9492079386
4,7490728540	8,1670592974
25,7083040543	4,9178057366
4,8876104413	9,0945211725
23,3259356784	5,6492055027
22,3404998350	5,2654203065
13,9654834889	15,7282310949
16,0284216994	15,1239848955
24,6426960620	3,9681814446
23,2779645088	5,0806138152
24,7407701820	5,6113141426
3,7112483661	8,4872516191
4,3875654101	8,8096338143
5,1324510305	9,3617615486
4,0797682587	9,3586126449
24,3336777961	4,5482511075
5,0498727039	8,6546484018
22,7314574542	4,9130204611
23,5813242580	4,8605039370
13,6284475276	14,9454253245
13,5375994670	14,5756743059
4,8818489113	8,7784536894
16,6663129933	14,9277700874
16,3133980619	14,4167594695
15,6671452898	15,6303815800
4,1460676282	9,9159326516
24,5674541399	5,3622060031
24,2122063957	4,2204728938
15,8622766316	14,2917838615
13,8975407753	14,7071353261
3,7176119890	9,5759357034
15,1532820953	15,3163507181
24,8532441871	4,7801185585
24,2041008624	4,5358330446
13,4078083511	14,2624391786
24,5438216258	4,9583931436
24,2459486573	4,1211390596
24,8153214077	5,0828447826
23,8454922411	4,6128858421
24,0791420523	4,4605814912
15,8822297385	14,5573338685
15,7025297325	14,8685163026
23,6685868875	5,1196362475
4,8110218296	8,5155462127
3,3869472108	8,6267413455
14,8346280929	15,2406536555
3,9465530203	8,7543999288
14,0999526047	15,1126791276
3,7101922787	9,3587440644
25,6133453271	5,7277894742
5,3551451553	8,8669188820
15,3180712640	15,1927392515
4,7782392127	9,1628131754
23,8995512251	5,2667322710
2,5498540239	8,2408418832
22,9350070943	4,9762034171
15,5603095720	15,0368620310
4,3964998065	8,2377784541
25,3153563878	4,2308189623
15,3179984615	14,7284744244
15,3035218256	15,2270792474
5,2830223504	8,7176253365
4,1514000745	8,6598521324
14,2887078191	15,5916320129
24,6652596962	5,1868149482
3,7267454868	9,2551480475
24,3016144069	4,5945000411
15,4346718682	14,2023311241
15,1222006323	15,7178392628
23,7513912693	5,3417807516
2,9218623509	8,2043514287
24,7682038189	5,2698284763
4,1564464142	8,3895419510
15,2585131984	15,0340462341
3,2074382713	8,6824352251
15,8097835037	14,8994124021
3,5111113942	9,5698401743
23,5064638496	3,9535339190
14,5336816235	15,2597179810
22,6463318245	4,4967378130
5,5949413363	9,1689835223
24,2912153093	6,2967834108
4,9049630606	10,2309352503
14,1603744288	15,2441257530
3,1922582344	9,3070791913
14,3307218968	15,0104187939
3,6082229424	9,2850664636
4,0313032541	8,4030133656
24,7511017874	5,2942163872
14,9421748717	14,6417947221
24,7915213798	4,6675520438
14,8036610694	15,8137465227
4,6762432050	8,9236894434
4,5595413197	8,9925545926
25,0188170035	4,8932899995
24,0006337419	4,2560679667
23,0174669991	5,8265286275
15,6033686783	14,2551235116
15,0374879561	15,2080673816
15,7687077900	14,5097825648
23,3899703546	5,0318874916
4,5039750922	8,4230175412
2,8694035614	9,5206795745
22,3736237345	4,4004678740
25,1853692352	5,4180702037
3,3758639325	8,8762100155
16,2663858437	14,8840381011
3,6752093622	8,5644246962
2,8689060811	8,3910394117
16,0354590261	14,9240883833
14,5560575080	15,0400084688
24,7543178120	4,6857720758
2,8366470974	8,9034804956
25,7733927454	4,4521820019
17,0214860847	14,5639297706
3,7989373696	8,5581746887
22,0642852055	4,8827476293
14,4479748854	14,9547401564
23,7482513776	5,4662214764
15,6080377161	15,5654601462
23,6756784693	5,2389499443
4,6243620867	9,4441745486
24,7261032607	5,0034726914
4,3469744403	9,3626847403
13,5089109601	15,2237202496
2,9408183686	9,5902983558
24,5322501618	4,8115615142
15,7862091920	14,3742204843
4,9921444378	8,4830141199
14,1576657722	14,4211008239
4,2536492576	8,0440450648
24,9335731011	4,0696339606
14,1915611955	15,1796384996
5,0664366304	8,2337103303
3,3989176611	8,5707429598
23,6340389946	5,0359349787
2,6784218197	8,8566009896
4,9884693694	9,2871508762
14,3316957300	15,1479604353
3,1852709313	9,5850325396
2,9608441723	8,2912734347
23,1718431098	5,3966059338
14,0087270848	14,9161780306
13,3377657600	15,1929042277
23,5184536227	4,7789264310
15,4472412461	15,9483823444
3,8539668470	8,8129148124
3,5880438647	9,9624196555
3,2437616208	9,7311934038
23,1245963843	4,2018863413
14,2188327016	15,5206901501
2,8932041353	8,8839444791
3,6908312839	9,1883186415
24,3446592487	4,8439286515
23,3936676517	4,8792320583
4,9092675456	8,5388335848
14,3137965977	15,2178486547
4,7798163777	8,0815681883
14,4778923773	13,8615659155
5,3535575314	9,3955064310
16,2035914741	14,9252703511
25,1225531886	4,8059391822
4,3216051023	10,0593919615
25,1807045057	5,3173336771
23,2065377362	4,6231745758
13,5580207678	15,1061131440
23,6439868078	5,9117111449
14,1902975656	15,0915297440
22,3696710111	5,5437691107
2,9025446454	9,2278676045
23,7969067025	4,8967643093
4,6711504026	8,3817782477
4,9991684495	9,8279127407
3,9438604343	9,3576515795
13,6666517241	15,2463312148
14,5511086013	14,9922417094
23,6181892718	5,1581573135
15,6776500567	15,6010921176
24,7018569326	4,6257850106
23,3725736323	5,0033987814
5,4461854346	9,3708787117
13,9438157333	14,9922390148
5,4154953194	10,5114780875
2,4890264806	8,2736438586
5,0376705182	9,0174112400
23,2925446429	4,4890093736
14,6314070242	15,4656065381
16,0472595694	14,9041883212
22,5782583029	5,0492823490
3,0810971809	9,1763508896
3,3550138426	9,8547242670
15,0589671997	15,1621712506
25,3930245833	5,1986745316
5,2334787531	9,4006111559
15,1353380999	14,5134326847
13,9009128973	15,4106694713
15,7274321819	15,0187403207
14,6261408700	15,1904231556
2,7967436834	7,8530168950
13,3919497260	15,6521346039
15,4593924851	13,4381708607
3,3559907273	8,2116673288
16,2507077987	15,4853894957
4,9437697696	7,9946545084
15,2306689448	16,0941416530
22,9099220534	5,4133522681
4,0233095636	8,8514109362
4,0120231993	8,3986963548
13,7636379624	15,3153597381
16,2141664146	15,1466598832
15,6054263617	15,0534007016
22,6130896691	4,8218555150
4,0692502074	8,9647581425
15,1217327887	15,4026059054
4,9803998892	9,1914989206
22,8657293030	5,6508496356
23,7859268900	5,9426655210
4,7942858811	8,9939208688
4,0991121040	10,4366435845
16,2438071443	14,7925269985
24,3837881504	5,4480793037
22,3793917637	5,0627571227
24,5539456653	5,6721781335
4,2419725317	8,1342738589
4,4377489048	8,5129036400
22,7531444581	4,3768217710
3,3029968191	8,8102086034
23,7078486110	5,0694590633
24,3797829593	4,5573311739
2,3998724301	9,1896527496
4,3596250354	8,3772088009
2,5968798868	8,6116997638
22,4047997733	4,6674029772
23,3823824891	4,9612897479
22,9164267035	4,7415415570
14,3875616789	15,5774183263
15,9935377544	15,2584175531
22,4859884881	5,0409826729
3,0018750136	9,6690292727
5,6930868969	8,7769780789
25,1077151086	4,9067668383
2,8617871027	9,2302296869
24,0688008668	5,5716620249
12,9258061385	14,7000431834
4,9174939536	8,2702835122
13,5660813245	15,0869366692
3,6118818805	10,1373608798
2,8649276495	8,9068924990
13,7374825467	14,6285959768
16,0288655060	15,2900008639
14,4677881256	14,3503434097
24,0682178267	5,5471921993
25,2575995803	4,5345114952
16,0005165051	14,4683515660
25,0456085009	4,8588102175
2,6305525200	9,4468765896
23,4988246903	5,0585742351
4,7301711673	8,8364816952
3,8459390776	9,3409006612
5,0869180536	9,0514880852
4,4517398542	8,3391555507
14,4366624569	15,1393864802
23,2023394957	5,4028111502
13,6775404176	15,2688649171
14,1487473236	15,1379216899
16,6471695662	14,9534051182
24,5659843757	5,3387978302
22,8642564182	4,5960536849
23,0410647549	4,3710908851
24,0052988618	4,3925891492
4,5815128641	8,8726377282
3,9222293426	8,3486967047
13,7362959981	15,2835716653
2,8501372441	8,6842253793
25,2880072215	5,4048279797
13,8381651035	14,5317719623
3,9791515620	10,0017199111
24,5537878649	5,4065580906
23,3110223813	4,8845860204
4,0422375543	8,7915086583
14,7791763810	15,1746190231
4,1095160841	9,2668628013
3,6552257249	8,4752216772
3,1426581686	8,9233792490
16,1553332889	15,5487948477
23,4320418918	5,4539617818
2,8906848018	10,0256138033
3,1833391312	9,6236166641
5,2800814149	9,4714457787
23,8566283049	5,4099684085
5,0932999368	9,0580642844
15,5001099061	14,8985743467
3,9962746780	8,7072374755
13,2966712570	15,0232808240
4,0470544730	10,3011907918
15,8556621895	15,5956745619
4,2475544707	9,2320610405
15,3906850036	15,0068308879
16,4974602155	15,2835926752
23,8882513905	5,0486183915
22,7132810873	4,5352455640
14,3117318251	15,2393759028
24,4130919284	5,8659069511
25,5301966259	4,7808876427
4,5029315219	9,4276055431
14,5641739790	15,1620124493
25,2065897154	5,3669816587
14,4489991973	14,9619108986
15,6440211822	15,5522493507
14,2551922031	14,3898450368
2,9450544136	9,2319091020
3,9025261286	9,2333216970
13,8376768075	13,9338319655
24,7671601230	4,2012106320
4,9490739132	9,2261288256
23,8729141471	4,3341294559
15,3721891991	13,5483400244
24,6338053592	5,1779430952
3,3909959704	9,2094230614
23,9715089160	4,6257603574
22,2825765037	4,8506243021
3,3926382279	8,9782604267
25,3304798970	5,1557483017
24,7193197198	4,9155229096
16,1901628413	14,6823656020
22,4427594205	4,4629198618
25,0337580802	4,8254372437
22,9750153600	5,1977930992
22,9913951117	5,2299996243
24,7650301430	5,2610573655
3,1531352338	9,3425990961
3,5980462344	9,1296338476
2,9256793329	8,9018157677
3,7421219054	7,7765450509
26,1360285772	5,7306363488
16,3284420606	15,0285560601
24,5870949158	4,8657036955
1,6660539249	9,1515247863
4,6259433175	9,6256619985
24,2395524766	5,4185768968
23,0512830408	5,3158836090
2,9416661720	9,0411052887
25,9394107606	4,1567909769
23,7865673009	4,8372580237
23,7781877871	5,0550060259
24,8454521581	5,0259190837
4,2820928526	9,2932064544
24,6210607717	5,5678192307
22,8202448688	6,5439329215
16,0352228092	16,0437567040
3,2849513006	9,1020691188
22,6216562674	5,7487168683
25,9205725654	5,2469034480
24,7276962680	5,0220688676
3,7280133432	8,4465824351
4,8359641874	9,4411279848
24,0487079380	4,5495669408
23,5192026017	4,7137100786
24,6234208550	5,0341050767
14,3730701196	15,0393413725
22,7601416634	4,6805633295
23,9118811144	4,6007491232
24,2561490648	4,5402227634
25,7377384882	4,0080541681
15,3033059538	15,0783985997
14,7357888014	15,0970277288
24,7481569053	4,9254784899
5,5797659532	8,5420705299
3,1746782970	9,0008552405
24,6047374309	5,5129621319
22,2378344519	5,5432734894
4,8350337190	8,5950158408
23,6443955610	4,7677758297
3,2032435986	9,4620103445
3,5989863706	8,0538693470
23,5996344939	5,0288394949
4,5163783235	8,5301900455
12,7762040297	14,9366552515
23,8627849545	4,6099201663
23,8872860528	4,7582669952
24,2483429726	4,8343108031
2,9100125782	9,2925809101
23,7176719774	4,5857247707
23,1257223069	5,2258478424
22,8393611280	5,0666500856
24,4881613481	4,9191203985
13,9406351962	14,8414102341
24,7964965112	5,6990564839
24,2601311664	4,2609802693
15,5373421794	14,3187530062
3,8421901580	9,2521690408
3,7326354478	8,8516375633
4,4644239089	9,1967633814
25,1004205078	4,6385865506
4,0396691084	9,0025178250
23,5548915833	5,2398660440
4,2091912307	8,5388476107
22,2947789745	5,3500175819
14,7213195605	14,2409567409
16,7103276570	14,8158902765
3,4824932077	9,8672475060
15,0284254910	14,5634137257
15,9628561688	14,2082356384
24,5534853571	4,6037823657
13,4739510160	14,5468885291
4,1966209625	9,6827194478
4,8631217946	8,9793969337
15,4404504272	15,5061327089
2,2719336653	8,0264853835
22,7197927678	5,2034362524
5,5603781071	8,7937847599
14,6832556534	14,9328575653
3,8151171448	8,4979500510
14,2742500292	14,8947758849
13,9985045983	15,0645667046
24,5212116669	5,2301677249
13,7844546533	15,6817254426
3,8442305407	9,0622790964
14,2265598175	14,7601512443
22,9662092556	5,4709703751
3,8431071698	8,2225069720
15,3328067382	15,4660992752
13,6259447365	15,6802845643
14,6085937461	14,5185544164
16,1639142362	14,9328398227
16,4910619264	15,1923235511
16,3770316693	14,9146481554
13,7498455272	15,4832614886
14,3784129363	15,3800092431
4,1605914849	9,3519083028
14,2319963988	15,6136537812
4,5738787547	9,3280004931
4,6322244488	10,0282411610
5,0974259384	8,9364942207
4,6300442087	8,9206617559
3,3459468018	9,0442672152
5,0053595706	8,1584754377
23,3577043217	6,2500855854
2,8660954484	9,0111339152
5,9876062202	9,4498838821
14,6758820954	15,1442048171
25,6719661365	4,1737618548
4,9522359163	9,7939453755
24,0175322351	5,0585134527
15,6765776768	15,1256460673
2,8625105785	9,2948210993
3,5211112374	9,2005840372
2,9644733870	9,4845115618
4,8272562084	9,4323164314
4,0460889709	9,2458660549
4,5123390926	8,8565998547
5,5856960439	10,2581840687
16,1099945693	14,6759064966
22,8848959754	4,9097593790
24,2210605773	5,0155292238
22,7667051843	4,8420437863
22,9407353885	5,3912579922
3,1752386118	8,6035715641
16,1053129742	15,3821999918
15,1272115808	15,4138691517
4,7518062685	9,1821204692
3,4418260662	8,6777706022
23,4081534178	4,4861710232
15,1577645537	15,9178467459
16,1206371710	14,9156309580
5,7735005351	8,5811118027
15,8378574292	14,9494037455
5,9709933562	8,9428880997
4,2629942365	9,2264295463
3,5679766141	8,4754926875
6,2828864642	8,2671534019
15,1107236218	14,4441508732
15,3244551354	14,7758428817
5,2408641033	10,1526961107
4,2890178330	8,5012160778
4,6604749156	8,7336463106
15,8685624953	14,1392383059
23,6178980657	4,6556200241
22,8293362863	5,0020887725
22,9601292455	5,1271544091
16,1614914104	15,2808672090
16,6865654204	14,8931028882
3,8340326096	9,7574203294
4,5278546080	9,6673677696
3,2004728606	8,9261173266
25,4317151870	5,7711050043
14,8120113722	15,6163526422
23,4885595653	4,4592596407
22,6101960505	5,1128513831
23,4634815889	5,2169656176
15,3202744763	15,1704427650
4,1835682407	7,8488013243
22,7095969878	5,5228312263
24,0969064059	6,1451576968
5,4690842010	9,2393572279
14,2376721520	14,9281750356
4,6704308646	9,0354441248
16,7943663437	13,8401291133
14,9293008681	15,9544795884
22,7826654390	5,1402323726
3,8720332110	8,7536181823
25,3283593423	5,3729161976
15,8719140283	15,3566272223
16,2706680029	15,3055077567
14,0598341861	14,8174970485
4,1301587077	9,2013980851
4,6636303258	9,1051260965
4,5172931044	8,8835460621
23,9112867193	5,0100260217
2,5607570631	9,4807561647
16,2588466720	14,5185304902
16,1651271170	14,8991116479
23,0095769136	5,1515635125
15,5049193932	14,8927382320
2,8304301035	9,2679080100
3,7882043436	9,6163569960
13,4949558871	15,2343564940
15,2440710315	15,1700911628
23,2587005990	5,6403910993
25,0509849359	5,7745685522
2,7553015177	9,2082198859
24,9074670553	5,1267012810
14,4143297455	15,2640032607
5,0181656753	9,1437753657
3,3799880520	8,2939390636
15,4849887673	14,8408575701
23,1455090820	5,4996793937
4,1333838911	9,1343755022
22,0057813003	5,1300813320
3,1017491865	8,0506821638
15,4223526461	13,8067780579
22,9800311673	4,8537755148
3,6515398477	9,2522789428
22,6093585220	4,9291500684
13,2186028728	14,0891304875
24,1106951480	5,2545436922
14,4835061348	15,2443456248
4,5470927183	9,2203303821
24,3480513905	5,2788113618
5,7908575877	9,1557411325
23,8749321753	5,2282032280
16,5049878956	14,7197218955
23,8703478492	4,9459698882
2,5875686043	8,7151099577
14,0427275527	14,6346888958
2,6756208977	9,4303242112
4,9576501016	9,4280224304
3,4440016640	8,3139297095
15,9357672098	15,0457873390
14,1503223745	14,4318509292
25,4400760229	5,1928235534
25,6291587993	5,0523445602
22,5846148823	4,6827565093
3,2916938738	9,1199409735
15,9643930783	14,4592298087
24,3944209153	5,4081811287
14,3965312281	14,7855457725
3,9752737707	8,7909378742
24,5400983183	4,5949556994
13,3785417835	13,6584488706
23,6604634863	5,7276848303
14,6605908210	14,4350556264
4,7886405423	8,4509070085
5,2848163604	9,0875121394
22,4148013386	4,4305432168
24,3452101145	5,4306098049
24,7872345042	4,7540970609
3,9242663595	9,3399408699
5,0107832304	9,7350713612
4,0506958659	9,5389641830
3,1939133206	8,8563372637
25,1293269269	6,0206178059
13,6123729773	14,5144760250
14,2407462858	14,7705609373
14,9088696389	15,0301273615
13,4045605789	14,7490877361
22,8934523654	4,4894138061
14,6405208788	15,6709086064
25,0972001910	4,6543938247
15,8816791086	15,0047007799
5,3089131157	8,8908976434
25,3096029238	5,4676677322
14,9631377449	14,9382379525
14,5065936083	14,7346429426
4,4300254772	8,4419767273
16,1742744308	15,2752072414
25,0121887023	4,9021463403
15,5148849198	15,4716446225
4,1030795055	10,2097264340
15,5040226228	15,4523957251
3,0796639316	8,6036179572
14,2101596937	14,6932505771
15,3861387999	15,0392121285
2,2881796994	8,0360020274
25,1483845612	4,9822540237
5,3063483823	8,5797527371
2,5621415542	9,4207724603
16,4400763145	14,9476233011
4,8270111756	8,2511424769
14,8974517326	14,0705492282
24,6363506962	4,9671411593
4,7669617851	8,9703011988
5,9688386078	8,6038151903
13,3423405902	15,1449108623
13,2204314700	15,3898727705
22,9881059677	4,8175257348
16,2986651595	14,5466229111
4,6765782480	8,8334241671
15,3011536075	14,0330504080
21,5831239350	5,3979430462
23,1914113886	5,4607525808
3,5741622721	9,2010304412
24,5649410736	4,3466153475
15,0369641768	15,4338351307
25,0514452151	4,6733071142
24,4800016265	4,8301330041
2,6724773609	9,5385744895
4,1091816892	9,1893505737
2,4637815148	8,3647505920
24,6044427439	4,4848680430
14,8702144410	15,0617148585
2,5599843193	8,2230927745
5,3489907316	9,1831442493
4,2958541667	9,3964539446
5,2187152193	8,8740895172
23,4996816632	5,7760644277
14,6132958553	14,6734332592
23,3713090362	4,2650095873
15,4488302354	15,1069390632
14,3624913961	15,0165455306
16,5609022127	15,4613760166
3,9626996993	9,3007040768
5,2902503551	8,8958961187
4,0763357672	9,0878538294
23,4591942734	4,8444940919
3,4108663425	8,1503947094
3,8169402001	9,0629547175
15,3053758830	14,9391049102
3,6843404503	9,4676672728
13,9800346287	14,9426001416
15,7472682427	13,9314058140
24,4344092523	3,6814319758
5,3198000563	8,9303631791
4,1299093693	9,0748185661
3,7909609637	7,4877637115
2,6180947004	9,2981382593
22,9229918666	5,0148225390
25,3972209099	4,5448547261
25,3746583766	4,9228120049
23,7747785829	4,7023610251
15,5696466212	15,0907939913
4,0909780069	9,6761082169
13,4646621788	14,3047724762
2,4241492610	7,2561354662
25,1504880666	4,4195227485
23,1649905506	4,9925857434
15,0244310317	14,7256744150
22,9919532073	3,5507162751
5,4230975279	8,8361633826
4,9122990013	9,5935935272
16,7871485785	15,0786181979
4,6159528373	9,0186558713
4,1078578425	9,6221845195
15,0521983412	14,2713807356
23,3690663883	4,8053251971
15,6962382260	15,5262229751
3,8565851210	9,2805413362
24,5613653446	4,5173284390
14,1460344349	14,5446322231
5,6545815232	8,9448103198
2,8130059322	8,8356570858
14,9839419580	14,6725919165
25,5595148820	5,6622919819
2,8803597545	8,4581256794
24,5952020608	3,9480178209
24,9885067269	5,2882985375
24,2005702933	5,9611194782
25,1733050387	5,1707460392
23,0863554306	4,5749343493
5,1455387355	8,5609771093
3,7656064857	9,4117656374
14,2059543412	15,1105752987
13,9076196970	13,8237140454
23,6823492716	5,4115438079
22,7854925842	5,7429619103
4,7871842437	8,6205679508
2,5686811183	9,5433695182
4,2847661214	8,9354364534
23,2894972478	3,8003125294
22,1483387304	6,5930255284
13,2682908394	15,2497338648
2,2977117913	8,9804908803
24,7598657512	6,2760309146
13,4296031785	15,0539410559
25,7341561732	5,9270173956
3,2558343277	9,3650955250
5,0744786948	8,5868784484
13,9669757832	15,7591404997
3,5398351975	9,3535577374
15,8249276795	15,1057425801
4,2691121715	9,3570923483
4,9167356346	9,7883484277
23,1362415174	6,0010180099
25,5779359269	4,3467056874
3,2166003564	8,8551774204
23,9683129509	4,6685856255
4,5090970498	8,8039498790
15,8896684594	14,9244382456
2,1547851141	8,9889055045
15,5639883610	15,6294477188
16,7829783142	14,7753520260
4,4639500587	9,1736906046
25,0027838222	4,4771085764
15,4480152534	15,8829557174
13,2644903001	14,4263984107
14,1134729919	14,5761140481
23,3953295930	4,5544773813
25,0976974641	5,2534093369
24,5308875709	5,5923466469
13,8323948244	14,9811067290
24,4772825311	4,4653957674
24,1275405325	4,7275498942
22,5103590995	5,2135011062
22,8994934142	5,1598333910
4,2746112520	8,3856100174
3,1412371284	8,4605176766
24,0281250402	5,7972100927
14,8397170434	15,9450365535
13,4469319676	15,1088934551
23,5577383071	4,8287510344
2,6087753345	8,5413550161
5,4888218225	8,0421713728
13,9514736892	14,0944313711
22,2938007593	5,1416731403
4,9983959821	9,4969466913
24,0937112646	5,0010079640
14,6609148306	14,8996991919
24,6968499955	4,1539310527
5,0906408796	8,2105762969
2,8095248089	10,1884430404
14,6997227922	15,1417892370
4,9811776821	9,2322987781
16,0413077272	15,0185022200
25,8295474017	5,4492131442
23,5462968952	4,8877225936
15,9280918464	15,4489850608
4,8755368480	9,2562800949
13,6740111037	14,6387835762
15,5031835614	13,9105221578
14,0097303344	15,1166979630
3,1128959313	9,2281505570
3,5468947053	8,3332258766
23,5069564697	4,9298547439
2,8951331860	9,0866639590
5,4089764465	8,0806680903
24,1938159829	4,9914389381
24,5072080593	5,8643112857
13,3009426773	15,0938325548
23,9824002591	5,6956756072
24,5327108403	5,4209807335
23,0369681867	5,3868755926
3,9913642688	8,4303463608
2,2599374782	8,8155133696
24,6341133695	5,0141888410
24,2821608782	4,8063948393
23,4614850178	5,0706822974
14,4640381825	14,7489384919
25,1870235407	5,2543268837
23,4857913792	3,5249180550
2,8724895488	8,9850083704
13,9715914169	14,5782938502
16,2847374532	15,1357051520
24,8387137050	4,3507733404
15,0922042817	13,6820623892
16,6791637780	15,1289138958
3,9619631853	9,3713202643
4,8049135096	8,5982716375
25,4377580405	4,8919767477
4,1860262034	7,8170472589
2,7531654455	8,6347585312
24,1615193752	4,9223282076
5,2962862321	9,0410760039
15,6922160655	15,4957702153
4,1576184188	9,2857198747
3,9661098829	9,4097847741
13,9173042224	15,5524847848
24,4480623167	5,1330610208
23,8021775598	5,8485424906
14,9063077261	15,1055784313
3,9361955160	8,2901546701
23,9801590462	5,2738387128
25,2304292633	4,4242900439
13,7760945775	15,1393320661
22,8416826104	5,2134121806
14,4115157352	14,6174895563
4,1889089012	9,2245159826
2,7077883230	8,4922769936
2,5785333084	9,3466090913
3,0149234059	9,2927958281
22,8165790856	5,2840016478
23,6723086626	5,1561174928
14,9918237692	14,6708346172
16,0973947687	15,0966184277
22,9085810858	4,9043388737
3,7194515851	9,4377268842
16,7978028574	15,8254445154
16,1168228286	14,9467264623
14,8485017675	14,3281258324
14,0933259870	15,2560296903
22,9824556914	5,2021154187
25,2216641065	4,8129160395
4,0682742877	8,0803925459
14,7219752764	15,2815807919
16,5590008231	15,3735614615
24,7155865191	5,1745883467
23,1128473639	5,0925413004
5,0878906706	8,3490859225
3,8984156039	9,1501389611
22,8489559335	4,8843420928
23,4655358338	5,5735179899
16,0699569971	14,7784167247
13,2838400444	15,1186339894
24,1702262659	5,5014027359
23,2819033080	4,7380796337
24,2645063257	4,6047698828
3,8065739885	7,9138898806
24,8517322990	4,5313559938
4,1299528218	8,7907962294
24,3839384416	4,0339140621
15,5838920162	15,4163116779
4,1464764073	9,2771333872
16,9961305184	15,3124080573
15,5798753443	14,7746231936
22,5960270755	4,2503773854
16,7959074010	14,6935024447
4,5105829875	9,4751241890
23,6906908329	5,4068492560
16,0263350339	14,5868342205
14,7733051373	15,5041075675
24,2990563902	3,8648754249
25,5631105681	4,5119716307
25,0497663525	5,6625140766
24,5829247419	5,1370583546
25,2184876815	5,2929582521
16,2157496599	16,1593694096
4,5603490698	9,0509452686
23,6849383703	5,1863811290
22,8668368855	5,0599460451
22,9609915186	5,3039439801
5,8656042745	9,1437577320
13,5634050375	15,3330324907
13,8285788833	14,4931955574
5,2610199094	8,7787273686
4,0159364076	8,9129606128
14,3682579840	14,6841223626
25,5167601685	4,8771318740
2,1663804063	8,5248283268
15,5357233075	15,4805973361
24,0373064643	5,1830022577
22,4622190604	3,7857426707
4,9741323853	9,0292771009
15,9277826977	15,0990119829
3,9959411873	8,3399395486
23,0641704899	4,5678318976
22,5908226336	5,2719681863
13,7309337115	14,7732993039
24,3727684504	5,4653775206
23,5673110219	4,8778440909
15,9181721393	15,2329111145
25,1074014415	4,3939920271
15,8287380472	14,6872698875
23,4315981838	4,5903876336
23,5003417585	4,8966946213
15,7110175669	15,2220565490
15,1428658219	15,5006756320
16,6936791091	14,2137859877
15,2209941142	15,1077187482
22,2474818930	4,8844496934
23,1440246665	4,5114009659
5,3963420790	9,2454352968
14,9662595980	14,9389739766
25,6581571014	4,7213105850
14,6532678818	15,3357010981
1,5571403054	8,7463208376
5,1754030584	8,5212138765
4,9856036098	9,5304750460
4,1981280933	8,3400122527
5,2571867762	10,0713929973
25,1902559058	4,3983465103
25,1007734393	4,7469578443
24,1666463382	5,0818880589
14,2704671929	15,1252626400
23,8182835330	5,1887502474
14,7132130719	15,1214185530
24,7325917003	4,9856970734
3,8182398141	8,4980946432
5,2988754548	9,3673059833
4,1604780825	8,9737463339
4,6755624064	8,9407586522
3,1929197897	8,7751921725
4,4624483355	8,6137786310
24,8078095392	4,7285625406
23,7570199477	4,3761496810
25,2585253011	5,2621235316
24,6220270698	4,2205153854
2,9770765618	9,3275401217
24,7977208041	4,6553692429
22,6055639433	4,4423889579
23,4678644895	4,8454295268
2,1344070430	9,6745371011
13,5887788198	14,8088726593
14,0022377474	14,2008354990
4,7308088645	8,5230534489
15,5609131179	15,7752761417
2,7980444267	8,6091479835
15,8306880199	15,7595130998
24,3269918649	5,1277253664
24,7608406729	5,0966322432
3,6063305994	8,7815136935
23,3705432867	4,4647708843
24,4768008919	5,1644558950
22,4672592463	5,1990602103
4,2700383469	8,1803509342
5,0247853094	9,1676785001
24,1904224340	4,3991452851
25,3915304998	5,3853834060
2,9207382037	8,7665501946
3,7550711967	9,1154161664
16,7781826269	14,2291034181
3,1107843321	9,2810933707
2,9866744529	9,4471145076
15,2440259862	14,8955328278
15,8350386964	14,4001471579
3,4496409586	8,3745493111
14,5244751689	14,3710986763
23,4639530463	5,7328006006
5,2133863194	8,9108293147
23,3379917605	5,6730698955
14,6201681535	14,4779338819
22,7879825394	5,0836242177
24,7047576706	4,8224955176
14,3766461541	15,1702474945
3,6181203026	9,6761445899
4,5187051004	9,1984842859
15,3733999025	15,0842399588
25,5409909011	4,9534134550
16,9940817155	15,0321956006
23,7940789191	4,3306607570
24,9031694243	5,0612232879
2,7668082458	9,4981763959
14,7945256585	15,2580234086
15,2972576690	14,8285469028
22,9491001175	5,0223008667
5,5235745186	9,0683512934
23,7595604284	5,2946116974
13,8520293093	15,1365944943
24,2261660401	5,2215317113
3,7963535457	9,1187934930
4,2463824899	8,9740472515
14,3914518878	15,6206439555
15,6353885122	15,1341506858
4,8750352404	9,5826166291
15,6939231657	16,4028391809
13,2052023251	15,3963735601
3,9666943036	8,8855138435
23,3311777807	5,3519472819
16,1517523363	14,5587033822
15,9460623466	14,5195459499
24,7940549868	5,5752276364
13,8202250183	15,0991977789
15,9532011799	15,5204823555
5,5792824647	9,5779737688
25,1707759494	4,7870912530
3,9062245520	8,6756448119
13,3029441126	14,8791297534
14,6431278681	15,0512300123
5,2931011197	9,3308337748
23,5615058260	5,1436567663
15,9850080896	14,5404842708
13,8668036274	14,8307439201
16,4094802165	14,8094029237
14,8784455478	15,4444658575
23,7532905444	4,8069272300
22,9558774569	5,7492918418
24,5263633939	4,0855292153
3,1037013934	8,5729821441
4,8901291970	8,5877585802
24,4772935590	4,8018373616
3,6944194326	9,3318989182
14,1299582393	15,6488987940
14,8235616081	14,7390972911
23,9532898627	5,7899590084
4,9983551241	8,7163114230
15,9773958320	14,7288044698
3,0128152168	8,6675613433
23,3997867487	5,0201193052
23,0346343993	4,7255674750
3,4657823008	8,1806549599
2,8301079108	9,0964877305
23,3237259824	5,4946203154
25,3150265626	5,3657602836
5,6295522636	9,4643836856
23,3136324112	5,2685129168
3,5284884841	8,9494438968
2,2580913007	8,4420726168
14,4898471095	14,8614198287
3,3526447080	9,2059095266
14,1266072467	14,9936692019
4,6584162199	9,4766242645
22,5896165489	5,0215338302
5,1145514982	9,4859770017
23,5743033182	4,8558143734
16,2208875396	14,2233454936
23,6985472619	4,5966082615
13,8024092118	14,2111319668
5,2842790636	9,1754085392
4,4658213222	9,0941607582
2,5343180402	9,0747792774
4,8871045526	8,7735767951
4,5487256686	8,9813680939
25,3638970105	4,5440915219
25,1045635144	5,7359024035
3,5135711211	8,5908923000
5,0301218266	9,0130035706
4,9013752284	9,1950657497
24,8431170226	5,0173117541
14,5603487530	15,2430369426
14,4780719350	14,7102565855
24,0869490701	5,0370350934
24,7179451741	5,0521078094
15,7612854355	14,8309973748
3,2321659819	9,5117086775
16,0163363273	14,7433034693
15,2096212537	14,9581448956
3,7349023297	8,7107927621
2,7484360342	8,4331822904
4,4023798337	8,7987964793
13,9505558018	15,3064153491
2,4780844106	9,0210563667
24,9554059167	4,8817593616
5,4881212998	9,2105375317
23,8285882979	5,8030121827
5,2224508028	9,4766342332
4,3046418861	7,8385874158
23,0798070679	4,9332630677
15,4647584523	14,8712055971
4,6937136904	9,7112414727
14,9907745300	14,7878309728
24,3430027875	4,9221903902
15,2140948533	15,3637678261
16,2827388157	15,3778363110
3,7333138795	8,8737352317
22,8390209897	5,4429209459
4,8250417910	9,1507483898
4,4142769152	8,8422359139
23,5755864089	4,4620749106
4,1473988644	8,5322316431
16,3326773258	14,7527723490
5,4730743724	10,1414852976
23,4628232779	4,2646998891
13,8140139755	14,6100554854
16,4219393146	14,7816085398
14,0317652284	14,9227425561
3,5636479272	9,6069197673
22,9533138979	5,3259550022
14,3974217987	14,8032639289
14,8119834901	14,2905387659
22,7255519018	4,2056173805
4,4406118771	8,6523989786
3,0713603992	8,9296356557
23,6719922068	5,1433743197
15,3202739341	15,5023777972
23,2340395116	5,4000088381
5,3431702230	9,3202580431
4,2022045117	8,8304953355
15,4398531154	15,2802243310
26,1237424780	4,1388265430
23,8512088342	5,0229701545
4,7262490901	8,6836249791
15,2260791689	14,9340608318
23,7922409378	4,3469056735
14,2269258060	15,0073466527
4,1803479735	8,6072723934
16,2829825252	15,3399666821
24,4054598361	4,9902403819
23,3988284895	4,5812632905
5,1885372497	8,8339572482
13,8997171373	15,9577872670
23,3840621359	5,0642601783
23,9436241537	5,6188335601
25,3925754048	4,5225790367
13,7104293571	15,1864885153
22,7750833865	4,6572216755
23,0273377180	4,6943483611
24,7013380088	4,5305824446
3,8026174214	9,0379863844
5,1222690760	8,4432158358
2,4842483622	9,3670630096
23,9703570304	4,9021228886
16,8937814274	14,1486059323
4,5161589307	9,1039903108
15,9795672445	15,1175004595
15,1476721978	14,6347128033
15,3356062216	14,2634677316
16,2686911591	15,5252212104
3,4101598368	9,5400854038
23,9155663439	4,2147211635
24,6936201296	4,9106292982
3,9227688685	8,5676885333
23,0833235966	4,0955432274
15,9787455226	15,3410832163
3,9624702261	9,0911212731
13,3415700346	15,5511536527
2,7358256709	8,4876563287
15,4326514818	15,2377404982
2,7896926823	9,1142397394
23,1462108243	4,2476320003
3,0244695435	8,3720175118
2,5040818911	9,1100035136
24,7724438323	5,6967803619
4,9443860552	9,3329868000
15,8040552451	14,8588237834
24,7312266472	5,6269467050
24,8963644381	3,8056095774
4,4065769824	10,5618367885
14,9058547530	15,6375735239
4,2755524411	8,9485417582
4,0905200663	8,4353763276
4,9887874036	9,6394888079
16,4190143811	14,7993369230
24,4130675083	5,5347246192
4,5273932227	9,3359565368
16,1000606221	15,5915899457
13,3702564217	15,5344598583
24,5823844360	5,1223513356
5,4808107434	9,2588900022
24,2686555850	5,3814576490
4,2755418609	9,5650525664
2,6892658899	8,8372604399
3,7694754069	8,7260753309
24,4359236048	4,7876146023
15,4829484054	15,3861533745
24,6179293445	4,9737023330
15,1171251320	14,6785251235
2,5887470962	8,9402560611
14,1301381090	14,8334917806
24,0592692829	5,3339404293
4,4892927856	8,6014237875
2,9757216291	8,5058916930
24,2621229567	4,9495597847
26,0441897849	4,9468596682
24,4450439323	5,1945734951
3,2614055289	8,7378813979
4,3315632225	10,0482276998
4,0249541493	8,2813228906
4,8193781917	9,4005589638
14,9567941796	14,8018366859
4,6802373823	8,9674276249
3,6723848688	8,5297158771
4,5606401062	9,4382843464
15,9985285617	15,2652692744
23,0035564024	5,2051298875
22,6430516406	4,7982336207
4,2555202642	9,1280715990
4,4996749886	9,0438263152
5,0460000272	8,5424520422
14,3425714447	14,7292484384
4,3576784461	8,9214217659
16,4718240233	13,9157848194
5,5762937123	8,5456324135
13,8550428564	15,8066320685
15,2924459314	15,4577610892
24,4360512461	5,2546583852
3,3734540664	9,7842621417
5,0961786379	8,4362531954
23,5973581761	5,1624274830
3,2394103447	8,3242628723
25,6701518342	5,3915319676
15,1874573603	15,0916982617
23,0207203918	5,2292711043
4,4028717684	8,7695022156
15,8230772491	15,2225302620
14,6847333073	14,9566840037
24,2500874972	5,2658844914
24,4270543942	5,6666302313
23,8639902761	5,1214945127
15,8506357345	14,2975995669
3,6053113814	9,1491857622
4,8758213437	9,1507819398
4,0792321682	9,0285638674
15,5286361032	15,0513825425
22,4246859244	4,8366007313
14,4633298671	14,4006717057
3,4124481594	9,3574719574
24,0548904034	5,4750765290
2,3158667699	9,0447753152
14,1784603949	14,6194055140
15,8455616164	14,7216566393
4,0021193181	9,5960982433
14,2909363353	14,7348765161
25,3742690766	4,5334109403
15,2496978163	14,8683358578
2,8072888868	8,6201314651
24,7775831405	5,8769742869
25,1130818785	4,5232054264
5,1922043721	9,3163407207
16,6010761259	15,6684821839
15,2024234147	15,1670152178
14,3387895108	14,4521486081
16,8791002245	15,9154378050
2,6245463286	9,3185290682
15,6080054802	14,9944607110
24,8745448815	4,4742524335
15,9714422048	14,3741507175
25,2252897896	4,5638942220
5,0668692372	8,8349185743
4,2009954551	10,0599788843
22,6772619702	4,5957568221
24,8868916671	4,1439306665
4,9856014939	9,0660337136
3,3643429927	9,1863417777
3,7046600369	8,6917637467
24,0540439465	4,6425540241
14,4485308865	15,0481282671
24,3691963357	4,8741111013
16,6603639756	14,8555064361
23,4940867683	4,8969212318
14,5692421802	16,0174032493
25,8425560735	5,4692364942
3,0838924042	9,2464107141
23,9092239958	5,2568375258
15,9079749437	14,6290146444
5,7409954274	8,8927765903
3,0773033179	10,0828596013
16,8430608397	15,2753678741
5,1317305607	8,6210599708
25,4423932715	4,0674446933
2,9737586222	8,6140627467
24,6602328411	5,0332086565
16,1007178564	14,6466231605
24,4129620912	5,5070915088
24,8898518244	5,7711079763
21,7190658745	4,7763257404
5,3538267511	8,4534649725
24,3762386371	5,1429655759
24,3291875884	5,5665036106
25,0989262097	5,0903930393
14,7205268140	14,5513750301
23,1699117275	4,9286667428
23,1532298478	4,8549151073
23,5613718135	4,4136879088
14,6008333025	15,4196064641
4,1159782964	8,6976643111
24,1735245644	5,0819325348
16,4534608926	14,7663034882
25,0717063296	4,7838548804
5,9925221413	9,1875854974
5,7594523856	8,7963516951
24,2030085970	5,7562264482
3,9753260329	8,0882117288
24,3712512580	4,7044816239
24,2884042193	4,6886581084
5,3189780171	8,4562649274
5,0034136083	9,5043051911
23,6780244416	5,3862741408
2,6976288218	8,7206041884
16,2136070930	14,6914458819
25,1431338297	4,7745188041
23,6846271645	5,1288986710
16,7981128010	15,0479337550
4,6300080180	9,8346499794
23,4670910069	5,6695684211
22,8306186686	5,9296535752
3,7840596369	8,4443385048
2,6538144672	8,8339730144
23,4927724750	4,8481272665
15,0447359532	14,4601853604
22,8963358086	5,6984178568
5,1251234057	9,3028022505
24,6172066312	4,7446855440
24,3208488599	4,5291191455
3,8234773954	9,3195007320
14,5114682381	15,1054422301
24,0268242484	4,6861021161
3,9802649536	9,3628031359
5,0052544659	8,7994769202
13,9121725610	15,3128039121
3,5216770996	8,9175614395
16,1113410591	15,3762980503
13,1908983520	14,3845726439
25,6049434926	5,2531672566
13,9970178232	14,4234822222
23,7526401673	6,0553314121
5,8481214115	9,4642847658
4,9548469917	9,2463590867
3,4861973906	8,1809145504
14,9098666374	14,9699291396
15,9781348994	15,0093399045
5,2852854752	9,1120801536
4,9111206982	10,0331934396
24,0581735248	5,8795266538
5,2907026732	8,9231522656
15,9930450044	15,0253172918
5,3410363482	8,5276942896
3,5974297028	9,1487553889
23,7709625698	3,8999517140
24,3217598337	4,3876661071
23,0591323567	5,2371605009
23,2602741455	5,4878888540
23,3779852275	5,1310529843
5,3505861709	8,9344180669
14,0272885191	14,8084375377
23,6736639427	4,7475325068
15,5063229073	14,8033481949
25,4128442035	4,6805244046
1,7129423062	8,3638541309
15,8904692850	15,3811591007
23,4689804443	4,9210425934
14,2518397768	14,9992718937
3,4221389485	9,2668442468
14,2423168627	14,8847609856
14,0569273806	14,9924308886
3,9821972280	9,1420884319
4,3939974939	7,9440848305
22,9912207684	4,4675261720
4,4870949672	9,0990472807
5,0150443874	7,9786842677
3,0112230611	8,6473051706
4,3232240806	8,7804306985
24,9094559426	4,5898116272
15,8199197472	15,1842911386
3,1746467493	9,1353600003
1,6190653682	8,4684541618
3,0413059722	9,8781544211
2,2953969436	8,8109802930
16,5234926822	14,9999050992
16,0433632308	15,4630715153
24,6081512101	5,1275061737
4,8038029887	8,9617979034
2,1553005070	9,3118381478
13,9921987212	14,9761088353
2,4064253271	9,2543892105
16,1165961225	15,2373431011
14,1730560433	15,7319132300
3,4813168422	8,5539314026
4,3624612759	9,2750853246
4,2424691222	9,2070657665
14,2035074326	15,6875561113
3,9996352733	8,7572436413
24,7824941695	4,9298454807
4,6021424169	8,6875291056
23,0219899746	3,8862558920
13,8875995188	15,0059748855
4,9212500182	8,6103193215
4,9569775648	9,3545779401
23,2536559941	5,0729362167
25,2693723674	4,8677989071
24,1001016332	5,2616319193
16,3131952328	15,0958261741
16,1935618360	15,7781155514
3,4958824865	8,4571132657
14,8426573234	14,5170987170
14,7029673166	15,3053450994
25,1949322184	5,0358051979
14,0021214670	14,8182000768
14,7117360917	15,5139540336
2,9439951212	8,2645411302
14,7424631134	14,8801523616
2,5811856534	8,8028655395
13,2978156455	15,6844524198
15,4009709617	15,7058241223
2,6562015076	9,1826916119
23,8521196153	5,7853431321
4,5089918252	8,1483797354
15,0437682493	14,2520055395
4,6536054305	8,2914246647
24,2760572923	5,6629878778
5,2219918640	9,2419434419
22,0401097426	5,4321908035
22,9449622492	5,8762612803
14,9145866090	14,5575656568
4,6592931751	9,7869085727
24,0505664131	5,3063833910
14,6960611143	15,5436752133
14,1480727568	14,3803244999
14,2463329886	14,7139863760
23,7010636722	4,8029896618
23,0585769013	4,7035859917
4,5323048892	8,7930269847
14,2521778652	15,4204263137
22,6258150333	4,0389912782
14,0743131724	14,8974269546
4,3479780725	9,2598676917
3,8996271809	9,1727181343
16,4078778531	16,2606528506
23,5574259794	5,9029359687
15,9973444888	15,2281553594
24,9923962548	4,5197017748
4,5802868065	8,9562800839
15,7639472364	15,1228991666
3,9082740750	8,7922921037
15,0843754643	14,4781397740
16,1691975031	15,6390366927
14,2198449919	14,5913137222
24,2958132939	5,4623680878
4,2712595786	9,2286790345
22,9773776549	5,3056081507
15,4660058488	15,2982578096
15,4475377873	15,0584572839
24,9752669048	5,3946411812
24,1124894930	4,7512369081
4,7301944605	8,7247251738
2,8372060466	9,5126511076
2,9333211776	7,6897079336
23,4993023202	5,7483429658
15,5760982170	14,7633776442
24,3712617789	4,6201621758
3,9603887559	8,0416498577
23,2740013135	4,8057712394
15,6461743624	15,6226243921
4,5354044593	9,6983546455
2,9496700361	9,3846523231
25,6029528948	5,5638192756
4,2881780513	9,6766037364
23,3573356535	5,4104869237
24,2505155927	5,1029956733
4,8268188782	9,1906064156
13,9464496480	15,1824019581
4,6465052837	9,3015246648
5,3419259476	9,0113546152
4,1297672486	8,3966615135
15,2626407807	15,0210356075
4,7927777858	9,3694595206
23,8169248991	4,4290672504
24,9326875714	4,6240614579
5,8050539487	8,8079490784
15,7195859845	15,2709175277
17,0870742468	14,4015742438
23,8714248779	4,4006281635
15,4522011272	14,3965626796
22,6076619585	5,0678701558
25,2278074856	4,9862629836
3,8618557260	9,8872407054
22,8092791031	3,9991451947
14,4594744579	16,5983047676
6,1573716613	8,5390709178
24,6983947604	5,0723579487
4,8473841592	9,2006964967
25,1439139963	4,0287097183
24,0707348189	4,5613215936
4,9024189434	8,5556898872
5,2995730542	9,3764362952
23,3171467312	5,7597846634
25,7631851478	5,0401532983
16,7825500675	14,4217948314
16,0680974571	14,9538609233
23,8210895493	5,1283779218
16,1133759177	15,8291082928
3,5216447670	8,7066373475
5,3121857124	9,6183442710
4,2951402753	9,6142670540
3,9316503030	9,0169540403
14,4931669889	14,7522118977
4,3577246724	8,3873208874
3,0810314394	9,3759127325
24,5756487662	4,4420205958
3,8646100466	8,3827271375
24,1962083611	4,8059435564
23,7156473209	5,4806056416
25,7402778850	4,4496914747
14,7812501037	14,3337081456
4,7287927686	8,8526031139
23,0038914857	5,1016566335
2,7316505786	9,5465763100
23,5630897372	4,6675039970
15,2379108528	15,5161154905
13,6955221795	15,0023603234
15,4647989407	15,0336262247
14,8408790835	15,3120795646
21,8718912243	5,1203089003
22,9700022145	5,0683039409
15,2744002317	14,7141481057
15,3652326922	14,9763046550
23,2574517510	4,8758076119
3,3578055174	8,4316701834
25,0845703692	5,2429450009
24,2665836897	4,7843020202
14,7570252608	14,3761019739
4,1759856014	8,9031144118
13,4408058647	14,3421600709
15,5793114882	14,7351214954
5,8980968446	8,1575472759
4,8096313085	8,7942344021
16,2604506588	15,1264910869
24,9870478092	5,1706771616
3,2138867950	8,9981854718
22,5376082056	5,4711412057
15,9566173342	15,1384747477
15,7998881460	15,4775231501
15,1585365996	15,8262580786
23,2701921225	4,9358597769
4,2791252194	9,5622152407
15,1314868089	15,2920101791
2,3452155559	9,1374579273
5,5597198306	9,2891538232
4,3686353959	9,0375983529
13,9581333126	15,5033070089
24,4481825757	5,0707170333
5,1703048195	9,0830197642
4,9601590321	9,2738682924
4,9455325823	8,8305291553
3,5283702067	8,0819464094
16,5170644833	14,6920233705
23,8921970616	5,5021023948
14,2990210370	14,7040456198
15,1988627518	14,4529145603
24,5400250071	4,9684464327
16,1301503760	14,3928003568
23,0232302133	5,1902856486
24,7328488877	5,6280250631
14,2187042240	15,5586306174
2,6816929761	9,0063556326
24,9043913221	4,3275914405
22,8813091885	6,0172947388
22,6819522594	4,6880884122
4,9080673947	9,5612158189
3,1693999126	9,1622209102
22,8832690478	5,4282045250
4,2496078782	8,9989860743
4,4410325686	8,4916459018
24,9546523788	3,4863171126
15,6581960181	14,6465295949
3,4563671757	8,7321955996
22,7840491323	4,8595628376
25,0936030693	5,0621538154
23,8446762392	5,1321091580
15,6591742469	14,7772896180
22,9075212796	5,1588428917
4,1996681923	9,2466425239
4,5732806501	9,2692133074
23,6725715545	5,1114959143
25,0928450578	4,9900176287
15,8515025244	14,9606555777
3,4378357792	8,7022377926
23,4834115951	4,3189221783
24,2635316267	4,1560843987
5,2393235402	9,4314552952
24,3687766508	5,4917569366
25,4642911205	4,8198275679
4,8519010413	8,9613356630
15,6471879954	15,6562691852
2,2103887295	8,8145898317
3,1363921524	9,2690809393
15,0994344793	16,2029132759
15,9775349497	14,4725180252
3,7397627454	8,7474919918
2,9357097334	8,5122251189
25,3520637309	4,1176273458
14,1133532378	14,6059970002
14,7558607929	14,5484088960
25,9358375347	4,7217239820
23,7945494508	5,1511734276
4,1916162962	9,2201938709
4,4270301794	9,2554610800
16,8550180436	15,4728128585
24,9180507361	4,8734367972
3,5868174953	8,5303039682
24,6494060036	5,7819874435
14,5407110782	16,2717461903
4,9298289663	9,1097865311
5,5779280849	8,9983153193
13,7389084479	15,0853641352
22,7286844916	4,9433269699
2,3424857154	9,9421471743
4,0521388383	9,9840878868
24,5744494383	4,2002861371
23,2812736563	5,1822763929
25,7543761189	4,4059699502
5,6810168775	9,3143163799
15,2665913383	14,9563559112
23,1247687753	4,8380726052
15,3144614481	14,5516015303
3,2654819588	10,0977624743
26,0007110851	5,6144918279
3,2120618609	8,7921642955
3,8670925515	9,1137499446
3,9315870370	9,1489739309
24,4822706521	5,4786852257
5,3899399529	8,2367588828
3,0845341589	8,9310242766
25,1504807359	4,7644961383
23,8392855859	4,4846465006
25,4700873482	4,9270424802
15,9751643619	15,1157788189
2,1904088238	8,6220467300
23,5084321942	4,0575008569
14,2121813729	15,3965630585
23,9061415175	6,4958151538
16,4989537426	14,5241805697
23,7658054090	5,5307718919
14,6645357613	14,6687151824
14,5339823408	14,7646179532
2,1093213861	9,1790924279
24,3935903479	5,8532936512
4,8987386962	8,9601959783
14,1112317437	14,6166528349
25,6781718410	5,2870659046
4,9173003929	9,1673181013
2,6492519840	9,6645476103
15,2379879739	15,8120288717
24,0294206724	5,7181688244
3,3603590812	9,0874719713
15,2001491247	15,1485868524
22,9966976853	4,5541770848
14,1507032715	15,7764238762
5,2048282514	8,6678965820
4,1407934431	9,4526636318
23,7632213166	4,2358224520
24,8609925985	3,9080810564
13,8704685630	14,3317662946
14,9028252080	15,0895363158
5,3873228832	8,8752672216
22,6306912772	4,6562067633
14,4613466595	15,5303603854
3,3332538239	9,7770134538
5,2303354825	9,5003895496
23,2767288654	5,1248311784
23,3089573314	4,5648115396
14,6879886416	14,6496151856
14,0211934925	15,4312369258
5,7351887118	8,8871559525
4,2670381273	8,6317718039
2,6849029375	8,8631384951
15,8770799965	15,1158987015
5,3098685206	10,3137312419
25,5182340574	5,3458133270
25,0556582752	5,8307562500
14,4481986787	14,5040475439
23,9057185870	3,8188236769
25,0026632796	5,7233673197
3,3159321194	10,0222811681
23,1934452598	5,7696658464
24,2823444987	4,5814374383
13,8738249100	14,5969044337
23,9581078062	4,3952111243
4,9408706528	9,6475220659
22,3654972519	3,9747697682
4,5725852941	8,8698115149
25,3675428176	4,8065483469
5,1029306705	8,5382406304
13,4354103019	15,3006996877
3,4650250342	9,5667027606
2,4089753996	8,7628092762
13,8008995196	15,0794428319
15,2975645391	15,2443877817
25,9561614291	5,1412170569
4,3925696876	9,5194831230
25,1040150607	4,6084173416
22,8438043746	5,1715917646
22,4193343586	5,5096117069
25,0789352876	5,2104317586
14,0875896043	15,1547298684
14,8358102934	15,0840710211
23,5071884842	4,9908581069
16,1372577480	14,8519423553
15,7154922743	13,4792024585
24,8102964094	5,2007948671
16,8536701634	14,6194134025
23,2393791887	4,5029054906
3,5886510643	8,5347549969
4,4173695004	8,6603073780
3,3012814943	9,4078677552
23,5922311694	4,3457967059
14,2298811416	14,2125781147
23,2535472732	4,2737237027
23,1370002335	5,0832497652
2,8763368688	8,4306989952
13,1837646403	14,5617653239
3,7828885534	9,6953198902
16,1750797704	15,6072564255
23,6241307086	5,0194041003
25,3538894767	4,7198354056
24,0033054675	6,0353691550
22,0534196052	5,4515179176
3,3648908440	8,5837909097
13,8448294329	15,0425859521
3,8859610024	8,5154458764
16,3424566704	15,0758471944
14,3290565907	15,0253491073
3,5521566398	9,3926171277
23,4796064846	5,0594969805
25,1517448696	5,2524230065
3,6182232213	8,8767963671
5,4451039353	8,7430754751
3,3397585313	9,4058788789
15,6088957718	15,3355221916
3,8178550867	8,5826800273
4,3252079132	8,7564672243
3,1798874321	8,6522331925
3,5074720465	9,0076626966
24,2300600277	3,7409281707
14,0201392426	15,0722167854
24,3489211243	5,6873706274
23,7903069732	5,3090315296
5,6150104374	9,2758857496
14,9409952807	15,4219664897
14,1213854385	14,1464372388
16,1933540918	14,9533145103
15,1722176322	14,2067109487
24,8771294335	4,8895490550
3,6874609820	9,4628122217
25,0796635692	4,5538293177
23,6136916186	5,1445744350
22,1727544976	4,5655024026
4,2711770922	8,2813868573
5,2777493822	9,1737034699
16,6643705704	14,6709953892
15,1883446758	15,6965579488
5,0760772492	9,1596695026
3,7059779879	8,7094902367
4,0763365556	9,0858627563
16,3127148381	15,0875920656
23,7171795452	4,8651593272
16,6215605523	15,2860044349
15,3576531249	15,5824667033
15,2822205875	14,7899537219
24,7131420135	4,7211683612
2,7235793700	9,3295116008
13,6742313981	14,9020859861
23,6136030605	4,8436881421
16,6859263886	15,1161760577
5,0656385012	10,3515654465
14,4342177469	15,0639136607
24,6320024986	5,7010404263
14,9209505784	14,9271652910
3,1816394070	9,4102588031
22,5275084150	4,6715286914
25,1374990037	5,7101545014
15,2267568879	15,6301358843
3,6334776838	9,4020712523
3,5140026215	8,7632317062
14,5597880092	15,1840864530
24,6339117190	5,3046477679
4,8883491866	9,2492056829
25,0364589804	5,4916487506
23,3291596317	5,3156819745
4,3888494656	8,7004568797
23,6029931852	4,6095338924
14,0473978664	15,3681380265
15,7024422390	14,6958929073
4,9826833622	7,8451910861
13,6405309943	14,8596470893
3,4730476212	8,3999793323
21,9202680472	5,9358296999
21,6070567788	4,7108887767
16,2935354360	15,5452472472
3,1248600591	8,6519064624
24,5468926031	4,0682547986
13,6366804854	15,1666932432
4,9483539450	8,4721180676
16,6986490234	14,7368961409
13,4264738010	15,2221124685
4,2358816029	9,8734104553
22,5619254061	4,7051678534
5,7803906150	9,4875794647
23,6959055873	4,9195001221
3,6778634992	8,7538818373
22,9254922455	4,5228202071
25,1849943989	5,3271755168
15,9369959690	15,5783291223
2,8446195919	8,8540204486
15,2981781398	15,3668288570
16,1849003773	14,8066050159
14,6764910964	15,4553911581
14,6170838277	13,8901763157
15,4197128305	14,2662495174
3,1942887049	8,6971854953
23,3690043052	4,7088809701
15,4899109849	15,9530451602
14,1309706059	15,6725193947
24,6155877717	5,2085238133
25,1599264056	4,6171258819
4,7908863247	8,5866467728
4,6978288935	9,8273874558
24,3859914963	4,6316636702
14,5972051385	15,5711238317
16,1554473882	14,6920215164
3,2616640272	9,4347961407
15,2443921837	14,4565144779
2,3491610227	10,1910933576
2,7563238373	9,1962805580
4,7429761102	8,9396414680
23,8476917016	4,1827019184
13,7568079610	15,3773967905
5,2751131032	8,7723220200
2,1435585345	9,5208511610
22,8687251830	5,1456427243
2,3311096779	8,8038370684
4,3888537345	8,6508005697
24,6229681098	5,4194387945
22,7341832277	6,0756615738
22,8299370734	5,1627534275
16,1699457926	14,9764224388
4,7814503379	8,8824190224
15,1487080276	15,7125027847
15,4313381583	14,7304236150
2,7679976650	9,5580039241
3,1781509548	9,0935385236
13,5730749846	15,0852392797
5,2587643048	8,7347382866
5,0578362164	8,5461265034
15,7063733918	14,7091600496
5,8218217696	8,8345044864
3,5863196922	9,7945004348
5,6564703881	8,1192580408
22,1635891117	5,0764944066
15,3121385293	14,3239434223
22,6846613572	5,3094603895
4,5876558100	9,4446232148
23,8401553548	4,3000257071
23,2776415230	4,5105986686
24,2147806623	5,4653156685
23,2511595095	5,6253778979
12,9602986052	14,9362821913
23,9679120957	6,0697882005
25,2815502457	5,0161940928
3,1663530076	8,5178799589
23,2894040815	5,4911861762
3,1206368523	8,4432707828
23,8213476681	5,5728945950
25,0659318213	4,6478667962
14,7231300310	14,8686282173
25,0404321670	5,9421131199
2,5244857667	8,5192864399
5,1480864353	8,8364905518
3,8547643080	9,7720858818
13,9819567333	15,7100044404
24,4969538772	4,6680698715
13,8203058368	14,7929739572
24,0707112555	4,1782504725
14,7249270388	14,1901724031
23,8758880595	5,0823018081
13,0580366905	14,9034856432
22,9406908980	4,5916653699
4,0721151956	9,0860497297
23,0542558094	5,3869840261
14,1984795569	15,7581099999
14,3696544152	14,9714184634
16,3957005136	14,3584528614
23,0517917044	5,4875270515
24,9315230824	4,8220261101
25,1231344451	16,1345345551
3,8474086039	8,4984060914
24,7454628130	5,1721156912
24,5236368955	4,6261288527
22,3930957005	4,5590593587
22,9430550407	4,6915097257
23,6385435223	5,0516550612
15,4469849672	14,4099744727
1,9806585976	9,1293652369
24,5344906566	5,0643104524
23,7648650936	4,7452023195
4,7458406249	7,6958825909
24,5743725258	5,4969823546
24,4763405681	5,2300728266
14,2521404278	14,3888221598
3,0412863145	8,5862045192
3,6435566658	9,9983107829
3,8071454105	8,9715003207
16,1276975111	15,3140003089
25,6111390045	4,9512711492
13,1564246325	14,5999978169
23,6546930742	4,6817531069
15,9408119369	14,3164890274
15,6290719475	15,1361223774
14,1046523280	15,2607297203
15,6050977684	15,2176475462
3,8054417843	9,5292986063
5,2128557801	8,2307993429
2,3814807781	8,7991096936
17,0564834902	14,8037661246
4,2482509090	9,7463085379
24,0540359919	5,2305199988
2,8503132180	8,9535254502
14,1314138486	15,2098581987
23,0135635902	5,7816448246
4,0227903950	8,9510766549
2,1976193056	9,1600327598
3,1334771049	8,1957149205
4,5801976779	9,8565699262
4,3573803363	8,8930450680
15,8263786369	14,2970581510
23,4871528390	5,2111301656
15,0448084488	15,2516110597
3,1652411484	8,8296568654
23,4972211528	5,2402731699
23,9942038636	6,1014091795
23,8695955806	4,6584950316
4,5786449447	9,2394140450
4,9742649551	9,0787174560
24,0360610110	4,9169280773
23,9073540803	4,3434655381
13,7213136074	15,8553499690
2,8316786999	9,3371284764
16,2851143094	15,5629213288
4,1367273276	9,2196556312
2,8670836071	9,0848592455
24,5766935112	4,7883683861
23,2976643303	4,9740234823
13,6332490899	14,6144794324
14,0291087306	15,0431822511
24,8905126863	4,6842166211
24,2071754717	4,1801325518
22,1326400400	4,5711661545
14,4335829642	14,9797309140
23,7507102630	5,1048589773
4,2216819261	8,8808010789
14,5920333163	14,2572325592
14,0507618080	13,7438526850
25,2863581216	5,3786125997
15,7665625870	15,0118235584
3,6058853961	10,0997046925
14,7134619503	14,8914841367
1,7136524435	8,8355744606
22,6974111435	5,4807910497
2,9686977903	8,9507170435
14,1694354776	14,7672118891
15,1937532962	15,1129384904
15,8428492712	15,1221121198
5,1372303547	9,3248936120
16,6771372313	14,5412229236
23,5367862028	5,6107647503
3,7636501097	9,2835270765
13,3577364531	14,7646882599
14,0197010575	15,2589673191
3,0668527240	9,4843283753
3,9529136855	7,9836404872
23,7416874033	5,3888119403
23,4370445838	4,7939834649
4,5502563214	9,9850459864
25,3182266296	6,2620191027
25,9652686513	4,3659905328
14,3748076158	15,4057911586
4,1256640513	9,4922195898
23,0266440308	4,4093833009
17,1447395051	15,1455240500
15,6149507029	15,2273708601
24,8740089008	5,5679025310
14,7439464642	14,7804441807
4,1265903156	7,6009932382
4,6238869092	7,2130179003
3,8980229991	8,4867457762
3,5565860374	9,2522987870
14,5921464014	14,5784213594
22,8498429210	4,7647301167
16,1836441770	14,7469159120
5,0605407096	7,9633632052
23,0744886906	5,3605221700
2,4928635560	8,8977503161
23,2015369584	4,4805859360
14,5542762559	14,8338205751
2,2232979618	9,2264416860
25,1369083233	4,9398329357
16,1586622813	14,5294716919
3,9280698612	9,4581072501
16,3169590631	14,7789906334
23,7251706225	4,5306904589
4,5636942016	8,5324843510
22,6038070466	4,4381026431
3,1691477950	7,1352749713
13,7631963613	14,5051891000
24,9062471819	5,1628106381
4,8723192928	7,7665662160
25,1076437863	4,4990169878
15,0257583755	14,9331564232
15,6675170191	14,8218626922
24,3054043151	4,1815695692
2,7235431653	8,5072042782
3,7566188350	8,7103797643
13,9132751474	13,9898377684
1,5728927042	9,1655445068
3,6245585733	9,8564221374
3,2579581861	8,7236800710
3,7669106939	8,4342645460
16,0796965963	14,4605168881
14,4782497181	15,0598453466
2,9561679204	9,4922974212
23,7372130955	4,9729362146
13,2281804979	15,3666415254
4,7584897835	8,9922123399
24,1838130452	4,3840667471
15,2023966368	14,6972809078
3,8083268903	9,1113365506
15,6867367650	15,1162854833
2,6044619161	9,7648561908
13,9664106690	14,9708612638
16,1392827279	15,3057626806
3,2537614139	8,6258015921
15,6961549975	14,6736114104
3,5888587036	8,8268573165
22,8585911568	4,9532961310
24,0277205137	4,1812893985
3,4777860039	8,6534418655
3,6853163893	8,6197522580
23,6776470231	4,0918675730
14,8078639867	15,0891470014
15,6701748724	14,5459496909
14,5945233018	14,8670428586
23,4202092752	5,1665956893
3,4176594637	9,4044906806
23,2661032707	5,5921220016
4,0820361332	8,8141969883
4,5582652509	8,6271123292
2,6297281838	8,6418363533
3,7385861681	9,4315119423
3,6284326253	8,9103733149
15,9455603486	14,1016368938
15,7232633756	15,8308222946
3,6215026527	9,4663763711
3,8177579917	8,3463040979
2,7958648430	8,5158090545
13,7625119027	15,3308892250
4,9726957991	8,4102774625
24,6438141875	5,1854411429
15,9176107538	15,7035377111
15,2005884010	15,2781689094
23,7561104843	5,5668067219
2,7906839883	8,3514791309
2,9226595279	8,9988311625
23,9654211578	4,9253471530
24,1322444562	5,0631085218
16,9277873167	14,3354825074
14,5485739154	15,3395936625
4,6858076441	8,7221819899
13,6668442591	14,7321444105
25,1415929836	4,7835310478
15,2882318697	14,5167224481
23,8227153761	5,4614783215
3,1342194274	8,8152647411
23,5300157670	3,3382659985
2,6984304660	9,7354101720
4,2801195548	9,8756661230
23,8485594909	5,1167432245
4,6656695607	8,9080181579
4,4753604579	8,6779061308
23,0853043406	4,6467356712
23,5646136558	5,1221503339
14,0855532254	13,9898719656
13,7193158213	15,5815736061
25,3378021519	5,3153379042
15,3126902718	14,9824119329
24,9370396820	4,8665256038
4,4285530384	8,9780736989
22,3052873481	4,8029130965
15,5986422227	14,4794121524
25,2670024660	4,6145672291
15,0311207575	14,7399654662
14,4776261956	15,1187379399
3,7203816057	9,9752117118
23,9777168817	5,8243175354
22,5917620999	5,9870372678
15,6022672311	14,8098447048
5,3107730455	9,0061029893
15,9252131345	14,4571089573
14,4164258893	14,3654222817
24,4575557017	3,8443165248
4,5557879367	9,1610018165
3,6861318186	8,4725734679
15,7670932721	14,4024005231
14,8005834940	14,0631530929
15,3626058284	14,7962145867
23,8414204036	4,2760437236
4,8078380892	9,2969102039
15,0355241079	14,7716229627
3,5357637483	8,7637902516
16,3356893770	14,8609514885
22,6115262660	5,3582337667
16,3060520717	15,8532785643
22,8179383356	4,4504627552
15,6736573247	14,6781458768
5,6965262677	8,4866399002
15,3655759333	15,2452414274
23,9834374454	4,5416688697
3,5210340395	8,4400044147
4,7189651133	9,2706212985
22,9892029903	5,1505979859
12,6076782287	14,6641031021
5,5865676159	8,9743253228
3,5038410687	7,8939631021
2,8692571833	8,8730495492
4,9698663371	9,3453817814
24,8558937174	4,4034052192
3,8983258759	8,6736820147
22,6584872966	4,9192269668
15,4736872114	15,6487875232
14,2531750921	14,3314817402
21,8864382120	4,5694009551
22,6991237231	5,1686997467
13,5222489311	15,6617891433
25,3274239323	5,4790983957
23,1793937182	4,3508938845
23,6240756379	4,8567616059
24,3397049788	5,3088305938
15,1593682714	14,7801634615
23,7169915071	5,0694657996
15,2256449075	15,2959504414
14,2423753039	14,4445692328
13,8489166211	14,5494023234
4,5748343388	8,6261107111
3,9313003495	8,9086074167
25,1662335437	4,5771601784
3,3351289060	9,2278377120
3,0636386362	8,5737382689
15,4373902888	13,8755101801
4,9710151508	9,3944419620
3,4683178695	8,6923855479
4,8797771330	8,7159495901
24,9605030460	5,4170542422
2,6934938919	8,4123488445
23,5474107583	5,0802281584
14,7699387944	15,1599816003
25,0656461567	5,1244158145
14,9417420571	15,7803791473
4,8110606634	10,0261602341
5,1916839925	9,0996416528
15,4957399030	15,7295985726
25,4393725192	6,5064760931
14,8948580372	14,6310148440
24,5961956311	4,4321639417
14,6484601817	15,1403469072
15,5962901973	15,0107252476
2,4112303220	9,4202202583
3,3899292119	9,7148626008
22,5933004736	5,5766165743
3,4641721961	9,7541502573
25,0385817879	5,9328255008
2,8665545530	8,9757987932
22,9971834180	4,6610826692
13,8396312373	14,2285214429
22,6981475162	5,4407901269
3,7939002274	9,2058950283
3,8756813620	9,3814379511
23,8854463906	4,4758600562
15,0948158504	15,6335581468
24,3313613994	4,6676100636
15,2474109303	14,3375115600
4,1209296318	9,0982763490
3,4558179514	9,5160222948
14,2895430327	15,5669333664
4,8510307253	8,6178359246
4,2785707607	10,0295736964
23,3455493902	5,4822159332
4,8115616379	8,9306295164
24,4491892111	5,3194764479
4,5689359917	9,1806347064
5,2698690203	9,0467386081
3,8621188166	9,6983192591
24,6802123029	5,0945619606
16,5295662864	14,3975479876
16,3265935930	16,1768365345
4,6577998167	8,6697185265
2,8120120230	9,1394863397
15,5924084621	14,1037019483
15,2099421521	15,2697192852
24,4953256674	4,7881813974
3,7776082372	8,7346103113
25,1222661075	4,2782516434
25,4400240071	4,8241082176
22,9688324523	4,9026949809
3,6016608892	8,6485796175
15,8405102369	15,0705314967
4,0500586045	9,2248083898
2,8327214498	7,5770392815
23,9023471563	5,0345717407
24,1477803071	5,6163914791
23,6810717305	5,3043182936
14,6311011632	15,0719569217
23,6393741409	4,6339244580
24,6546971882	5,9140310285
23,4011852662	5,1262393275
4,2111028702	8,6802292877
14,7361716224	15,3580195813
23,1880717950	5,7657251398
25,1394772517	3,9194003833
15,3273130527	14,4661082251
14,0791975126	14,8309145775
2,9216230175	8,6587336118
3,2861507637	7,5187185544
14,1049364737	14,9189363855
14,4188737317	15,6107993713
16,5794279969	15,3233331131
16,1889895169	14,8451179365
4,7982091151	10,2380582954
22,8368974295	4,4193486766
22,9121322085	4,9847398133
2,5843814890	9,7338056582
23,6665190750	5,1329151236
14,0242573203	15,2527065981
5,4177210629	9,4003224439
5,3094906713	9,1628850080
13,7947672294	15,6407839785
25,0326200913	4,7364464942
4,6657631997	8,6906282205
3,8327760369	9,7976493814
24,6025375645	4,1088837587
14,8137691212	14,4134619873
24,2808940553	4,8965442452
14,6561427568	14,3612305704
23,3629991519	4,8196972882
23,7985786910	5,0261616399
4,4775405349	8,6585251634
3,7274803078	8,5335589740
4,8214950100	9,0165285567
3,0179038131	8,2143177466
23,5727293350	4,2313733896
3,2273978944	8,3473901278
4,7508469718	9,4799889497
25,2072293558	4,7830817661
2,7995407857	9,0427612222
14,3441564284	16,1447912182
22,8814740658	5,1198010980
15,2931024115	14,7065339436
23,0497521543	5,1519100885
15,5030588337	14,4507051401
3,7795805737	8,8989634529
16,2987124023	15,4863985496
3,4652267511	9,2662151589
22,8752952175	4,9135113532
4,1336393128	9,0031552272
5,1517131298	9,3980003963
23,6765678838	5,2983293174
5,0199381287	9,3463429884
23,3899775764	4,6542773301
24,4151626298	5,0198869596
3,0358500730	8,3902303884
24,7686603627	4,7757878954
2,7245274613	10,0224106052
14,9752394488	14,6934864659
22,6089976501	5,4309691017
2,6279662086	9,6365881325
14,9904225337	14,9653415711
14,6864086832	14,5837413261
15,3183788702	14,7391495080
15,3152966718	15,3350549292
2,6470040250	8,6660540814
4,5536429609	10,3120387479
5,2016148031	8,3500708598
15,7511425553	14,5795100406
2,6486185424	9,2157410914
13,6516591640	15,4408966617
23,6332513365	4,5204678899
24,3605919755	5,5577452726
3,9458545190	9,1241099879
3,6167352453	8,6333573341
3,3562240736	8,9421065838
3,5458340827	8,9023361576
15,9716657614	15,4648163187
24,2371220271	4,1097185802
14,9483629829	15,4016355157
24,6277053648	5,4935882304
14,9374552429	15,7373236910
2,6612599289	8,9767627458
2,6182632166	9,2509311790
2,7726749958	9,6702397448
5,8470268215	8,6216749153
13,5774580679	13,9973364277
3,7681322171	9,2862368113
13,6939469240	15,2456132923
16,2602110740	15,9371336688
25,2564560858	5,1721194560
24,8318333691	5,0570423166
15,9867520632	15,6173341266
14,4627288050	14,5407778587
4,3473915792	9,8846096875
3,7877913640	9,2031976229
4,9383856553	9,6269166188
14,5212459848	14,6627340925
3,7254694812	9,6301203001
13,3693777466	15,7313188991
4,8412890126	8,8401317383
24,6542769716	3,8194433730
22,3092354711	4,5040692936
4,4763457672	9,1346882596
3,3044444446	8,7427608542
3,3643593633	9,4914763422
22,9191481237	5,3110408991
22,8636977262	4,7334678524
14,8191759102	15,2954116256
24,4259510450	4,9792866361
3,7972296548	8,8988812404
4,2292085895	9,0293775197
4,9383867793	8,8833582848
4,6262190588	8,7467307794
17,0838130553	14,0787994817
22,7232166024	4,4248335999
24,7496461350	5,3941473993
16,1331964950	15,0466548350
24,9730946398	4,8390274508
24,8011473080	4,9076913209
22,8808801529	5,5353037709
3,4167355126	8,4727417239
14,8817201153	14,0279207023
23,9722089687	5,0236545664
16,1151671440	14,1874248025
24,1369624155	5,3939282716
2,6041482662	9,1067102825
24,2346488225	4,6006543462
23,0464315587	5,0149676276
13,3241609680	15,0688933383
15,0497407681	15,9232267726
5,1608489654	7,8988045550
22,5224147621	4,8222092843
4,2595034507	9,0739258123
2,4777794506	8,9801800562
3,1955021541	9,0536705319
13,3650028667	14,4599308343
24,8745437886	5,3411467318
26,1141943934	5,4330796016
23,4492238256	5,5492347437
13,9231106393	14,9613278646
24,5874313164	4,3046303736
24,0712180719	5,0379010715
23,6955292657	4,5241244630
14,8860424129	13,6654481534
22,5801500031	5,0720098662
23,1445078800	4,8819631241
25,6043030182	5,2330178524
13,5909000109	14,8931917978
24,4192538951	4,5292803836
3,8470457318	8,8441262539
15,2754238023	15,2292783163
4,4703292928	9,2138281395
23,7858191734	5,4254104851
15,7280437832	15,3499223895
15,2169925491	13,6365686084
14,7303132756	15,5294716528
25,0059352941	4,8439530992
16,6392654943	14,6118723930
3,1887220301	8,0186554215
5,6832097552	9,7355857666
15,6831364526	14,7007877444
13,8153588950	14,8648122654
22,9341164082	5,6607213120
4,3753988120	8,6826906287
25,5139548600	5,1554031661
16,0795380066	15,2062810123
23,3411995520	5,7895948390
15,9374649572	15,8850430234
2,4946153428	9,4024025812
4,1285308438	9,1081167885
24,0093336827	4,7345184902
6,1612343752	8,7797597027
23,4392081610	5,0120835389
14,7762735040	15,7101806220
4,0630721973	9,0700413209
13,7597893591	14,6434522024
23,4883696835	4,6373608219
23,7511835289	5,0526747331
3,9160056487	8,6291283109
16,2298457904	14,9707479876
15,3740545879	14,2400237029
22,1249718480	4,7799364184
3,0181346325	8,9647540330
15,8049342343	15,0674542274
3,7244164460	9,0111629435
25,1995194912	5,1367599077
24,5548719161	4,4587885161
23,3629910739	5,4234091118
24,2891280040	4,9111315462
15,5325071242	15,1815924123
13,8757750907	15,0377718976
6,1750470630	9,3485774741
15,4869233989	14,7668568294
3,0664807297	8,7417906854
24,5551485675	5,1453520528
14,3805652320	14,5056056912
16,0101858392	15,4183206441
23,9204970252	4,4307596858
16,5366638781	14,4771225900
13,8634015489	14,5771463364
23,0647013987	5,2415104927
24,3895759159	4,7061667385
23,3359297699	5,0658131790
6,4378098047	8,1183216660
23,8365614814	4,9713330336
22,8608287730	5,4250610206
13,9746421028	14,7831382598
3,0137166020	9,9754673398
14,9488319085	14,6205288152
5,1473794202	8,6089753792
14,8563339603	14,8422623607
14,6041234720	15,5776332629
3,0757111484	8,6488326854
4,7432417173	8,7795103925
25,1672728784	4,4970498634
15,6860607372	15,1669478368
3,2325349869	9,2759121507
24,4590627584	5,0991465358
23,3185812662	4,8867810417
25,1523459456	4,7096425256
4,9726241685	9,4248417608
13,7115851898	14,7783781341
22,8955878067	5,6880985651
3,2667190510	8,8678832918
5,2499680210	8,3980984793
15,2099702608	15,6121184151
14,2698424369	15,1008330859
5,8463627408	9,2108529536
5,1767948680	9,7587266485
3,4812166000	9,1855397945
4,3015653361	9,8841912698
4,2933515296	9,6274801384
13,5739543120	15,2889812478
14,0762035963	14,8058797318
14,5183932835	15,8954704035
22,7659644059	4,7856041130
24,5405154931	5,2768771607
24,6098154396	4,7338100822
5,6449602169	8,4198790241
13,8380414487	15,6153332195
2,7332485197	8,9471663812
14,7363843543	14,8941159968
15,4324545786	14,5508180194
13,4923436499	14,7585828837
23,9769510425	4,6123697239
23,0377134381	5,5293790790
15,4608827293	13,6051409409
14,7946743286	14,8271718745
4,7565168118	8,8124801471
22,7436576106	5,2422944262
3,5900091217	8,4930618981
15,4937685535	14,6679014719
4,3859163000	8,4713261704
23,5524620781	5,4129853374
25,5409063315	5,7275506382
15,6811393602	14,3096734578
14,9009902233	13,9537789492
14,8652085212	14,8122930280
5,6695953735	8,3656881527
16,4918516792	15,3263755971
4,1129356036	9,6929751889
2,8338479653	9,3717739503
23,0299513653	5,3238402425
22,8314244939	5,4954494065
3,0822256620	9,1921689908
24,9964189532	4,9549237891
3,6796758965	9,4898725240
2,1748000244	9,1172728321
16,8199919011	16,1760762426
5,5521672558	8,2702389207
24,7329173498	5,4299713363
4,7282205272	9,3163570777
3,6876218572	8,9504237517
24,3107132382	5,3706808747
14,4159182694	15,3295019563
24,8568442516	5,5108923095
15,6818667772	15,0927880723
15,2847291523	15,1056281599
3,7072884232	8,8547436659
24,5561358900	5,0505147963
4,8383673369	8,8704327267
14,5347833847	14,5319581260
15,4639868851	14,6832392786
13,2088985658	15,1192638556
23,5736034965	4,3051717158
4,4239581430	9,0406743923
15,6783262535	14,9810807657
15,9045980299	15,3126678826
13,8169156618	15,6755179214
4,5585104379	9,9272119867
14,6297687454	15,5341900812
4,1461270196	8,6227542159
5,3878694075	9,1968092632
24,9224898761	5,2066085544
12,8564821931	15,8205508477
4,3070687353	8,8414492807
3,7702172702	9,5229836219
22,6277629079	6,2099741927
24,4525833805	4,2951323975
15,8177550318	14,6410901914
23,1228087191	6,1731996393
15,3264773962	15,0012032673
2,7797696892	8,5919913237
14,1899133172	15,6960649971
2,1377282269	8,7243994985
23,8889600720	4,6825027242
25,3852302859	5,6553536231
22,8993287647	6,1719679561
16,6404631691	15,9749532431
24,2316850519	4,4835318933
15,4448749461	14,6921397840
22,6934795388	4,3252321657
2,2556468763	9,5555083326
23,8531514804	3,8517108113
25,2204884576	5,8601963494
24,4553705333	4,8537714236
4,6471829496	9,4182968263
16,4109405216	15,1282406651
24,0841880246	5,0650260457
22,5169640438	4,7090089575
15,6449099142	15,2342745294
22,7207783925	4,8227767986
3,5580420192	9,1776637681
3,8251042309	8,4889521597
3,4199439937	9,1047733240
16,0222020024	14,8391653022
16,1160058618	15,3243639338
15,5083536880	14,7207072526
23,0882845954	4,4369582218
22,5175217333	3,7839215586
14,6258784410	15,9183349696
15,1512304283	15,1028633213
2,9292565858	8,5549937122
13,0891341611	14,5098167749
14,8356125574	15,3269304827
2,8591165787	9,5885476523
24,2427929760	5,2070112088
2,8042908900	8,7640281213
14,7842228005	15,6424877649
24,7541558167	5,0932328359
25,4001898597	4,8988484615
22,5138635921	4,9653188904
13,8607948566	14,0427445087
14,4443648413	14,1618880187
2,9614093518	9,2368053195
22,6069310439	4,9299904805
16,1802304774	15,0105561253
24,4330162019	5,3158426757
23,5274492203	4,6889758037
24,4183093584	4,8378450831
15,3584100783	14,6597249318
23,4256937588	5,8213007956
25,2425157301	4,4423075061
3,7916567171	8,7592630707
25,4825242892	4,3601153303
15,4544808596	14,4888903888
22,9278565658	4,7929442563
4,6965046864	9,2493792309
23,8418490539	5,4638801813
4,3614893413	9,2027093083
15,6971124582	15,8208443159
14,0365348991	15,0190217628
3,7998945329	9,5864211560
15,7984279906	15,1250037931
22,7491131056	5,1343930242
3,3506873496	8,7049179746
2,5961540872	9,5334069178
25,7314385994	5,1263000099
25,1135120468	4,7914074090
16,1670808920	14,5080413411
23,1240316070	5,2999590962
3,0242357527	8,6907840126
4,0542754839	9,6608449306
24,8783999922	4,8623080113
2,7450476795	9,0392920172
5,3740713131	8,6781010377
13,6106517781	15,3225712443
22,2244795365	5,6238246460
5,0529038178	8,9552643275
24,8978672035	5,2174708629
25,6422427697	5,7471975443
25,2322390914	4,2522225200
23,7707177267	4,6883490417
2,7961992284	10,8445391634
25,1662140519	5,8240117543
24,6322368119	5,4808705232
22,8310325632	4,6816843286
14,8843507350	15,4617179008
3,7577962586	8,9426843932
14,9961607692	15,2728091545
4,7797622727	8,4131758553
3,6841831330	9,0577214769
4,1356750958	9,2706465959
16,3877102078	14,7339514358
3,4628251195	8,7750072279
23,2128920096	5,5575564966
23,4830267577	4,8486862901
24,4469349374	5,5252508186
4,7105972921	8,8746397352
23,1002748188	5,3251315883
24,0834872077	4,8486994662
14,7720021194	15,3677048017
16,1374176984	15,3568167861
14,1395998120	14,5452460031
23,2246989966	4,6647257208
25,4562403476	4,8617553024
24,1974925357	4,0045030011
23,5506590894	4,9163817701
5,4175900705	9,0328875296
13,6117025660	14,7963774181
22,9171668408	4,7061915562
4,3690401533	9,1079025674
2,5246288548	8,9371622960
23,0945173458	4,2571068986
24,5601516199	4,6084040255
25,0051788982	5,3846164538
15,8669075001	14,1481614454
14,5778890926	15,0703411387
25,7785051579	5,0984334523
4,6642544837	8,6029024709
16,0080695820	15,1176918525
24,6861634837	4,4221634102
14,2875591124	15,1006630593
3,4738664563	9,2246872051
13,5301818084	15,0967775714
3,4939380147	9,7461454409
22,5285194601	5,5579925376
22,9855020742	5,4047657959
4,3546168083	9,5468017474
25,4077749449	4,7015202649
14,3550119089	15,1787363808
3,1691187109	8,3144584793
16,4458811525	14,7919820674
24,6971578924	5,1842935042
24,5946146446	5,0974261308
25,2924850551	5,6188527346
23,3270289171	5,8551349161
4,4605248635	9,6436186863
24,3860626030	4,0819362288
2,3295500870	10,0714162587
16,9177661405	15,0483512606
24,4748574945	4,4040942418
3,9087475358	8,2339625953
25,7434060071	5,2877225187
23,1359941425	5,0718355747
3,9084445289	9,2985904613
22,3825111379	4,2824933832
24,0273220235	4,4320727740
2,7475599266	9,0417784815
25,5255936861	3,8835662896
5,0571664040	9,1530410771
23,3539811508	4,8480470577
25,3856666047	5,4895781693
24,4876049376	5,7138675205
22,4347427575	5,2125420682
14,0663095784	15,8351284176
3,3071292423	8,2879955922
24,4818283683	5,0878421356
4,3436783342	8,8892842077
5,2989739577	9,2237973564
22,5384994974	3,9721029898
4,1882832191	9,0448049992
14,4540009938	15,0686382705
15,2006320533	15,5981564420
2,3353786323	8,9996420774
24,6603703289	5,4998653997
4,2420018881	8,5729412281
23,8319543682	4,8040472617
3,2033230303	8,5699168473
2,4302042679	9,0578901224
13,8071144867	15,1057496843
25,1769993250	4,5164492710
15,4560545415	15,6205226664
15,3067994118	15,4320523113
13,9917120883	15,2881200534
23,9429470263	5,3685584242
5,1043152981	8,3415745667
4,5616394340	9,6855113286
3,0036224088	9,2887081515
15,0602036915	15,4471889147
24,0441085529	5,4559493192
16,3323663210	15,1434333520
4,8836688126	8,9663751005
24,2816089554	5,2072142518
24,2034136217	4,6499827285
13,4224595077	15,2342036983
23,1782942466	5,7117157655
24,4043301376	4,8265906386
13,6525241237	14,8546864468
14,5170257857	15,3856873110
22,9456715131	5,0707904936
24,7060978475	5,5330687977
24,5562296394	4,4550851558
3,6430873876	9,3644847647
3,4840313534	9,1500954643
4,4339155934	8,4287460866
14,3982722112	15,3270605881
5,0809658190	8,5159243090
3,6721687811	9,2538622262
16,5555190539	15,8493561489
23,3640115063	4,7458412166
23,6629879132	5,6449416418
13,6770401477	14,6353807323
3,2710863727	8,5399206578
25,2745228927	4,8386887982
13,5618219410	14,9082409532
23,3981490506	4,6504085542
14,7663222615	15,3044961583
4,0883190144	8,1070023196
3,0182221437	8,6329015997
25,3489939430	3,8067108561
14,1682012257	14,4179752266
4,2119794817	8,9089457095
25,2743726259	5,8577469752
22,5652100285	5,1963361733
5,7352124503	8,5703723561
3,4606039058	9,7226792353
3,5089853397	8,6518524828
4,1397893601	8,7066020203
3,4138263634	8,8014790128
24,5923225778	5,4423041842
4,9663872706	9,1625988066
3,9473593735	8,9739995517
24,5799280204	4,7850403425
14,0654324742	14,8065909653
24,4304465609	5,2839169775
16,0624578611	14,9645794211
2,7940758756	9,2155887438
3,2363791141	9,3819556906
13,7249386249	15,6263005747
4,4426075314	9,0766675075
24,1825487911	6,1258321943
14,1492652242	15,1042329060
4,2808458022	8,9806443816
15,3527144665	14,7972438643
14,2710653699	15,1296810223
24,8473532467	4,3835499065
15,1800314371	14,1468216960
2,7046900306	8,5981240603
25,5546377974	5,4730864049
24,3857445228	4,5777186237
12,9382335969	15,1501990187
24,2897072473	4,6337660767
14,9287922872	14,9387063417
4,5267652543	8,9146184972
3,8028010326	9,2059546132
22,4153587339	4,5419722276
25,0624524596	5,2613205233
16,3887960842	15,1792822183
14,0940960290	14,9993684816
3,2673020196	8,8717222600
15,4721687119	14,7331370553
3,7763792707	8,3409911484
5,0028990735	9,4834498989
14,8411347069	15,3917053336
16,4442293842	15,0412329088
3,4834399193	9,4579010712
14,4656880863	15,4900980173
24,0613350942	4,8127067095
14,6934488596	15,8651322640
16,5349055133	14,8406956714
14,0135547873	15,4685704606
21,6550480470	4,5739636198
13,8955668047	15,5000413870
25,7159419662	5,2930991497
3,8933078936	9,0058478079
23,5625740095	5,2750640289
23,7775484360	5,3270976020
13,9090226460	14,7132645196
22,9765811768	4,4335472469
15,5777248924	14,9503303987
4,6912359933	8,9914815568
5,3714825731	8,9877350692
15,4271221237	14,4643850912
24,3629250295	4,2801123743
24,0280359508	4,9508379912
23,1563871540	4,6453839423
5,0122870447	9,6139028627
15,2433786558	15,2821250938
3,1805174677	9,3110519506
13,2810537270	15,4044218660
2,5250375968	10,2742773154
3,5092632284	8,7539847195
22,9344664664	5,4934922989
14,8166562192	14,9098727267
13,9563050393	15,9141480284
14,4267965276	15,4599013407
16,9367837603	14,6257723990
13,5542282441	14,9541212933
23,6042206521	4,6336239072
14,2505364018	15,5776362858
4,8312427002	7,9400423309
4,2741493137	9,4290279975
25,2460627698	4,6649726076
3,5792091776	8,2738935102
3,8333874153	8,6246850735
23,6156467658	5,8627167762
4,5210636615	9,4347156724
4,0414657390	9,4696503104
13,8082876049	15,6574511498
13,6865613423	14,7757710111
14,9505068522	14,5861939766
16,2943748152	14,8562407089
24,4892715216	4,3064916937
24,1390603855	4,7004837475
5,2734524012	8,8072726095
15,7489176285	14,8717244956
25,3325984003	4,7730276206
14,8291261588	14,4229452657
23,4131280678	5,1383576392
4,1331530319	8,8701302102
14,6031704108	15,0577066997
14,2023951799	15,2805757836
14,4397808551	14,5198296335
5,3823786759	9,6925628862
14,9433694364	15,0686147757
23,9499222279	5,0536075346
3,6065242450	9,3758259996
25,4590908838	5,0359550546
4,4273481287	9,1828887111
15,3343940152	15,1339232890
23,1005906870	5,6888420854
2,4454984660	9,5942713869
24,3023283639	4,5677836323
3,2256548425	8,8656190419
2,5846297953	8,5304506575
2,7432948916	8,8416781887
24,6464099390	5,2000631048
4,4934446135	8,5206659718
14,0978945563	15,0149938494
15,6013615182	13,4303410381
2,9430154342	9,2173956877
5,0377406244	8,8247498970
3,3955943144	8,5416693797
23,2237855876	4,5288314775
24,5666717253	5,1729491917
25,1490716325	4,8166861113
23,2744247921	3,8937269889
15,1215576266	14,9252198881
3,2786092620	8,0030362869
3,9772185148	9,7105888054
4,1003601371	8,1918020906
4,7319860245	8,4284431988
15,5922550271	14,6620674849
14,0325978641	13,8066926999
22,5564939596	5,3500318707
3,8997546545	9,2738671240
3,3972265715	9,1878983204
16,5249273096	15,0014536634
3,7714186441	9,6920256542
14,1747071456	15,2853315375
13,7647268406	15,1905184203
3,9812252266	8,4497778272
3,1784133234	8,9446705226
5,7820486593	9,1361939240
13,8356004191	14,9745024515
23,6957059939	4,8974601306
25,2384298980	4,9576195747
23,4426597284	4,9833746378
23,2401615515	5,2961316934
14,4485728982	14,8470743317
3,6456832949	8,7740114130
2,8856028831	9,1395284337
14,8449722362	14,6357441565
16,0320687984	15,1147548846
2,9346013495	8,9064726897
22,8538681366	5,1955550015
14,4413405723	15,0977661923
3,8356479344	8,6380476668
3,4893769608	8,2780100610
13,8141368210	14,8575478673
13,9806768249	14,3482722510
15,1182804149	15,3543565778
4,2838398680	8,1960337757
5,2569691640	8,7176213228
4,7274018955	8,7462834240
4,7270396693	9,0404258683
14,3472545859	14,1527438354
3,2746936707	9,3650894496
23,8062426038	4,9551427845
22,4644287395	4,9224222840
5,1525277996	9,4217190093
13,9530411863	15,2760047222
25,1148593982	5,6323876875
4,0333760427	9,6264583800
3,1731239812	9,1260130798
24,1946090665	5,4265380406
24,7185925050	5,4501733822
15,7166118355	15,1348248670
5,3293907589	8,7745360400
15,3058516855	14,2282760046
14,9311118712	14,9994088387
3,0992321755	9,4660113423
14,0739288511	14,4597991052
22,6416258799	5,2627470087
16,6364224733	15,5288110747
22,4900434416	4,7722917976
24,2427471832	4,6598991114
13,9166914556	15,4167801728
14,7002764509	15,3258358902
5,0079568048	9,0326524759
16,0088447373	15,7507073279
13,1691598121	14,1433073235
15,8229556219	14,9664422840
5,0658535727	9,8605994778
22,7689517034	5,6197891077
5,0925974284	8,2239080488
4,6114473214	8,9279688034
24,5300756256	5,1096837856
14,4005251774	15,6406972161
15,8715601834	15,3109530082
5,1144395180	9,3991785046
14,8535680867	15,2056534585
16,3016977802	14,9005225354
4,5595242741	8,3197845178
3,5618239535	9,3317054252
16,2295803725	13,5680382244
22,7732902863	4,8421130269
22,3278158729	4,4010569090
2,7591499050	9,1763432944
14,2560455770	14,9965339885
14,0439280218	15,4586311765
15,2036880427	14,0834688982
24,3884220883	5,3430387164
24,6553392931	4,9265379428
2,5158211330	9,4524187947
22,6064061292	5,7361153529
4,0427161680	8,1735408915
3,2415467950	8,6504440309
3,6963801573	9,0700757713
4,4619145418	8,6800576341
23,4841418637	4,7768722043
3,7310983099	9,5649530529
14,6486438661	14,9525411676
2,5078636685	9,3988395933
2,8250813110	9,3320718260
4,9585177735	9,7379467694
5,0284164292	8,5100921249
2,5572005375	8,6277456539
14,3782471073	15,3256565259
2,6947667039	9,1020053826
15,0580738730	14,9688751494
24,3428650928	4,8045181578
1,5104763509	9,3322904701
24,7123856136	5,8253104157
4,3070431485	8,9293567547
22,3878298717	4,7207381841
14,5226601049	14,8176352236
14,2992491412	14,9387718536
3,0100401235	9,2920357521
14,5641180521	15,2499054080
4,5848553054	9,1588762253
16,4660535542	14,1753335993
14,7818281271	15,1603817794
24,6506098089	4,7524262571
15,0102069886	14,5233990258
16,2427457615	14,9885471356
22,9217073714	5,7367363495
5,1141815993	8,7515755869
5,0483637460	8,7406473146
14,5714234345	14,8516968721
3,2736888545	8,8704220083
24,8033068991	5,1818361458
3,0035169324	9,4926404418
24,2742406928	5,2574020703
24,4881094940	4,9090046548
13,9487906880	14,8757008146
15,8720466588	14,9320971799
24,6538354893	4,7058332690
24,5161751560	5,2787790073
15,5645298511	14,7139057079
13,7185929514	16,1217871316
3,4570958466	9,1976778718
23,2810041775	4,2687384603
14,3896181021	15,6706272015
3,1242453404	7,8803174206
16,0228248806	15,8755247013
15,6372968374	15,9514184165
14,6505712088	15,2301768316
13,7249425846	14,4597053647
24,5077511150	5,1845089704
4,4697654281	8,9666251913
25,4599835345	4,9607669301
25,0720757765	4,9801842323
5,1008743094	8,4490582583
2,9062440837	8,5254747166
4,0900412450	9,8473860253
13,6499724781	14,9572684821
5,4414128736	9,1896977042
3,1510694251	9,2489244605
2,9677425855	8,3179711448
14,6118589861	16,1617398613
15,5056220846	15,5188044971
14,1213526815	14,5638136367
13,6107185772	14,7905193296
16,6073617556	14,8209153668
14,2239781940	14,4590607408
24,3642786517	4,5481449386
15,4497086866	15,3361399585
24,1463904599	4,6087923695
16,2652178228	15,7264817173
14,8647114368	14,5608312637
15,6322578339	15,1726570660
15,5135142834	15,2342648089
24,2747512554	4,2022437699
25,0174334180	5,3213489338
23,2704456399	4,1839505219
15,0574427459	15,3140183233
13,8746996685	14,5039322499
22,6963016334	5,3067787746
22,3717235210	4,8471384897
3,5990695585	8,7179816812
24,2032363964	5,0029590731
23,4301705664	3,9158655683
16,9982684738	14,5209981194
13,1740550615	15,4044943191
16,1516242469	14,4438587479
16,7033477855	15,4325195746
2,9937033098	8,4512406583
24,9558004444	4,9750639633
5,0822929254	8,4425060593
2,6728178816	8,4523634742
25,2905448524	5,4595901695
14,4605596347	14,9145914326
24,3522905129	5,2823101032
25,1378641756	5,4503853330
4,3914010869	9,2400371742
4,4679761756	8,9188312438
15,2100184921	14,0492449060
15,2893355722	15,3807271090
15,1025171722	15,0367230393
2,9071716857	9,1286278753
24,0338526985	5,5895898519
15,5687104241	14,5843998457
22,6818617327	5,0894756791
14,6032067862	15,6111055245
14,5540302119	15,3316144665
23,9906455624	4,5896405587
5,4300551250	8,3994064053
4,1981408347	8,4622518232
16,6053531286	15,6219946192
15,4984720665	14,4269162731
13,8772914015	14,7888908893
25,5826725890	5,8253751084
22,7709300640	5,3090487442
23,1883590510	5,4186806045
13,2232689492	14,5026233725
14,0815233710	14,5381409749
23,4214632125	4,6439241816
24,8656701822	5,0305015044
5,0293201525	8,4982541760
22,4453971385	5,1421463250
3,2033305953	9,3278923596
4,2027097736	8,9896946137
24,1411282679	5,2449840574
3,8001081757	8,3321552977
25,5727743522	5,1468965817
14,7804120635	14,8230744254
12,5137231774	15,6699216665
24,4276137136	4,8283110928
22,2322556313	5,5299142713
24,7435731457	4,0744105770
15,0763960494	14,8293088632
4,9901043863	8,9035675456
2,5044365554	8,6876923560
23,5029455403	5,1503458449
22,3196804093	4,4308756368
15,4427353822	14,5224958290
24,8833864807	4,5103849777
22,9296133623	4,9321559014
23,2048735727	5,7524771704
25,3578071764	5,1479471892
15,6478179733	15,0859032612
25,2873126952	4,7390902728
24,0506725746	4,8970029482
14,1807099121	15,3727281834
15,1746810157	14,9080586391
16,2007849103	15,1356804527
5,7456023786	8,6099144843
15,1324235554	14,1986897618
14,2446385094	15,1614891600
14,4359068187	14,7897650145
16,7962136386	14,9384562184
24,6327687229	5,1631277038
24,3559469393	5,1640745411
3,7508205437	8,7709888319
4,1860478953	8,5544277139
14,8065679234	13,9107916135
13,2663106722	14,6176325238
3,3899023956	9,2765719837
14,3035352125	15,7785691595
2,5350256058	9,7297446389
24,0044850020	4,4223473131
13,6021230423	15,3490547982
24,9261949473	4,5722459132
3,6391096151	9,1628239037
22,7528799128	4,6720715879
14,8503855749	15,5556004100
2,7264530218	9,3654656274
15,7475731706	15,5622270790
24,3934794410	4,3129518085
4,2214595938	9,3524705985
23,6541922927	6,0942049816
15,9038719046	13,8918562677
24,5481121991	5,1300636931
23,3594127890	4,3965456989
25,2219286238	5,2617244974
16,2085038670	14,7336409224
16,8153701270	14,4148843273
3,9162751994	8,7153761167
4,1022013685	9,5005730853
4,0775463608	8,9872673635
25,2762731265	4,8520634783
4,9499638762	9,1744227569
15,3505027865	14,7997546307
23,3790175706	4,6587130325
14,5911768501	14,3708855010
2,7310894894	8,2980665259
15,2426617379	14,7228536566
4,0862392143	9,1772771082
4,5745609441	9,1885640976
23,9973845175	4,6268186430
24,4979585763	4,9229995271
25,3047540259	4,5410094686
14,8247102496	15,4473284051
3,6323650486	9,0480349154
15,4887176488	14,0672849491
15,9785990699	14,5216989681
13,8665903435	15,3093218019
24,6609772897	5,4133527746
24,7101324137	4,9657297054
24,0987477669	5,6722894007
5,6603420722	8,9117245040
4,2482762142	9,0710964560
4,2241602587	8,3550931110
16,4129211190	15,9055258349
15,2283160819	14,9416591622
16,7257785959	14,4689153515
16,3153901856	15,3039327613
4,3350247826	8,7630862458
16,9800101149	15,5804034471
14,5317780671	14,6809142743
24,6112230931	4,6373601431
3,9054584065	8,7359435337
25,5901206471	5,1345128889
1,9790875897	8,7645366149
16,1988368600	15,3803634324
2,8346862950	9,3918971599
15,2985221755	14,7674527511
16,2027539638	14,7835909411
14,5607730741	14,3800362908
2,6287224689	8,7033786601
25,9714569382	5,1330985830
25,1780544082	4,7722785059
14,2305969679	14,4928131462
3,5369092142	9,2757554803
15,4176901962	14,7106795042
24,8759868412	5,3907020207
23,5384838770	4,9133047540
3,7930594728	9,3189374354
22,6708129845	4,4329133303
3,8554971563	8,9365522660
13,6691380093	15,5224627787
23,1609203098	4,7472199475
23,3125896947	5,4842307647
3,1573320157	8,8277520152
24,2077481224	5,5860703574
15,6614336914	15,1289834075
23,8318527391	5,1611985093
4,6583435809	9,1392268814
23,5902187439	5,0898591585
13,9585150628	14,4957244621
23,9460950769	4,6772356910
15,7639139751	14,1229694890
14,4748676731	15,1394678797
4,7018604012	9,8363963340
16,1985635364	15,5142442653
16,1272786331	15,2840397694
15,2528780666	15,2106043783
16,0033760019	14,8394597160
3,9914324067	9,1318513538
23,4863378900	5,2548743651
14,2604432337	15,4437018316
16,4864072904	13,7252325702
4,9774183712	9,2354931811
4,7798750572	8,9731225099
24,9374928634	4,8107435050
14,8901568220	15,0184574401
24,1475813348	4,4776038835
14,9892698119	15,2892022119
4,7904892615	9,1448942618
3,3101528473	8,9424632066
24,7257042677	5,3577530902
15,8919690178	14,5617430780
16,4598174018	15,4543355169
23,7039791119	5,0680050736
22,7033511979	5,3415600278
23,5068563407	4,4419182877
24,1683708133	5,4000475086
25,2350760363	4,8348551071
25,5144316741	3,9361047502
5,1230835234	9,0709408088
5,9815635468	9,6147814311
15,9238828283	15,3872787287
16,0242680137	15,4080378353
15,0885379608	14,8648261581
3,1601118951	9,7121674885
14,6831093755	13,6598247469
4,9610896130	8,6402568184
24,4894133478	5,0124680481
16,1497219821	14,6268405663
5,0210616686	9,1799825480
24,6837700348	5,2432637965
3,0244782532	9,0745273124
5,5684745100	10,1892063111
15,8772579766	14,7089507472
24,5356785640	5,0111946630
22,9070141425	4,7567566020
23,0945662398	4,6106323789
13,8375460434	14,4861692198
25,0212633765	4,5440613763
5,8408844483	8,9477689159
4,2583915930	8,9863190200
24,0453059691	5,0324614150
2,8239014678	8,8138399405
2,7614530466	9,4014264002
23,9598135978	5,0821095853
23,7366608341	5,1972390156
24,0060609957	4,7039215435
24,2411229337	4,8221186121
5,6736624442	9,7668266515
13,6736648905	15,2778685808
4,2574141873	7,9993795454
4,0395581478	8,4778922989
14,0593120529	15,3350006929
23,9770862662	5,2706304624
16,6667357034	14,5210587368
15,7260544736	15,0200453703
25,5727536416	5,1624981006
14,8605420902	15,2689315354
14,5975400129	15,2513808296
4,9529927584	8,6061622566
3,6308896819	8,8295589684
23,8100497333	4,2674815865
23,1103579841	5,4297076300
13,9363273206	15,3668560260
24,3598123595	3,7725343293
23,3882508070	4,1535230203
4,6402744835	8,6523949059
13,2597209611	14,8420942026
23,7685521771	4,8922476383
5,6161765119	8,9193815260
16,2037145550	15,4382092237
15,9805717553	14,8176321567
5,0382945380	8,8444590627
4,8063572427	8,6397208896
15,8975685450	14,2685006072
16,1154157307	15,2970816800
23,9927693344	4,2247296495
14,8058846987	14,9234051265
4,8639985010	8,7815146247
23,8069238785	4,4509013023
2,2364700271	8,3895723891
16,1340838646	15,7060597211
23,7878757440	5,3811841318
3,6408217100	9,1008981758
5,0251001525	9,3645784279
23,3790315876	4,5691704820
5,7143368477	9,1321720442
15,4811417693	15,4559582146
23,1710047895	5,3327097209
22,9412149933	5,1835647061
3,6485903433	9,4910191148
23,8910709098	5,1991390403
3,4437481349	9,2209366315
4,3658166934	9,4373595636
14,5478926780	15,0864571389
3,5301219963	8,5988970648
23,3680728764	5,2290181921
14,4164918185	15,9673712178
4,9493790214	8,9287559520
4,9082704786	9,2897659162
15,2325682681	15,3271575560
14,2895071949	15,4453929637
4,1725494897	9,1009706383
23,2366104529	4,6930652737
25,1315653650	6,0461921352
2,5818011561	8,6398984891
2,6916617858	8,9310471013
23,2442817897	5,2520173510
15,7552155984	15,7536587726
24,7580284904	4,5598011367
24,3874087284	3,9348306137
15,9174023496	14,5949158130
14,1279351895	15,4707716507
3,0088617149	8,7473098225
4,5396886373	9,4411844678
15,9644734276	14,3165066029
16,8975782018	14,2153795200
24,5748464026	5,0132543971
3,6557282797	9,8049967424
14,6273508847	15,9038709406
23,1084636096	4,3909772740
22,7191295398	5,0332294818
14,2498012985	14,8048328778
23,3704846417	5,3570841922
15,3012268690	14,9898872740
24,7283456467	4,7843835167
15,8685389345	15,5537526140
24,5683359107	4,5804273809
24,9011638344	5,3662603951
23,5465138626	4,7380653627
15,6187455886	14,5816218616
16,0809874524	14,5411141062
3,1947827906	8,9266094311
14,5386897138	14,9643548249
14,3819725564	14,9536530825
3,0958371672	9,0402560411
13,8009446827	15,4429436781
16,2352622287	14,7214949019
14,1350564238	15,5846509119
3,9741941428	9,1265165911
24,9306173609	4,8985799957
5,2510929882	9,2455871283
3,5995195681	9,1532342368
13,9731992628	15,2952273803
23,6137612575	4,6439481037
15,4489581703	14,8852457858
15,0608661252	14,8442344533
24,7930197459	5,5032954908
4,6402859577	9,1955586727
22,7813926482	5,2805304403
15,3625189594	14,5546654860
23,9653853446	4,5677225769
23,9090998738	4,5120091777
2,7891114559	8,3835905994
4,7450976840	9,3120475727
23,0652265165	5,0452897414
3,4674386580	9,0853599069
15,4310929423	14,8627955802
3,5555436670	8,6903240532
25,2081736608	4,7669719150
23,9662145328	6,0062537608
15,4585534657	14,2852919562
15,4492884535	15,0336878875
4,4520173152	9,3863900634
16,4368694130	14,5479030224
4,3671776693	9,0789015783
15,6666798222	14,3950148346
23,5504488254	5,7949927012
15,0256432375	15,2439309040
15,4938993380	14,1129988780
15,4766422419	14,8144946640
14,4728658898	15,2366228333
14,5993414992	15,3961818423
2,8208470075	8,8641270582
16,4017065124	15,5519930980
24,4012849847	4,1964568714
4,5317151645	9,0962699838
24,3876399290	4,0240144897
16,2820288504	16,0325330650
23,0146057232	4,6323341654
4,4040399564	9,1395162480
16,4924176718	15,2639754685
5,5385169257	8,7101356903
2,8790991882	9,2791563899
24,3923433087	5,1893242546
2,6253828536	9,1593784274
23,7422180774	4,9948680698
14,7397660379	15,0033509218
4,2593836600	8,7685112392
24,8165580961	4,9166391746
23,6752176764	5,2929890406
23,8289850297	4,2327913148
14,1525832093	14,3003022811
4,7919531906	8,8852419022
4,6866576536	7,7460100382
2,8158715171	9,0268522956
5,1869470805	8,6436954412
5,3807731148	7,8477096347
5,5350068261	9,7139683675
22,6896668430	4,4096336191
2,7391125705	8,4909527704
3,8033621594	7,7347515089
24,6000964346	4,3874526071
24,2866071680	4,9029751885
15,4730832549	14,3973716369
22,8211174757	4,5911572518
15,3519524582	14,9961075625
4,1876663381	9,7355966482
23,7041969800	5,4014766277
23,5926086667	4,3096640806
3,7524628086	8,8835918639
14,7756332874	15,2336299339
22,6438845015	4,4772609313
3,4908785337	9,0689365976
3,1600896358	8,6875878771
4,4122636644	8,5632268438
25,5391128557	3,7558573799
15,1234315707	15,2969625287
24,2648277866	5,3855221400
5,5466119055	9,4529486766
14,1654331757	14,9940185498
15,1908050241	14,1274581638
15,1185127396	15,0829678047
15,3106921832	14,6459000791
16,2596031902	15,2883695129
2,5909032890	9,0761035907
14,9244564820	14,3580765499
15,5452056923	13,9984594879
22,3041552283	5,2620882193
5,5715287167	8,4092882173
14,6493205128	15,0327665619
24,9930246935	4,5261549643
3,5716390015	9,1274547846
13,2812975752	15,5455893828
15,6342120516	15,8223215349
15,6002167017	15,0918867234
4,7378826386	8,6346098035
4,4698635231	9,7231017156
24,6922915980	4,8423333276
2,8470139014	8,0116602698
15,3635612520	15,4369694938
15,5132242026	15,8828475543
4,3810944169	9,6705057177
14,9473222188	14,6628441833
22,7698100867	4,8617523368
5,7636925688	9,0913240444
14,1270774884	15,0135923168
15,0063545153	15,0468802821
16,0461536175	14,6489330207
25,4049335023	4,9526616845
22,8501981133	5,5874357222
25,1165947282	4,6522608028
15,6097736739	14,0845934069
3,6485065686	9,2349691800
23,7015605897	4,7317589396
25,1991939608	4,3075618344
4,5279307707	8,6702145603
4,3160466148	9,2002608516
22,9271616317	5,3357406275
2,7442015439	8,9796958380
3,6004030329	9,0536823101
14,3219135139	15,2759144733
4,3979419233	9,7557670045
14,8647398997	14,7079199608
3,4996649281	7,8797232226
23,8817918362	4,1378453205
3,0507231855	8,7988935345
4,4268037394	9,2269500213
14,7379255915	14,9477959480
3,8703560102	9,3887642237
23,0908799510	5,4976696735
22,7507926867	4,7207359814
4,7241975466	9,5567025689
15,1502547825	15,3056845018
15,5332978913	15,1360400230
14,9013421063	15,0429765451
25,2148265179	5,3674033740
4,2040923149	8,2890459689
22,7194591808	4,5955442777
16,9365641291	14,2820236971
15,9315034685	15,3386973563
15,9183643098	14,9845183209
25,6509646650	4,4271686614
3,5646063331	9,2929878150
4,5101513985	9,0010460493
5,0071405920	9,6579448860
23,6677889398	5,1290233968
3,0684955892	9,7365035554
3,8338312340	8,3060490147
5,3418429549	9,2406172114
16,3570046009	14,6160202653
25,1934580814	4,5372509196
25,7299157731	4,2137362356
3,9691215919	9,6355275125
3,4414930880	8,6054208570
3,1959232111	9,4218751321
15,0366572066	15,4636515346
16,2957651431	14,3131485195
24,2800886813	4,9615695830
23,3571088923	5,3073415243
22,8928138668	5,0745809740
25,1927616744	4,4626171904
3,9519474104	9,6527451487
14,6633613764	15,0237104911
3,4395627740	8,7897646050
3,8489357172	9,4051630964
22,6995777060	5,5878190513
2,9728427755	8,7857646633
14,7609307531	15,1195942979
4,5762457369	8,1650370045
24,9084613464	5,4165413548
24,9739750892	5,7846354840
24,0727128695	3,3555056975
3,7063492493	9,0700196548
2,8414264083	9,0592203750
23,8956563086	5,3716664450
23,2812704532	5,0766922255
4,4949597720	8,8884445339
24,3800921884	4,9477562492
23,8433103970	5,3511429220
4,9404580945	8,6219944916
16,8312375167	15,0058531101
16,5864484676	15,0387403217
5,0796676746	9,7998913094
15,9780263417	15,1258364243
23,6795861355	4,5837957398
14,2786756513	15,2227963065
23,3586145384	4,7294767344
14,3704788993	14,8626223591
4,1920448082	8,6521123677
4,6116958652	9,9367550223
23,2453863451	5,6165818510
3,2953864164	8,2103563374
23,5898780430	4,8417554968
13,9992537564	13,9791888246
3,4670069927	9,6094367301
13,6751752627	14,9494391780
3,2512767372	8,6425293434
14,3194433439	14,3551538281
2,6460871010	8,6837030523
22,2719865517	4,5804054127
22,4610568462	4,4940637459
3,5903237712	9,1722380292
24,1942395527	5,3517668579
3,8933254587	9,3424123960
24,5048209597	5,1098227266
3,1930443444	8,7092132269
23,6843551863	5,1679187577
5,4467735202	8,5126541809
25,3508993109	4,8664973691
3,3760357760	9,5481401414
22,9833573892	5,2876076060
14,3062734852	15,7748442221
14,8081154170	14,0879461212
15,5605371094	14,2899243793
16,9500441736	15,2311912051
23,5722770580	4,6372240471
2,5722469669	9,4782122443
22,1989497056	4,5240117999
22,5002771546	4,2143091961
4,2793591522	9,2557502835
25,0188462267	5,7943138373
24,0577424341	4,8048140302
25,1825170688	5,4927343634
3,6599652866	9,5935085469
4,5785811995	8,4200777906
16,6605201499	14,9107454096
24,7901998577	4,8482434979
3,0165415301	8,3074771572
3,1533804507	8,8391105579
23,1549018012	3,9891498690
4,8875298103	8,8630210240
24,9607701755	5,4178913054
23,6596938005	5,0153294890
14,0809138067	13,8946388155
5,4871243048	8,9962892893
2,4338951181	8,5933866245
15,8287580489	15,4013005341
25,0750272546	5,2898418225
24,7587087261	5,2376295221
3,0093679779	9,3397558545
22,5221797890	4,8642765074
16,6134321472	14,0288476197
14,4881837923	15,4821120879
22,8291824175	5,4962558516
3,5435978249	9,0509330947
3,0476182870	9,3813068041
23,4292031722	5,4196019052
6,1235280110	9,3641520432
22,7410221419	4,3111083934
23,8119060751	4,5126475708
24,9049775419	4,6508229864
3,8929626118	9,4949493546
15,3198828603	15,1711137896
15,7923550402	15,3545727264
5,2002901694	8,7839403448
2,9364658160	8,6178460579
4,6902468672	8,5899334264
3,9131300769	9,0553098435
24,4351090378	4,6635896592
2,4589356955	8,4634126178
15,2806416743	14,9623484196
13,7862212730	14,5328044268
4,4897872590	8,8474809176
24,0625197927	4,9207996702
23,7935845300	4,7267087491
14,7214004276	14,1732019663
14,7530742810	14,3615976728
2,5443985566	8,7789883736
3,4831939404	8,7589235721
3,3288752537	8,7320522289
15,2626083060	14,7180632901
23,2447001290	5,3851565195
14,3286410717	15,5356696984
24,2711851969	4,2109742387
16,3550655367	14,5391659373
15,6182458247	16,3247380738
23,4297203073	5,3818059813
24,4924270558	5,2090325367
4,0831711593	8,2125913524
4,7750439935	8,5226615047
2,8605435614	9,0966969336
4,9122561199	8,7912446785
16,4377313661	14,3143158188
14,9827382345	14,8835038969
15,1005704428	15,6192594150
23,7445701535	5,5093377136
23,7356779837	5,4225796592
22,7577696080	3,8056539195
24,1158972759	4,7044703794
14,8980859211	15,6373970465
14,3176764264	15,0656049105
13,9574462085	15,0468533851
16,2451353810	15,3800936689
15,2191512842	14,4053904403
3,1392149119	8,5925682178
4,9071484287	9,2265773797
13,2997490461	15,7231381511
16,4775858372	15,5582112958
16,0467553745	15,8298945991
24,7653978067	5,0376850999
14,7778728595	15,0125628284
25,8429855071	4,8378823665
25,5570197953	4,4641144380
4,7829251854	9,4015363665
14,0751960506	14,7663294082
3,3369748581	9,5299292620
15,1325644104	15,1526326076
24,3259728124	5,2918743530
3,6859909478	8,8008266765
15,5493215653	14,6790154219
2,8103750265	9,2655102009
15,3201003205	15,6524471922
23,5366465179	5,1547741243
14,4656580526	15,1877844889
4,1907709403	9,8358847988
13,2121806946	16,0047915896
13,9579465929	15,2977510690
5,3471971460	8,7287913270
23,4995810778	4,1865647680
14,4294351842	14,9068816795
16,0277437255	13,8502857930
4,2547418024	8,6922390407
22,9360029172	5,1452781155
22,9537532339	4,8673744449
12,9659130370	14,8079552707
2,4234330784	8,0765720931
23,8412496470	3,9947670976
3,5977137548	9,4642254719
24,8666743997	4,9980118947
15,9790510189	14,7618838673
22,7654602444	5,1380276121
15,5942681566	15,6530580907
14,5821569049	14,9352896685
23,4508116338	3,9461903899
25,0866365226	4,5931424335
2,4611567073	8,1090575383
15,7579774719	15,5509788381
13,7598850293	15,3283843644
25,2182385708	4,6733315905
4,7128102460	9,4576283848
15,2503828952	15,0556903960
25,0788045939	4,4824141241
23,4333415417	5,1880281663
3,0153379208	9,8022591743
3,1576968727	8,9641328599
5,0917730600	9,3550145963
15,6134748805	14,8110713766
13,7700021230	15,4850341592
23,7092328909	4,5920014049
14,9898766361	15,6473332514
3,0874646320	9,2470167361
15,0217024353	14,5669669046
4,1070249345	9,4285760736
16,9166562203	15,7334022607
4,2482733147	9,1332934204
14,6493555007	14,5150543925
23,0293604427	4,5050656964
4,3865652580	9,3820117924
15,1244021863	14,7591939584
15,6114348902	14,7481490850
3,4155563074	9,2276935806
25,1191341494	5,0597971665
2,9675462015	8,5460747478
22,5923473044	4,4266399198
4,9205812009	8,2918423071
4,8736392535	9,2598663886
23,7047423304	4,3816865626
13,9288995935	14,7250582953
23,4307370783	5,2935495891
23,6247986751	5,2851192573
13,9608594228	15,5392351676
4,9284119452	9,3470952875
23,0973587648	4,9339815143
4,6989950450	9,7305799130
22,5179063935	4,9859229736
24,9453909201	3,9438830053
5,3814792737	9,6572747887
3,7836787719	9,1281778024
22,6346790496	4,5708211424
4,6669742170	9,2343298975
23,9918046810	4,9194756537
25,2191174405	5,6787797215
6,2963596208	8,9210464171
12,7752662344	15,9225790690
15,4433602750	15,0841194876
24,7548321998	4,4771665202
3,3124223475	8,1064341714
25,9761198064	4,8928606132
25,9397830759	5,2921187157
25,6368199634	4,6830003783
4,9862005094	9,6347108647
23,8034404502	4,9599513509
13,6348595372	14,7258247783
14,2034979552	13,5060371003
2,6157716488	8,5763609872
14,9179314356	15,4311445361
24,3248802968	6,2992657017
15,3315757742	14,7207973402
3,3309366516	8,1350861270
3,9443003558	9,4076844829
22,8269997456	4,8188421288
5,1690795834	9,1500513973
14,9688397844	15,7510049939
3,9746472588	8,6335608274
15,1550041938	14,4172014347
25,0607227521	5,7239244925
25,5167686247	5,9808693858
22,7550700027	5,0964466401
4,0528742317	9,0344979350
2,4407893164	9,5331817985
15,1060304373	14,4110209202
14,2438860351	15,3018644998
2,9158978651	9,2441897894
4,2863296865	9,9926035916
23,1494209440	4,6923086674
4,8785850539	8,7114133886
16,0779017916	15,8301522363
23,4242715773	5,2555236957
15,7652579196	15,1135662494
14,8044371703	15,0370728846
14,3899027135	15,7532838191
3,3539913925	8,8701960470
3,1786872688	9,7799262976
22,7915849233	5,3236289835
23,2352217656	5,1947378745
14,9307377506	15,1052540932
24,6812856752	5,3280024199
2,9982348818	9,5496442299
15,8000830527	15,1004995136
3,4950242153	8,6384008943
23,6256000686	4,4792584457
2,8373057879	9,4408991379
2,6450180138	9,5388726751
23,8314977292	4,3976863503
25,6046693733	4,7250693644
24,2163002114	6,2016045728
23,8493036026	4,7223490078
3,8848454916	8,9172743016
15,8003555957	14,9925393909
5,2628932316	9,2020302860
4,8832579759	9,1837498774
2,9455539691	8,8947619693
15,6057963200	15,4229720908
15,5894732101	15,4361975668
14,9059925798	14,7297365286
14,2623208547	14,8765989305
23,5175511968	5,0960219277
15,0801812202	14,8906460265
24,9226988481	4,6028980043
3,6252372604	9,3456923573
23,3353867456	4,2083674961
4,3003513514	10,2692977308
25,2235030285	4,7122258337
15,9523618671	15,3507332181
23,1212551049	4,9199793298
4,0302544626	9,3075187533
15,1037323456	14,4494283534
24,5474966609	5,2132922273
5,2497273227	8,8166013894
16,6490933370	15,4879364176
14,1058459980	15,3385229658
14,9183697641	15,3861409553
14,3768040790	15,2865743104
14,5179966282	14,9435664011
15,1350072607	15,6418727110
14,8606204877	14,2984754375
16,2406376889	14,9738838895
23,2581318563	4,6060309571
22,6480917897	5,6931205335
25,6895022311	5,2065622125
24,4189657014	5,8540549204
13,6866099868	15,3050934370
16,1951657737	15,2457853853
3,7958507847	8,8731007254
15,3899866311	15,2443032731
4,0054139280	9,4284275197
14,7899177349	14,6202253385
4,4656911579	9,0730457402
3,6182037744	9,2424339181
22,9731319185	4,4466392481
3,6766902063	8,8721539086
13,8769898143	15,1696175000
14,8426653245	14,5594973500
23,6688627167	5,4760292199
4,5902778312	9,1508730142
13,9159852130	14,4357403646
2,7008760689	8,6304122515
16,4061889434	14,9711034107
15,2016764980	14,3949056973
25,9015192618	5,0234335207
3,2043952418	8,9895311856
24,4590539683	5,2348107043
14,7083420952	15,1492741643
16,1075681710	14,6035226356
14,2591960618	15,0064588213
15,2884965328	15,0461118896
25,1376372520	4,4082102440
22,7024046029	5,1089736316
24,1106638648	4,4300191178
3,5298799844	8,9890000887
5,9229307650	8,4089607291
5,7913711615	8,5517333409
4,0561778429	8,3524302186
15,3117448722	14,9972799396
4,6519432261	9,2442971421
24,5338847566	5,6667250861
22,6667100681	4,7874509494
24,1067691192	5,2282075259
23,3588174602	4,7182717724
15,7195748714	14,5867387063
24,2502093881	4,9804233449
23,8073120924	4,8699639306
4,9225189846	8,5663812657
25,3382300528	4,9220504405
13,4792076335	14,9342511075
25,7431583636	5,2889075621
22,5434403878	4,6111597837
5,4058068971	9,3009812677
16,6463399500	14,7411139153
23,0249226963	4,0983202326
14,8986940147	14,7922547179
3,7735995309	9,2240456369
14,0728460899	15,1746866155
22,3689803301	4,9285092913
23,0528728004	4,4564486407
15,7942585687	16,0882754822
25,1936591990	5,4043848270
25,3898059450	5,1207498016
15,7190168957	14,5993172797
24,9511372138	5,1714375088
24,2429028053	5,4523492859
23,7690592402	5,8961653595
13,4219700541	15,1712828609
3,0954155304	8,8182093440
4,7730446897	9,6474628444
1,7869691183	9,3338592486
13,2720252410	14,9651109017
25,2769933743	5,0181684018
2,4763534582	9,7468515470
22,6959136670	4,7189859662
14,7489046115	14,9388770776
15,3502452266	15,3287443560
2,6507711409	8,7425359585
15,0648394357	15,3669655373
4,0481259697	9,2640480653
24,7204348616	5,7772516813
4,6017847134	9,0263258368
4,5045806463	8,9567894070
22,2819424561	4,6486729341
16,7495336035	14,8589491593
4,1898151085	8,4493143172
2,9398479611	8,0258722850
14,5697618186	15,2473374511
15,2900850767	15,3897103112
14,4346366050	14,9956629115
16,8190925158	14,3695237161
16,4796873947	14,8651999887
14,4938212848	15,4425992315
3,9972917341	9,4917546871
4,8441601517	8,3677116275
15,2319671285	15,0429264172
23,0479895724	5,1465238670
14,8654347158	15,6305329439
4,7724511381	8,0956864959
4,9425975043	8,5488509185
15,4347212957	15,9767918613
14,0979487394	14,8049955850
15,7010736467	14,8532171935
23,0532661408	4,9530145865
25,0234247785	5,0188327846
22,3194803587	4,4745271666
4,7396555787	9,1639615231
14,6628865690	14,4843767456
3,9811145587	8,7940616055
2,6532437635	8,9828718347
23,2481794923	4,8393632512
23,2338506938	5,6673146650
5,4086657657	9,0268532311
15,8336349193	14,4947308613
16,3032109936	14,7133152278
3,4245433787	9,6838541164
16,1896163295	15,9155857545
4,5835996878	8,4080457858
24,5926643887	5,1298630374
24,3780108025	4,7935843152
14,3307410637	14,5053874910
22,7947692728	4,9234234965
16,0072392095	14,8886278784
22,2813492023	4,7359937558
23,7598453689	4,9122187388
15,1733893659	14,8580537741
24,2194036556	5,3405157729
24,7295325796	4,8834198334
14,6377345275	15,3722070436
17,4097404746	13,4192603164
4,5482399108	9,0186905750
23,8020599384	5,0383230864
24,3459671992	4,6206281775
15,1670848091	15,2234736768
15,9437255785	14,2750343651
3,0956890261	8,7095397580
25,4004185811	5,3713458299
22,8289391238	4,3637555748
4,8958664838	8,5031416476
3,1506805829	8,2309291681
2,5464740969	8,8128745297
24,5973273326	4,9120303909
25,5839670769	5,9984088896
16,5702475526	14,0818361295
3,1066418401	9,1733103640
13,1738527543	15,4451685061
3,9539317608	8,5420674196
24,1015253584	4,5154198068
25,7502430962	4,4871008836
4,7462550492	8,5119020471
3,8446034938	8,7128661479
4,4898378080	9,5996326330
23,4898606299	4,6970590181
15,6222516196	14,0483523989
23,6326474941	4,5741765640
24,1229449355	4,4601088684
16,5490277215	14,9811428492
15,0158739855	14,6846971774
15,1855623611	15,4056744517
24,4848839623	5,4962305751
13,3135844139	14,8824877574
4,8016082000	8,8009327053
15,0015162043	15,0173107191
14,2367148122	14,8816661755
24,9579145112	5,5951547835
5,2819813630	9,6904280636
13,5664281495	15,1944521056
14,7882757552	14,9075813749
2,6777575316	10,3983985235
14,6330537128	14,9995201634
24,0117709847	5,5940128960
4,6158409812	8,4054627145
15,9493358260	14,8774290295
25,0088716073	4,5970032691
3,8502291944	9,6541504040
14,0590102175	14,9323832630
15,7341185656	15,1859616464
16,3718236042	15,4847816940
24,7866903712	5,0886391618
4,6889154867	9,4182150584
14,6506157489	15,3882649457
4,5282540999	9,4623268034
3,7837726336	9,4581595841
3,5689781210	8,1736114309
15,2435773488	16,0040742136
25,2154514423	4,3834518487
2,9063098221	8,1463375114
4,8881147523	8,9541486937
25,1740427721	5,0847981510
24,8087624227	5,4549684686
3,6082646830	9,3563834691
23,1190197356	5,5639334115
14,0636894901	14,9078658695
15,9622263658	14,4276438365
16,3634977167	14,1358026920
5,6281440586	8,6684141164
14,5340374172	14,9430475115
3,1918987652	9,1114624635
24,9617398137	5,1525575850
16,2757617158	14,9374699933
16,0078175087	14,7313717953
22,6982544654	5,0218738596
3,4624313047	8,2998186812
5,9197510821	9,7069557380
23,6922705412	5,1475645678
3,5888715079	8,2074111966
22,9231701824	5,5629920550
15,4529679070	15,0754974478
23,6901922307	4,8087400965
23,7333983961	5,4781601717
14,5938357280	14,6069086659
4,3453639101	9,9575907226
23,1054322541	4,5854901303
4,9378969282	9,0404888475
3,0696565013	9,9172658975
3,3880202581	9,0358442228
24,5453899891	4,9611559180
16,5443935243	15,1575145509
13,9405576766	14,6115686949
14,8556772814	15,0040695170
15,8000458255	14,5980804694
4,4937475291	8,5090477930
24,5489987276	5,4491856876
24,4587307029	5,3180062965
22,1034746112	4,9269528968
4,0744215457	8,3960226660
15,3746001652	15,1911565237
14,6428314419	14,7184313132
23,5795614694	4,5032136077
3,8357634706	10,2214054736
3,0733045864	10,3747877770
4,7380802048	9,7814884702
13,5242139620	15,4533567550
13,7972190333	15,2568572304
3,1505558078	8,5462002752
3,9697389849	8,4082270082
5,0279272561	9,5499921627
15,9595234098	15,9430269196
4,9980272387	8,7255794278
24,5785010710	5,2729733015
5,4500975831	8,4115735305
4,6356671056	10,0935515301
2,8109867906	8,1541913215
4,9346503525	8,5836986732
13,4710573624	15,3341196348
14,4032835785	15,3873977149
5,1215800784	8,8633373654
14,6450577769	15,1074284410
16,1866689342	14,3661255516
16,3537479909	14,6523371316
13,6238074112	14,2053875446
25,9082556162	4,9383801597
14,8213934001	14,6179412368
24,3533989605	4,9145667138
23,0005740332	5,0595161459
23,9331832347	4,9313673189
14,0768546619	15,2084855816
24,2794662812	4,1900940071
3,8560713912	9,4563720843
5,8195112764	9,9864348328
5,0624822370	9,1345363325
15,1106985142	15,3953146755
22,1863419006	5,0511291018
14,6670580706	14,2329825445
2,5160258374	9,1925784589
25,3709938764	4,6712323064
24,1341008179	6,0310750902
2,9277766671	8,7604512219
15,3452706372	14,3722143822
3,4476398022	9,2810434528
3,8178749503	8,8785849689
23,1393543760	4,3549970573
25,0690744827	5,2877701865
5,0708733616	9,0968689063
23,0619945541	4,4530651366
5,6353940590	10,1555950903
24,1592212144	4,3343806877
3,9355287597	9,8544272839
25,2617722437	5,7127720352
4,5240384739	8,8666126684
24,2605040434	4,7181932422
15,4997139720	15,8803900436
15,3774141540	15,8962323094
24,7828836147	4,1517834004
3,5925021820	9,3392232897
25,1284492988	4,7606906618
23,6990320774	4,3667795319
25,2399256927	4,8745197010
23,5040353062	5,0782779940
15,9348925271	14,9575536483
15,6696125296	15,1620245300
15,0385673749	15,3415549478
3,2500185136	8,9730999208
24,6378346444	4,6843379817
13,5872784901	15,4300452837
22,1225975728	5,7026438007
23,5718361208	4,9245335122
15,9100547333	14,6963716925
16,2443238341	14,8829654540
16,1427001358	14,7415085651
23,2504634327	5,3990102542
23,7406984384	4,8815821298
3,9507670348	9,5511769053
3,5433574948	9,3249652425
4,6664366911	9,2475392936
3,7031240329	8,8914232088
24,6502601104	5,4836282787
25,1924766679	5,1811700268
2,9216590965	9,0845256565
2,4505285180	9,2777951501
25,2255812255	5,9080075836
14,7378465734	15,1325635696
24,0576066155	4,7953083790
22,5560979451	5,7816935027
15,1884771846	16,1232530232
15,6007048418	15,1562415445
15,4684316806	15,0085463065
14,5429719907	15,3713290341
2,9876350611	9,5336765879
14,4992178886	14,5127904829
15,4287283036	14,6460787447
4,9281002746	8,5358067359
23,5567186517	4,5501123375
5,9507416424	9,1872159774
12,8439711006	15,3500427958
4,6084618841	9,0152366241
14,6522953378	15,3551701139
4,2574094352	9,4356294024
4,8978564206	9,2630451324
22,3113359598	4,9549623220
12,9996395481	15,1852848330
22,8739307717	4,3609085455
3,6199128960	9,0553311379
13,2457314098	15,0350548767
14,4323029566	14,9247521922
22,9497142106	4,9919782318
23,9484508381	4,9145786810
3,9763752685	8,5243655361
3,5001307057	9,1630115850
4,3492774363	9,0061167522
22,7395621130	5,1504528158
3,0191643520	8,7506396138
24,3753990019	5,6855240781
14,3970161126	16,0437479750
13,7012556454	14,8221017422
13,7066054648	14,6270527462
22,5017416439	3,9912295999
23,9170451345	5,0224628141
5,6123820052	9,1379179681
22,7877927136	4,1950290101
2,9018133747	8,7025898773
22,6919535661	5,9060760917
13,9622400415	14,8267498187
24,5046496348	5,2435821991
23,1943638733	4,1547914276
25,2887358930	5,0127078213
25,2988483988	4,5605596078
25,0025286916	4,9102669162
16,3010147506	14,2805303680
23,4062765942	5,8012025057
25,0415825324	5,1934313555
15,3873919338	14,6753072001
3,1659276924	9,4573145843
4,3293579511	8,6590159181
14,8904280525	14,8155402749
14,2070733499	14,1373202538
4,7096055432	9,3105209017
15,7012460954	14,9977264208
3,8336212001	9,1443848015
23,1372459651	5,7769796949
24,8363052956	5,1644724471
4,8009016382	9,3036839373
2,4666257692	7,7752997029
24,2658753719	6,1384487594
3,0118370876	9,5703575607
14,5171327177	15,0074507482
4,8013658193	8,7406713052
13,4041894909	14,9477153577
24,6819484728	4,6661081262
15,3020049786	15,7164529961
4,2058194710	9,6207679659
15,8114840641	14,6181198610
5,0116625550	9,5635876952
5,3582976343	8,8903690591
24,2773787937	5,1371092961
3,5646642977	9,0679666615
15,4750005794	15,1563229622
15,5692727928	16,0022718385
3,7096285236	10,0337837510
2,9986411327	9,4884412302
3,4886858351	8,5980762646
25,7309270382	4,6559065737
14,8956046229	15,5340374170
14,3215507655	15,0933314015
2,9829068413	8,6608100234
23,3057343117	4,7458271736
24,8970334083	4,9875377370
24,8085702311	6,1911946696
24,9913886948	4,8502581490
24,7985078117	4,5041399556
3,5872906028	8,5863934618
3,2496330887	9,0403657231
22,7774566826	4,9663771342
5,9168516670	8,6985066042
23,9867893679	4,3568131705
23,3588944400	4,1904178559
24,6524190994	5,5249010940
13,9728533916	15,7682460858
16,2265262650	15,0882913130
24,7271489458	4,9367620678
24,8976712266	4,7618914648
13,2981568386	14,4235797240
24,6853827278	5,2972192968
13,4258641467	15,6442189420
3,3738694610	9,2614133186
15,8763567928	14,4837111742
23,6342765964	5,2741190490
15,3332593445	14,2983960957
16,5622021089	14,5792244137
14,3558863467	14,7152925315
6,3017230150	9,6353056600
14,8630689075	14,9991148397
23,3235842871	4,8971540567
14,4182535486	15,6974145265
14,8209520920	14,6361626899
14,5772536608	15,1178289086
15,8604896502	14,6750345419
24,5097916924	4,8700426057
4,0330916302	9,9085949999
14,6449428226	15,3696093243
23,7767285713	4,7107692571
14,4453772142	14,5965916828
3,3058492694	9,2155957507
3,8306635339	8,6188547482
23,1835423537	5,0745033215
4,0010603758	9,3683048852
3,0314513989	8,5374179478
23,6601921857	5,3077251163
5,2193766543	8,8312446115
15,6331305622	16,2281713622
16,3604993917	15,3641822258
2,6683952708	9,1194043121
2,9956466752	9,1624622589
4,2492466622	9,4074928953
5,2064039323	8,6666342497
16,6946184516	15,3222420851
13,7346695145	14,7380534307
16,3333217200	14,9073464681
15,3073950700	14,5662558634
3,8861721421	9,8147037378
22,6903982971	5,1614210138
17,0466360921	15,0557191383
13,4898800913	15,1993577232
5,3994142648	9,4057119598
3,5252617872	9,2101543122
2,8724408542	9,4788258114
15,1519162031	14,7789690992
3,8274576850	9,4497912130
23,7899694554	4,7615549141
13,8612666788	15,5333400882
16,0133767262	15,2337249706
4,0575324909	8,8870551398
3,9804328787	8,3970431448
25,7309373463	5,3909130789
2,8841744310	8,9382442614
4,8214097233	9,6315960803
3,1708340709	8,5195223985
25,1159154509	5,1616023275
22,9834970017	5,2047628068
14,2564684851	15,7513371427
4,3136050725	9,5755335231
13,6451742373	14,7248214313
23,1994282229	4,8741162344
3,7284282757	10,0119336162
23,0692166473	4,7198013872
14,4925974821	15,1862989314
23,3865508873	4,0360186466
24,1539212519	4,5857871917
3,6668826691	9,4879145844
4,9553597117	9,7081040759
22,6762768476	4,2137555629
22,6109746711	5,2909290017
16,2854662675	15,4224296929
24,1905120757	5,5657777645
15,5284400458	14,7074208017
2,4436211897	8,8999611526
2,3607588896	8,3891101475
16,4057140552	15,0573540268
14,2935937292	14,2184288254
15,2615774716	14,9257717330
5,1289172835	9,1640530679
23,1413914500	5,0953406604
22,4183560831	5,2908424739
5,4365942188	8,9822324583
23,3923939430	4,7615921484
23,1121210620	5,3006764115
14,5383880925	14,4800740148
23,5552415838	4,6343743178
13,2414197490	15,4065970639
2,6326834623	8,7294798280
25,6849775178	5,6858301382
13,7094799500	15,4461356151
25,2865206518	4,9509226751
4,4640822280	8,9852216680
14,0335877324	15,1506811211
3,3074589779	8,0961258556
4,0904778009	8,5295534304
23,6661766266	4,9279761513
21,6069233385	4,6092105371
14,5048095616	14,7185059979
5,1046435734	8,8456346445
2,9096292583	9,0047057129
16,1930970682	14,5901703516
14,1670877054	14,4070083208
14,9052911525	14,7484088110
14,6122230031	15,0996716859
3,9839795300	8,1402564314
15,2022320962	15,2708170960
4,1252939550	9,0580091937
5,4351959450	8,7888037144
13,9389973849	14,7814440772
3,7426357594	8,4068261328
5,3475134589	9,2843127083
3,8367898231	8,6581551732
15,9043065821	15,8106421006
16,2283522997	15,0586297201
16,0492537393	14,8664989357
24,6189907651	5,3391422869
13,9807920237	14,4441993375
23,6768486510	5,1707913964
23,2574217766	3,9719686374
23,4651795604	4,7876002830
25,3109181817	4,3072246509
15,8571130425	15,4481965377
5,5327372455	9,3385991318
15,4381384107	14,5315760346
15,4266398365	15,5565809772
16,3459724007	14,8257815939
2,2458800556	9,0379123223
14,4348937233	15,3312146160
5,4867076972	8,0241652869
13,2892617964	15,2295379297
15,3630913070	14,8519424250
15,3794825510	14,5010390674
14,3640790638	14,6414295265
23,4935850962	4,6012154362
15,4217258768	14,8933901283
5,4955264537	8,2475467136
24,9127906335	4,3518640548
15,6008243456	14,8732117208
24,5374012622	4,7245552037
22,7619118590	5,4964277043
4,1146261117	8,6401101526
24,0597036306	5,1128103394
4,2113894459	9,2709941537
16,0379634298	14,6386345212
4,5343264433	8,7357420242
16,9536995008	14,8548262748
16,3432504751	15,2300784662
23,5864724591	5,6698998490
4,6520959085	9,2367533780
13,8268595552	15,9721748237
22,7019048248	5,1272080165
22,6806937606	4,8099246825
14,2952672002	14,5100255499
15,0626450375	15,1563579115
24,4399990303	5,2741458486
24,4434229006	5,7726766179
23,0286019235	6,1388550239
23,7131763542	4,6534804112
14,0956550863	14,9598983776
23,8434082972	5,2026776199
25,7775024460	4,9356002671
25,0840831887	4,2223041761
24,0586814551	4,9305429073
23,5809283403	4,7080680278
16,0810129843	14,5611431737
2,7945445213	8,1865677624
3,8836821158	8,7155696842
23,6872143165	5,2380427125
24,2262605427	4,6217076612
24,5853336918	4,7402641538
2,6063028575	9,3284755964
4,8914705259	9,7172828548
5,5203159893	9,6378779803
15,5070236297	14,9309032163
3,4566955983	8,6115754691
3,2560664198	8,8970195059
23,3416503645	5,7144266581
24,7652045184	5,4598797731
24,3209052621	5,0412059623
2,5732337541	8,8307920385
3,2952890641	8,9141782513
14,7521391113	14,8766233216
15,2661724839	15,2445616771
15,2961264984	15,4106593874
4,3828150138	8,5756784565
4,4920744947	8,6387567434
4,2136564703	8,4937864584
25,0039407604	4,8382068590
24,9477142923	5,5678534133
14,2202225989	13,7721051309
25,1771783879	4,6961372213
13,8119487492	15,2440452220
23,8690354594	4,1754990565
25,4075588295	5,2220931107
13,5180917535	16,3356106185
23,4160763383	5,0165364107
14,0365479664	15,1786549108
22,7325371066	5,5567660011
23,2980524042	5,0799781518
14,2154864910	16,1460504461
24,1789495764	5,0050819564
13,6031213348	15,1955257384
24,0431612666	4,2261978244
3,6646516382	10,2157757390
22,7963619543	5,0143834089
24,5341433710	4,4178085562
14,0199766417	15,5041752678
24,3095977508	5,2047913366
5,1446313166	8,5445876434
5,4642467529	9,0297639852
16,6561895708	14,3949762377
16,2604272974	14,6072514123
4,1401666883	8,4812308755
4,8961221384	8,5520040647
2,6078865604	9,1342061122
4,7000674985	8,1725851781
5,1925320954	8,9987893473
2,3907532300	8,5503063878
23,8303929779	4,5618593339
22,4100259598	5,5231175711
3,6505404224	9,1107222427
13,9465916564	15,1531658161
4,5197601610	9,6296249725
14,3838389399	14,9843037553
23,4123858019	5,6638993545
2,9524818986	8,7762032294
5,2148639078	8,8203627667
23,9065375433	5,8785500617
23,8774541113	5,3028390990
23,6996877697	4,2720439008
24,3795810602	4,3827040668
16,5137373628	14,4741282914
21,9427198429	4,6870144555
3,9024285722	9,0786677481
23,9200618121	4,9682523124
14,5386603391	14,7785327571
24,2700333971	4,6471973283
5,6046743251	9,5792319254
3,9311600059	8,7881776316
14,5446224882	15,4426226671
4,4087001204	9,0510576095
15,0218160681	14,8168704168
4,3352324397	8,5488133835
24,0505840273	4,8945991326
24,0930300182	5,8090167799
15,5372797124	15,3265113591
4,4488367148	9,3038796320
23,0672626678	5,1080392852
4,9194901050	8,5251424166
23,1161135701	6,1067074317
17,3119035246	15,3772083250
23,6840375689	5,1214268879
2,8438462802	10,3186983172
4,2136072504	8,9766251361
23,3573461240	4,2997143413
3,8357976718	8,0296925618
16,4230170140	15,0258959940
13,1586724126	14,6901746691
14,8847282733	14,6804951069
23,9302623525	4,4755293482
14,6880909005	15,7087719034
3,1117366086	8,7580169378
4,9979675956	9,2365276659
4,1865141732	8,2692585663
13,9319933407	15,0384462275
23,6104517994	4,6991710251
13,5827842643	14,1426841471
25,8865260065	4,6006235006
15,9249290607	14,9386438535
23,4928742226	5,1024292668
24,2348844604	5,1392346573
2,5778756331	9,1574595663
15,4320109631	15,6085315442
15,7222733745	14,9835227216
15,4358264846	15,4587003429
3,4738623579	8,9234792777
23,5003069456	4,8865526311
15,1452624550	14,4246260970
3,4362156182	9,0621576919
4,2840844695	8,0854775269
25,7283895627	5,4054361188
24,0397113356	5,1856551758
2,5520178532	9,2163881886
25,5255297204	5,1023091292
25,3742780827	5,8757031431
2,0331248862	9,2864841465
13,1869819645	15,2553962472
4,3659928098	9,7506865788
3,3463826479	9,2210778419
15,7226785855	15,0205592246
2,3534852620	8,2371307274
23,6457409494	4,7189258012
14,6451587741	14,6743284762
14,1685992990	14,9250625712
4,2849471421	8,2948198984
14,7710697571	14,7196237624
23,5080218414	4,5721002379
23,1514760111	4,2988250854
16,2403033361	14,2530767156
4,6800435851	9,0954942474
4,2433126441	9,0327581076
16,1680290029	15,4727954490
5,1303784290	8,8354680837
3,2784698420	9,4829360083
23,2934209660	4,6977982290
24,1588941671	5,2128376594
14,9917363854	14,4830204759
15,2259794345	15,3122688155
4,4812876987	9,4274289217
24,7732281945	4,7219844755
24,9892681096	5,5531772773
24,1110657635	5,2963670070
15,1290471755	14,9576439869
14,0902523273	15,2150861944
15,3608669906	15,4823909083
24,1280407664	4,9419047707
24,0782342174	5,1501297006
5,4480160578	9,1385321480
22,8962263731	5,1380498137
14,7716664219	14,6120798275
4,5701884412	9,5275076456
14,6030286844	14,4509288751
22,9377765626	5,4424105300
14,9918459441	14,7744223544
3,1642086316	8,8908688625
3,3217142209	9,0020299959
24,5210985411	4,7584841453
14,1919249833	14,6267150821
25,2466008709	4,7793796846
25,6165699740	5,5954198573
16,6525005648	15,3029098198
3,9673601632	8,8150978048
4,0536932362	8,7762827761
24,6222823332	4,5228077912
13,2350610588	15,0082767029
13,7094435438	15,1979863314
5,4509082642	8,6740619152
22,9673571990	5,7971829095
5,8867487501	10,0802648912
2,9295071581	9,4057475571
25,3474031203	3,7726406102
22,5434479902	4,8483320352
4,7630865520	9,2858280148
23,7345138214	5,1706120747
23,9184864889	5,3720502680
23,6415159697	5,6619458122
24,5196179074	5,6164052517
3,5409507249	8,2006969478
15,9871319767	13,6196358156
15,4047573639	14,6169161281
4,2473215083	8,9299373921
4,6908056341	9,3943938105
24,9147867353	5,1041986702
23,6881351628	4,6268602731
13,3496661584	14,7471539910
24,1645295237	5,9932302877
23,1582383785	4,7837119480
14,3726332902	15,3534648514
3,3499317242	9,0202620809
14,6759384868	15,0708864309
15,3715251692	15,2003842555
22,9608986632	5,3886836281
14,8220115794	15,4744380997
14,2446980889	15,2760360011
3,2647260851	9,5613470788
14,4828770018	15,0294675362
4,2978062467	8,9058351712
25,0464740150	5,3715726954
14,6131037796	14,5982492491
16,1131145047	15,3702620904
14,9234177889	14,2591152939
23,0913164225	4,9297689206
4,8436120154	9,6593502602
23,4487898545	5,3502875251
4,6300526177	8,8587692133
13,9444680684	15,1368580883
23,1838326231	4,8979909816
24,8727047805	4,5369037060
25,4590586014	4,7247474326
15,4871821901	14,6098236699
13,7917239010	14,3675667972
16,0794095392	15,4058975960
24,7783564251	4,3402997764
16,4982358603	14,8908276725
13,9955026158	14,2848794852
24,2870123369	5,4362962155
5,7642144217	8,8246057174
23,8546576188	6,0759259991
13,5690503045	14,9629332640
15,3224091504	16,0098570082
4,2418828032	8,4802415351
23,5460489400	5,3653028583
22,2875569130	5,4219796689
24,4374617389	4,6478181225
26,4223394088	5,0263955157
14,7298780694	14,7546772092
15,7576487079	15,1981545182
15,6159980422	14,9686079796
12,9530946965	15,4449709204
25,1871942367	5,1205542356
23,0990343472	6,5253287012
14,4582199525	14,5986895532
3,0155375387	9,0698812977
5,5091868521	9,1567838851
22,5360962511	4,5234685330
24,6340127312	5,7356193460
24,0698365285	4,3191795079
4,2055029064	9,4113826334
14,6805819063	15,1175571609
14,3451906322	14,6158552090
4,1877910242	8,9150385582
25,0709614016	5,2972895153
14,4251350598	13,9195618613
23,6979219062	4,9264090279
15,1671367592	15,1886528900
14,7154762339	15,2227721797
13,6971396133	14,5330664110
3,5095478235	9,4598780140
24,6982329171	5,7075670388
23,7211100743	4,5350628470
23,3344524598	5,3997383502
22,9114586691	5,4768178823
5,0159985843	8,4815035433
15,7618395992	14,8628776841
22,7626015318	5,4730171058
14,1520640198	16,0413423755
23,9304752273	4,3535241841
2,8507725402	8,6595166641
25,5163907736	5,4525925878
15,6466510273	14,7610529681
15,8451286825	14,8039232095
24,1175946927	5,8549114397
13,5488587405	13,9256308420
15,7721450196	14,5997414722
23,7278244574	4,5023163887
3,6767473168	8,8816160506
3,5068897947	8,6027549157
13,7400465665	14,7656789764
24,0621131138	4,1476024221
23,0105494036	6,3590880357
3,0131526985	8,7192607952
14,1182062010	14,1386305565
15,9280892004	14,5409223690
15,7342033259	15,2319942784
3,5258115738	8,7657219469
24,5642474751	5,7611099289
13,9387896894	14,1540963920
2,0518705443	9,7536854131
3,3378614925	9,6192879235
5,3795809915	9,5290252130
25,1070821946	4,7903174745
15,4374425128	15,0426749823
2,6239927162	9,6262382607
25,0582164823	5,1270599927
5,1794325759	8,8348516153
3,6226411955	8,4884519822
14,6435746569	14,9359648887
5,1837006420	8,7716168649
3,9641215593	8,6676591637
4,2233809743	8,4818709087
3,5435843368	8,5559938696
14,3070930949	16,2613565629
5,8225648181	9,1082955985
3,4939641064	9,7331539344
23,4715982046	5,5633709957
2,7245787216	9,8008047821
2,6038628848	9,6707265492
2,7066424594	8,9924797742
15,5638062215	14,5550910690
14,2828785927	14,4330991000
22,7378078299	4,8572899722
25,4372048389	5,4999718686
23,4578892376	5,3468102119
23,5811202607	4,6947521398
22,9164432899	5,2918062101
22,8904827604	3,9715768603
22,9600773131	4,8911357233
4,7039601593	10,1025742395
15,4812278931	14,5384142502
22,4279332646	5,5576926766
4,4675004604	7,8173137440
14,3964745097	15,2109095617
16,7731794607	15,5933146430
23,4434155955	5,0394901290
14,3471889954	14,9501785339
2,8695090752	7,8593136261
23,1199897346	4,9416964358
23,2537137108	4,9145194680
2,4407422288	9,4524940693
16,3554404670	15,0344006653
24,7455825671	4,1476903443
15,5702838374	15,3705734026
4,0453312157	9,2700353807
14,4182640646	14,3162013521
13,2961795284	15,2540387110
4,9137656969	8,9180954217
5,0797157387	8,9934576522
5,5617177453	9,3156808632
24,6117339608	5,3984372605
16,0547297224	14,7191522747
2,2675241787	9,6306004393
4,3297584342	8,4775775201
6,1258166445	9,4738781279
16,6619255055	14,4804556896
13,4692383159	15,9066108144
3,7274785314	9,5304496588
24,6983471765	5,0176016312
22,3216489160	4,9135434865
24,3777261455	5,3760107787
5,7894303012	9,7375404808
3,1879349772	8,8235027358
14,4283252684	16,0473283342
13,8299950314	15,2180286396
23,4474163777	4,9013464093
1,8540796141	9,4846504361
24,9918631751	5,4430347067
23,1322853901	5,1980002754
5,4328016574	8,6683131240
25,0520081288	4,7724199725
3,5820580152	8,7926030042
23,6669824053	5,3005908727
24,9319332253	5,0419159014
23,6003156998	4,7405933769
3,0087467537	9,0660568975
3,8862477188	8,7925287653
25,2059254939	5,1722186908
14,9012533285	14,2922292853
4,5670047781	9,3584329312
23,0512008006	5,1396708213
23,5496382987	5,0735232259
24,6847842622	4,0110560785
15,4106181799	15,3293872524
14,5165836055	14,1215094554
2,7092933791	8,7191025886
14,9469605618	15,5196711907
4,5119824610	8,4489295323
2,6158146943	8,5375347386
14,8388550558	14,9163165349
2,3800956389	8,9064215767
13,8710247714	14,8549438739
23,4561570741	4,4299192641
24,7308554244	5,0169897899
23,6374872477	5,0927144103
16,5052763476	15,5455025314
24,5366307659	4,7436502555
22,4385864307	5,7083449595
14,6937454723	15,2291580647
3,8436020015	9,0249177742
22,0894839545	3,8292733335
24,4508639662	4,7092208351
24,9320084408	4,4742581708
23,3030621709	5,1538528973
5,2280683356	9,0363626978
14,8659786611	15,4688479116
15,8388284449	14,7372053126
3,6096479033	9,0871981967
14,7227511315	14,5647085781
5,8193036844	8,1302157421
4,0470591600	9,1793289792
23,6061462693	4,9600869709
15,8230633891	14,7308881819
5,2273680618	9,2872462627
