3,5797662903	-2,7394199413
4,7114335206	3,8470481433
2,6241441228	-3,1083386051
4,1144639455	2,4756483263
3,1685851372	-2,3256144737
3,4896938354	-2,5503519961
0,6500058367	0,1049490949
4,2565912178	2,3021616438
-0,1837180061	0,9424848715
2,4992416826	-2,8766573336
3,0334704348	-2,6770224206
2,9448264122	-2,9520286119
0,1766966829	0,0663375888
0,2272809726	0,4535947211
2,9579868471	-3,4919997649
-0,7008775271	-0,1596555051
-1,0327865371	-0,0710566793
-0,2165284365	-0,2768974403
0,0796375323	-0,0204347795
3,5444557243	2,8471493425
2,3656828340	-2,9333762342
0,1209673290	-0,4289796444
-0,3092436252	0,2836142442
3,0816306534	-2,8664505311
3,5766563044	2,6187609457
-0,8717462557	0,2177934015
2,6232057669	-4,2079481806
-0,3723036565	0,5448159954
3,7784975030	2,9301314879
4,6472087428	3,1114306012
0,2030865646	0,2396756367
2,7681521880	-2,9115434404
2,3713995890	-2,5971080737
3,0911777556	-2,6305270944
3,6102382373	-2,9583221650
0,1120652514	0,0682402632
2,9997178289	-3,0991026753
3,4167783426	3,1633744544
3,8981343679	2,9755286651
3,6904120482	3,4179335467
0,7258273916	0,1657846071
2,7174840462	-2,8861028590
4,6909165919	2,9188923028
3,6445442522	2,6131690527
2,5602677204	-3,2948809916
2,9155570079	-3,5811680963
4,5691984427	3,7543911783
4,4754467041	2,3128972193
3,5171524503	3,2851435186
-0,8404742246	-0,0443924765
4,6323941062	2,7224412437
2,7275497887	-3,5740459696
2,9156913283	-1,9236018601
2,9271723333	-2,9723779441
0,0746039152	-0,6859708549
2,4633772873	-3,0452403401
4,1977041765	2,5391320486
2,6396942134	-2,2123438320
2,8967483341	-3,0657334342
4,2596833013	3,8945910965
-0,1106007260	-0,0057272349
0,1839416316	1,0822040870
3,1113704216	-3,2746947421
4,5145246974	3,4687799339
4,1520089058	2,5656851271
0,3877128965	-0,6344897453
3,8297545338	3,5034414319
0,2342733771	-0,0810481552
4,2674121528	2,0474156827
2,7950819777	-2,8375761656
3,6892750049	-3,3783594458
-0,0842891715	0,3889489861
3,0621295969	-2,8934645695
4,2573658980	2,8840812521
3,1219875341	-2,9617118315
2,3666293642	-2,0192284114
4,3931220748	3,2088768546
-0,6316808277	-0,4811732289
-0,7181703437	0,4478080302
4,1637334461	2,0491639490
4,7772464195	3,1919768960
3,4245765823	-3,0816867607
3,3625999018	-3,4520597681
3,3464293077	3,1049682345
2,6994046409	-2,9500068811
-0,0300027914	0,1759921680
-0,0075786784	-0,2987824951
-0,0650335691	0,0418927692
4,3353081765	2,2230477712
0,2290860841	-0,1913632416
4,2528085102	3,8005478687
2,9937936291	-2,6638837205
3,9630795585	2,9483080755
-0,7320788528	-0,0642596559
2,6733265316	-3,4274006749
2,8224131555	-3,0671426849
3,1873792138	-2,7730214977
-0,2792680371	0,0922644354
-0,4494550765	-0,4753230704
-0,3748539053	-0,5017318624
4,1166434766	2,8244158434
3,1569717318	-2,3581649936
4,0164080494	3,0865877445
2,8441823598	-3,0172224430
0,8897251740	0,0569095082
4,0722912638	2,7879860591
2,9447939710	-2,7125992712
0,3163710076	0,1046435685
3,8764548668	-3,1587129737
3,2742406143	-3,2190324361
0,0704485305	-0,0876263956
3,6626470009	3,3307386961
0,1480317152	0,5731858353
-0,0526040941	0,0812169026
0,4303359437	-0,2975620729
4,2795548292	3,2120910733
4,0546463400	3,0033283155
4,3121397727	3,7922990538
-0,4013560448	0,0949062760
0,2475724878	1,0271650392
3,3380252758	-2,4293878944
0,2477805241	0,0502588947
0,2345250512	-0,0811073474
3,8944266529	-2,7704300787
3,8997235561	2,5632256340
0,2640803059	-0,2206684079
3,4832402416	-2,6092076632
4,2735899853	3,0280456639
3,5182735032	-3,5816115298
4,0765141325	2,4063420337
0,3532462562	0,2567994509
2,3355266187	-2,3048084285
4,1885385877	2,4941600715
3,2444567393	-2,5669119885
-1,0874140978	-0,6653272376
3,8740264477	3,0751368871
4,3799740026	2,9495876691
4,2273151059	3,7563713849
3,4889604541	3,0396844096
3,1074500439	-3,3423167338
0,1204409889	0,3199790901
-0,5059743776	-0,0121925377
4,1823649210	3,0486905555
0,1800052221	0,3699720099
2,6510702154	-2,7370867285
-0,0884395736	0,1088341202
3,9551305021	3,3207971407
0,0973735446	0,1910886982
-0,0955183550	0,2302346238
4,7065521365	2,7814078404
4,5352822973	3,1765202844
4,2378632150	2,5773107786
-0,0686302023	-0,2408594794
4,8325784909	3,1504970038
3,7071841932	3,1784521550
2,1713869616	-3,2952651198
3,1132930783	3,2723516051
0,0712418058	0,0694623611
-0,1923265961	-0,1089575183
-0,1567761992	-0,0574487225
-0,3187810900	0,0202897548
3,0558356840	-3,2211163334
4,3460123097	3,4765471356
0,5592996975	-0,8299854445
2,6515226395	-3,3195912191
4,7148624183	3,2451467976
2,1276113704	-2,7253452427
-0,0064226686	-0,4724442093
4,0471458782	3,1498353089
3,5958105321	3,1982534241
0,3808819924	0,2740561285
-0,1496276141	-0,1367409083
-0,0902435630	-1,2484685886
3,0897999525	-3,1936085650
3,2019447447	-2,1247726854
3,5245267338	2,8734397511
3,2476364964	-2,7105982207
2,8331701900	-2,9443341108
2,8183513383	-3,4206114985
2,8586155717	-2,8257881769
-0,3650722294	0,0749789817
-0,7602293827	-0,5944440448
3,2737153097	-2,9801884832
-0,1091457233	-0,1321203597
3,0317510089	-3,3871036414
-1,0078352147	-0,4231430354
4,1505091375	3,4599630517
2,7674361510	-3,3334254527
4,6257521962	2,8509417906
-0,1559280520	0,2627405859
3,2074963029	-3,7479665407
3,5910520604	3,1527495134
2,5480448721	-3,0966336894
3,3683269882	-3,0707806210
3,6288200188	-3,2116301190
4,0672299963	2,3738252846
4,5563770839	3,3541492121
4,4361740840	2,7317957153
0,1387137067	-0,1375841957
0,0049749222	0,0964283103
0,0408504604	0,0989438875
-0,2714399795	0,2353967912
2,7242827192	-2,8335722562
4,3954634728	2,8452573242
4,2817835294	3,3424409441
-0,0217907987	0,3891000873
3,3010174087	-3,5937178449
3,1532160732	-3,9685190132
4,0725251593	3,0631811623
-0,0293703028	0,2447491447
2,6330319874	-2,9265106907
4,0956208691	2,9335933038
3,5748215259	2,3354917799
-0,1464973041	0,0250638142
3,2278330807	-3,1029764073
2,4476666116	-3,2930032282
2,7383736565	-3,3548085393
2,0986246441	-2,8864078263
0,1916961787	-0,0757335240
3,2632266580	-2,9380416992
0,8164240996	-0,0916075438
-0,1014451813	-0,5895962316
0,6246852125	-0,0423134322
-0,4990757858	0,0845641657
4,1837073515	3,0004210736
2,9622745677	-3,8869784594
-0,0526853277	0,4075249610
3,1738558509	-2,6549762136
-0,1572597319	-0,8697619929
4,1812399687	2,2232099401
3,3344712296	-3,6853679816
3,6552938865	2,9333620755
0,3462105520	0,3181377297
-0,1925640290	0,4528534413
4,6098809421	3,4736081151
0,2611683625	0,5450483840
3,1445109484	-3,4276770364
3,8235072802	2,9118215841
3,0316917708	3,3220462193
3,1017098703	-3,1672302927
4,0317324600	3,2657035444
4,2701754365	3,3437875551
3,5650474991	2,9611273449
-0,0946995981	-0,1089253922
3,2800477923	-2,7963362911
-0,0580098523	-0,1140333477
4,4125981888	2,9205588785
3,9604641246	3,3606714798
2,7902900867	-2,7204280799
0,0683877647	0,0186915490
3,0739178521	-3,2717014143
3,3239656806	-3,4860343772
2,4859275652	-3,0645094740
-0,2345623104	-0,1600639729
3,1777920828	-2,7319775977
0,2231006255	-0,6266737676
3,6436206094	2,5638114447
3,0719621861	-2,5745132851
-0,0050009689	0,7756365686
0,0000791932	0,3869208852
-0,4542061199	0,1942239737
4,4391935294	3,0967378066
3,6980050899	2,9245664260
3,0402418186	-3,1143172281
3,7538814388	3,3989908113
0,4165219522	-0,2906093205
0,0215113100	-0,1691843924
-0,6504400236	-0,2022660346
4,0717638476	2,8720284663
0,2649325964	-0,5907664739
3,1607117921	-2,5523773864
3,5623539472	3,5484366179
-0,5067248733	0,3416317239
2,9803998367	-3,6092929807
-0,4936585883	-0,2070637772
2,8553502910	-3,2313853065
3,6093111141	2,9801361724
-0,3688607262	0,1755144884
-0,0887927400	-1,0502967399
0,3209987004	0,7807901972
0,5350219301	0,6570766840
3,9838592268	2,6228344568
-0,0395911573	-0,0953058841
0,6679675959	-0,2516094730
0,2601737273	-0,2146266283
0,1608817448	0,1750452836
3,5425523878	-3,0615011616
-0,3978303185	-0,8169327644
0,0653701701	0,3555541319
-0,4282838669	-0,1710807898
2,9900302834	-3,4979585448
2,5029376211	-2,4986865865
0,2404514359	0,4625919226
4,0694364193	3,1751617159
3,0209359940	-3,0869401799
2,9117202712	-3,8320749921
3,0750953932	-2,8831768573
3,5143128707	-3,3412574717
-0,1130186389	0,0002591744
2,8613425828	-2,6594734665
3,7405295298	2,7060162760
2,6686441186	-2,9612610951
3,8721315923	2,9036184006
-0,2943132811	0,0789722425
4,1260293914	2,9747393937
2,8703449794	-3,4457057731
0,3034883268	0,6409330008
0,4032424922	0,6781163647
0,0720773136	-0,4792049218
-0,7967427824	0,0607499964
3,7482810431	3,3246319247
3,0451866331	-3,3045297070
0,7294919530	1,3388976852
-0,5029036313	-0,0263743581
-0,2769504357	0,6282437137
3,1504610477	-3,5002408427
-0,2970261189	0,0127152223
4,2262008054	2,7508367694
2,6630386350	-3,3048811736
2,5399471096	-3,6916269919
3,2183590856	-2,0177611444
4,1246055383	1,9040302849
0,2173196410	-0,0868927250
-0,0270884942	0,1420699157
0,2662854002	0,2607590069
-0,7971637708	-0,4050975687
3,9249551216	2,4039502756
2,8708095814	-3,1195193343
0,7655314097	-0,2659897009
3,7051365834	-2,3229408709
4,8383973090	2,9438364627
3,2007338420	-3,3217465457
3,6816872725	3,4430418683
-0,0282411210	-0,5594841917
3,5272797824	2,7918320091
3,2012111188	-3,0338818504
2,8363479451	-3,5731400037
-0,2810949875	0,3121988391
-0,4694889448	-0,3955603835
3,2482598822	-3,2963205212
4,3428941452	2,4576890490
4,4426692093	3,6220901341
-0,3553190972	0,0921650171
-0,5380892667	-0,2239107563
3,2492768826	3,1443378508
3,8976142695	3,2028779741
0,1908531627	-0,2280770626
2,6534620307	-3,4424730768
4,1644375131	3,3816580066
0,7629265489	0,8583157418
2,2584182390	-3,1607735343
2,4806951527	-3,0479850647
2,4010403392	-2,6062590979
2,8349257132	-4,1646922106
-0,5412750866	0,0705790273
3,2483617832	-2,9877649766
1,0034862115	0,2872495464
4,1567570857	3,0074849298
2,7145286276	-2,4687695358
4,1028058614	2,3696053687
3,9703771916	2,7540707688
3,8499128738	-3,2762031950
-0,3223537243	-0,4621645038
0,0791538370	-0,1958649518
-0,0343529325	-0,0780475164
-0,4585101348	0,6333752705
3,3227983361	-3,5127209464
3,7014545029	3,3664270446
4,0198518925	3,0181735628
-0,4306459801	0,0048937357
0,2077322618	-0,0291272014
-0,0539359485	0,6080849085
3,6201800369	-3,1458381934
4,2865586838	3,0062708899
0,2131473457	-0,3006762549
0,2603970040	0,3867884225
0,2292456783	0,0214464654
2,8364307651	-3,6017281467
2,9094624225	-3,0196213380
3,6232720001	3,2726696084
3,6411802820	2,8432292437
4,0251649823	3,1047714083
4,1215336206	3,4161787273
-0,1038479266	-0,3967729700
3,8077974759	3,1293952836
-0,0574497669	0,3374838427
3,9721541469	2,3575991167
3,2363255823	-3,4917522871
4,0924293468	3,1253552844
3,1725897818	-2,8551647264
-0,4944009472	0,0636188864
-0,0602048332	0,8493923083
4,1608015134	2,8066939378
0,3783735705	-0,3799379454
4,0191998790	2,8210323385
0,8234783868	-0,4539049388
3,8465641382	2,5411015855
2,5202276727	-3,1154422931
2,7853829893	-2,4972457914
3,9616427304	2,6958780489
-0,5460712287	0,2902624706
-0,1533818633	-0,1215665904
2,5903364252	-3,1395296801
3,8645742161	2,8888344588
0,3772815251	-0,3627746040
3,9932012110	3,0478279173
0,4270820730	0,4212096440
3,4004071636	-2,7473737355
2,4279280530	-2,9718764253
0,6158609030	0,8204617458
2,6596968478	-2,6434121935
2,6233794755	-2,7016399493
2,7811474428	-2,9140983420
0,0615237205	-0,7370661374
4,3579430639	3,4485053698
-0,3334664672	0,8515390722
4,0206189349	3,3231299051
4,1407929564	2,9203838567
3,6820895736	-2,5952774686
0,5172071466	-0,6042668362
3,8774270322	3,1464461443
2,5193273882	-4,3870925864
-0,5497923930	-0,4839434965
-0,0293993813	-0,3075747656
2,8673021054	-2,8689747819
-0,4349501046	0,2774364631
4,0847727212	3,0560949745
2,9877720460	-2,6405979101
-0,2551955184	0,1141877886
-0,2876560363	-0,7655935371
2,8660712770	-3,0002945185
-0,1902170915	0,0495187562
-0,1441414154	-0,2444175780
-0,0844993072	0,0581043149
2,1202699461	-3,7477810992
2,6179207479	-3,0699622244
2,6827495929	-3,4562779875
2,9298110006	-3,0971415190
0,8459687789	-0,3000730605
2,6478465171	-2,6386296120
3,8490563085	2,7546705159
3,0480003612	-3,0074275611
3,8351823924	3,1519507013
0,0706886819	-0,4712573845
0,0395284876	0,1438684900
0,0884426805	0,4948796803
4,1102015218	2,3004134238
4,5227144403	3,2236383657
2,5584270199	-2,5644627499
3,2272566625	-3,6017547425
4,3319301145	2,5285651051
0,1387147945	-0,1086688238
4,2991192223	2,9376303994
0,3881017317	-0,8672801511
3,8889284667	3,3757403834
-0,2729432964	0,3478797414
3,3081814543	-3,1273103348
3,6557949164	-2,8911535568
0,8123300916	-0,2901169081
3,0496139073	-3,8794058895
3,6846370494	3,2342018413
3,5755646365	2,1306019421
3,7791514261	2,6976010094
-0,3336400183	0,5244134214
4,3408221324	3,1198530842
0,3358251222	0,0514455494
3,9380645524	2,9134722533
1,1592462954	0,1361235241
2,6493729260	-3,3448498423
0,0351548838	-0,3813751969
0,4068288688	-1,0169514070
4,1671740505	3,2686070268
0,6796213535	0,1170785609
2,5491531471	-2,6756152236
3,8167592541	3,0831116963
-0,0701031940	0,0247164463
-0,1199590804	0,1675542364
3,0784135796	-2,7487948292
4,3811483184	3,2231327563
3,6822561714	3,2797123849
0,2307857948	-0,6021706307
-0,2701846731	0,2023133756
4,0187000863	2,8084218326
0,1366176997	-0,1709011413
4,2264571944	3,8222596691
2,6252727059	-2,6332583512
4,0700805433	2,5620192929
2,7573122687	-2,8172596568
4,0623075444	2,4370679462
4,3840149964	3,5112406445
3,9873564536	3,5456865630
-0,3813385046	-0,1041750939
3,9255490466	3,0016080112
3,2524573447	-3,3740462897
2,7907374809	-2,8396186427
2,6874807096	-3,2033014568
0,1594425532	0,2842691512
4,6689933800	3,1117822650
3,3025113364	-2,9674586389
-0,2513206426	0,2757824603
3,8506890640	2,9222040086
0,1589300796	0,3139731954
4,5304386451	3,7422576719
3,7949601145	3,1880888145
3,9189280246	3,0620505529
2,8963989605	-3,9308461788
-0,2799128916	0,3376672814
3,0179615753	-2,5753085030
-0,1471223102	0,3589063018
4,4045346874	3,5942574313
2,8979448458	-3,1352762271
5,1575471383	2,9548544909
0,0838949871	0,1545126017
0,7398237962	0,2697069927
4,1415983691	2,7735353194
3,1402163506	-3,0170603708
-0,3475190629	-0,0070947150
2,8615964878	-3,0595715238
4,7845176724	3,0077191932
2,8514374153	-3,4663941549
3,1936282040	-3,1818052489
3,1735148226	-2,6153264754
3,8244220260	3,0347162609
-0,3404853724	-0,3678752863
-0,0946160782	-0,2141390044
-0,2713748603	-0,0772458560
3,8128408623	2,9849391733
3,4811458945	-3,2357194641
4,0433772065	2,5890378882
2,7744601464	-2,4139887927
3,2053526643	3,5606788233
-0,1659824917	-0,1793916230
4,3943791323	3,1560878155
4,3588588729	2,7029728647
-0,0070906070	0,3409456223
2,8358191787	-3,2344555526
2,8145283489	-2,3019872880
0,0702038159	0,1712862087
-0,6479369924	-0,5322281537
3,5504974816	2,8444586917
3,6465735683	2,8600523923
3,5135015259	-3,0592570170
0,1291371140	-0,0123115368
4,0364152455	3,0053394115
0,5453255872	-0,4786871005
0,0448164432	0,9368886341
4,2070001888	3,1682192387
4,3293785197	3,0342295242
-0,1231435582	-0,4295678421
2,6457258100	-2,8037500593
0,2557395784	-0,8213730884
3,8518677591	-3,3904015383
3,2370474997	-3,1170913322
-0,0736572715	-0,4207588968
0,1969061963	-0,6639882849
2,5773604581	-2,4508287849
-0,0157004273	-0,6762295080
4,2277185880	2,9595947775
3,5962962348	2,7312996623
3,4756285091	2,8963695373
3,9205118859	2,5976468178
0,2101087108	-0,6074830168
2,9742184665	-2,3047064268
0,6541252431	-0,3877909451
-0,2783377130	-0,1388085522
3,8093929562	-2,6330300592
-0,4252278514	0,5586328928
3,2195490045	-3,0199641965
3,5109989638	-3,2422203190
0,2251149493	-0,2362549170
3,9605958040	4,2447630371
4,9340003980	2,9105336620
0,3022986825	-0,3823338119
3,0368390700	-2,6299277139
2,5946800833	-3,5486929015
3,8900035443	3,2067783096
4,5137201116	2,8040286686
3,3502718327	-2,8509605101
-0,0189902687	-0,3143821464
-0,2823337417	0,3547618808
3,7672516052	-2,7563037531
4,7389691242	2,7632281984
3,2657813759	-3,4068454776
3,6017283930	-3,1013563298
4,0639940204	2,9254325761
4,0619031046	3,1156882731
4,5022865687	3,1134497335
2,8438570328	-2,1228014426
3,9119885713	3,0547683339
0,0296111578	-0,0190765486
3,6257400703	2,8683076042
2,7409115980	-3,4002996241
3,3680844772	2,6462063300
2,2921430310	-2,6819031418
3,4904942830	-3,5415032265
3,3086734743	2,3997783300
4,9495272312	3,5052036179
3,5557246273	3,5117873818
3,5451277878	-2,8070672322
4,2025780994	3,2894971710
0,1549660331	-0,0703173436
3,5485834100	-3,2928527210
0,0127549043	-0,0967311756
3,1857798835	-3,0040683886
-0,6243273846	0,1463852038
3,1436571036	-3,4511783370
3,9634351940	2,5932037845
3,6478125936	-2,9622514301
3,0591720528	-3,1931639471
4,1853374665	3,1245097962
2,8340024983	-2,5247197288
4,6853538361	2,6743007301
-0,1253001302	-0,6859258808
3,9733512184	3,0677557944
4,1853945837	3,1877939586
-0,2324927739	0,2081630382
2,4798517076	-2,9130695607
3,9856198554	3,4141155992
0,0931409361	0,5416729205
3,0479987050	-3,1624742481
3,5887509291	3,4237342026
4,4581588437	3,5349940896
0,3518521831	0,1730749715
3,8733795091	3,9203070226
3,4738602879	-2,9873083706
4,0662150592	2,4135107212
2,5220493264	-3,0970756344
2,9073328905	-3,8187052384
2,6964292599	-2,5721183734
2,7394486644	-2,7106543291
2,6724284167	-3,1357948906
0,0267973712	0,7705531015
4,1359360558	2,6615723890
2,7879587856	-3,6113427790
3,2639640061	-3,1648217587
3,7475496500	3,6039183072
0,3869443648	0,1949011070
2,4725529418	-2,3826498743
0,1845248578	-0,0684741835
-0,6426794972	0,8521928046
3,0265866080	-3,2293197879
2,9165745985	-3,3181276094
4,8327413661	3,0551240148
3,5390091782	-3,1223322157
4,0747388720	2,4131123102
3,6393934916	3,4073480810
-0,1244207473	1,0589925506
3,2618046683	4,0381264286
-0,2847170884	0,7667742077
3,3925758285	-2,4887732035
3,2229718212	-3,1992208184
4,5889194068	2,9519119028
3,7976223741	3,4245928817
4,0800686539	-2,8683628739
2,4803000152	-2,5440779931
3,8568768345	3,0513467243
-0,2235763062	0,2780191580
-0,1829890051	0,1146937625
2,3388598846	-2,5774986429
3,6544846468	2,8503025211
3,1091802193	-3,3488668462
-0,2938556156	0,1200625381
4,2370854314	2,7712368323
4,3112473668	2,9470497803
4,0125770139	3,1873597993
4,4675612037	3,6347770165
4,3941181216	2,4014635766
-0,3593181693	0,1716056042
2,8440399405	-2,7637728470
-0,2192415494	-0,1056684477
-0,4488502990	-0,5170796715
3,5775655425	-3,0399054215
3,4883391135	3,3490447150
3,0206389998	-2,4790778865
3,7353638564	-3,3228531354
4,2807927274	3,7527906208
2,5634472383	-3,1942789916
3,0499698386	-2,7482962700
-0,1862249342	-0,1613614929
4,4476270298	3,4145433784
3,7037607028	2,8380744698
0,4262848069	0,0785812991
0,3930368851	0,1320747833
3,0091037972	-3,8531692758
3,1544239934	-3,3491539971
0,3244428275	-0,0968399125
2,6287926206	-2,8512357304
3,6802113384	2,7008931019
-0,2438086449	-0,3658482290
3,3959733894	-3,0706192408
4,0863971864	3,2102199677
0,5974551645	0,0064780269
4,0167483384	2,9035234432
2,3052529857	-2,9633758830
3,4089688756	-2,7050248565
2,6719731379	-3,3580796501
2,9677197982	-3,1617492091
4,4750869872	3,4622255277
3,5590150050	-3,2433893773
0,6262156786	0,2847561174
3,7753103971	2,9271762668
3,8415760247	3,3131165796
3,1024746230	-3,2094749782
2,2335812061	-3,2634932174
-0,1746924833	-0,2535523947
4,4503800254	2,8263858779
4,1386394834	3,0836077995
4,3177351942	2,3869527897
2,4799254148	-3,1887753317
3,2939162113	-2,5312266958
3,9791255876	2,6103470015
3,7214936313	3,1616240480
3,9772777273	2,9999785905
3,9852481887	2,8623207427
3,1053707964	-3,5248836320
-0,7278494409	0,1053782461
0,0741395976	-0,3538275394
3,3035181107	-2,6723194683
4,2214004578	3,2637593226
2,4170231234	-3,0397359666
-0,4720793502	0,1280186731
4,0938548807	2,9626299974
4,3485685545	2,5124133839
2,7694339881	-2,4669624658
2,5128914928	-2,9463977781
2,9730175762	-2,8031508769
3,1889126701	-2,4302559779
3,0405982442	-2,2437099003
4,2475737987	3,3420832978
0,5565729726	-0,0071619006
3,3101875566	-2,6466750076
0,4576144126	0,2598680540
3,2962680324	-2,8412719447
-0,5009012498	0,2612798517
4,0693258335	3,4997573468
4,3237101284	2,8346814999
0,3811480720	-0,2954828505
3,1424723622	3,5079403192
0,0117212150	0,2831269496
2,7847892769	-3,5126858573
2,6718889229	-3,1172800636
0,4807105906	0,3733750897
4,3706585001	2,9142560850
3,0260930563	-2,8206907219
0,4501517995	-0,3217021333
2,6133274710	-2,7951050785
2,9322793387	-3,6621843018
2,4363675831	-2,9643963788
3,5192163058	-2,9416162242
3,0504732796	-2,5616402107
3,2844512741	-3,4584818169
-0,0999355821	-0,4552347759
4,8444592031	3,4571017126
0,3842182245	0,0183679610
2,8640080895	-3,1594315894
0,2588467345	-0,4137776192
4,1994040384	3,1614853394
3,1132996443	-3,3639136386
3,9325186498	2,9167078488
0,0589556581	0,0089577429
3,3716273994	-3,1487905593
4,0411062965	3,2802354060
3,1110351317	-2,4642229650
-0,1059440311	-0,1495730741
4,1703981999	3,0037457242
0,3615095886	0,1127132926
-0,5608930642	0,1919725164
0,3659528045	0,2355148178
4,0690880280	2,9455920415
4,1525052679	2,8633072378
-0,2218974101	-0,2737674824
3,9003594230	3,0544626707
0,3670315169	-0,6707375191
3,7904450873	2,4784335812
-0,0184541118	0,5015230107
4,0301325153	2,5621725704
3,2973940398	-2,5917657431
4,9466083334	2,1373002002
3,5973912155	-3,3633711752
3,1357761684	-2,7504261312
4,0679510536	3,9355618735
3,4627312476	3,5858476599
-0,6224946615	0,0756788306
-0,3400173821	0,0964796005
3,4689709334	3,0863187980
0,6763711966	0,3498882444
0,2694946663	-0,2220444714
2,7443379874	-3,4377763734
2,5693514314	-3,3483720249
-0,0087338177	-0,4050792516
4,1098364008	3,3376086972
3,9511755893	2,8524723061
0,2151979393	0,0523313522
2,6039690258	-2,7599856296
-0,7741783343	-0,3137508479
2,4086187833	-3,5988410870
3,0461439675	-3,3765309683
-0,3112018304	-0,2938924004
-0,5421131273	-0,2687177822
4,3317673983	2,7627152962
4,1961748377	3,0905504528
4,4292796566	3,0944595879
-0,7079523768	-0,5422051438
3,0392740472	-2,7156312887
2,1047614499	-2,8639874499
3,3335932590	-2,0925606241
3,3203161106	-3,5880773330
4,5719766054	2,8271060906
-0,4378601337	0,3594197133
4,0461042874	2,8030708942
3,7862589746	2,9053244013
2,9008798174	-3,0943541703
0,0822627618	0,4250951069
3,4347506239	-2,1215423266
3,8426638431	2,6041524734
-0,1531573597	-0,5713274655
3,3193183515	-3,7065571392
3,6856641745	2,5595523808
0,5889555561	0,2951907382
4,3651444942	3,7370318487
3,6248057152	-2,2282894938
3,0258332999	-3,8371660502
2,9341282614	-2,9982991265
0,2029725703	-0,1031880697
0,1661876717	-0,0641539006
-0,1767010424	-0,1213574999
2,8227966245	-2,8193240797
3,6758818739	2,9351011509
4,0761311745	3,2240843411
-0,6364647123	0,4635276830
4,0173640671	3,2684203871
2,2187022489	-2,1610484727
2,7513646616	-3,2903905406
-0,0551788494	-0,2780746722
3,6127203096	-2,8646409151
0,2053800588	-0,3022135268
3,9196774680	3,1550960287
4,3623613329	2,7731816378
3,9335620991	3,0987768956
-0,1887938122	-0,2237896202
3,9937842291	2,5772020857
0,3657439682	0,3829844684
0,2411888205	0,3410849583
4,1796928952	2,6705296802
-0,5576027420	-0,0160808973
-0,7250039519	-0,0446503749
3,7513792186	3,1582281925
3,6932085594	2,9521193885
3,3513687426	-2,8581178040
-0,4611282646	-0,2421966512
3,8181575400	2,9326409182
3,7307149515	3,4826427258
2,3262827885	-2,4894566846
-0,2457014626	-0,9691310631
3,3734995904	3,0968097560
0,3814520535	-0,5827756166
3,6638298381	-3,4687159666
3,3397755794	-3,1421664000
4,2019696799	2,6508740394
2,9411298034	-1,9660921155
4,3639667518	2,8358414104
4,0129638333	3,0139807597
5,3981558867	2,7854759049
3,6273880828	3,0294510833
4,1865904076	3,4277868192
4,4551172586	2,4994180254
3,3679560090	-2,5518982778
3,2709392516	-2,2513784032
3,8998843178	3,7178656756
2,5980539167	-2,9294628310
2,5499168296	-2,4391488775
3,9597827389	3,5325603531
0,0430043405	-0,5651542512
4,2025247998	2,9891351045
3,0561904163	-2,0862866487
0,3542346065	-0,7933180812
0,2302086354	0,7225147875
0,0991213548	-0,2156442153
0,3005466868	0,2068706738
4,8809413621	3,0347904772
4,0558776027	3,2514418217
2,9794374637	-3,1405183757
3,8306407899	2,7902539165
3,5653406614	3,5134471081
-0,8235035586	-0,0584772454
3,7544581549	3,0846930161
2,6072193130	-3,4829274850
3,6520549788	2,9725518198
3,7662493756	3,8125218600
2,2793825214	-3,1002114942
2,9985010887	-2,4592683770
-0,4995255099	0,3677149734
4,0207364708	2,3083528643
4,4909496156	2,9982638463
3,5092309155	3,3609125986
5,4387396470	2,6326328620
2,9113650355	-3,0897272283
0,2951327928	-0,2173727052
-0,4244005595	0,1720344224
0,3132480927	0,1208359060
-0,0131188807	-0,4061982750
0,4179376356	-1,0872185830
3,6331156475	2,5528257764
0,2089448623	-0,2354958801
4,1576074430	2,5098797410
2,4402714172	-2,4191119573
0,1458496327	-0,0733682202
0,1919498800	0,0320511503
2,8224624423	-3,1719188931
2,5901293663	-3,3326909408
2,6424532661	-3,0986726867
3,0671833417	-2,9380270676
3,2572993049	-3,0013785341
-0,3563833207	-0,2332647848
3,8830017251	2,8555238743
3,5633049810	2,7228033033
-0,5223899582	-0,1151949666
-0,4082495145	0,1913916047
4,1504496129	3,0966182645
4,2658873514	2,9312416954
0,3103831953	-0,2945550231
3,0120335158	-3,3612221865
0,0583800655	-0,0399514541
3,7843135226	2,9801582716
2,9088124804	-2,3187634788
4,6587984073	2,3409624978
3,5743051892	2,5347292486
0,1712868839	-0,0599825439
0,5905091704	0,3386196953
3,0477848352	3,4018827910
3,2259864501	3,2540965427
0,1291620983	-0,1317028573
3,5322048576	4,1877732845
-0,5678967299	0,0795709217
-0,1742192521	0,1307499450
3,7689720628	2,2241882966
2,5173411331	-2,2866824136
3,7347341491	3,6406712551
4,0532815433	3,3802742648
3,8250357443	2,8288708286
4,7991925392	2,7829234862
3,0906804708	-2,9933909458
4,9665615103	2,6658303121
0,3228172862	-0,4315965911
-0,1410032462	-0,3343752499
-0,0535680298	0,3299300123
3,7968567594	2,9554721588
3,6714110596	3,1571567052
3,4700196884	-2,9792979613
2,9042573302	-2,6079718943
2,9657440306	-3,6450342169
0,1256153715	-0,7124722350
2,3949330098	-3,3889675699
0,3281294004	0,0187939162
-0,1502038657	-0,0416606335
-0,1744782255	0,5806928723
4,3659899180	3,0680537246
3,2947401230	-2,9497729398
2,6233296380	-3,2938853325
3,5614484447	3,4840014386
-0,3985288726	0,6999831047
-0,0635730970	0,4345327874
4,1418990633	3,7289379572
3,0949007789	-2,4778049171
-0,7536361418	0,0624995582
2,9583768698	-2,7761704572
3,7569014822	-3,4210071415
4,8766454632	3,0138057594
4,0211296530	2,9309184467
3,4017828712	2,4064083654
4,4500206557	2,9127158997
-0,4236201756	0,4419779863
4,0984597727	3,0977882266
2,6221164727	-2,9893050706
0,6451032024	-0,1153863243
0,2720829002	0,1221018797
3,7528409534	-2,9122522511
3,5221733658	-3,1863019920
0,4295553672	-0,5795604349
0,3247507500	0,5713280422
0,0740829358	0,6639743405
3,2808954992	-2,8565165207
3,2508793549	-2,5274005100
0,2049605519	-0,0431926104
3,5412613215	3,2420281871
-0,3636216500	0,8505942927
-0,0942983735	0,2911875556
3,9120785948	2,9926652101
-0,0860540518	0,5054635083
-0,6976086053	-0,3995662187
4,2652241331	3,5974358591
3,3913922154	3,0701666889
4,3197101182	3,5298148333
3,4047767839	3,4772222883
-0,1317063819	-0,3750000726
-0,5190270836	-0,2812573563
3,7277593470	2,7617910408
3,9538401272	3,4186544860
4,0571374818	3,3031815109
0,0375122055	0,1890094135
3,1093029765	2,6986929224
-0,0290811596	0,0565145723
4,5662073396	2,7942626913
0,5512468694	0,0474590903
3,1923693696	-2,6819749999
4,0932834982	3,2456796249
0,3826560346	0,4977516847
4,3083370932	3,1440073810
3,2520664414	3,5622304309
3,7504646769	3,7797673523
0,7729945521	0,3423400876
4,1759142151	3,0885547579
0,2200860967	0,1831303691
3,7654630612	3,1963597825
3,9270140836	2,6243339204
0,1524373829	0,2603878230
-0,4305930127	0,2348831549
-0,3725386452	-0,8975266566
0,4721443477	-0,0702239023
2,4921274641	-3,0379235674
2,6371517869	-3,4642932290
2,1040546571	-2,9161273852
0,1892790440	-0,0592547582
0,3781078803	0,3218087923
-0,3019924047	0,0059369177
3,9554037422	3,3435959889
-0,0404421195	0,7288238353
0,0299298337	0,0319445053
1,0028869538	-0,4234223462
4,3913014437	2,3680259601
0,0310239112	0,1559200787
4,6666272110	3,3562859546
0,1921253838	-0,6183949084
3,7683018034	2,9346036033
4,1795273684	2,2517203140
3,4437240109	-3,2780525316
4,1875398446	3,5531820308
0,3671628181	0,2671172213
-0,3423126330	0,3610032646
4,0650241252	2,1973740191
-0,9371880862	-0,0742318044
3,2248024696	-2,4064591977
0,0998806758	0,3849672232
4,7245661781	3,2239948331
-0,1598773590	1,2073908698
0,1754805581	-0,0141306508
2,6338766591	-3,5427760253
-0,3822272597	0,2770198611
2,5804058531	-3,3186374746
-0,3575119670	0,6080466976
0,2764113654	0,4072660955
-0,0678600420	-0,0297646422
3,6617302941	2,5015066516
3,0777472487	-2,8986533982
4,5372497911	3,3787091545
-0,2002932339	-1,2129416787
3,2974463569	-3,0818671863
4,0681521301	-2,8095165775
2,7113921837	-2,6341584970
3,8174706317	2,9496265590
0,1687609992	0,0918218117
3,2178809993	-2,4251582331
2,9659195446	-2,8632083232
2,4695156128	-2,7986232876
-0,2521569737	0,1213650800
4,5257903847	3,1486103058
3,9614341475	2,5767242354
2,5555285270	-3,2427597988
2,9709227400	-2,4708221714
4,3899365813	2,6966930966
3,7512788451	3,1136087467
3,1812387582	-2,1811013965
-0,4846233569	0,2521841784
-0,3940354387	0,1383129093
4,6835301006	3,6639307818
-0,2864102052	-0,2790255565
3,6324423985	3,7653193002
0,0156050212	-0,2404241976
-0,6987407002	-0,1072188810
4,0452373465	3,0348474489
-0,4752689171	-0,1756559191
3,7429932614	2,2451635302
3,6903722360	2,9539247867
3,1914299759	-3,2694698454
-0,6951243423	0,1197510243
-0,3361672027	-0,3918721024
4,2017595536	2,9204607928
4,5342200343	3,5171721917
3,3364486853	-4,0210554645
4,4134070369	2,8028780727
4,3436079568	2,3387820955
2,8376681347	-2,9375487377
0,1445446891	1,0621616014
-0,1187454845	-0,4821291408
3,6652386549	2,9388626348
3,9378931287	2,9711428939
3,0240542582	-2,9723921661
3,5455493120	3,3047837365
0,1099776921	-0,3026823927
0,8706977901	0,3580750604
2,8860748904	-2,6041937865
-0,4365599309	0,1224051509
2,2081694424	-3,2869594079
4,0378302186	2,6822478470
0,2168504677	0,1775305486
0,1623706133	-0,1714981697
3,8828967655	3,8040571887
2,7664389780	-3,1236561506
2,7019760844	-3,5477664801
3,8933766297	2,3769675964
0,2748800650	0,6466599935
-0,3000393462	-0,3462011447
3,3128462686	-2,6095471459
4,1167343185	2,6276120335
2,8719231246	-3,0124580549
2,8268748453	-2,7528079746
2,9313915884	-3,1025083919
4,2410446380	2,7744660629
3,9039570176	3,5649546873
0,0230586872	-0,2750363228
-0,0494388028	0,3864204452
3,7655289575	3,2749758116
2,8844611324	-3,4407399870
0,5822233686	0,0947850363
3,0497402617	-3,6278172202
4,2950136002	2,8128059879
4,1845021202	3,8388385049
0,1294039185	0,0774389609
4,5745519956	3,8823773072
3,1126489695	-2,9847556174
3,8510152286	2,1849052471
4,6475549664	2,9488093968
0,7045365453	-0,0537443406
0,8203530874	0,0147260829
3,2911310598	-3,1928865484
3,3101071042	-2,4890464517
-0,2646607712	-0,1664951308
3,8799098908	3,0906620019
-0,4684556219	0,0978729787
4,2306918050	2,2802436549
4,5792932772	2,9981550301
0,4558854143	-0,3766321775
2,3142553578	-2,3352065473
-0,1292159044	-0,1116995662
-0,5869088853	0,5276650191
3,4360315982	3,7806292967
0,2458393443	0,1311808294
3,7724413750	3,1720037276
3,7086244213	2,2125011234
2,9377567087	-3,1749594111
0,0596288665	0,9231991595
3,3505627686	2,5376041346
2,4204055818	-3,1203550392
2,8903015587	-2,6377885486
2,9224252064	-2,3895762325
2,8799387572	-4,1317768446
2,2726625801	-3,2056606474
4,4231746902	3,0713828625
0,5051704983	0,1393089819
3,1423425741	-3,0033444208
-0,0811682725	0,3734548693
2,4310865520	-2,6981607035
0,5526642009	-0,2080903814
2,4612054836	-3,6946692661
3,5531185891	2,5191127461
3,6845877877	2,9114231027
2,5415748255	-3,5871634860
3,6148208439	-3,1415679510
2,9556662396	-2,2231730915
-0,7233361023	0,2408224247
4,2116897278	2,8820969812
3,1388410530	-3,1441803592
2,6878770263	-3,0551587524
0,2254581510	-0,2330063890
2,8840266287	-2,2525954372
4,2884282556	3,2331329238
4,3673499054	2,7213352288
3,5466882263	3,2129829744
0,2002767260	0,2435632550
3,8699606665	2,6573510590
0,3924802247	-0,2732587860
3,1607536229	-2,9423218342
2,5696243924	-2,9834329016
3,4148194648	-3,4618765127
3,3904204625	-3,4094533452
3,3179720029	-2,8833231801
-0,0695003386	-0,1734845581
3,1697038440	-2,6419805241
2,6931174736	-2,9124310988
3,3037457225	3,2398122821
3,3158854366	2,4855126663
4,0163819672	3,5848627228
3,4098680054	-3,2912823275
0,0467538250	-0,0427534022
2,4888499220	-3,1076387735
3,7759297624	-3,1309933418
0,2973696662	-0,2630616913
4,0427404750	3,1628893282
0,0487994255	-0,4251852157
0,6632088939	-0,9445794891
3,3735741544	-2,7425538150
3,3569356284	-2,6256846160
0,1884850330	0,1597650228
0,0581965581	-0,7082217437
2,7989905809	-3,0928554232
0,2510884567	0,3651944418
3,3915259502	-3,1931567669
0,2359795472	-0,5318891666
0,9229821826	-0,2015108789
2,3509845131	-3,1979531837
3,9074168054	3,1640341829
-0,4304946771	-0,3664912207
3,0437703877	-2,6845733487
4,8534243749	3,0584794093
3,9077701238	2,2737136513
0,0822381402	0,5304046242
4,6266750474	3,6528972731
0,2539156770	-0,2544091191
0,1369919852	-0,4316596406
4,2868115411	3,0404863516
4,0529428944	2,8753138517
0,2400751215	-0,2286654955
3,1220626129	3,2293769811
4,5897634957	3,1846958872
2,9317753297	-2,8070073783
2,6546145652	-3,7221789293
-0,5043043477	-0,4924226117
2,7834859328	-3,0880182253
2,9264927252	-3,7039608381
3,7138006618	2,6826180745
4,3115078954	3,2922141462
4,1726813361	3,1550857458
4,1398598937	2,6823850095
3,0874618664	-2,5340852467
4,1310636593	2,9546438527
-0,2431780959	0,2502335536
-0,0043771032	0,5644649938
4,0040180572	3,2869758219
2,6473535413	-2,9794128866
2,4665046308	-3,2381262871
4,5218245635	2,8443475556
-0,0512773047	0,0659137048
3,9353125740	-2,6680747641
4,4743689028	2,9967891162
3,6642441590	2,7444302445
3,6400862130	-2,9698876630
0,1256336212	0,1741070931
4,3005579727	3,0342138470
3,5140267071	2,9762929170
0,0872364586	0,0395174239
0,0532596039	-0,5323771891
2,7682822034	-2,8696513797
3,2599902021	-3,1207869645
2,6383009142	-3,4180887343
0,2633239226	0,4884358108
3,2269744575	-2,7474680534
0,3299650297	0,0336465569
2,6081940194	-2,8840312114
2,7702296890	-2,6546005714
3,7396920066	2,7069659692
-0,4564711598	0,4236108575
3,3472378457	-3,0714264802
2,6562915641	-3,0783680532
2,5561337852	-2,3666424750
0,1760029217	0,0050096155
3,9876818376	2,9172860281
-0,3256268305	-0,1721245025
3,5662107219	2,3833387625
3,8057455088	3,1640871677
-0,2565835875	-0,1381871497
-0,2941416348	0,2568293616
4,7518768150	2,7364394421
4,5982681100	2,8080838111
3,3925777622	-3,2684892383
-0,0459103525	-0,0694944912
4,4542169258	2,8161591184
0,2387834536	0,5171639779
-0,3528000545	-0,1246952186
3,1793793082	-3,2613748696
2,9835043488	-3,0957195832
2,7592107647	-2,3705474895
0,5230034127	0,3434950678
2,4772447561	-3,3393779972
3,9657355252	3,0031058207
3,4044265034	3,3877825196
3,7850180459	2,7560970435
3,5913152390	3,2663098106
2,7936506396	-2,7929832774
3,9501031179	3,1609944697
0,2460915045	0,1334559646
0,4546646295	-0,1029181812
4,0449970025	2,9646475992
3,5856749717	-2,5701841336
4,0757966395	2,9513212493
-0,1817250593	-0,6259509249
4,3715050235	3,0402117708
3,6885102363	2,3424970368
3,6594749110	2,9560875285
3,7560898556	2,3877833821
0,0533204749	-0,0953622745
3,0751465752	-3,5131501849
-0,2005171587	0,1157527102
4,5015075178	2,6990382385
4,4658343300	2,7564959228
0,2886862994	-0,0071796899
3,6483018276	2,4969918646
4,0210985918	3,1040403240
3,6610295431	3,8115710426
0,1636366615	-0,7982407524
0,3206578873	-0,3904961238
3,3049900229	-2,9949158490
-0,3486803775	-0,1099700626
2,4952344209	-2,7837711939
4,2418535434	2,9451016348
3,0226663388	-3,1402187354
2,7727832456	-3,2300917941
0,3164314825	0,2817419386
-0,2293578786	-0,4294613198
4,3332529413	3,3763077852
3,0472755426	-2,7794402596
3,8248110930	2,8744417318
2,6880028922	-2,7723903529
2,8981705322	-3,0772394108
3,7411268652	2,8698370567
0,1942405331	-0,1738039405
3,8754815594	3,2771445811
4,1486428788	2,8627383639
4,1770975076	2,8751960912
0,1821766076	-0,0580053910
2,7525990398	-3,3689716419
3,7517580777	2,8918094404
2,1664811897	-3,6233600692
2,8909466501	-2,9508225182
0,1137025257	-0,8278729472
2,9543585435	-3,9113798039
3,0996239867	2,5304409585
2,8610184882	-2,7214684678
0,1229648183	0,0366917972
3,5850030324	2,6039850453
3,2823747308	-2,7632407348
0,1005816891	-0,0369369148
0,1595269021	-0,1300140783
4,9919240321	2,9117333048
4,5197084947	3,6000290203
3,5319840261	-3,0134432950
2,6378667822	-2,5820478826
2,8882900544	-3,1437571236
3,5455357107	3,0575479350
0,3370552406	-0,2499767902
3,1695147513	-2,9105774342
4,1264821369	3,1037246183
-0,0489399008	0,2228131037
0,7163557659	-0,2369682840
-0,1866254988	0,0045570395
0,0694564813	-0,0159327220
3,4307252191	-3,7770972428
2,7848397801	-2,7862027320
4,7469560847	3,3444389565
-0,0217816169	0,2153741636
3,1363166997	-3,3722054410
-0,6700645425	0,6891834525
3,7905036400	3,8978794244
5,2910868548	2,9841250732
0,2571891252	0,0973708579
3,1364662447	-3,1037032924
-0,0837551194	-0,0492476493
0,0331465614	0,2108561602
4,0035138563	2,8306265456
2,9819671618	-2,8049667669
3,7032632577	3,0532451788
3,6975170327	2,7112293342
0,0032743984	0,2815914033
0,2133655256	0,0527510717
4,0318090899	2,8313273889
2,9883093835	-3,3077676601
4,6596375834	2,8971391734
4,6521978062	2,9011360703
3,0672938893	-3,0578733314
-0,5355476957	0,3767229038
4,6656604270	2,8170981907
3,2236693295	-3,3069628186
3,5100952953	3,0145743818
0,1095433925	-0,4249330016
4,1178192147	2,9842696287
3,5902329836	2,6909241212
0,2763369397	-0,3461573729
3,7061586927	3,6587723554
2,6936853089	-3,4420079298
0,3083968281	0,7515503880
-0,7330063167	0,5730985891
4,4147901241	3,8253531350
2,3174926307	-2,9646766296
-0,2494113078	-0,2538861753
3,2429706099	-2,7272655142
4,2614773560	2,7269867733
3,3624128162	2,6293382066
0,9837726834	0,0629929151
2,7846736938	-3,7390676444
3,3716690002	-2,5919411180
-0,1072420663	0,2226888682
-0,2349724483	0,1915369277
-0,2524208713	-0,1929842209
3,9455340428	3,2179575637
4,6305428541	2,3595085456
3,2191133656	-2,6249830521
0,1256973252	-0,2607945719
0,3751253030	-0,5368374097
3,6317250385	-3,3444951576
-0,8872549893	0,3076550608
3,8486263967	2,7916134332
0,6026408709	-0,2291100366
-0,4480960038	0,5371018485
2,8256959228	-2,7989342713
3,4057107056	-2,1738906022
3,0180554974	-2,7620535285
3,9669771129	2,5185084630
3,1669501885	-3,1603122774
3,4949303115	-3,2308962835
2,8784659385	-3,0588699301
4,1349730297	3,7087796321
3,4728805679	-3,2954200858
3,3245981033	-3,2110797862
3,0327484878	-3,2911965810
-0,5967334491	0,1025368274
0,4951117828	0,2786623899
-0,0317487248	-0,3758810652
-0,3492747296	-0,0608395488
2,7338353190	-2,4631039958
3,3190611092	3,0685266219
-0,3470097508	0,3600024539
0,3517829853	-0,0021848716
-0,0461792637	0,3225817722
3,3640743351	-3,0954830447
4,3641705172	3,2942880254
2,8355928117	-2,6716711997
3,9513292271	3,5409006189
2,8653118961	-3,1200233414
-0,3681204254	-0,2826241976
3,4854340915	-2,6843836324
3,5671703367	-2,9295371184
0,4073045810	-0,0324515191
3,1807378156	-2,8824342563
4,1064472266	2,8873945827
4,3554285077	2,6416946229
-0,4730941712	-0,3401907811
2,8019467312	-2,7676445623
3,9578117565	2,6718940026
-0,0954360517	0,1636187489
-0,4374268369	-0,1907992988
0,1396283456	-0,1309779164
-0,0212135048	0,5914578865
0,1977258602	0,0273422055
2,3681015946	-3,0208630262
0,6502251502	-0,2068917527
0,4041841575	0,5615626197
-0,2191376252	0,2342687958
4,0226001668	-3,5630686336
0,5046941441	-0,1986717905
1,7622026169	-3,1053911522
2,8460023333	-2,9113098806
0,2653194261	-0,0115427381
4,5606130934	3,3435846343
3,6109285546	-3,4117565452
2,8457352228	-3,5901881430
3,0833521441	-3,1366442354
2,0772900564	-2,7647686886
4,8304689363	3,4533000196
2,6821938921	-2,8898008209
0,2875856495	-0,1424699217
3,3050479770	3,2719954919
0,0201278636	0,0160015582
3,8448148867	3,5218903236
3,0145936330	-2,9458333126
2,3919275566	-3,0191693393
2,8225269511	-2,4512382651
3,2016075994	-3,5730781273
3,0807555570	-2,8509438610
3,3030340098	3,6765441151
3,2729013459	-2,5763993784
3,9617555818	2,6404922268
2,7197653625	-3,5513895166
4,6422405293	3,1307382271
-0,0498849503	-0,6174690074
4,0893232664	2,6670858741
2,8365783830	-2,6693534986
2,9173816977	-2,7344266692
2,9832662809	-2,9903204434
3,5501787438	-3,8451570863
4,1406546147	2,8008657335
3,2037364696	-3,4111578372
3,5662431065	-3,0715880445
4,3518912516	3,3810180084
4,3900290905	3,3613940103
3,5725974069	2,8395811423
3,7130015176	3,5467064276
2,9523195667	-3,2792758115
2,8855230946	-2,7276712730
-0,1380918305	0,6474313921
2,8431241828	-2,7976151529
4,2245418411	3,0251204248
-0,3070729418	-0,0545442000
3,0782174235	-3,2663693380
3,6037702200	-3,2605651856
3,1808435590	-2,5753368610
2,9665003597	-2,8065439550
4,1473095582	3,3142874644
3,0520712074	-3,3403241502
0,6414593792	0,0130448065
0,2503414290	-0,2654139163
3,5448615231	-3,6595969390
3,1881596110	-2,8065469895
3,1290804444	-3,4109562421
0,5612155618	0,5245076804
2,6880049860	-3,0120251263
3,7843469009	3,3128159417
3,4235039692	-3,3429381690
4,3021622313	3,5558020792
0,2333266669	0,5364144850
-0,6190988725	0,2713788892
3,8285837709	3,4517490508
-0,0759564717	0,0464416649
3,9240594343	3,3921803639
2,5532724909	-2,2407365774
4,1079856168	3,4474977888
4,3037614514	2,1741609752
4,6212132899	2,4405753856
-0,0675127160	-0,2408343833
2,8654819183	-3,3229822849
2,9951153613	-2,9892169141
-0,4792856177	0,0604224343
4,5871592528	3,0051184572
3,2104569371	-2,6569530339
4,1031961718	2,8437404075
2,7969739867	-2,3511635426
3,6022469708	2,8252112997
2,7004200339	-3,0252000057
-0,4278807858	-0,1589810976
-0,1642398375	-0,2104016373
4,5778543617	2,9106892645
2,8996412787	-3,1170230807
3,4494684657	3,3220180450
4,1999275176	2,7682886205
3,0453039087	-3,1028359936
-0,3521142528	-0,3007583698
3,6269063753	3,2130158900
3,9434452286	2,9081899168
4,0691903055	2,9084572345
-0,5136345202	-0,4969011289
3,7947708042	3,3796040490
-0,2007497504	0,3001100581
0,3104936022	0,1286284333
3,0118534663	-2,7143302878
2,9485181220	-2,5223110888
-0,3587256395	-0,3554035451
2,4066358343	-3,5668902197
3,7931409883	3,4061690059
2,7950243671	-2,7010711121
3,3503798601	-3,1192347281
2,6638873650	-3,3525639999
3,2405057538	-3,6741855793
4,4291077035	3,6127475118
0,0128603347	-0,2348793006
-0,7834139951	-0,2548836802
3,2109839177	-2,0947861973
-0,5331931806	-0,6394946689
-0,5145737153	0,4068187015
3,3470484562	3,6520039031
4,7269619601	3,5149401008
3,6246980919	2,6352941234
0,6371402450	0,3474618478
0,0677824017	-0,1176045232
3,8395131136	2,6143939641
3,2619418696	-3,0688143022
3,7411741654	2,6518874821
0,1694217855	-0,2982210571
0,3278023105	0,3272400407
-0,3638402691	-0,2841643291
3,4396225242	-3,7131943930
2,9484055055	-3,7675469712
3,5566291002	2,9576190482
3,9996595536	2,6635823260
2,6621983843	-3,8959967770
0,3915673297	0,1758162418
2,8605118297	-3,0273596708
2,9357139822	-3,2339996923
4,3377091551	2,1130254268
2,7556952767	-3,3792293926
3,3983699560	-2,6140863262
3,7804052953	3,2292966307
2,6207077278	-3,2384365089
3,5489746974	3,0754310969
3,6366763244	-3,8094663030
2,8149076219	-3,0193661830
4,0838810981	2,8946886393
2,9354099842	-3,2433579542
2,5811575435	-3,0175477762
2,9211431445	-2,7399336086
3,0228527785	-3,7350687884
3,2784668918	-2,8636469801
2,6036538465	-3,3552067653
-0,3728750538	-0,1997459748
3,6648645912	2,9004854719
0,0282988972	-0,0405265176
-0,1712809955	0,7290619514
0,1267882954	0,3106022653
3,4311268535	3,1673205648
4,2143042511	2,9188796729
-0,2469907657	-0,0416899580
3,5986526772	-2,8254648984
3,6041789885	3,1673518759
2,6193262288	-2,7716853210
-0,6681074110	-0,0031648504
0,0764700516	-0,2638950672
3,0536211831	-3,3283978996
3,9196685911	2,9361606489
0,8170682950	0,6270591090
2,8323873099	-2,9838123945
-0,7064592640	0,5573876186
3,0964737527	-2,9224620813
3,6469240648	3,0310651438
4,3114149517	2,7806475064
4,3767780647	3,3136808127
-0,2046011765	-0,1739382608
3,3945411987	-2,8810047725
3,5726389314	-2,9646170824
4,3661408969	2,9934205314
3,6670604683	3,0656853929
3,2117585241	-2,6904765461
2,8203157621	-3,3469443568
2,5270108585	-3,5144704664
2,9288605855	-2,4953664506
0,0850850920	0,3272123385
3,4647937449	3,2734394459
4,0722469902	2,5876720567
3,5282860055	-2,8154909294
2,6766345111	-2,9648268559
0,4066335706	0,0511966487
4,0393152944	2,8161114018
-0,7336479615	-0,4076109865
-0,1462985698	0,1115994561
4,1884025808	3,0830066819
-0,2489487696	-0,3247467887
3,7611278773	-3,4304166640
3,1447954104	-2,7514523965
3,5339449804	-3,0709837734
4,4631034945	3,7557510932
2,2192286429	-2,8002968165
3,7655271527	2,7377607810
0,3117103695	0,8713125152
3,7317884771	3,1511139165
2,7455018054	-3,0184161556
-0,1787709066	-0,3426537095
4,2073072803	2,3485356353
0,2468993604	-0,1784185377
0,5726621251	-0,0038216765
0,6011358479	-0,0357261502
-0,2764305658	-0,3374015776
3,2406224430	-3,0350273842
-0,2617121523	0,2434808003
3,6252566431	3,1372054305
-0,3408782912	-0,2592931659
4,0647738999	2,1409441823
4,1352226523	2,5553173920
3,8662338652	2,7733638123
-0,0658171484	0,4877866446
0,2898777213	-0,0611445426
3,3035716008	-2,6423461328
3,9523084276	2,6871613981
3,8893024211	2,9101104886
3,2314119546	-3,3358053745
0,5647017869	-0,4365024619
-0,1709559014	-0,6420717472
3,1155827010	-3,1826511157
2,9657755356	-3,2609293039
3,9767121150	2,8250854170
3,3040092004	-2,3331221245
-0,3104509544	0,5558631483
3,2870208230	3,0537162992
0,1320151501	-0,5035220270
4,0602947118	2,9630175789
0,2243534267	0,5088096931
4,1271136771	2,8951701134
-0,0469036085	0,4805671788
3,3566948525	-2,9299449906
2,7830539347	-2,7816798105
3,7658834538	2,4297545362
4,5078224878	2,4176386100
2,7000314817	-2,8622500301
3,6851009718	-3,2438387275
3,3377874467	-2,6522155129
3,0431192001	-3,0410811273
4,0364107707	3,1011482833
4,2085030638	3,1117819817
0,1908034921	0,3140846648
3,5437559119	-2,6512080538
4,5061210652	3,3295284343
3,2953743769	-2,7339322406
0,2076857185	-0,6003593878
-0,3270111298	0,1634523165
0,3132805788	0,6986120049
3,0530621324	-3,2259618955
0,4547270139	-0,2022992679
-0,4029063924	-0,3093126442
3,5558925937	-3,0169265880
3,7507814522	2,8273060382
3,9857146678	2,8654282348
4,0173274979	3,0150967556
3,4577452345	2,2321131648
4,0250296594	2,6380594952
-0,3836249869	-0,0334970366
4,0254154331	2,9978269086
2,9037335566	-2,9005171096
0,4591502212	0,0870895159
2,5606248409	-2,4284632692
4,0328079613	2,8267295834
-0,0657247731	0,4677895441
3,3995182502	-2,8147601852
-0,3398628646	-0,5835640144
2,7283262006	-2,6202924909
3,3471150183	-3,1517116539
0,0236824192	-0,4316650461
3,4530216171	3,4793805660
4,2114583580	3,0041089037
3,4301520877	-3,0208620274
4,2645260071	3,8223011836
-0,0906729614	0,1393147215
3,1508343633	-3,0794018663
1,9741802852	-2,8192865706
-0,3250060465	-0,0488371741
-0,4326792586	-0,0982315571
3,0943746031	-2,7858509773
0,2173701823	0,4818421168
-0,4020783762	0,2454799331
-0,3731924329	-0,2902832190
3,7063229092	3,5982182261
3,2436758324	-3,2611456400
0,7833163003	-0,1901462137
3,1006613481	-3,1035984197
-0,5155838318	-0,2245980088
0,1268193110	-0,2218887520
3,0732325487	-3,3131291293
0,1658350479	0,5821746073
-0,1274424548	0,3262344517
3,5403019285	-2,9710245584
0,0715747930	0,4858739449
-0,0774704545	-0,0341533542
0,8702830661	0,0888570140
-0,1878324270	0,2165331464
4,1202136953	2,7265295218
3,6284609143	3,7550561280
4,0451625875	3,7116197270
2,6826629480	-3,5077256919
-0,1855172834	-0,2101330806
2,1707884490	-4,0491345673
3,9893379710	2,2642070961
0,2455700568	-0,5005285196
3,3472174927	2,8058183983
4,4302084488	2,5277605204
0,3184305147	-0,1758864292
2,1682349429	-2,9516861767
3,1377130598	-3,0965566891
4,3177157352	3,1126160022
3,9559217398	3,5391969178
2,9416998275	-2,8591351231
4,0029351042	3,0167817957
2,5199554803	-2,8893524227
4,3599055011	3,3657267381
4,4770210536	3,1641063434
-0,0723338872	-0,3789582367
4,1742857667	2,9339302177
4,0309195063	2,6848310430
2,9102514842	-2,9429267314
0,2287616651	0,3293607617
-0,3286845874	-0,3182148343
2,6016819986	-3,1986986417
3,2960968327	3,1016875722
2,9207685368	-3,7118340726
3,6779273648	-2,8392341819
-0,4013610365	0,3371075065
-0,2297535210	-0,5501840941
3,9634168984	3,1227008965
0,0586070803	0,2735663491
-0,1605487761	-0,0179468286
0,1279755345	-0,2120601403
3,7554095945	3,0322669848
3,3843915275	2,2558528277
4,5805870514	2,9647892378
3,1331140434	3,0276077077
0,3835796253	-0,2204511099
0,3961796921	-0,2912231508
0,2136160524	-0,0336822313
0,7880221206	-0,3935439854
3,9704126014	2,9718696598
4,5106382862	2,8601926093
0,0566963388	0,3320712084
3,7714187501	2,6829242900
3,0059901121	-2,6484182498
4,1977407092	2,7711316462
3,9214509980	3,5345876828
3,1110355241	-2,8859029262
0,2633116346	-0,2419953165
2,7089950709	-3,2220971346
4,0737341182	3,2522988014
3,6509194211	2,6511043667
0,7364594313	0,2845113813
2,6729573311	-2,7298873256
2,8417160627	-1,8858256693
0,4554041405	0,0584021479
-0,7333634872	-0,0186529995
-0,1014673280	0,3914989445
2,5900881664	-2,8730615035
3,5063423172	2,6518853312
3,8203901551	3,3035030797
0,2999504605	-0,1231323559
3,8739419530	3,1703695811
4,7003264348	2,8118803467
3,9414982294	3,2920510573
-0,1989964343	0,4227094467
0,2087973193	-0,2352709205
3,4079832230	3,0886314214
3,4611942860	-3,7004380129
3,9312959740	2,9350671868
3,3567246338	3,0968445832
3,9414308811	2,9455168214
-0,3900182930	0,2517727348
0,1158665718	-0,4203353676
3,6726498355	2,9048858094
-0,1854779402	0,4799791149
3,2885372099	-2,5512284982
3,5899803726	-3,0139697843
4,2597217806	2,8793178644
4,0322928543	2,3291678319
0,1736674677	0,0096537521
3,5233035474	-3,3299380004
4,3615892855	2,5497664307
0,2706296612	0,6577599114
4,0421327776	3,1955502974
3,0604722380	-3,3932279548
3,9066959150	2,8509438909
0,1984680275	-0,1460663145
3,9492291658	3,1183068937
3,9786059247	2,4225157786
3,6390944668	3,4195906951
2,3511938372	-2,7735372686
2,7780157453	-2,9285235806
0,1227524446	0,0687702301
4,1548042358	3,5161050710
3,8238765032	-2,7695113138
-0,2927086975	-0,2723735798
3,9095657388	3,0453742633
2,9447520868	-2,4335995915
2,9038950140	-2,7651635531
3,1753044202	-3,5490619130
3,3265200380	-2,7839135575
4,3290328298	2,4863022022
4,0475279095	3,2486665513
0,3618356239	-0,1407901513
3,6952218617	2,7276504742
3,1172653881	-2,3383218472
3,7397293824	3,0067161497
3,6634640717	-2,4880338837
3,0970437124	-3,0105595770
0,2157076884	0,4213129213
3,8464304275	-2,8872868053
3,3899344244	-3,0075104393
-0,3607482006	0,5748036465
3,3189502727	-3,2273684719
2,8941170927	-2,9256533214
0,2023005172	-0,2207276474
2,8270901874	-2,8653975039
3,8591276273	2,4052598012
-0,1715754135	0,3591150775
2,8437893160	-3,1337893029
2,3528521018	-2,9791242712
3,6791094674	-3,4639554303
0,4764896548	-0,5283442803
0,0551439803	-0,0165860028
0,2053469838	0,5287520981
3,8103653958	2,9412594479
3,8803699068	3,1351052727
4,6162291025	2,6519900886
4,5354249650	2,3628741551
2,7323786813	-2,8086147815
2,8808899571	-3,5511480761
3,1720353928	-3,7020270582
0,1283631042	0,3908112508
3,1311431024	-2,6198765461
3,1420356539	-3,1945304429
-0,1522168639	-0,0868161014
-0,4700733920	-0,2099508388
2,8511601765	-3,3999273956
4,3159881301	3,3095256029
3,2258906864	-2,8099238135
3,3723593225	2,8547043112
4,1992483785	3,0020398994
4,4121838195	2,8197800246
0,1014830650	0,1778735362
-0,0873397485	0,0496362439
-0,1451837057	-0,1032281570
3,1426764301	-2,8269748645
-0,2195836746	0,1530715605
4,1997052765	3,4018076899
0,6468725494	0,1673391279
-0,0166543642	-0,3122878406
4,3996751389	2,4482110423
0,1347676411	-0,0537843306
4,4367533067	2,9423951070
2,5645708150	-2,6806032103
3,3313861634	-3,1855133021
2,9258600423	-3,3588015678
2,1029943854	-2,8928083843
0,7698854018	-0,0056651114
3,6913618266	2,6951881002
-0,5933109984	0,6244402806
2,9597450100	-2,7348118063
3,1424597710	-3,2562655648
4,5537412066	2,7873148675
3,8183433450	-2,8618405006
3,3448942094	-2,6164464323
3,3522177921	2,5777874710
3,1214724498	2,9594788269
3,2039857729	-2,9459681238
3,2623256059	-3,2184503898
3,5614439653	3,1202461224
4,3183738411	3,0338902325
2,7028123268	-3,5936813167
3,1750672904	-2,5753353738
4,4892934058	2,5447906912
4,1736056901	2,9756019171
3,4921015535	2,9609440738
3,8275231196	2,8885337480
3,3533298928	-3,8704046974
4,5001406812	2,7753580273
3,0736933239	-3,4821672315
-0,3687141379	0,1277682348
-0,6690078126	-0,3155335840
3,0029334619	-3,0941009098
3,5251777552	3,5344967458
3,9409811781	2,5165030246
3,4335807931	-3,3783141103
3,1325295676	-3,6714667158
-0,5140443989	-0,3442127908
0,1515175610	0,3176278605
4,6181206489	3,4225046299
0,9115504514	-0,1360596045
0,0566620906	-0,1989579968
3,2833264482	-2,8446266702
3,0483732669	-2,9644413785
-0,1530677864	0,0809114271
3,0031905630	-2,6135856935
-0,4655297623	-0,2544856812
3,5349882285	2,4082323190
0,3270368808	-0,6697897398
0,1067517593	-0,1777526547
0,2788139185	-0,3426909922
4,1500390071	2,3214800219
2,5171544502	-2,4000878554
4,5808231700	2,5633067620
3,5139678295	3,5422914740
3,3785863593	-2,7304101248
4,0273737337	2,3848958610
3,6137253049	3,2708792329
3,3031443788	-3,6536263679
0,0768968493	-0,5575148014
4,1499155583	3,3915230117
3,5437338403	-3,1968819574
3,1935522888	-3,1005948414
-0,7166237522	0,1839922217
2,8113994184	-2,0979639475
3,0195677427	-2,5408946773
3,9184415262	2,9115281835
0,1616553026	0,5980125915
3,8681174642	3,5011166015
0,2869611695	-0,5028671760
4,1447431708	2,9444793510
3,7465929047	-2,5080249163
-0,3590120008	0,4001444667
3,9745717580	2,7623078840
-0,0915496050	0,3841215368
0,2326876165	-0,3406069419
-0,2939514433	0,5018033248
2,4637714872	-2,5350164354
0,2671931801	-0,0495491721
3,0911773055	-2,9733115095
3,0866567235	-2,7830846767
3,9705562273	2,7966926896
3,4818483065	-3,4237435579
3,5565659725	3,0072889789
-0,2747977847	-0,0490398996
3,1028690260	-3,0481464800
3,7547235150	2,9879605563
2,6635669954	-2,9573306949
3,2160253510	-2,1527087291
3,3338352649	2,8696271604
3,5680479004	-3,5343110218
2,9769787887	-3,0995862546
3,7157068095	3,3947009525
-0,6184468047	1,2379257910
2,0698290106	-2,7511032566
-0,3370039108	0,2924604570
4,1812464193	2,9465187852
4,1751648929	3,4092760460
4,0463894663	3,6957744233
0,2211051078	-0,2315351039
4,2307723389	3,2324423786
3,6039206731	-2,9989729595
3,9200516223	2,5631007969
3,4618941398	3,1306246695
4,0181120531	-3,1755811882
0,4378975364	0,0368985500
4,0513087114	3,0218644440
3,0603626079	-2,8762523563
-0,0819143954	-0,0534189589
3,8647379835	3,5727175545
2,6235122694	-3,6858438617
3,7310745859	2,6501075878
-0,2916349292	0,7541033728
3,1474158820	-2,8846066071
2,6423814230	-3,0690739477
0,0358289965	0,4313106585
4,0341486581	2,8109656145
4,0644749398	2,6964178083
3,8152186152	2,9625448537
3,7680026786	4,0594714123
3,1248187054	-2,9534388636
0,4106124162	-0,0132280485
0,0780048816	0,3678795121
2,6546997552	-2,9181276555
-0,4057603020	0,4657002836
3,2843556476	-2,4582756893
4,0567930835	2,6913943312
3,4663449746	-3,4775897360
4,2901438528	3,1489113446
2,9761660612	-2,2491879519
-0,3432656623	0,5364365625
3,1002539440	-3,1320244014
3,9498253489	3,2229428638
4,7184219600	3,3580206265
3,3734619654	-2,6671842296
4,5665657715	3,7528790877
2,7751321225	-2,8637351684
2,7266288630	-2,7507913519
3,8625123080	2,8582639839
4,1280789811	2,5293250224
3,5011262651	3,1706687070
0,4667981614	-0,4796172636
3,3154839368	2,5823644450
3,7984617386	-2,3948076048
0,0267022552	0,1450973372
-0,2754985702	0,2050737932
3,9129601001	2,5924729171
0,0797239740	-0,1985672925
2,9639180135	-2,4180277931
0,0060192325	0,0237317936
3,1948236537	-2,6614850113
0,1608085535	0,4673389995
3,2331104663	-2,9759649988
0,4372729304	-0,3698000938
-0,1284272750	1,2556094165
3,7031691460	3,4700161101
0,5717447382	0,1538712215
0,6748901182	-0,7447517674
0,3415073302	0,1425887890
0,3166559982	0,3843378999
0,4446039308	-0,1693537836
3,9165648450	3,2717965969
-0,1809898616	-0,1100314869
3,7296088490	2,4294220423
0,3867039948	-0,0527615965
0,2477805111	0,0456828513
3,6645986180	2,8116629494
0,1632222997	0,6040121486
4,1665920546	3,3554725940
3,0908791599	-2,8399640068
-0,1114978991	-0,3011121926
0,1570994472	-0,2326667395
0,4200044282	-0,1991035299
0,7711702554	-0,4012644187
-0,6310390855	0,1719084915
4,0069884123	2,3574506212
3,3282957442	-3,5346082936
3,2283270265	-2,6941119679
0,8088419036	-0,3320946030
3,9200029255	-3,7048153902
3,6973313866	-3,0940302251
3,3906865591	2,5182863954
3,3162410701	-2,7319062897
0,0736607123	-0,3142455666
-0,1958043261	0,0127469715
4,4514944779	2,6022496695
3,8649529125	2,9322502862
3,0002250767	-3,5296839496
-0,5278190270	0,2147290629
4,6296809843	2,1949214243
3,8546899439	2,4118964000
0,0925951919	-0,3074636879
3,9666802395	2,9835279040
2,2400058856	-3,0141130415
-0,1600962219	0,4131556285
4,3081199578	2,8184293694
3,1121430842	-2,5810751873
-0,2290428057	0,0193240450
3,6463901944	3,1189800768
0,1295276215	-0,0376465147
4,5354730910	3,0590570981
4,4676467944	2,4519679569
2,9298668579	-3,5084178178
2,0517280865	-2,8236428448
4,3495721444	3,2294044768
-0,2746684583	0,3118074707
3,8112958280	2,7844919951
3,6772792561	3,7368302153
4,7683354181	3,2950902071
0,3161320449	-0,3051533022
-0,4974261859	0,1092762236
3,6638000477	3,0865476744
0,4803516073	0,1157595240
2,9969551892	-3,0145940190
2,7837282974	-3,6899790193
-0,1030598712	0,1352977920
0,0045614035	-0,2113572530
3,7710874030	-2,7630455905
4,3889560960	2,3464495225
-0,5695790457	0,2878046693
3,7928434206	-3,5519915964
3,6986736267	3,0333335017
2,7739020016	-2,8075081583
-0,5019466289	0,2032234623
2,7540205622	-2,4624419064
4,2804809599	2,7210929459
3,7074357773	2,8044119014
3,9684227461	3,2421806367
2,6250831985	-2,9058801158
2,9759163267	-3,4644706160
3,5966101333	-2,7388266371
2,8002398450	-2,7057717701
4,2735336380	3,4203776940
0,2730008258	0,6425093701
0,2165505808	-0,4080605873
4,1880909569	3,1840225405
2,5354735669	-2,5204139882
3,9256096806	2,9932741683
4,7348800960	2,7045399044
3,3768261960	-3,9428219770
3,0582133973	-2,9511146411
2,7320012427	-3,3853976356
0,4690406976	-0,9794229854
3,9177679529	2,8248617084
-0,5522593995	-0,0138645990
3,0777359129	-2,1635235100
-0,7213625425	-0,5574243661
4,2152010494	2,6303981138
3,7870924430	3,5419600100
3,1028739909	-2,8144263921
3,6830637791	3,2817332154
3,4684000080	-2,8482152072
3,8716468657	3,2068403660
0,0006000045	0,2407606984
3,0270623870	-3,4656610898
-0,0113267197	-0,1837446009
4,6707987600	2,7740228922
3,9930922265	3,5626649282
3,2896163341	-2,9455703857
-0,3433706454	0,1225655578
0,1030017545	-0,1062358465
-0,2731582530	0,0939692465
0,2030597188	-0,1816526665
4,3205569304	3,4559911553
4,0308273316	3,4684225050
-0,1550860580	0,2341290250
3,8395821114	2,3054901498
2,5869961529	-3,7620755356
3,9599145561	3,0966344734
2,2357306075	-3,0220024045
-0,2585313663	-0,1716268673
2,4461942074	-2,8376025280
3,1562102245	-3,2889451051
2,8563920594	-2,9811973567
-0,7367725262	0,0842825869
3,1919461105	-3,1989451494
2,6835156470	-3,0651386771
4,8506623881	3,4695040477
-0,2329172750	-0,1031995259
2,5558394809	-3,2405612641
3,3006407237	-3,7620668377
3,8681484909	-3,1211441815
4,6631034645	2,5798075438
3,0493066640	-2,9699581326
0,1136137563	0,6317311929
3,7692685850	4,0506330649
2,6291431008	-2,7669366048
2,6053061257	-3,1855187826
4,1134492511	3,3173958887
2,9949060468	-2,4952458926
3,1963182307	-2,7592410561
4,1475807350	2,6702769358
2,5028566025	-2,8550120772
-0,5593334056	0,5027388344
2,9912010218	-3,4410386726
3,1453288439	-2,2576235131
-0,6798527959	-0,2035942934
4,1802470964	3,3613104040
0,1750844231	0,1888723288
3,6316376232	2,1017805570
3,4341138224	3,3009298146
2,9989151635	-2,6247107729
-0,1282928085	-0,0499743902
0,3052495401	-0,0828568524
4,1984505803	2,6576901837
2,5686783735	-2,9496526542
0,0526066062	-0,6851242974
2,9660432334	-3,2555363400
0,0618845718	0,1974959157
4,6999171624	2,9582781764
3,4478340065	3,8608998188
-0,1272600368	0,5176113363
4,3671795430	3,3389793482
4,8107607434	2,6352329919
3,1241054478	-3,4889552359
-0,0657539008	-0,4480953091
4,6122668987	3,1006587996
3,3503548763	-2,3887917449
0,1351959560	0,5617285592
3,9250529583	-2,8714910374
3,1349418970	2,4578407196
3,9524616379	3,5430367508
-0,3541910607	-0,0772650402
4,6006869461	3,0204012932
0,2076865599	-0,1657520639
2,3765945100	-3,1950743503
4,0452578336	2,9811941347
-0,6064938344	0,1819577283
-0,6707281533	0,5047672755
3,4231090020	-3,0129675524
3,4296145505	-3,0082660071
3,8539805910	2,9562660916
0,0780000071	0,1627107874
0,2773913049	-0,7979633816
3,1258125381	-3,4222979781
0,3521044348	-0,5092552316
-0,2979344307	-0,3416967633
2,9805440998	-3,2191303284
3,5160667515	-3,0457117417
3,0869527190	-3,1547566169
3,9219879541	3,2326810497
0,2169084448	-0,0367690174
3,9108233724	2,7022421848
-0,9408236251	0,1394348428
0,6834760248	0,4750355414
3,6444930653	-3,0364954429
2,5379557245	-3,2509857803
4,6638398995	3,4776048840
4,3632197811	3,0902630938
-0,0501502551	-0,7148279984
4,0118670206	3,1128197081
4,5662997147	3,7852538069
3,1658774303	-3,3548364336
-0,4941480387	-0,6468963717
-0,2574760686	-0,1932043947
3,8608692126	3,4250375550
2,4202197199	-3,3396993852
4,0202496325	2,4968857327
0,4879435805	-0,1617858483
3,5194116267	-3,3491931946
4,1258668061	2,9411807145
-0,2553832611	-0,2300091168
-0,3977861190	0,4323350850
3,5742760033	-2,9939002919
4,1129632520	3,3641530439
2,9012471641	-2,5486422657
3,6092848707	2,9322108287
0,2416492476	-0,1111678743
2,7688956082	-2,8901485929
0,0047053841	-0,4297169829
4,2165839725	3,5261075348
3,8251176549	1,9065056362
4,8287603754	3,0906781180
-0,6033469828	-0,0944721565
3,6667917074	3,2108213867
3,5528417203	3,5945305482
2,9017220141	-3,3486643860
2,7792301585	-3,1057089696
2,8637263250	-2,5537498521
3,9925903990	3,4834177539
-0,0235503488	0,6755070632
4,4540711556	2,5206138665
2,9303138562	-2,8821972908
3,6763486767	4,1918147244
3,5383008733	3,2792875016
0,0705703484	0,1349533295
0,8711863368	-1,0622093766
3,9474614605	2,7335205087
-0,1945698196	0,2090503317
2,3649564484	-3,6432464057
2,1266291158	-3,3650280834
4,6015476912	3,1107938011
2,8439765872	-2,9206482357
3,6308803837	2,6386546207
4,0951828587	2,5793686074
2,8374015535	-2,8211447703
4,1610247048	3,1593215139
4,3591072604	2,9091797063
3,2684827200	3,2804789099
3,7394000147	2,7970834608
4,2857068239	3,5732225318
0,0130468298	0,1106705779
4,1698461013	3,2800637381
4,1302197984	2,7906775512
3,3673664228	3,0807550084
3,0677187043	3,2960495852
0,3265825711	0,1730065000
4,2997763795	3,9817557509
4,0728510123	3,0567817177
0,0801303499	-0,0768376311
3,9662753960	2,5571527544
2,6731654817	-3,1136108160
0,0497992783	-0,6705530877
-0,0137830107	0,5000246825
0,0872188736	-0,5820778859
4,3418754335	3,0754335211
0,1630244740	0,1853956451
2,8832901285	-3,0935399462
0,1777965960	-0,1469482722
3,5138685944	-4,0754480538
2,1949248045	-3,1211196009
4,4855517517	3,7844706546
3,4439737931	2,9869193771
-0,3606728668	-0,3074043220
-0,4271379783	-0,1791772599
-0,2641523458	0,2615671953
3,1934231453	-2,8725095519
1,6018767999	-3,9980185215
-0,2219331472	0,0036525046
3,6005160490	-3,0442260397
-0,2178973781	0,4036712921
-0,0567409917	0,1675488893
3,4274753489	-3,4532177350
-0,4782504521	0,1087929842
3,9131605442	2,7814314404
3,9887940991	2,3198894235
0,5796747751	-0,4335361468
0,5867198615	-0,2880763627
2,8354441467	-2,6831699933
4,7025525677	3,1825952987
4,4277972086	3,4785155119
-0,1982424978	0,0611675315
3,5541689892	-3,1788377159
4,2812693102	3,1171810575
2,5507309869	-3,3237964255
3,9784195539	3,5730836687
0,1850900176	0,3182554923
4,4052333277	2,6993054659
0,1335591476	0,1510458402
2,8882135627	-2,7402876843
3,8413974824	3,1547986851
3,4825200854	3,2520278071
3,4059280932	-2,5904585586
-0,8792738120	-0,0741908212
4,2008781708	2,8456084114
3,3949922207	-3,0067687779
-0,6133698813	0,3862853629
3,9849763245	3,9503348847
2,8152141251	-2,8948101211
-0,0960152806	-0,3816762078
-0,6934169393	-0,8282157982
-0,0608525666	-0,3121826395
2,7458745327	-3,4541847298
-0,4275792357	0,8383026884
0,2510733021	0,6861791716
-0,0153764349	-0,2766840184
0,1592344758	0,2095545660
4,0619710720	2,5549087528
2,7764369332	-2,8449175840
4,5245337282	3,4481615499
4,2793725925	2,5218774657
3,2851107590	-2,0398949515
2,3226419359	-2,9015437765
2,8161371670	-2,9042683710
2,8973838878	-2,5430025273
2,8708006183	-2,9707552743
2,8318697865	-3,4225131664
3,8161190476	2,8221290500
3,3615321527	-2,5509114994
4,1799834712	2,8022149746
-0,6154599623	0,0723547356
4,4914490191	3,2620210501
3,9900261595	2,9812972843
-0,1364647065	0,2621121462
0,5238785414	-0,1520882843
4,1929055072	2,6000468117
3,4385506150	2,5834048431
0,4839451275	0,1073917459
3,0728940556	-3,2861565030
3,0042287738	-2,9685473663
4,0295407113	2,6372105095
2,7727842535	-2,8026271476
3,8987237478	2,9588957511
0,1587952412	-0,2497352436
0,5888783550	0,2034179089
3,8752103000	2,9335294172
4,3704091849	3,0172715583
3,1129312226	-3,8443687716
4,1604831845	2,3996723310
-0,2549546324	0,4693712187
4,1866316149	3,0886736666
3,5831830355	2,4329222610
3,2330829662	3,2828598607
0,0215440422	-0,1234796039
-0,4793967481	0,1775052775
2,3752250423	-2,9111767980
0,1849980806	-0,3647060630
2,8414291875	-2,6183294612
3,7113478552	3,0631723569
0,3354952777	0,3335282217
0,3371480338	0,4812459380
3,9943630653	2,9184725324
-0,4485243668	-0,2228055664
3,1130705371	-2,6014319389
-0,2781512149	0,1005217363
3,7044306829	2,8089709056
2,9195336994	-2,7621063243
4,1293143251	3,0156525107
3,5623917613	-2,3054771919
2,6630488172	-3,3723008459
3,6061654199	3,2901491165
4,0835111928	3,4067788579
3,7061128049	2,6665403520
0,0541758561	0,1402305023
3,4739390304	2,3922468089
2,3969441642	-3,0078513165
0,1359918225	-0,0566748510
2,8154813418	-3,3264849954
3,7364360891	-2,7892917341
2,7343847439	-3,1281796830
3,2585988372	-2,8831885099
4,0405489803	2,2970081607
3,9849322334	3,9067881502
2,9814023915	-2,5796848114
3,2853042516	-2,9153131794
-0,2617000807	-0,0147688515
4,2226217484	2,7725311900
0,5512836745	-0,1315873763
3,0710499668	-3,9242825336
3,9856107505	3,6565867685
-0,7523650920	-0,2115593070
2,8048868707	-2,0652626006
3,3084949109	-3,0148090032
4,7036724738	3,4143104864
4,0642781192	-3,3729805443
4,7541304836	3,3758983164
2,4669093446	-2,6583798706
0,0055556932	0,3367712884
-0,2688221742	-0,3706923841
3,8087018988	2,8167782805
3,8943487646	3,3361749440
2,5949822968	-2,6790953555
3,3547027228	-3,1246360984
-1,4142825804	-0,0286012852
0,7094425380	0,2845676415
2,8039884078	-3,4757657209
2,9251420340	-2,5425394160
2,4650815769	-2,5391446510
0,4989032448	0,0956663436
4,1502169182	2,0870060837
3,8227086499	2,8133786929
3,7826294938	3,5855874898
4,3462682807	2,7432802234
2,5627768800	-2,6531025098
0,1399910518	0,4348919707
4,0521804606	3,1791350334
2,8913936114	-3,2850881047
2,9950104476	-3,0625487801
0,7961015540	-0,2359732214
-0,0462413755	-0,0193280332
4,0051209897	3,4384876034
2,0897239867	-2,9267758017
-0,2130206175	0,2339785797
4,2359060644	3,0100922512
3,9104933814	2,6108652523
4,1373240462	2,4295287179
3,3625703602	-3,0400014131
2,8138414812	-2,8485853752
-0,8494943784	-0,2811219508
3,7812353757	3,1041554895
3,4577055375	-3,3612506660
4,2503519717	2,8296697116
2,4435373494	-3,2633854344
0,5270340879	-0,1559101879
-0,1178048642	0,1247117015
-0,1709588540	-0,3362522890
-0,2330940798	0,0352101501
2,5962977041	-2,7561771214
2,7332736051	-3,2270418462
4,0220389818	2,8024276135
3,3209220611	-3,3974714107
0,3566016539	-0,8377037692
4,2152860954	4,1373221515
0,1275967796	0,2766511852
3,3552567695	-3,2112066886
3,5899428000	2,5841301987
4,1002557262	2,7049468560
4,2117620205	3,5903755215
-0,3576711359	-0,3774313834
3,3716869598	-3,0804090656
-0,2407103182	-0,5738206791
2,6960437896	-2,6157385191
-0,4069438307	0,6191002006
4,1507091303	2,6860180664
2,5150555888	-2,3609206685
-0,1541806568	-0,4673752472
2,7976681261	-2,6829468364
2,9032867732	-3,1263603566
4,0408089903	3,3122790484
-0,0292795680	0,4355131033
3,5128282965	-2,6849865996
0,3234351970	-0,5078430775
3,3379983635	-3,0143445958
-0,0635544795	0,2019845212
2,3435782534	-3,1944943252
3,7267796418	2,6257721722
2,3784100462	-2,6406971791
3,0032089542	-3,3016269149
4,2077881886	3,4876490130
1,8551730985	-3,4542476065
0,3087050241	-0,0825019632
2,8845592428	-2,1460699914
4,0390191236	3,1038882767
-0,3422121199	-0,2457103208
-0,1460206283	0,0568692322
2,6096031589	-2,3638335018
3,9069538435	3,5794638469
4,1686260859	2,3801907932
2,9051286551	-3,3378066524
2,5623642164	-2,1550666145
2,6059485226	-3,5110271213
4,8728914860	2,5011560343
2,2161111218	-2,4744838749
3,2362552153	-3,3061470716
3,1394297376	-2,8839993803
2,8999838247	-2,7919233895
3,7242515244	3,1258101353
3,2578297626	-2,6281216509
-0,0503359990	0,4029809777
2,7356353719	-3,9134819095
3,1263521217	-2,7507614909
-0,4665362789	-0,6962029501
0,1996135714	0,5098173897
-0,1301535371	-0,1666078344
3,8081592724	3,3065112856
4,7082765154	3,1091189308
2,5340767474	-3,0229587628
2,9500445175	-2,4090988634
3,2002057751	2,1494776642
3,7513914794	3,5355629453
4,0237495259	3,5723328619
3,0410144904	-2,7159756955
2,6890370168	-2,7515492872
3,3709376001	-2,7039337716
3,1106842813	-3,1565610082
-0,6635375047	-0,4197494634
1,8844043739	-3,0845570404
3,2596080041	-2,9884807963
-0,2300126671	1,0260126425
2,7256483908	-3,7435425888
0,4600607309	-0,6368677941
3,6158533296	-3,6471772979
4,8108415285	3,7921042544
-0,2017932830	-0,6681246608
4,0402572856	3,1552406413
3,7357942548	2,9418513241
0,2721822089	-0,0533967791
0,2384634643	0,1911603327
2,6312700504	-4,0575557276
-0,3726319146	-0,1317871922
3,3203102448	-2,9604571594
0,4235473483	-0,0146365370
-0,3443301717	-0,0038792274
-0,3607065722	-0,0250021762
4,5250108784	3,2616082195
4,5834636079	3,5881086094
3,2678440705	-3,2189626442
0,8786984899	-0,2307884490
3,1491130162	2,5918033463
3,6977209498	2,6057924052
2,5846762229	-2,8520893563
2,7104064115	-3,2478292932
3,3018975045	-3,3306727956
-0,0566056123	-0,4569288266
3,8656232735	3,4272028721
0,4183227252	-0,1733273127
0,1694504111	-0,3617929934
3,7850096444	-3,4939901635
0,5592493972	-0,2393291941
3,6606442825	3,7004641929
2,7906265530	-3,6528342018
-0,5217678184	-0,2220651026
5,0331127061	2,9412187412
2,9291349491	-2,7620490129
2,8368196842	-3,6655870774
-0,5377030575	0,9162193890
-0,6679896149	-0,0260592364
3,3472265431	-2,2945739617
3,7792413055	2,7361305186
3,9695104992	2,1983098328
-0,1286277105	-0,6274456143
3,2381209630	-3,5492279956
-0,2423995843	0,3501182072
-0,3120034690	0,6132347182
2,7024005594	-3,0027776341
0,2629144183	-0,0259129324
3,4527044293	2,6142821773
3,5266021219	2,9484425524
3,8833525942	-2,2800910138
2,9278576440	-4,1225506957
4,4215184802	3,5459107404
3,2863861975	-2,6895526267
3,8916312555	-3,0200878921
3,2351649404	-3,1862680735
-0,6912012879	-0,1685232690
0,7087706324	-0,4088388838
4,5687339185	3,3633309125
3,3524520517	-2,6290673880
3,6411961299	2,4127777903
0,2278072478	-0,5801606537
-0,0386995715	-0,6360235939
3,7777383094	-2,9747335130
2,6023578127	-3,4386391513
2,0190264499	-3,5791951703
2,4546138199	-3,2424612347
2,8384055291	-2,8508953154
2,3424383171	-2,9618574894
3,5029504583	-2,7704960614
2,4942604305	-2,9725010842
0,2686838456	0,2230346866
0,1167220037	-0,3895645722
4,1734931159	2,5966314873
3,8781089691	3,3794347212
0,4927406432	0,7812673952
-0,3268900338	-0,0680729572
2,7901158116	-2,8167746813
3,7480944019	2,9477750141
-0,4348178089	-0,3453809731
0,4918715071	0,0232883497
3,1236180140	-3,7279195487
2,7693855296	-2,9153414215
3,1335453757	-3,1656178285
4,3054683834	3,3032860523
2,2770591421	-2,9451411570
3,3382874073	-2,8922615717
3,8349110718	2,7007017716
0,5953928018	-0,6366252722
-0,1514780799	0,6666799874
0,0892493425	-0,0433871412
3,1093973426	-3,1033953421
-0,4295786852	0,3041500327
3,6503292755	-3,0593736813
2,9537098186	-2,9075948202
0,2157983138	0,1651661350
0,0032699640	-0,1769368719
3,9333976109	3,3633043030
3,7829371579	2,6727483363
4,0219220108	2,7483864655
3,2074379002	-2,6579360715
3,2297631728	-2,8527513398
0,4558830702	-0,2796315681
4,2948447439	2,9976758939
0,1144747906	1,0359499088
4,6797526295	3,3105971979
-0,2604472526	-0,2065254345
2,9664861091	-2,5179449615
-0,8158427845	0,8526686946
3,4373161830	-3,0849197752
-0,8813976832	-0,0813426611
3,8052289713	-3,4882372141
4,0967806867	2,6446891762
2,9521189451	-3,5094765979
3,7313486112	-3,2163971755
3,0361635822	-2,9513511733
2,9197780675	-2,7200007624
3,7462085361	3,1487824574
3,6358618024	3,4243021644
2,9837417612	-2,6995817091
-0,0660968818	-0,2376782070
4,3857622760	2,9930539890
0,8230260642	-0,4363846194
0,5215192742	-0,2401332825
2,4023564790	-3,1256137741
3,3568662309	-2,6805384473
3,0586383234	-3,4487552736
0,2265856678	0,6563052799
3,8676118631	3,0593733250
4,2083281937	3,3092500484
-0,3430145201	1,2395547535
4,3644871357	2,3765695500
3,4280360826	-3,2261511358
4,4794303019	3,6005297484
-0,3945646856	-0,4475927771
2,9044675193	-2,7085618968
0,4331993148	0,0164459084
2,3813626857	-2,5708098117
3,3817414241	3,5141965399
3,9479676870	2,8044969094
3,4334240709	3,1826946233
0,4322085048	-0,0827448581
2,4527422098	-3,6851920413
4,3607649519	2,8624065164
3,3291572466	2,9748126211
-0,2292180492	0,3068660226
3,0615076693	-2,6763909827
-0,1910320379	0,2233606317
4,0465891980	2,8713186113
0,3816037447	-1,0023523240
4,3334314574	2,6800941186
2,6279427910	-2,4627821443
-0,3236679097	-0,3243702941
-0,2217060556	-0,2489102353
0,3085562970	-0,5403817962
0,1561749264	0,0762349965
4,1689972288	3,3139777053
2,7348967256	-2,7681111980
3,8115067804	2,7636205134
4,0315076917	3,4558333463
3,4758176963	3,2938599250
3,7907563801	3,2950120504
0,0263791186	0,1981666775
2,8098750651	-2,8046876239
0,1188026367	-0,6335537503
2,7118917535	-3,1553560249
2,6175875647	-3,0837398133
-0,1174703620	0,6542471864
3,2666327309	-2,6385048924
0,2887466864	0,3104625105
4,3140189107	2,8832839744
3,5147621938	3,0799202927
-0,3045795819	0,7523268585
4,8811501251	3,2298278693
4,0195292297	3,2107971226
3,2009943451	-3,3161474712
4,2564428868	3,1519747222
4,0466955872	3,1615895113
0,3301508597	-0,4193351180
0,5812496468	0,3424022249
3,3781106120	-2,8674826991
0,3014353663	-0,1511905636
-0,4031715096	0,8271302522
-0,0488150821	0,4008557784
3,9130795283	3,8676374387
2,2299939446	-3,4520883164
0,3627201858	-0,6795906404
3,0693974124	-3,1941396654
0,1272982716	0,0573753410
-0,6947561003	-0,0300580569
3,0705153226	-3,1871033521
4,0663274593	3,6153719057
-0,0248810755	-0,2506146600
3,4419383637	-3,8751070537
3,5846159192	-2,9710538739
3,2026576286	2,7616467124
2,5833614666	-3,2185259975
3,9178359257	2,7262101873
2,6070664028	-3,2208325825
2,9318848506	-3,0980199668
4,5925540071	2,7594918748
3,6383917823	2,8105619076
3,6798011215	-3,5835106717
2,7263291435	-3,3551522368
3,3827608297	-2,8438819159
2,5013451419	-3,2460403572
3,1991312477	2,7586557054
4,5265993657	3,1025739986
2,8268526496	-3,7364794870
4,2503046563	2,7484198057
-0,0932399677	-0,3599713170
3,7077644551	2,9069095188
2,7290535127	-3,0024797652
4,1004344766	3,0090444587
3,8989233671	2,6980732539
0,5224656220	-0,0310012741
3,7538316285	2,7437108770
2,4810699710	-3,2690629716
0,1487817267	-0,1921259773
-0,2192336295	0,2780546742
2,9367647023	-3,3429312494
4,2291911233	2,7105683386
3,0093553532	-3,3268878205
-0,3436995588	0,8869710235
3,1491087234	-2,8786451288
3,6300350063	3,2297572091
0,5953483192	-0,0531901077
-0,2001901732	-0,0165451171
-0,1644661352	0,3517728615
3,2332587820	-3,4500132366
3,5339949943	-2,9362862301
3,2373093154	3,2198795876
0,1854410963	-0,0276404312
3,0882951193	-2,6085533187
2,7750155180	-3,0735667230
3,0128622063	-1,9445712510
0,5180056904	0,4516823957
4,1190197675	3,0047905973
3,9118557378	2,9459820690
4,2300301423	2,6556564356
3,0168641078	-2,7332913059
0,5326642346	0,1955337805
0,2782418873	0,1201490256
4,0429999505	3,0805836000
-0,2477851609	-0,6215046579
0,4014058844	0,3112777398
3,3290968150	-3,3232896459
3,6432030196	3,1227019417
3,3319666317	3,1590732696
0,4656894493	-0,0472965507
3,2633184257	-2,8237357813
3,8577764757	3,0994851428
2,9100254105	-3,3953547935
4,3786497025	3,0261435907
2,8896326001	-2,4576434877
2,4820581903	-3,0756389532
0,6824716194	0,2389845247
0,0648783487	0,0208706127
3,2994373263	-3,0309016050
-0,1391063449	0,8834159046
3,6319981959	3,5405225529
2,7593152882	-3,3918071372
0,4150898469	0,4669769507
2,3826242414	-2,9774695027
0,3724554809	-0,4443728419
4,0140224614	2,8013569716
3,0503211270	-3,4046759620
2,4676263469	-3,5839899214
2,8975938991	-2,9470115171
2,2897536308	-2,3912825346
4,0349312117	3,7110227310
3,7886722327	2,5451414827
3,9761253509	3,5299305493
-0,1250486570	-0,0523283383
-0,4555996348	0,2906037297
4,1726186949	3,7117770184
4,0219999547	3,4885521751
3,5760884677	-3,0907339625
4,2815599425	3,2888622790
3,9687164994	2,4968430209
3,6347892298	-2,9560418908
2,7836044817	-3,2430022797
-0,3516230873	0,8779881873
3,3703663448	-2,9267104220
3,5676202356	2,2092221870
2,5125700416	-3,3844834369
2,9983938892	-2,7997562493
3,4543569048	-3,1283746437
-0,3465145456	0,5038159189
4,5606036268	2,9861023670
-0,0987966227	-0,1162971067
3,1621190577	-3,1897473214
4,8385025282	2,7849328025
0,5320577184	-0,1215200856
3,3841879832	-3,4123745579
0,0866403786	-0,6048035122
0,0666733918	0,0454411772
-0,0405411378	-0,2771771924
4,2004287738	3,3000562387
2,8290132027	-3,0518533796
2,5240043596	-3,8185601253
2,9645105380	-2,3309182614
4,1814482677	3,3977321424
4,0811001849	2,8160033713
4,0759839836	3,5439035565
4,0384665634	2,9393399503
-0,1704072917	0,1168648642
4,3236151134	2,4692562846
-0,0261704809	0,0343627535
-0,2436188017	0,0118847219
0,1346812462	0,4875461320
3,2416935032	-3,0349476333
2,4376837407	-2,8301281702
3,1131946433	-2,9471410140
2,3116651638	-2,5428579725
0,1121170535	0,2333167367
3,6865361725	3,6886501401
4,0042486031	3,1398353828
3,4909245351	3,4486844525
4,0467231595	3,7245668080
-0,1821802696	-0,1750053498
0,1364728914	0,3580748037
2,5167427978	-2,8250547485
2,5414873547	-2,4448227173
0,5392596250	-0,0183847903
0,2432148660	0,5977609096
0,3764585869	0,0274636434
3,4213515115	-3,3081899749
-0,3838600256	-0,1429162162
-0,3278595004	0,1815036805
2,9387994439	-3,0473454017
0,1240243476	0,0200214048
3,4845533996	-3,0403877013
2,9289773350	-3,0200691843
-0,1434210595	-0,5127029823
3,7343607716	3,0927384426
2,9890188649	2,9379340609
4,1310926744	3,1438339682
0,3771231639	-0,2303108463
4,0530758013	3,2943856812
-0,3283879971	0,2751009391
-0,0094487465	-0,1493442402
4,0550030636	3,2390536019
2,1914270996	-3,6050783360
4,0830994492	3,6579887560
4,3420052315	2,7241612185
2,8515725347	-2,8800161264
-0,6450245536	-0,0693149037
3,3273439178	-2,9119226475
2,9246969642	-2,2379736865
3,1646648178	2,8310151163
4,9468851885	2,5670661797
-0,1505353377	0,3247053973
3,8749922880	2,9595657863
3,0954938343	-3,4553772988
3,5373587218	-2,5552209627
3,7715331391	2,6810911395
2,7518384948	-2,7227625238
0,2651864482	-0,7199080874
2,8754747420	-3,4929350906
0,2972750251	0,3351036917
0,5421399420	-0,0589649580
-0,1581737243	0,0606760826
3,6964629739	3,4084306967
3,0795039608	-2,2807692681
0,2310623447	0,0990867031
0,0233834863	0,2257512605
4,0816057927	2,2141118953
-0,0329682784	0,0372096107
4,1361533389	3,0500450199
3,5015755906	-3,1076817847
0,5496048167	0,3102506349
4,7148273399	2,8014350510
0,4374519082	-0,0435233843
3,6154881877	2,1003347404
-0,2919648133	-0,2608058450
0,0835047250	0,5848329575
2,6616898837	-2,7577397560
-0,0757606973	0,6661620189
3,8135825681	-3,0563820024
-0,3912632381	-0,0033838338
3,9412055037	3,2253954356
3,8850609826	2,1983822133
-0,0219533915	0,6040346122
0,1167111089	0,2412846875
4,6387161577	3,1747614658
3,3736895616	-2,6495652464
4,3240384527	3,4734340461
2,9960188040	-3,1558825266
3,8228693166	-2,6361832905
3,3205512881	-2,3850064522
2,5905248976	-3,2921406935
0,1244452456	-0,2257631367
3,6375353626	3,4335147921
3,9160733930	3,8157802496
4,7410421214	2,6801501019
2,3985603591	-3,4872372160
2,5925610198	-2,4614808701
-0,3024598574	-0,6504332782
-0,6756054981	-0,9825137436
-0,3342240169	-0,3091827516
2,8731522846	-2,2611897486
0,2604887914	0,1516919438
3,4387408066	2,7147395695
2,7327875872	-3,1165611630
3,1542735754	-2,7464107353
2,6470208020	-3,2478284070
2,8938845311	-3,6401709760
3,2098207692	-2,7150569011
2,5335341139	-2,3310018976
2,7957575028	-2,6666282847
4,1900316107	3,0558323837
-0,3356118461	0,3933392486
-0,7271047395	-0,8606081162
3,8620497706	2,5661347700
3,6857581573	-2,8417465372
2,4533832909	-2,9181514863
4,1196254250	2,8419648740
0,1691264777	-0,4004529470
2,9838845861	-3,0297523001
4,0534112995	2,8874478812
0,8457464123	-0,7013346803
-0,4210344194	-0,1374278495
3,6722004430	-2,9126398570
3,7686793501	2,9968052473
4,4215202699	2,8650829791
4,1768561710	2,9990965165
0,2398996100	0,0787876214
3,5572656956	3,0821796391
2,8340622956	-2,7678977372
-0,3898015856	0,3560018478
2,7174896061	-3,0946356771
-0,3389761874	-0,9697151923
0,0323214115	-0,0585717588
2,9389016420	-2,9328360326
2,4310035930	-3,0676329192
-0,2117053422	-0,4661352352
0,1102514941	-0,0294695504
-0,3414462799	0,8175323713
0,4099771165	-0,1180471515
0,2541826856	-0,0185946601
2,4525022537	-2,9051315685
-0,3341643246	-0,7013650640
2,1055817769	-3,1261840459
0,4411917745	-0,3224961688
2,9587156369	-3,2076336249
3,7215500788	2,3644065104
3,9015442988	2,7804138018
3,5816514710	3,3436527524
2,9163743639	-2,4744652696
-0,5616220774	0,2210944315
3,0411898909	-2,9115411724
0,4984189722	-0,0990981978
3,0143472948	-2,9597970197
3,4470772871	-2,5271316711
3,8725013742	3,3017538045
3,4879880350	-3,2248400894
-0,6667099063	-0,2018533912
-0,2884329588	-0,0397862623
3,0806739957	-2,5695242924
4,3314139859	4,2456492873
4,6588100037	1,9587778587
2,9166010446	-2,7095453421
3,8559830201	2,9481171129
2,9531839341	-3,0368481550
4,1257102984	3,1283244519
3,6332758885	2,8983913899
2,3084365217	-2,7114150424
3,0543336288	-3,6958665129
3,2570783262	-3,0880835815
2,7841544946	-3,3959769047
-0,6605433620	-0,4961509749
3,8799149792	3,1732293287
-0,0491233944	-0,9724445059
3,0044459884	-3,4306564226
3,5257786995	-2,6851656487
3,7769460525	3,1691886227
0,0204768006	-0,4350529245
3,6673400367	3,1012309480
3,2099228221	-2,4812838428
-0,5546598458	-0,0535980741
4,2369839188	2,7641325834
-0,3928516046	0,1729793666
2,8136481471	-2,1712433285
2,8500521067	-2,6203932530
0,1991725691	0,2269495148
3,5488136813	3,6645704286
2,2250970351	-3,4304661789
-0,2521241882	-0,2422471617
-0,2516023386	-0,0848671649
4,6576300086	2,4501979433
3,7359000401	2,7947233971
2,6757311710	-3,0465238614
0,1358033105	0,1378325189
-1,2908224693	-0,3321328108
-0,0487622938	0,1016960970
0,2926442600	-0,1820645045
2,9331245415	-2,4845921692
3,4915143065	3,7539369819
2,7351782694	-2,9833759507
0,2609387320	0,1135942551
4,9930433713	3,3738083798
2,5437707294	-2,8252695139
-0,4715870576	0,2032385922
3,3960501687	2,9148607212
-0,0370792505	-0,3089830008
3,9878386370	3,6405093701
-0,0802616666	0,0877486776
4,3881175676	2,3564847677
3,2022634032	-3,6494514478
4,0375545844	2,8179748687
-0,1422537349	-0,1228611470
-0,0440849688	-0,1329712915
2,9240175882	-3,0932080367
4,2098662009	3,5435333764
2,9231599604	2,9569829346
4,3207036156	3,1887299040
0,0723309011	0,3735822872
3,1143276031	-3,0730845848
4,0401293804	3,0510535422
3,8275556716	2,7091541083
-0,0553131544	-0,0325912301
0,1730305866	0,2881049045
3,6780586063	-2,5042705423
4,2289401241	3,1497263624
0,0650934439	0,2705887212
3,3648115771	2,8432501632
2,7548716626	-2,7611126669
0,3782156836	-0,0567603038
-0,1911501069	0,2007928903
-0,1075874242	-0,0086918360
3,4417633129	2,6462918790
0,8621350877	-0,9989534201
-0,7570486294	0,0574736789
3,1197341692	-3,2884091230
4,0011945354	3,0387844757
3,7977107624	3,1446439320
3,8603545042	2,5287434137
2,2144879847	-3,2532942274
4,0819505180	2,7095390856
-0,4298926704	0,2362579062
-0,5153761186	0,2657166250
2,9912709198	-3,6233197716
3,2668888119	2,5920571454
3,2216694544	-2,4061292825
2,6390148626	-2,4649540061
-0,6200583069	0,0532477787
0,3869511163	-0,6213550926
4,1724410111	2,9136167725
2,6421052102	-2,7986378101
3,9606518758	3,2828314912
-0,2137487288	-0,2076618677
2,7865894659	-2,8681821962
0,1144824098	0,5583880432
2,5580958360	-2,9447904101
0,0385053528	-0,8222504436
4,0913841029	3,6327122514
3,7584262314	-3,0291234338
4,2379792424	3,0741488390
3,8101508544	-3,3579168530
-0,5534326414	-0,0590639627
2,9880998529	2,9891399953
4,1695136308	3,0722670781
2,2143296513	-3,1819997877
3,4432303161	-2,9538505868
3,8551240395	3,4542630222
0,5115013265	0,0708733435
0,1174063783	-0,2097641973
4,4994368591	2,8191461255
2,7293548510	-3,0275460805
3,4776109323	-2,9682457921
3,8351271846	2,5912505817
3,5362698168	-2,9332727794
4,2498982132	3,5827962931
3,4843408148	3,2680132899
0,0255208742	-0,4347667183
4,2099055413	2,5177367582
3,8875329336	2,7349158441
4,3982154208	2,9232006470
3,8924443868	3,0372202981
-0,0332397569	0,2174657650
3,4896872707	-2,7281009916
3,3121884401	-3,5477575542
-0,1062416331	-0,1142108610
3,6917682506	2,8163699331
3,1005234112	-3,1144112196
3,8467616740	-2,9704334415
3,5215515581	2,6881852156
0,4117262880	-0,0941090606
3,3889398091	-3,2652831751
-1,0423238964	0,2309451183
2,8407226952	-2,9259064253
0,2979939975	-0,3684044363
-0,1187098611	0,0213430796
2,3770401785	-3,6060833996
3,1532209676	-2,9307874879
4,3381395156	2,8879900428
3,1686689223	3,3370855199
-0,0279734906	0,0716127439
3,0987590938	-3,7937158746
-0,2049052815	0,7046818671
4,0536448827	3,4249713390
0,1081498104	0,6160162937
2,8635823303	-2,9325853744
4,3830879707	2,9183476700
2,9192486480	-2,9113241334
0,1830989677	0,0213808878
-0,3853995474	0,3616120205
4,0567539018	2,6844023189
2,7491307497	-3,6025941585
4,1858570148	2,9069264764
0,4918748335	0,2112586311
-0,2564066843	-0,2906350335
3,2869922979	-3,2632230412
0,0319585610	0,1439760197
4,5462620304	2,3657875191
4,1335544654	2,7709486678
0,0392585737	0,4017154003
2,9268113329	-2,7483243030
3,5606570358	2,2642497933
3,8825319815	4,0147990074
4,2273450845	2,8832874302
3,2221698537	-2,6212480719
2,7861662990	-3,1219500279
3,9302783727	2,5479825256
-0,8665563953	-0,0145674478
2,7602876416	-2,4462990222
0,4690192288	0,3495674933
0,1976103403	0,2382144113
3,0471760955	-2,6925304705
2,7714969482	-2,6339258044
2,5560268613	-3,0588569356
2,6337972063	-2,4198691370
-0,4188120763	-0,4961060836
2,6005016182	-3,5129947737
3,0415832017	-3,1055548783
3,2414688376	3,0211262138
2,4107195028	-3,3549233849
2,4634600588	-2,9268511897
3,8088387566	3,4345086798
-0,0696097802	0,1627813302
4,0978940205	3,0598837046
1,0898398079	0,1281955480
2,5293257611	-3,2209015732
3,9831909088	2,7364486096
-0,0478414135	-0,1818191067
-0,0456635007	0,0689334634
-0,0466416459	-0,8886613510
4,0698998707	2,4829908461
3,5707704889	2,7874048393
3,0936010760	-2,5719350297
2,9422028860	-2,9409856378
3,1617791702	-2,3256677467
4,3374502210	-2,7410489140
3,5855401994	2,9214574838
3,4210676028	-3,1168444720
2,4517926832	-2,6406774303
-0,5185265594	-0,0583151988
3,5565255906	-3,0268313048
4,1128295423	2,9826835352
3,9135907781	3,5129421331
0,2322592555	0,3982920215
4,3354668669	3,2250720251
-0,1204242323	0,5526528624
3,0111865306	-2,0110277696
-0,1742264364	-0,0189500806
4,0920660623	3,6127913208
-0,2086237530	-0,9296697547
3,9777399309	3,5987663721
0,0325015547	0,0446333756
2,6898513979	-2,5081320831
0,4234656487	-0,2107877340
3,7549672711	3,2005459239
3,3820114600	-2,5274603553
4,0262838680	2,9321744361
2,5060033847	-2,5682559908
-0,3284710136	0,7839057596
4,2217641818	2,7308353773
2,9807417581	-3,1840829390
-0,3881987208	-0,3978118510
3,0115426067	-2,5793062743
0,1152110723	-0,0924363634
4,3472112057	2,7192416910
3,6820406072	2,6437884322
-0,7073977982	0,5736998024
3,4725732340	2,8055402219
4,1902623027	2,4642153485
4,3156132301	3,5582918388
-0,1001604916	0,1474975242
2,6918889177	-3,0804354009
3,6375920442	3,1185708217
2,8870703167	-3,2196198780
3,6087218923	3,0363103130
-0,4407652883	0,1306702433
-0,2651769970	-0,2434969001
4,1421022519	-2,9897763680
3,0443343430	-2,8137503119
2,5385135593	-2,9027396069
2,8264064780	-2,8228640686
3,9881904041	2,5439092123
0,1689469567	0,0277336633
3,2078516753	-2,9293617310
3,6643643645	2,7929712928
2,8140989918	-2,9573016701
0,2374384785	0,6376173904
3,7385962605	3,0173376287
0,1284133407	0,0781708950
3,7262135107	3,3186311309
0,5098349091	0,1129831935
3,3882367608	2,7464117445
-0,7990324529	-0,6314340607
2,4950395085	-3,3295651764
-0,5436171003	-0,9094595777
-0,3259435369	0,3068839561
3,1358209617	-2,3520512353
3,0801649616	-3,2823949266
-0,3583872563	-0,1899245644
3,9482495707	2,9377465774
-0,5088375325	0,3205666008
-0,5121995461	0,0107676619
3,9359145519	3,1776431051
2,4821292559	-3,1484779400
-0,2274196372	-0,1745096964
0,1607566083	-0,5695289580
3,9321591586	3,6744445054
4,2194113113	2,5254233245
4,6011465976	3,2060779048
2,8747306298	-2,3104757743
0,2936603866	0,7864072688
-0,2988750120	-0,1783654946
3,4409563089	3,1160267161
0,3677957268	-0,4659790743
4,1285541922	2,9914969069
-0,1528300062	0,0020375433
4,2311173719	2,1334069759
-0,5023462099	0,4940613016
3,3300021792	-2,9044768232
2,5107003896	-3,2120482440
3,2640068372	-2,5232524785
3,9596728491	3,4224591364
-0,5137238021	-0,2750982846
0,0196670442	0,0508836455
2,7514451342	-3,0509695107
0,6446819885	-0,0022918439
0,1339385457	-0,3094617153
4,5594745747	2,7613735418
4,1592490699	3,2734152460
3,6971908578	3,4942857092
-0,6522363134	0,0509511818
0,4026394477	-0,1817321937
3,5269882226	3,0174609412
-0,7023385369	0,7984729440
-0,0242481057	0,3790304541
0,6256022490	-0,2339006208
4,4623713274	3,1795261525
3,6271924049	-2,9628193925
3,6462461083	3,1761161117
2,8912719498	-3,1745189523
4,5513814049	3,3972979965
4,3778992710	3,4998456240
3,8385785505	2,7419759977
3,1466933305	-2,5402151470
3,5293235619	3,7705791263
2,4323692001	-3,0286671429
3,3685814683	2,8310733663
0,3239728271	0,0531159746
4,1622340286	3,2601416490
2,8491681271	-3,3384264091
4,2858343365	2,2168842890
4,6786631335	2,7865532674
-0,2417395086	-0,5435203775
4,5013313603	2,6122175430
2,6791840516	-2,8576272229
3,6601549230	-3,3209300028
2,4865090747	-3,3007809667
4,1178974237	2,9610063866
4,0028805508	3,1702159060
3,6283340943	2,5906212076
-0,4816209323	-0,3527443268
-0,3165874147	0,0689486777
0,5539140421	-0,2790885257
3,1277378209	-2,9654298776
4,4157877144	2,8551077025
3,5635764120	-3,5327506974
4,0608281288	2,5283798189
0,4790742954	0,5354331163
4,3196254326	2,9726672546
3,4754455950	3,2499285469
0,5590201312	0,2324077716
2,8424017899	-3,1733111755
3,3632631983	2,3619753981
3,6422630830	2,8697147828
3,6449265047	2,7139476267
-0,2278947664	-0,2615126886
4,9152818153	2,9040452613
3,1392463471	-3,4017336142
2,9922729428	-2,7909699615
2,9124815923	-3,3120245706
4,0208555158	3,1550796477
3,7657386807	2,5120134084
3,3084684729	-2,5862765063
-0,1445867400	0,6567794369
0,0979564773	-0,1479636133
2,5394918703	-2,8355572606
3,4017197521	-2,1832824525
4,0495815125	2,9286240062
3,7286953864	-3,1117507579
3,2272006848	-3,4939110811
3,0208435631	-3,7126004975
3,2509858903	3,1365986972
2,3571304463	-2,6747231664
3,9298114868	3,3043282212
3,0026568338	-3,1231139743
-0,5662386164	0,1512875205
3,4293678040	2,3922453271
3,8430078174	3,5672369250
3,6207261612	2,7348236271
0,2708641395	0,2423153207
3,7013827618	2,9504515374
2,9312597044	-3,2533303978
3,1224833997	-2,8040787290
-0,5655502652	0,1873816962
0,4758150401	0,6108797627
0,3214337984	0,9682734516
-0,2623664044	-0,5711688716
0,4368291841	-0,4635526989
-0,0513811311	-0,6306469152
4,7000174474	3,0271234358
3,1294032931	-2,4431262892
3,2724836465	-3,0369753380
0,5634231823	-0,3172340979
3,3504501645	-3,0036858754
4,1935965092	2,8017383824
3,0302386134	2,8866250927
-0,2150125801	-0,2882484929
-0,1236674209	-0,1861949200
0,1627131948	-0,1464074025
3,0514543698	-3,1779735153
4,1327886722	2,9729578873
3,5763931305	-2,9584704150
4,1929380010	2,7188314203
4,7352649984	3,9274074913
3,3739734981	2,8654776455
4,1963918628	3,6293807361
4,4441888542	3,0481259347
-0,1624443126	0,3969676272
2,6983599145	-2,9673763130
3,8955487497	2,7219838119
2,8829659501	-3,2021329602
0,7178386736	0,0302953304
2,5580973249	-3,3204911140
3,7471991819	3,2464488681
2,8933563280	-2,7584012098
3,6580072531	-2,7745595847
3,8686017236	3,4264938068
2,4341923057	-3,3641781388
-0,3598881771	1,0402476258
4,2972935280	2,4480552368
3,9990702150	2,0935502567
0,2848608578	0,6757213998
-0,0914363676	0,1138883357
4,4860743314	2,3594048269
3,4480532787	2,5275709634
4,3771745542	2,5364507346
2,8967992933	-3,1694902063
2,8060807317	-2,6806003002
2,6397096587	-2,9455369902
4,7056492730	2,5570112510
0,1393457511	-0,0988634523
3,8800666494	3,0316316649
1,9842472223	-2,1847746167
4,6100968183	3,6239354730
4,3606212395	3,5417022915
-0,3774974640	-0,0793209989
4,4218787459	2,8368727308
3,3742762462	-3,5471534598
4,1717831144	2,8337319692
3,9932469566	3,0168017380
2,7830057598	-2,4904836894
3,7396818284	3,2684363842
-0,0078717081	1,1606474040
0,5361665859	0,4838267806
3,1890636516	-2,7673523533
2,4629314096	-2,6917781974
4,5773548284	2,7356804693
0,0154198746	-0,5397049578
3,0726260987	2,7249338969
2,9488880622	-2,8226918634
-0,2810633215	0,2413044653
4,1084754468	2,5595776544
4,3096750176	3,2899450735
0,4169093060	0,2635391042
2,8059434335	-3,0223831166
-0,1045279815	0,3592587296
4,0283007000	2,7565127458
3,4534653677	-3,1023599235
0,1813911237	-0,2190945396
3,0254300121	-2,9456421728
3,0259497083	-3,1864008637
2,8684699916	-2,7017955851
4,6029920938	2,6702117035
0,0709898273	-0,2544548895
2,4459135706	-3,3502081297
3,4412863777	-3,2201967368
3,8631351521	2,7888913128
2,8691532929	-3,1116137569
0,7209344742	0,2062745339
-0,0845740250	-0,1925497390
2,1753918402	-2,6372396019
4,0161991650	3,0007793587
-0,0385907742	-0,1398924480
3,7292170519	3,0299675637
4,2563583958	3,3282868230
-0,1483073554	-0,3544935773
3,2820722717	-2,9192574488
3,4393371674	2,5203995049
3,1378768978	-3,1592977048
4,8054827125	3,2512147030
4,0622520742	2,9188441925
-0,0218933703	0,5930792868
0,0845981311	0,0471619709
0,3845337125	0,2299890077
0,0371338989	0,0791986298
3,2077419510	-3,0302191716
3,2616367379	-3,3133859221
0,0160507706	0,2235219976
3,9854132459	3,2280172639
2,6849605447	-3,2067200231
0,0359494871	0,0837547997
3,0653675080	-3,3180253643
4,2135731514	3,0965952805
0,5255699547	-0,3384694655
3,7179300479	2,2609187493
-0,0254772290	-0,1862991163
3,0504825057	-3,1384643833
-0,2302673447	-0,3997894619
-0,0042950013	-0,0544798387
3,0254994062	-2,5806826728
0,3780405585	0,0973590713
3,2586553107	-3,1298100678
2,7178165358	-2,8302143168
4,0458767377	3,0510615298
4,2719707059	3,6066534135
2,7805202411	-3,1362459012
4,0738296451	3,7240921990
0,3816872229	0,1408612584
0,5506006584	-0,4198508477
3,5680941168	2,9165269665
3,0904815475	-2,5759541574
0,2649238511	-0,2159032201
4,1898014855	3,2209016894
3,7528639125	3,5579981288
3,2739059714	3,0591916142
-0,0728805285	-0,4426277717
-0,3409688860	-0,2356657755
3,6991407165	2,9958945522
2,9180589713	-3,0158193038
3,1998899761	-2,0545696032
3,2374050398	-2,7073126585
-0,4391626854	0,2217705868
2,6033687713	-2,8231312868
-0,0956753229	0,4522902539
3,1019013584	-3,4400282050
2,7738763073	-2,3903370839
3,9943360938	3,1115581727
3,8563679933	2,9292460613
3,4894670415	2,2763333141
4,4482045489	2,7648809616
-0,0548783419	0,3954151709
2,7965672780	-3,4341671027
4,1203557761	4,0225841697
-0,3144185025	-0,1476908608
4,3364375887	3,4450271470
3,3541374528	-3,4764158087
-0,2662048064	0,8974803368
0,1524009328	-0,8584640094
-0,0557435280	0,3832288784
3,0088976377	-2,1206686117
0,5215090556	0,2401375840
2,9681849251	-2,9439008234
4,3444567074	2,3437581255
2,5525626928	-2,5786145826
4,5585066594	3,4923549768
-0,8046243746	0,0614891254
0,2697473004	-0,5961549267
0,0603515103	0,5846865778
2,5650642610	-2,7047369511
0,3497121491	-0,4088318456
0,0716347576	-0,2848503539
4,3792700148	2,9821845869
4,1049347296	3,0204575467
0,0960020303	-0,3548144760
3,8169884436	2,4499953651
2,9382047583	-3,7724452987
2,7677226927	-2,5693779476
3,3261868049	2,9578755430
3,2903618804	3,5019694001
3,4559128069	3,7022021710
0,3032670017	-0,2043107713
2,8773710185	-3,0571562131
0,3172550016	-0,3024288329
4,7863550710	2,7602130621
3,4538754315	-3,0746164409
4,6243145314	2,7426414137
-0,2188867959	0,2332981923
-0,3466526073	0,4565585432
-0,3635365740	0,9036726551
4,1180071722	2,8315228655
3,3886813727	3,8127832449
3,3320581973	2,8814462657
3,5691357514	-2,7174205720
-0,1130707170	0,1070804002
3,0731513858	3,2287723029
3,6001973692	3,2224164356
-0,0299637669	-0,0317054754
-0,2876860089	-0,1213543454
4,4958613698	2,8179851141
0,1394576358	-0,0515365503
3,8906165863	2,5542882675
3,2024406954	-2,8183968339
4,5434603149	2,3022807147
0,4061582141	-0,1267730559
2,4290332860	-3,3039334574
3,9731656244	2,6601239946
-0,1751687044	-0,2754688985
2,8757475839	-3,0504700750
3,7503194752	2,6251342240
4,3829180689	3,0651638115
-0,0045486005	-0,5788931966
3,8587871669	3,2295735374
4,0204389494	3,3842285452
4,0241649837	2,9915993129
3,5503631398	-2,9818926748
3,7742480474	3,0246938108
0,4429266561	-0,1383200287
2,9324251577	-2,6589612712
3,9572426971	3,0818296052
-0,3261941691	-0,4224540736
3,6825119922	-2,5277215457
3,2867576049	-3,7737308711
0,5556730063	0,0640896551
-0,0117398695	-0,3430141643
3,0669047958	-3,0301883874
0,4789879046	0,3700889254
-0,1767320758	0,0122125895
4,1084017500	3,2247471014
3,5748957908	2,8974879763
3,2574550414	-2,8592499426
0,5147500870	-0,4168761612
0,1825846362	0,3363945073
0,2903191497	0,6010757157
3,3013328620	2,4014305002
3,5744683764	2,6985295123
3,9426007953	3,1460100004
3,9587991204	2,0271322334
0,6041759306	0,0579302083
-0,4915687005	-0,2960827593
3,1620373078	-2,8355991501
4,8706621877	2,2554076304
2,9905690435	-2,5805314929
3,5948047929	3,2025480396
0,0811841236	-0,0557916032
4,3045316345	2,9508632787
4,5558695582	2,8133800562
0,3649988216	0,0592835496
3,1133386109	-2,9290340951
3,8213174483	2,6298914395
4,3458542814	3,2389855217
4,1639213693	2,7257113965
4,3460804232	2,6537815830
0,3754663473	-0,1964827733
4,2845030298	2,7238083318
0,2803384368	-0,1605322227
2,9985847915	-3,1714030107
4,0735998661	3,1765377912
0,1237582169	0,9132734821
-0,2374343550	-0,5207410265
3,0319075932	-2,8655593106
2,9584743023	-3,1503913153
3,2311476286	-3,0439695364
3,7960412958	2,9332444551
-0,5319771123	-0,1371294833
2,5907361440	-3,0441902372
0,1080754173	0,0286280540
4,6423158065	3,4118721719
-0,1385214539	-0,1988787186
0,0981551688	0,8905714737
-0,5330650540	0,2334664283
-0,7859850941	0,0110182651
4,1355474748	2,7574670169
2,8745292004	-2,6715827091
2,9639198301	-3,3811881402
2,9692841783	-2,7470860701
3,7306568978	3,1062599197
3,8080270694	3,1742256140
2,7052572271	-2,9534377514
2,7611818576	-3,2063800126
4,3148337615	2,2106937114
4,2564503319	2,9911061238
0,4144361115	0,0792240745
3,7043801766	-3,2346061062
3,5421646259	3,5120142024
0,1064949613	0,7887426740
2,7728238660	-2,9910896447
3,3058994028	3,2615073018
3,4501694366	3,3721659595
0,1373941308	0,1889011381
3,4338463894	3,7861443292
3,7522635706	2,7987650098
3,8708377014	-3,3157839232
0,4085067892	0,8002341888
4,0073023261	3,2392292395
-0,0117995048	-0,3515398440
-0,1303470107	-0,0824805533
3,5717215745	3,1765581918
4,4888362314	3,7125558489
3,3181713278	-2,9697382105
3,6336448538	2,6273844630
3,1177196907	-2,9225636305
0,1802457176	0,3416467306
4,4551244577	2,9528869564
0,9350067765	-0,6379981176
3,6027450467	2,6861187439
3,2888430641	-4,0436327232
0,4107878470	0,7250311488
4,6358395594	3,2914602894
3,0418008189	-3,4636986632
3,0591196034	-3,3211382125
3,6748371111	2,9340886376
2,5071724965	-2,9698532419
2,4886146739	-3,5034031282
3,1921849847	-3,2151926834
3,6592482170	2,5397633049
2,6624163480	-2,1047361373
3,9439496872	3,1909840712
3,7901648397	3,3392319642
2,1415120393	-2,9744750485
0,8261923882	-0,2328355760
-0,5352014570	0,3828273570
4,7529642204	2,8504406310
4,4182168609	2,8296138659
0,4050156449	0,2973844148
3,3255507376	3,3250421658
3,4242324164	2,5502950275
4,4037770632	3,1172766565
3,9417541004	2,6831197605
-0,2291347906	0,1842574716
3,7971030262	2,5340938548
3,5208615640	3,0277907541
0,3050887119	-0,4875450751
2,8455259647	-2,6197181926
3,6069741996	3,7312864880
4,3241404802	2,7445111279
3,0896978271	-2,3855018146
3,2896420094	-3,2864338693
0,1148448056	-0,4298959094
3,5609143437	-2,3690182838
-1,1411913173	0,7166028732
4,5274882311	2,8980419933
4,7052849197	3,1084930826
0,0567064069	0,3214143550
3,9829766805	2,8287981317
2,4558693012	-3,6363664843
3,1063480542	-3,7304462135
0,1734225173	-0,5495689715
3,0903724833	-2,8219311405
0,3071896221	0,4076189552
4,1742688089	2,6120856140
3,1654487596	-3,6529004360
2,8659241575	-2,4697158301
2,6881500736	-3,2250030299
2,4520806725	-3,1218190263
4,0011121484	3,2273261136
2,7650028228	-3,2493164440
3,8760734649	2,5535066293
-0,2760228589	0,5715171057
-0,4954778327	0,3798364074
-0,4365706128	-0,4633872806
3,2192230717	-2,2794201373
-0,1801159010	-0,1083034181
3,1151754920	-3,0315853066
4,5578171171	3,2553324910
3,6624579230	-2,8545990942
2,9299585556	-2,8360138320
-0,3990090376	0,3769346252
0,0607248444	-0,0013145407
-0,0920280672	-0,0215280822
4,0629819293	3,0682759646
3,8811161305	3,5391933019
3,8600366188	2,9803643528
-0,2256180059	0,6152696796
-0,3348532458	-0,1602535697
-0,1914370155	-0,1512804736
0,0314693574	0,0513339881
0,0367567031	-0,3948832670
3,6259245416	2,9762626335
4,1196413105	2,9184210244
4,7884827188	2,6434764403
4,1618174330	3,2620778224
3,8172960109	3,7401664419
3,6509020619	3,2318470620
-0,0076786348	-0,3056000612
3,6565944602	-2,6313445913
2,3253863638	-3,5375111683
0,3771033402	0,6703062739
0,3768876045	0,4705460989
0,5990624676	0,4336049955
4,1411986252	3,4569727813
0,1938874587	-0,2368901010
3,8547987114	3,0140268767
-0,0258092298	0,3098259169
3,1027497031	2,4304357311
3,1770787066	3,2241670147
-0,0103723550	0,0764990531
3,6156997485	2,9494973095
4,4647044082	3,0079826150
3,9235134959	3,3303059575
3,8601723754	2,6478883628
0,2494961567	0,5128979125
0,2129675116	0,2737155950
1,1647222075	-0,2232867033
2,7595114033	-2,5435604594
3,5959320909	3,0016368408
2,8319763614	-2,4939801011
2,9188152268	-3,7087166258
4,1735602228	2,8896847602
-0,7925750162	-0,0831271570
2,6561687552	-2,4159653737
3,9234724317	2,3623452278
3,1810023276	-3,0172412525
-0,5744606772	-0,1706135569
0,1496372936	0,2356441978
3,4141916024	-2,5809329562
-0,1933659195	0,3248648479
4,4649866408	2,6835764377
2,8152408633	-2,7023473670
2,6192215824	-2,9880097753
3,3799798384	-2,8607027284
3,5977817446	-2,7868402065
4,1581538300	3,0746009428
4,7365993473	2,5653441182
3,2882106040	-2,8893477087
3,7164421522	-3,1509253460
3,8984488424	3,9164712672
3,7267809714	3,3190187878
3,5099651733	-2,4818023723
0,0565570746	0,2434508548
0,1985684774	-0,1449216240
-0,1686608352	0,2435469049
3,0141586963	-2,5240582879
3,3544669732	-2,8613143004
4,3574581211	2,5767103004
2,7811004064	-3,0883717040
0,2181264525	-0,4017132491
4,0644472022	3,2725671286
0,1195852392	-0,0289284458
3,3067984224	-3,0412831074
4,1999631470	2,5440706098
-0,2413657568	0,0921932159
2,3628290851	-2,7334142019
3,8494588409	2,7415249982
4,0410227941	2,8272915783
3,2439449315	4,5571844025
3,7827121681	-3,8731106295
3,3709010347	3,0960199597
-0,0852263143	0,3640874893
0,2218237820	0,5683656818
-0,6257677623	-0,0639077665
4,2716007134	2,8116335496
2,3144561336	-2,6040745514
3,3800566257	-2,7833713360
3,9945687591	2,9331502684
-0,2703504954	-0,4256470063
3,2912099565	-3,1098778261
4,4449710276	3,1217526241
4,3808180510	3,0634851315
2,7722166913	-3,0757962874
4,3014353112	2,7529559254
-0,2171042559	0,7127965605
3,5252020683	-2,6520189372
-0,1313878019	0,1517360324
2,8688251018	-2,9710710290
3,5707070793	-2,5831594773
-0,1687712682	0,4634306095
4,0230116980	2,6267207078
3,8849406196	3,1927314200
3,9436569228	2,9090521225
0,5183509920	0,4362894995
2,8912277639	-2,6243329560
3,6684019445	3,0984330832
3,9798644470	2,5739763232
5,3584980782	2,2069611738
0,5990613782	0,0763462405
-0,7198330470	-0,3602564826
0,2928518607	-0,6006377621
4,7506666825	3,2867995208
2,9084067852	-2,8955175663
0,7898744058	0,8151412279
0,0002038272	-0,0621366001
4,6051032164	3,3727673125
3,4009618598	-3,4605410600
4,1096905193	2,7355573162
2,7550890232	-2,9411725327
4,1246037436	2,6948287850
3,6846176553	3,1439731590
0,1580698968	0,3895489063
0,3672449687	-0,5905687192
3,1009930876	2,6245247536
3,1568961892	-3,0567690184
3,1073250662	-3,3250587799
3,1325784529	-2,9363735194
0,0664178116	-0,2236023422
-0,7888813701	0,7886172210
-0,0869488214	-0,1738253348
4,2283379695	2,1093665524
4,0320361928	2,7620961481
4,0492836353	3,0285943699
-0,4386579192	0,5736730029
3,4243676767	-2,2149110357
2,6931220172	-3,3104305385
3,9566302078	3,5032204131
3,3367093729	-3,2533171504
3,6221284553	2,9776218442
3,8673430792	3,0098089008
-0,0083479665	0,4653712494
-0,8554888173	0,8888626216
-0,1830359407	-0,0002230174
2,5763614787	-3,2034224177
3,2874749197	-3,1194324962
4,5489883461	2,5996380191
4,4959727969	2,4370453898
3,2417064104	-3,8524879929
-0,2147588018	-0,3413068506
3,1089289061	-3,4083633595
3,1203364434	-2,4148936448
-0,6885628199	0,0006682862
2,7938705603	-3,2031362003
2,9841589060	-3,4285128810
3,6923813771	2,4948082773
0,2858521813	0,0187050678
3,4741873122	2,9134470565
2,6615748035	-3,2936597372
-0,2448175692	-0,5341692127
-0,3644154975	0,0877790398
3,2024921116	-2,3557131420
2,5888180011	-3,1524685263
-0,5497396074	0,3888723609
3,6026588752	3,1794753480
3,1966230406	-2,3232236016
-0,3588635416	-0,4146681550
3,0447905695	-2,7535006497
-0,0384706098	0,0514639266
4,4402416006	2,0762218817
2,7728101929	-2,9581169040
4,5952614950	2,7806880223
0,4314000707	-0,0340189803
2,3413046987	-2,7674490734
0,3987346170	-0,3061877786
4,2198588679	3,6020819129
3,6920607486	3,2147499252
4,2907046426	2,7280508013
3,3420081828	-2,8427791027
-0,2366420673	0,5705006298
2,9551211290	-3,4492731842
2,9639995278	-3,0987675483
-0,0492582254	0,0919517039
2,9923653729	-3,1114269220
4,1751228575	3,8249198419
0,4680557378	-0,4821849813
4,5874955799	2,8560293435
3,1154399771	-2,8133590393
3,8914471527	2,6398114182
3,7654551303	-3,1414894318
2,8729990789	-3,1509681892
-0,1143682724	-0,3405576404
3,2971298334	2,9820984247
0,3737716699	0,0730972232
2,6320340659	-3,5576201560
4,2939642143	3,3349133291
0,5728169866	0,1228178785
0,4474995059	-0,5076013482
4,7669211722	3,3267248653
3,9964734572	2,9308564495
2,7536326388	-3,2046705966
2,9074599650	-2,7563233911
3,2849261235	-3,1108768506
3,1488778595	-2,2195325262
3,3137390855	3,1061716500
-0,3568859454	0,4707761462
3,6191540614	2,7891965614
2,1959969783	-3,0791298143
-0,2536576218	-0,2252277426
0,3280844768	-0,4933910107
3,1714514536	-2,0963572624
4,0587252392	2,4946229768
4,0819244107	2,7707663595
-0,7257765773	-0,0611509957
0,3818078009	-0,5872943226
3,3744803779	2,0178103604
2,8670991587	-2,6538320879
0,0695820222	0,3623729708
4,1113286256	2,2133277997
3,3823946364	-2,4551009035
3,9239647319	2,8473984437
2,7804046223	2,9588527164
2,8703491124	-4,2392598857
3,8034366005	2,8089726180
2,9861508231	-2,6281411050
4,1073772004	3,3912375811
4,8868960861	3,2126594599
2,1992064603	-2,7946994285
0,0036671800	-0,1785576856
2,5822898108	-2,9670691894
3,9412357613	2,4197647644
-0,0809033238	-0,6609287926
3,0372485342	-3,0102802736
4,3119692263	2,4967012731
2,7083600212	-3,0773262094
-0,0975415706	0,1121347135
4,3941029345	2,4976934629
0,0781433010	0,0688349699
3,7111732735	2,7081348245
-0,6335652767	-0,0337371776
1,7481528369	-3,8655780993
-0,5217688068	0,5771531708
0,2188915695	0,1216720814
4,1938551549	3,1841209389
4,1883674133	2,2402148442
4,0285050243	3,0737535040
3,2661039732	-3,5624636116
-0,0848087690	-0,1558269046
4,1087682713	3,8506911712
3,8820686017	3,7683760331
4,1541640594	2,7119546524
2,6535937092	-3,0832134842
1,9943796473	-3,3060943389
2,5979435947	-2,9215078698
4,9902762828	2,9216149077
0,0328922065	0,1506465629
4,6864279605	2,4571770111
-0,2187802543	-0,5606449370
3,8245868077	-2,9325822686
0,4625273120	0,0556914804
4,4985540123	3,4766679266
2,9792813215	-3,5300038815
3,6804492395	-2,7850207678
4,6458583688	3,1757951547
3,4133234512	-3,7749620187
4,1944274995	2,3199412722
0,3420634008	0,3094386460
4,4810827874	2,6169888992
3,8022711465	-2,5529959350
-0,6029616588	-0,5192350698
-0,0615385490	-0,4181645489
-0,0181813575	0,2459021767
2,8965192910	-3,0826865992
2,9287440863	-2,5333848578
3,2983582193	-3,1300636358
4,7515106796	3,8539346190
0,4273010726	-0,0173534533
4,0837082762	3,6657773919
3,9290536304	2,8994885856
4,2003565658	3,8164426530
2,5680116984	-3,1050890420
-0,0876990710	-0,5075931371
-0,5531909525	0,4789002268
2,8629842014	-2,4336325384
-0,2396813147	0,4716640234
4,1021893347	2,4531864939
0,8927645785	0,3035838420
0,8121859579	0,7546198247
3,1958369515	-2,5750315462
3,3561798732	-3,7735618912
-0,0789283733	0,0582151252
2,9205715122	-3,4816842121
3,0618783284	-3,1121124037
0,1105919280	-0,3486244893
3,2054248246	-3,0995925317
3,3784920762	-3,3499801848
2,3251249355	-2,7255809721
4,1381452433	3,1532874402
3,3818430463	-3,3562757936
4,2595536893	2,8650296713
4,4094007367	3,4247720220
3,3828974614	-2,9589251856
0,0129657577	0,8512032250
4,2161072817	2,8257270297
3,5232135411	-2,8692846271
0,4927917648	-0,1708314336
2,3184199125	-2,9577124352
0,1882234311	0,2774403986
3,9196294697	3,2795167143
2,7316212519	-3,3853895448
2,6454797660	-2,8154410963
0,5936449730	0,2143989315
3,7249046875	2,9479126743
3,8413025801	2,4104583043
4,0356131581	3,2418017067
0,3492341658	-0,4734563925
4,4866472804	2,9947420216
4,0406709676	2,2483955881
4,2436055661	3,0222165184
2,8628118459	2,7868804848
-0,3010425805	-1,2120254231
0,0900679049	0,4781720107
-0,2996761145	-0,1022478936
-0,0154982880	0,4359102581
-0,0021118040	0,3651388138
3,0628324246	-2,8487206176
2,4740836742	-3,4337079351
3,3846461835	-2,9777074605
2,7533191058	-3,3332769010
2,9160612870	-3,0731582043
2,8296820272	-2,5064188183
0,1146573016	-0,1903980843
-0,5693183512	-0,1895501363
-0,0041659918	-0,6049887481
3,4568958225	-2,6737235004
-0,1836036962	-0,1386618010
3,9455492557	2,7879717003
0,2101258786	-0,5058291079
3,8787698846	2,7830969149
0,9449076405	0,0769310020
3,9933055416	2,5955049562
3,0896243111	-2,7515316489
3,6449395612	-3,3580227144
2,9742275068	-2,6302847218
0,6623787355	-0,3070709203
0,7348618446	0,5009852168
0,5821295056	0,0787650889
2,8716071348	-2,5206473175
2,9809320177	-3,0301214000
3,1650613190	-3,1037497758
0,3225386557	0,2581575175
3,6488626541	2,6064187802
3,1866216700	-2,9783842388
3,0806953750	-2,9162369063
4,3062224012	3,0772161536
2,3829698951	-3,1036918960
2,8476492248	-3,2926730216
-0,1569312538	-0,0853557278
-0,4964206218	-0,3589981756
4,2336477954	3,1046585514
0,0468568863	0,3260497156
4,5700812110	2,5507048277
3,7193480375	4,2626027852
3,4148868438	-3,6575037504
0,1934018624	-0,1387734854
0,1421514356	0,8040338352
0,3705447268	-0,3978071761
3,6468496822	-2,4572827245
4,9811408589	3,3778766167
0,4586382126	0,2707244664
3,3774541971	-2,9448419801
0,2595995454	-0,1607187833
0,2910206573	-0,5003991237
3,7782719087	2,5755842996
2,8609357068	-2,6497476680
4,3897878151	3,6536310781
-0,0224311989	0,4774564772
4,3443090467	2,7212445531
5,0864167198	2,7808750874
0,4173672197	-0,4721002558
3,1696821393	2,9008978120
3,0576448004	-3,3481983725
0,5832384458	0,7123938542
3,2375939282	-3,2216163123
0,0166310391	-0,1343751680
3,9519221329	3,0566803210
4,0982743132	3,1389413193
3,7995965626	3,2475389347
4,0387465587	3,3284375272
4,4505111154	3,0987631962
3,1139704205	-2,4436730122
4,1264184674	3,4943152963
3,2474219984	-3,4107131510
2,5690233414	-2,8463772638
2,5221047093	-2,8598107603
4,0537974715	2,7483838432
3,7185136770	2,9440951902
-0,1702823988	-0,1091935297
2,9809813635	-2,4705364133
2,9196941933	-2,3336675129
3,8426237201	2,5420540810
-0,0440575793	0,1064309824
3,9377344459	2,8898169868
4,0609969838	2,8435779428
3,2386044824	-2,6646278225
3,9895229349	2,3763625365
3,2140255079	-2,7060939334
3,4140706475	-2,9458697795
3,2352185471	-2,7417736116
3,1399940464	-2,7370695344
2,3603492787	-2,7455710254
0,4982173011	0,3882210496
3,3290056122	-3,7609102901
3,3221548138	-2,8236107823
0,2494035618	-0,4212836519
3,8793700214	2,9381765145
-0,1169489477	-0,2281709015
3,0081593279	-3,4444429074
2,9997299268	-3,0140701238
-0,3052395243	-0,5396700176
3,5091045793	2,7703203239
4,1576936578	3,4283663279
4,5680435186	2,8338724892
3,3588213555	3,3832713949
2,8187495171	-3,3876965631
3,4969031855	3,5270251639
3,7385224232	2,9093878558
3,2043340188	-3,0041776306
3,6867093030	3,5021420197
2,6922627645	-2,2458762159
-0,2374094291	-0,5180714875
4,6838038169	3,4186733023
3,1242278949	3,0977035102
2,9207941348	-3,3812794745
3,9005564321	2,7064295730
2,6778152809	-3,5426273415
0,5949896388	-0,4408479966
-0,0028564361	0,2888867651
-0,1676174694	0,8779781340
3,1328419110	-3,0119282257
3,0885720435	-2,7750496464
2,6499825200	-2,8721596606
3,4375781972	-2,6259128143
3,5834271628	-3,1893226362
-0,2412555053	-0,8271915687
2,9955107138	-2,6983514088
3,0247696383	-2,6610206806
3,8180826022	3,6601764002
2,7121609276	-3,2844625085
0,0325100547	-0,3095187861
3,7744362790	3,5102081991
0,6541726663	-0,3085124860
4,7012802913	2,6865182498
3,7792566747	3,0984263860
4,5283641531	3,1833497963
0,3311551845	-0,1423477267
4,3312135603	2,8769473020
2,4164118792	-2,5442250999
3,0376435866	-3,0837805602
2,9819093782	-2,4108389812
0,5004873137	-0,1266915239
3,1483441738	-2,9260755920
4,1953819100	2,4026325882
-0,0797772480	0,1575356183
2,5568357432	-2,9600176616
-0,2075273168	0,5602610810
2,7226754613	-2,8037952067
2,9272410615	-3,3953280293
4,2132220572	2,5765164175
0,2884881145	0,0717860350
3,6672467057	3,0960510592
3,4181701548	-2,1367021474
-0,1768338897	0,0479762954
2,8471374411	-2,8498891190
2,1440562070	-3,3474001542
-0,3611121021	-0,1207290049
2,7325006236	-3,6357150068
2,6210486484	-2,6108725850
0,6238488409	0,3995619125
3,9366597332	2,6495097270
0,1243873177	0,1483960391
3,1702239666	-3,3345346066
3,3123498507	-2,9881711450
3,7442173829	3,4961901205
3,2413026356	-3,0040823154
4,2721878949	4,1022199512
2,4700373471	-3,0346307751
2,7782440110	-2,7983097248
2,2591003575	-2,9846138573
3,9932976325	3,0294036005
0,0598998917	-0,0269637171
4,5869124308	2,7212544137
0,1535727775	0,0514082123
0,5089634140	-0,0588211534
3,0530601911	-2,8867352624
4,2598453635	3,7497769535
3,8869560875	2,8361347715
4,0864813118	2,8381419347
2,4218683983	-3,2805001761
4,7228219917	2,4312927929
3,9667676067	2,9893357307
3,6888955505	-2,7944742475
3,6027311564	2,9023838818
2,4859425515	-2,9677061595
3,7224150644	3,0811787925
-0,6303069561	0,1072950233
3,8178411398	3,0598684138
4,4717830860	2,6127907187
3,5820313608	2,9974817030
3,9608910861	2,6142777856
4,2145117361	3,4207879558
3,2236994197	-2,9244758528
-0,5907395498	-0,4458897396
3,7535338026	-2,5073263042
-0,6853992482	-0,0593936567
0,0519532359	0,0157701999
2,4916181221	-3,1526349226
3,6973171525	-3,4459698730
2,4980524031	-3,4717337938
2,4308914161	-3,7310680373
4,3714213121	2,7440603659
3,7594563910	2,7740098323
-0,2326661931	0,0071632833
4,3819248228	3,1330563275
2,7108493201	-2,8339328204
2,9741358777	-2,7924487496
2,7832780151	-2,8407194562
3,1534677595	3,0603609899
2,5917586145	-3,3846542655
-0,4408130338	0,4464344180
4,2334762969	2,7791679922
2,9954370848	-3,8515280568
3,2940726549	-3,1672831970
-0,3767239461	-0,1252824715
2,4244287670	-2,8493392463
4,3161716781	3,3090007091
3,3328131590	-2,7691113504
3,8999309549	-2,4268381186
3,2095536020	-2,7816677239
2,2388478962	-2,6424237453
0,3025440969	-0,7669720594
-0,0222490716	-0,1206389064
3,4742250857	-3,1273408953
3,5341485252	2,7122681250
3,5670715947	2,7745305285
-0,3495593903	0,3180514084
0,1179188694	-0,1699615301
2,8286925956	-2,3485159291
-0,0625239608	0,4705898919
-0,2838746782	0,7151959578
3,0233446309	-3,3438895302
3,4560983482	-2,1998108339
4,0342546790	3,0654918079
2,9106722274	-2,9214894077
2,3879520353	-2,9033639814
-0,9281437623	-0,4687100578
3,7485472818	3,4676996310
0,2645324634	-0,2082953798
-0,0198917891	0,9472468406
0,1856105245	-0,0247807196
3,2534792575	2,7218623926
3,5935622679	2,5587115834
3,4001046461	-3,4664853014
3,0675884207	-3,0688222041
0,0826100964	0,5654214276
-0,0966516688	0,2301892150
-0,1894349661	0,2095240320
4,2455308459	3,2458907250
3,5566988781	-2,6017712921
0,0793934486	0,3426606400
2,1025344679	-2,9651518457
3,6600059459	3,4586270736
0,1069746977	-0,2378774862
3,4021304166	3,8855707891
3,5081112255	2,3946305940
0,1613766241	-0,3531324086
-0,1337781071	-0,2843075343
4,5725598397	2,7376923800
4,4481032965	2,5667666087
-0,4784539704	0,2691237712
2,9416399427	-2,5526383138
3,1865928216	-3,1804025694
4,4786794924	3,3319687807
-0,3393271596	-0,7466798564
3,5909664807	2,7610050690
2,9004467888	-2,7040491354
3,6148377306	2,5347222569
3,4697264277	3,3486458116
3,0443693897	-3,0939977832
-0,3972357189	-0,9259193919
3,2567950378	4,0267979579
4,1547294247	3,9826697692
4,0756916054	3,0710564649
2,8427005775	-2,7454376679
2,8739655943	-3,2394059253
3,0886244066	-2,7972463848
0,0768732394	-0,2768568504
-0,2515327099	0,0324413616
2,6497067276	-2,9175516670
2,7542475238	-2,3259819248
3,6009077511	-2,8257837724
3,2123424467	-2,7076374429
3,8195285695	2,8264045108
2,6420031393	-2,3737047291
-0,7559874653	0,2473088329
4,1802014048	3,3919365198
3,4597800693	3,2733934423
3,1442666840	2,6502593890
0,2981932013	-0,5202708931
0,1685173938	-0,2864502555
3,3527653020	-2,8888778625
0,5606621905	-0,9353572986
0,0289084195	-0,4249665858
3,5066936562	3,0380678122
0,8194251969	0,1574017251
0,2095006183	1,0928633550
0,0349659015	-0,6491859138
5,1769031133	3,4843988697
-0,4454987384	-0,4935516354
3,7037553377	3,1168869066
3,4831855084	-3,4751240762
3,1537482791	-2,7986594928
4,0486752480	3,2706106195
0,0630668444	0,0803899759
-0,5816979415	-0,3189385540
-0,0659882091	-0,0075340568
-0,0945381941	0,1132394052
0,4079201762	0,1286929066
-0,7081554944	0,0100080974
2,7885891162	-2,4413305500
3,3093791305	-2,5197099141
-0,0279986627	0,2968768354
0,0411305398	0,0116042613
2,8963170005	-3,6705601035
3,2241685305	-2,4647738036
3,9703475133	2,9057279624
3,3612437774	-3,5144326378
3,9925800489	2,9454943335
-0,0990538069	-0,4692811625
2,6064462338	-3,2042304298
-0,1361137822	-0,1881381211
-0,2283941978	0,2917116352
3,1770342922	-2,4485187505
0,1683593035	-0,5293317337
-0,0970843230	0,3414284101
-0,3191475755	0,1334914428
4,0776017471	3,5030134632
2,8832293411	-2,4449296829
4,5499911620	3,6967422123
0,2319970598	-0,6197424026
3,8797564725	2,6789584445
4,0771493453	2,9881976299
0,0823971809	0,1638589604
0,0046128001	0,5094576582
3,0984684330	-2,6872434742
3,6589918211	-2,8033607805
3,3997774491	2,8964168348
4,0285380833	2,7194394668
2,5035284433	-2,9168352738
2,4108458886	-2,5478757814
-0,3245896599	0,0238710213
3,3691017658	-3,4935803044
0,7761432024	0,9883833327
3,4537946058	-3,1719989248
2,8700870728	-2,6792682104
4,4979475996	2,8442781977
-0,3076059012	0,6591845758
0,2722566048	-0,4663998689
4,8534315610	2,7158526237
3,2738206880	-3,5701030563
3,9199879748	3,2912278248
3,5454181015	-2,8494046117
3,7875268556	3,1911064864
0,0930112106	-0,4250835264
4,3710167002	3,0308818176
3,0779993974	-3,4002623161
3,8762597309	3,4223036574
3,4175496493	-3,0941478986
-0,0076218630	-0,5360532025
4,2076429828	2,7524293261
3,6973347036	2,6051346934
0,5242872547	0,3338258041
0,4880026972	-0,1615820543
-0,2637476515	-0,0525455034
3,8927128260	3,4992811928
2,5854874095	-2,8635325752
3,2825501099	-3,1745387190
0,2606658349	-0,4190600258
2,2758302309	-3,5120989136
-0,1578309298	-0,2285600135
4,0671538079	2,5843579694
-0,1984338481	0,1248679812
4,0666900899	2,8974230405
-0,0471528464	-0,2265286326
3,3864383775	3,3637106921
3,2564702062	-3,4355737425
-0,0514837307	0,4843948123
2,8755429644	-2,4455112513
3,4299597654	2,6166805129
3,0924694437	-3,2127935040
3,8620595033	3,2285263145
3,7794796340	2,7449362222
-0,0260819362	-0,1692200639
0,2485307953	-0,4164162474
-0,1538288633	0,4595798970
-0,0386203277	0,0535531301
3,7121851565	3,0131952186
2,7918278654	3,1150688861
0,0277151123	-0,3008023135
3,9251377696	3,0072819338
3,4055901463	2,3501668186
0,6481920740	0,2274004622
2,5259144770	-2,5482312786
3,0950950669	2,9186420366
0,3970980640	-0,3263527570
-0,6145235220	0,5236130161
3,9542113838	2,8348857752
-0,4910067244	-0,2359169336
-0,1709176474	-0,1777687010
3,2871769005	-3,6080501529
2,8903164469	-3,2213707450
0,5182086193	0,6985785047
-0,2985816473	0,5898055349
5,0479765305	2,9713057307
3,9388074289	3,0480935860
0,1947484518	0,0395271502
0,1210171525	0,0190022433
3,4935677387	2,2562169349
4,4106922382	3,8177719995
4,0736835848	3,1461849985
3,6196299023	3,5304428641
0,1650016569	0,0706185108
4,2586876396	2,8789045902
4,2308329870	1,7777514794
2,9632377230	-3,4198133397
4,2284951885	2,6551923315
3,9249924123	2,6678824264
3,1150522079	-2,9306860597
2,8635287290	-3,4228688461
3,5295732776	-3,1879090416
-0,6380932660	0,5926730647
4,3913470170	3,9528318863
-0,0334990693	-0,5293520109
2,9505757973	-3,6471026181
-0,1932853028	0,1656921208
-0,0502959893	0,7195074766
3,8332649868	3,3365922048
3,0103749951	-3,0775201447
3,8328327223	2,7980927168
-0,0373780488	-0,2059385552
4,3149725335	3,3795226127
2,9319135011	-2,5405699031
3,3786393803	2,2058870297
4,2836788446	3,4271079673
3,0471367921	-2,6126205990
3,8185982248	3,2353870788
3,5214371922	3,1224482581
0,3585981935	-0,5698847695
0,1238506081	0,2230570666
2,2739867263	-3,3323911484
3,8855593161	2,8642181834
4,3700516705	3,8452365994
4,0550751020	3,3488144530
3,4738278290	-3,4221754474
3,1741338096	-3,0206951078
0,2359988487	0,3122176683
3,6780091093	3,4873282056
4,0737947879	2,9145892200
0,2095126876	0,4432775333
4,0358432454	2,6348608695
3,0052299988	2,7853124552
3,6641325990	2,4650627007
2,1817557648	-2,9238639227
3,9934772599	3,0025714213
2,8734034441	-2,7649643425
-0,6114671925	-0,3540521519
-0,0972702107	0,0941143207
-0,6618734646	-0,1346737826
4,2027895132	2,9262893028
4,3913997922	3,7481084949
4,1611563586	3,0047940512
2,7460068941	-2,9460895910
-0,0241286626	0,9482206324
-0,2454323067	-0,2222525927
-0,0839383334	-0,2884020190
0,4767463752	0,2719127944
2,6573208009	-2,6756247579
-1,3301702361	0,0147449615
3,0982034083	-3,1173653779
4,0580367291	2,9100112113
-0,3254583628	0,1659227397
3,1396182259	-2,4665971498
3,1582903028	-1,9981659886
0,0454043367	-0,0386742529
0,5169484104	0,1701887632
4,8721666453	2,6873992074
4,7872816646	3,9508522125
3,8698743840	3,1937403254
4,0948809871	2,9996701681
0,0752327187	0,1325724600
-0,2550708053	0,6478132123
2,8836804205	-2,7368530036
4,3960406822	2,6596334380
3,4853459698	-2,4012414383
4,2857928744	2,3637236637
2,6971954234	-2,9745764302
3,5608403304	-2,5368115854
4,7721469250	2,8926082773
2,7147758162	-2,9507092477
0,2224437749	-0,0030749212
4,2322815023	3,0741015852
-0,3285142776	-0,0130300576
4,2168906155	2,8166754808
3,1033281606	-2,4805443538
0,4290350697	0,0737804374
0,0821513937	-0,1036929396
2,5557730057	-2,8445532886
-0,0814078973	0,4530865900
-0,6322282426	-0,0544544548
-0,2133216915	-0,1163703506
3,1778845339	-2,9624935440
3,8221665333	3,3784649491
2,2066084420	-2,9497014606
-0,0218324286	-0,1623073951
2,6620626745	-2,0847735604
4,1974938373	2,9253833652
-0,2137452850	-0,1454382121
4,7211267336	2,4484720828
-0,5258497139	0,3100102250
3,2479130129	-2,7526503744
0,2602516441	-0,1326266135
2,3000134369	-2,6945945990
0,7451388878	-0,1668264854
3,8122471246	2,9378159515
2,8802403293	-2,5479086028
3,7536950973	3,4493301196
-0,3703921259	-0,2759433225
3,1212240438	-3,0168670182
2,7352411418	-3,4022878300
-0,2307922403	0,2025659288
3,5624681576	2,6485783800
3,1422954975	-3,2251418272
3,5475571213	3,7131670189
0,1219786407	-0,0345527195
0,1068311687	-0,4275652879
3,3988615852	-2,8012383019
2,7489003981	-2,7077669558
3,7955620332	2,9249880031
-0,0918199597	0,9925077198
5,0067652755	2,7426828236
2,7203062839	-3,2655439963
3,9729398257	2,9984175366
-0,3819165354	0,2117386307
3,4120127111	3,2305626346
2,5577209819	-3,8292994986
0,0892089429	-0,2186968516
3,5528746057	-3,6779178308
2,7097603384	-3,1517278516
4,1446370967	2,9603342798
3,3525972705	-3,3843678221
0,0243075255	-0,0789476195
3,6440045777	-3,8608671070
3,9737224580	3,4222621938
0,3407744042	0,2688973831
4,1097490473	3,0711700357
2,7427205648	-4,0698519527
3,8837649050	3,0534026392
3,4463942481	-2,0491068548
4,4559249136	3,0255193327
0,0762051704	-0,0024645156
-0,2206657531	0,2158514947
-0,5765302548	0,9344337723
0,0470626540	0,3316797853
3,1690188830	3,3559685931
2,6337638387	-2,8312064642
3,3913681744	-3,0969975285
0,2983098985	0,2910299739
3,8112234629	3,1353512916
0,2094162097	-0,2926921545
3,5597954962	-3,1543621357
0,6293426376	-0,0801617252
3,9219831267	3,1915216961
3,6579814565	3,2804391009
4,1167856452	3,3629441092
3,0890924829	-4,1430622629
4,5175156129	2,5903193889
4,0565926160	3,1741387107
-0,3165706952	0,3367345379
4,3759775547	2,5990397205
-0,0383052528	0,0939270894
-0,0287741513	0,0926473769
0,0857957770	-0,3112193223
2,7046291335	-2,9765638848
4,1843881759	2,8816090942
4,5001676031	2,8185554316
3,7810898596	1,9874335490
2,8026580533	-2,9653842813
3,0251746839	-3,3666007452
0,1290488578	-0,0099881279
4,0730449987	3,7078117689
-0,4990131257	0,5348520050
3,1689382090	-2,7298299668
3,6818948715	3,1453948967
0,1556213048	-0,0048740658
-0,1560566850	0,1402761700
3,3081440184	-3,0414043595
3,6112344108	-3,2566971576
2,8378081717	-3,0467112717
4,7571323158	2,8241262542
3,4698954456	-2,3911538862
3,7272828830	3,4207757499
3,3021874037	-2,9409188977
4,4980208826	2,2874291360
3,3392749681	-2,4399284135
4,0723357694	2,4485414112
2,7834520883	-3,3860569776
3,0513339876	-3,1363149854
3,8084180485	-2,9550872132
0,1537378802	0,2593979989
3,3126526984	-3,0716066679
-0,5376132356	-0,4457817833
3,6081953022	2,8971045675
4,1560316070	2,6416880386
0,3883454314	0,1216632205
3,0367651060	-2,8831220987
0,8854942915	0,1088736094
0,4022228537	-0,5379090725
3,8511355240	3,1270664219
3,7690430675	2,9263596742
3,8038882315	3,8036063403
3,6470485992	-2,9853398480
0,0108501812	0,1761258585
2,5447625922	-3,2005724492
2,2825110080	-2,8062617511
4,8035111257	2,9787262532
-0,8220402911	0,2999797501
4,0274173456	3,0679997753
0,2392446836	-0,1760892512
3,5090350539	-3,0409144256
-0,1576367238	0,5737794636
4,3388079647	2,9762028017
2,2878203769	-2,6984251084
2,7479283954	-2,5664487709
4,1090730003	-3,4179544604
3,9798518279	3,8927810723
2,7789217713	-3,1824074789
0,8698384807	-0,1014440966
0,0489205780	-0,1852738438
0,0415902419	0,6806579648
2,5911517328	-3,0775187901
-0,2418933010	0,1293007483
0,1378733806	-0,5076704243
3,6769635350	-3,4176242365
4,6596322121	1,8118262230
0,5810919851	-0,0809326935
3,6068965159	3,0296787597
4,3486455586	2,2406906525
4,2569636400	2,9552095393
3,5202121216	-3,1259283428
2,9678815612	-3,2130980375
3,4845035501	-2,7101015921
2,8453431354	-3,5510307466
2,1882953141	-2,6029218310
-0,5797898298	-0,1959754148
3,1575677493	-3,6404179917
3,4351753656	2,1804434561
2,6656894768	-3,1602115101
0,0814665735	0,1000906592
-0,2981866410	-0,5114309990
3,1850209514	-2,7812990054
2,6458288592	-3,2612744420
4,0481810918	2,7214106460
4,4643946974	3,8879180844
3,2720364687	-2,6213460862
-0,2555165779	-0,3069527852
0,0576397971	-0,0301279281
-0,0354764013	-0,2349539537
2,9947330480	-2,4975666742
0,3912627753	0,3243118234
3,5174638765	3,5355310854
0,0670189728	-0,1391413902
3,7945305511	2,4001692166
2,9980548902	-3,0155251027
3,0891254803	-2,5131405472
2,0610376941	-3,3243194648
2,8062445579	-2,6053417199
-0,0087547384	0,3197866107
-0,5891517142	0,4435739232
-0,4145269095	0,1393784270
3,9581754607	3,2835891935
-0,1932864115	-0,0269682906
3,1747711752	-3,0536607632
4,1070936524	2,9067622546
4,1987677939	2,8439752158
3,5919516946	-3,0150024780
-0,1583435383	-0,2669614282
3,0988352997	-3,4876587974
3,1935290243	-3,0372251929
2,2855197312	-3,6362187812
3,8096825292	2,7831624287
3,6876197045	3,0378598358
4,1965898585	2,5830388076
3,0181630633	-3,1258533704
0,3821557370	-0,8692896443
4,1943744140	3,5029520627
2,9219037885	-2,7862853779
2,9017389349	-3,9789287985
4,3353426796	3,1280186418
2,9377852948	-2,2604437130
3,2723740511	-2,3895326863
3,8866286580	3,0030560531
3,0282522879	-3,3055058121
2,5967546224	-3,2472653478
3,5707654930	2,6949909744
4,1069946102	2,6851381793
4,6373279706	3,7032945574
0,3392271719	-0,1389109815
-0,1307017888	1,0850311127
0,2506257289	0,2342145949
-0,1350859169	0,1056669982
3,9456007463	-2,9788713910
2,4108962597	-3,5302513093
5,1731933018	3,3857123001
-0,0025040439	-0,1048738768
-0,0332315376	-0,5909364994
3,2684918292	-3,3944003738
2,8366150081	3,0448093888
3,9425658221	2,3425239038
3,2584418141	-2,6619752605
3,7370127817	3,2619652538
2,5589842516	-2,9648832780
0,8088830678	0,3221279652
3,4685725922	3,3624262243
-0,0996465609	-0,3526885740
0,1390321407	-0,1356625184
4,0808829845	2,7845854645
-0,0711556907	-0,0271818488
-0,1000469093	0,2048430828
-0,1578342083	-0,5299464482
0,1086553985	0,0288118002
0,3708996936	0,0001966454
3,9430364786	2,3132981476
0,2714372935	0,4600067421
0,2118170388	-0,4215287355
0,0813324767	0,1231341960
4,4331898443	2,7197791041
3,0855116752	-3,7443620070
3,6251917928	2,5485284103
4,6511018168	3,3153535525
3,2209387024	-2,0764114205
0,4561081611	0,1905245236
-0,2247450581	0,0408723933
-0,5909888620	-0,2669703604
4,0682534527	2,7501462910
-0,1917368885	-0,1418829940
-0,4894771762	0,8890989191
2,9585689087	-3,3069952883
-0,1978988106	0,3324566995
-0,4727991371	0,0266920811
1,2140682145	0,1634704214
2,6931107964	-3,0188005721
3,3791707722	2,9227429248
3,7656708586	2,3655924637
3,8076033403	3,1440263579
0,1316225295	0,3005789164
3,1366262450	-3,2860788502
4,2709412782	3,3546290701
4,1869508903	3,6925031371
4,1611133552	2,9253647136
3,7196061174	3,1424669860
3,8020645824	-2,7849214692
4,0631107637	3,3002106595
2,2266488937	-3,7218196007
0,7764495122	-0,1308558216
-0,0847554376	-0,3490099893
4,1494584802	3,0848752600
-0,3437383585	-0,2297831963
2,7733778911	-2,7309922096
0,5495765532	0,3476819102
2,7272059443	-2,3207671257
0,1286032596	-0,7633039980
3,8649313547	2,8381592633
0,3705040759	0,5665918862
-0,1265258599	-0,8417417537
0,4238275759	0,1311608801
-0,2352923480	-0,3393888473
0,0981058022	0,0906259382
0,3270258237	-0,0305830706
4,0494812382	2,9942722503
3,3991556506	-2,9366494057
4,0623076581	2,8956056241
0,3400674197	-0,1167848621
0,6379560401	-0,2044127202
2,8837024814	-2,8656509015
-0,0934792119	0,3428122217
3,2567726765	-3,4630363368
0,2464533844	-0,3484510800
-0,3467287698	-0,9132284994
2,8516041366	-2,3354204495
3,0902649439	3,2225152426
2,9821882448	-2,9544062683
3,4132280773	-3,3824102814
3,6418805889	3,4794080364
0,1096974982	0,1092987689
-0,3256488357	-0,2039898115
3,0322358240	-2,6615124809
4,4832859655	2,5012697947
4,2196252721	3,3114086894
4,0968256330	2,8994412104
2,7884489160	-2,3974187041
2,0638951709	-2,6184134645
2,5472203584	-2,1329298690
0,5050844651	0,5095973443
2,6742663535	-3,3434120073
0,1219158398	-0,1452765427
4,1736606953	2,9575803961
5,0106732600	2,9355421389
3,5981680555	2,8768223931
0,0361160725	0,2502911117
2,4995999611	-3,8499912292
4,3583971263	2,7274430688
0,0644292860	0,2308795577
4,0627026569	2,2599034755
3,2758450447	-3,4303550416
-0,1886170904	-0,0233785254
3,5000645466	3,3125193177
4,0248702976	3,1334275613
-0,1038304787	0,2808196238
4,6243056606	2,8186673476
3,9710790472	2,7979253181
3,9218437171	2,1469399040
3,3606915403	-3,9249181175
2,9037911580	-2,4268985930
3,9114422374	2,9833021254
3,7158165931	2,3691747017
3,3911179828	-3,1912912281
4,2657649523	3,5315430887
4,1185854759	2,9643993474
4,2665503872	3,4640692491
0,0726871773	-0,4142180590
3,6956786871	3,1710317619
3,0926771104	-3,4447782928
-0,3134870459	0,3089677178
0,3228112740	0,0409965980
4,9063335508	3,6388295408
3,0263009770	-3,2071543689
0,2802875720	0,7947440531
0,2750810162	0,3339741016
0,6156786700	-0,6530320492
4,5797998042	3,0690560311
3,7291022409	2,3323582558
3,9128868577	2,9494052237
4,1846396401	2,8071964990
2,9984296398	-2,9321794371
0,3987841489	-0,4841920097
0,6617832882	-0,2000261088
0,2915070074	0,4217895786
3,8633903652	3,0539944142
3,7846992750	2,7561829715
0,3241294829	0,1788665569
3,5627845954	-2,8220985928
4,5923971680	3,7366429994
5,4193740138	2,9424872171
4,0313142068	2,7109485665
4,3884363187	3,1162653289
-0,7460008259	-1,0232793591
3,5239627211	3,0177312094
2,8751462351	-2,6707286232
3,8697182120	2,3242668282
4,4109359281	2,8427691711
3,5891255833	3,0646292267
-0,0212782848	-0,5223955859
-0,1993186085	0,2430657503
3,9547586778	3,0125822334
3,4284801594	3,0116113680
3,2611505150	-2,7908952839
2,7263894803	-2,7362601247
2,7409301440	-3,2217730640
3,5535239314	-2,4719426443
2,7731956548	-3,0775081546
3,3767972823	-3,2476438898
2,8321532793	-3,3561821421
4,1704102980	2,8457565938
4,4085118517	2,9763318520
3,0126111542	-2,7031128414
0,3108068886	0,1626981065
3,0605326930	-2,1348779653
3,2777105032	-2,0722302557
-0,3198300547	0,6171384159
4,6126561130	2,6352316446
2,7833618930	-3,2833096277
0,7042082998	0,1884138980
3,6157646193	3,2181667942
3,4565734210	2,5961375353
-0,3474316016	-0,3159472995
2,9031368576	-3,4845968761
3,1943698357	2,7797900880
3,1655722193	-3,1201636529
2,6067634950	-2,8383923699
2,7370644645	-2,9424705996
-0,7007409453	-0,4039949797
-0,2312642827	-0,5682543230
3,2229002140	-2,3836394587
4,6971404423	3,4284308221
-0,3114821513	0,0764066327
-0,2189402327	-0,4471775541
4,3460234936	3,5010140435
2,6918636972	-3,1702765402
2,7155580680	-3,1286734303
4,1604141480	2,9543439801
0,3262625325	0,2220358284
2,9650595489	-2,5756991993
4,2249430169	3,4688675758
2,6696461140	-2,3679563605
-0,3945563850	-0,6778693298
3,4669266553	-3,4540325990
3,0728712613	-2,9676689221
3,4021594561	3,1152384115
3,3110416532	3,1428374050
2,4434386806	-2,2496543386
3,2342516274	-3,2203224095
2,9451271795	-2,9054497485
3,4960426896	-3,3268675818
2,5585883959	-3,0898201843
2,9952770766	-2,6623812963
-0,1533960615	0,7039240280
3,4891052508	3,0284654492
3,0813262422	-3,3464610621
4,1025705229	3,0879826279
-0,3623993498	-0,4491856260
3,8759981362	2,7655020686
3,3062354227	2,8511181695
2,6686748680	-3,3626773177
0,3909447862	0,4140224931
-0,0299142515	-0,9465865724
0,0389361481	-0,0151085550
4,2067262643	2,8833474362
4,0017232871	3,1238580970
4,0882340278	3,4563874458
-0,4123890461	-0,0392281359
-0,7853604654	0,3900235576
2,8251613814	-3,6744139132
4,1973566794	2,3283557849
-0,1670420976	0,3062704539
4,0271163204	2,8511268082
0,3302040819	0,2130388394
-0,0315348655	-0,3912005176
3,7036622907	3,1658129778
3,9881063900	2,7691477432
4,3058726298	3,1788200365
0,7103997767	0,2176958069
3,8013259761	3,6686927449
3,6460084339	2,7253442933
4,1769617148	2,4081371193
2,8923948880	-3,3506069345
2,1142148502	-3,1438893994
4,0164185215	3,3594457148
0,3010317893	-0,1645472012
4,2319010295	2,8050265789
0,0622953857	-0,1675003316
0,1098495995	-0,7202753169
0,3105519756	0,4415956281
4,1494908715	2,2041158360
3,1818879104	-3,7285367526
4,2399939753	2,8332936761
-0,0765094551	0,5396223264
2,8300131133	-2,1150087617
3,7367474391	3,0435898386
3,2878352449	-2,9423346773
-0,1833165558	-0,3093562804
3,0907848736	-2,5954478424
3,4352455517	-2,8244892367
3,0418975585	-2,7458388193
4,2863370918	2,8091699338
3,5028025625	-3,4622250464
3,3309446464	-2,9300894385
3,4058417410	-3,4200913362
3,0246844994	-2,9531806721
4,2296309969	2,9016525996
3,3444861570	-2,7009847814
3,6998252897	3,1614093827
3,5026676056	-3,7871554962
0,0330588627	0,7374827948
4,7779989296	2,9516077334
0,1452112007	0,1710118624
4,0541615270	2,4011080209
4,1048218544	3,3511136921
2,7619293851	-3,4679004118
2,4900763088	-3,0472161504
1,2916313694	-0,0656268241
3,0864920611	-3,3090029142
4,4647114471	2,5783948133
4,1491710842	2,7869003833
4,2200493547	2,8447981637
2,5842787848	-2,7900637711
0,3744697644	0,2481679667
3,0418242297	-3,2309381156
3,0491644085	-2,6237146904
0,0811291918	0,1503019718
0,2330424453	0,5212578675
3,7383977294	3,1778304941
-0,2249900087	0,0629543764
4,2026230383	3,2066759298
4,3285825343	3,0727249909
3,6058724358	3,0435846767
2,7671316881	-3,0123003162
2,4321799321	-3,3979155772
4,0778159803	3,0870675592
0,2265283725	0,4709198204
3,2373502439	-2,8356668639
3,9865649274	3,1738274010
0,1935190183	-0,6164251301
3,1466417807	-2,6768260332
3,3402952719	-3,9276136462
-0,2127595019	-0,0006843603
2,2819454428	-3,1673712286
-0,1481152874	-0,0579047958
3,7315413765	3,7115341168
3,2274248795	3,0073540009
0,2490527734	-0,1109278310
4,7289991471	3,1094622464
3,1544399957	3,2905106938
4,1484763255	2,8886350236
0,1746186011	0,1938796205
2,8077248878	-3,4167384145
3,8439995501	3,2385565616
0,3227805603	-0,0249819133
2,9744956180	-3,1339183946
2,8879683139	-3,1106874783
0,2522483756	-0,1264735523
2,9134915199	-2,1623772672
2,4467518583	-2,6699582477
2,5701053848	-3,7421542196
-0,0246670211	-0,4057282707
3,7402123529	2,4981050203
2,8992100163	-3,2837301033
4,3095900145	2,5838793877
3,8923180446	2,7541852171
0,0622610639	-0,5291668658
3,2145070862	-3,4245497919
2,7597620191	-2,8431825699
0,0996312460	0,1167683643
2,7014502184	-3,2903205173
4,1586074884	3,0636724653
-0,0268891968	-0,4064296020
-0,6008234943	0,5629745293
-0,3707334827	0,7562026739
3,3236577469	-2,6842999037
3,3668450830	-2,7557981915
3,9663282026	3,1837067139
0,9906253445	0,3295086692
3,5062751798	2,7207943717
3,9056437006	3,2695375691
4,1276114191	3,6037237116
0,4894339699	-0,4694832328
2,5686493397	-3,3540625787
0,2178673547	-0,8886289534
2,9681807050	-2,6598959067
2,9532769704	-3,2896634395
0,0473302064	-0,0164448469
4,0994398398	3,3192264463
3,0268057078	-2,7066262100
3,2531420193	-3,6422938431
-0,4476406275	-0,1642598552
3,8796521611	2,6752787064
-0,2251553440	0,1019097779
4,1899491325	3,7065748667
-0,4295960432	-0,4996050506
3,3134420241	-2,7094954008
3,3212576155	-3,0411471023
-0,6880744731	-0,1681389109
0,2455415104	0,5819764404
0,1080780126	-0,1207295930
0,1242551998	-0,0785741061
3,9440774729	2,2266861143
3,8194711222	-3,1859328789
3,8539606918	3,6077502747
0,1072326446	0,4480763644
3,2337229479	3,5442741418
4,5374977203	3,1300238045
4,0616037944	3,0404815360
3,1581436329	2,7614003740
3,2582262104	-2,6204543716
3,5353339441	3,2075934370
2,8924915205	-3,1468129865
4,0121268548	2,7931617705
4,1200495719	2,6029989147
2,5839717365	-3,2045066611
4,0408919190	2,7806254554
2,7683260872	-3,1440245533
-0,8159931449	-0,7092801497
3,2333379881	-3,6983775338
4,3556983305	3,1164139998
3,6179946723	-2,7376962087
3,0582877006	-3,3141536975
-0,1113401427	-0,1336639524
2,6381430481	-2,5723136914
-1,1732977973	0,0865105431
4,0157008295	3,1911449076
3,3286078700	-3,0625378537
0,0577209349	-0,1024716957
-0,4123650102	-0,3751332231
3,9719230150	3,1565895629
4,1733948289	2,5121546849
-0,7107726677	0,0536429152
4,2949471988	3,0112449695
0,3852233145	0,0095112995
0,8379195504	0,0339599650
-0,1630911794	-0,1327929770
3,3996703855	-2,9579426702
3,4089348028	2,7515410957
3,5365038425	2,2376131506
3,2502111831	3,1323299181
3,7723539634	2,8798068231
4,0844775721	2,9164070791
3,2011106564	-3,8319648074
2,9922950664	-3,1050570916
3,3647093261	-2,9415266423
3,8139647418	2,9140542215
3,3980921088	-2,4794545102
4,4351615039	3,7211009481
0,2381583655	-0,3026032125
2,4082118178	-3,0023792218
4,1284874514	3,0933876513
2,5384791828	-3,0735826569
2,8583695502	-2,7825624051
3,0988893919	-2,8977689478
-0,1055943896	0,0461590730
0,8467178240	0,5385151026
3,4986571233	2,5235139304
3,5925050626	3,1150506971
3,8062831593	3,2287213793
3,0502992867	-3,2591825624
4,3016112416	2,4110457832
3,1224924229	-2,0180349772
4,7865113289	3,6543024856
0,2387221734	0,4042201502
3,8583021544	3,3423193555
-0,6222592499	0,2999634320
4,3211655810	3,1456486559
3,7242731385	3,0839684134
0,4016152089	-0,7900425863
4,0013495993	3,0767391744
3,8681445851	2,4494569637
-0,1561835393	0,3181720930
-0,4318086707	-0,6685030328
0,1495041164	-0,2213676622
2,5533797922	-3,3975353204
0,2170724688	0,2834872009
-0,7609381946	-0,2055013126
0,0174065026	0,4958923963
4,0191729277	2,9834166885
2,8387653158	-2,8300093972
4,4581846492	3,1108755138
3,0167207075	-3,4413564264
-0,0069992668	0,3431572209
5,1220458599	2,7171521089
4,2825588355	1,9707715676
2,8332555097	-4,0051039219
2,7430389270	-2,9279432585
3,0834871140	-2,9021123504
0,4673121918	0,1591213771
-0,0169285947	0,1173810913
3,7358937956	-3,1622203043
2,9142526446	-3,1834441265
3,6830355536	2,8345276390
0,5771962818	0,1903932758
-0,0073934683	0,1652955996
-0,0484404805	-0,3043156343
2,5681326009	-3,1852201829
2,6217490865	-2,4648816317
-0,1666923910	0,3376821816
2,8793294877	-2,8842049883
3,0745808511	-3,6504994336
0,4058766452	0,2616001022
4,3589851728	2,2505949996
3,5007979672	2,6100025098
0,3089071782	0,0102141301
-0,1663519444	0,4980995659
3,5108091697	3,1258234468
3,2664803339	-3,2276368453
3,5722908827	-2,8233721997
3,5928181811	3,2328721848
2,7954633788	-2,6954362704
0,7055245995	0,0752334052
-0,0032940873	0,3817179084
2,8590568320	-2,7892809470
3,0239275622	-2,3810584128
-0,5402899861	0,2330257974
3,7018424976	1,9809885742
3,5652620055	3,6479662057
3,6446361084	-2,8207200974
-0,3085215401	0,3716510035
0,2074515332	0,0652491163
4,0424986553	2,7290216572
3,7633820044	3,1139739320
0,9779547907	-0,4105272378
0,1162576947	0,0126676195
3,1137359043	-3,0798190987
3,5604875798	3,5647271800
3,0294914393	-2,9673052322
0,3961078568	0,2537214596
3,6482502205	3,2289326700
0,2726724394	0,0942829332
2,9835881933	-2,9569245689
4,2015394572	3,0144767742
-0,0366827949	0,5462971875
2,6730592343	-2,8725758314
3,9239305500	2,7912382779
0,8684977057	0,2525305060
2,8155491094	-2,5131206704
-0,1293658353	-0,3859168116
2,6482610214	-2,9835407302
2,5611195233	-2,8141857157
2,4784117541	-3,1274209968
3,5281560351	-2,5717495260
-0,6104517876	0,1446615037
-0,5198788994	0,5522682541
3,5332129312	-3,1424591884
-0,1562714376	-0,4554995708
4,1347453679	3,1893330656
2,0781761922	-2,6875917767
-0,1142234534	0,2388170505
4,4116575496	3,1864305146
3,9452139760	3,5674118766
3,3549997534	-3,6370204187
3,9439197762	2,7337407399
2,9626888822	-3,1027639884
4,2908291833	2,6263248038
0,1828966734	-0,1663524149
3,6588831761	2,4753685044
3,9579038901	-2,8339711484
2,9338129569	-2,2355457542
-0,3203909847	0,0413990214
4,3842186365	3,1702055179
4,0014929923	2,8920491003
-0,8042420047	0,5782371554
2,9858690819	-3,5581347540
2,9622846165	-2,4030277717
4,2083630906	2,7286557803
0,0984354170	0,4595794712
0,4145707290	0,0182604226
0,3437650163	0,0065007434
3,5548629161	3,2891739245
3,0360686595	-3,1557442520
-0,2103478068	0,2140603650
3,3867077649	-3,2428313093
2,3719146630	-3,4035535577
0,5885396411	0,3051135231
3,0811329623	-3,6769352461
3,2380523785	2,1321199437
-0,3551859515	-0,1415107369
-0,1801088393	0,1194135503
-0,1564598763	0,1098673599
2,9538023830	-3,0281540106
2,6136499954	-3,2688841952
2,9279916461	-3,2670408207
3,2274601718	-2,6249263686
0,1057749622	-0,0584910571
3,7412216553	-2,9051010147
0,0244717267	-0,5546506115
-0,2513496595	0,0905927896
-0,3976685790	1,2108261284
3,9779514074	2,7811341733
-0,3274595291	-0,1573194131
0,3987672428	-0,4465405077
-0,1865057664	0,2351396787
3,4815696360	-2,6382838728
-0,1443094624	0,3000753969
-0,6165861946	-0,4624421178
0,1095420150	0,3269847043
0,2976825570	0,1272696836
3,7574435761	3,6748672437
3,6519631443	3,6628379635
3,3048686515	-2,8195066907
2,8410231908	-2,6639343042
-0,4004317626	0,7555236022
-0,2383396951	0,6209783848
-0,4291997605	0,3949880058
0,2543925674	0,0730732496
3,0942270501	-2,5575484124
4,5794703081	3,7519516763
0,1524802322	-0,4885478927
2,9631266030	-2,9125393641
4,4776642445	2,7992020130
-0,2899114695	0,4907554818
4,0631291671	2,6823604131
-0,3000090364	-0,1227536671
3,1040420336	-3,0009704874
0,5349498991	0,4798929358
5,2575375074	3,0882634502
0,4994710841	-0,0657046392
0,5575012714	-0,3481183334
3,7587081776	2,5040797802
0,2550138537	-0,4406947547
2,8285832931	-2,7150412151
4,2999136949	2,7280258387
2,9351938888	-3,0805779538
4,4079811711	3,0935952950
0,0744439839	-0,0821778784
-0,2284156688	0,1116948502
-0,3912474961	0,1877303940
2,8300129600	-3,2115267714
0,1255549936	0,0126934377
2,8219312479	3,7031391117
2,7807382122	-2,8945953594
4,1728274622	2,4454530616
-0,1479750314	-0,4008125507
3,4234029231	-3,4478260469
4,5402606325	2,7730032640
0,8206217955	-0,9372373270
-0,0750325617	-0,2477289970
2,6430110678	-2,9245510931
4,3843332185	3,6537563267
4,1728022684	3,3334983389
3,6285155395	-3,4189138152
3,0150865643	-2,5402883084
3,3392630239	-2,7756559766
0,0316207627	0,1192190225
3,0914517751	-3,4311936380
3,0398163362	-3,2314163879
-0,3733860266	0,0649458587
4,3597132090	3,0741548489
3,0335163699	-3,2707664685
0,0179335639	0,4733536332
3,1766003880	-3,1124133621
-0,4887074684	-0,1812323168
3,1082041851	-3,1336865810
0,8872223306	-0,3946571311
3,5308456146	3,0737396603
-0,5407973740	0,4727057945
4,3786244029	3,1232022822
-0,0895800050	-0,2556392111
2,2745328806	-2,9864465553
2,1174070010	-3,4249956828
0,7050602122	-0,2908835799
-0,4001685320	0,3110544064
-0,8735133157	-0,2243710770
2,8156114679	-2,5914911912
3,9451419600	3,0872807643
0,2031901046	-0,2561426827
0,1601642518	0,2328350669
-0,2577377953	-0,3118667029
-0,5266271606	0,1430674468
4,1244663876	3,0243060396
3,5952931482	-2,7939619208
3,9556329659	2,3215523724
3,8299867620	1,5345596759
3,8730383484	2,4461831115
3,4839265995	3,2513456843
3,4179139664	-3,3681675779
4,5696349162	3,1506338998
4,0079938275	3,0784645778
4,0420658623	2,9311582182
-0,4126662321	0,3149023293
-0,2972737334	0,2960068395
4,0314395599	2,3988539641
0,0096204748	-0,3934871310
0,3956501093	-0,3705409718
2,4742969161	-2,2117280910
3,1349461424	-2,9469330496
-0,0049466679	0,2120628625
0,0167491025	-0,4457167418
0,2299256959	0,1440866046
3,7530454883	3,4859486945
4,0744543216	2,8965065802
3,8941867237	2,3090021819
-0,3351385018	0,3065507526
3,5172686791	3,0513053702
0,6210062639	0,0299590553
3,2217331268	-3,6701620518
-0,3643931611	0,1431520713
4,0275720239	-2,4806579596
1,4520106362	-3,0370054776
4,2075767644	-2,7127957203
4,2878955381	2,9149958931
0,4755236154	-0,6025434224
3,6458062346	-2,8009580930
-0,1452007543	0,1122444918
3,6913185793	-3,5736374642
3,3551408481	-3,2152212977
-0,3548353146	-0,6381636241
3,5148165089	3,1592514886
0,2803519409	-0,4305398847
3,3554855205	-3,1012943281
0,5767982826	0,0734540591
3,5196114684	3,1510620852
4,0590488196	2,6221865998
3,8186198820	2,6333256163
-0,2046342551	-0,0018279823
0,6109860584	-0,1650302280
2,2075786545	-4,3206599413
2,8789412999	-2,5111186085
4,2179964632	2,2176650363
3,7684090836	3,1416711796
4,3130313948	2,7162838814
2,8109639772	-3,0180335033
3,2493968467	3,1345915943
3,9686314129	2,4515420224
3,5591467788	-2,5311221298
3,6852467052	3,2746938380
4,1116867821	2,5005286037
2,7755649336	-2,6683105302
3,9243063951	3,4571110100
3,8460384268	3,5027606862
-0,0879250336	-0,0771805638
0,3583475350	-0,3257258918
3,8130394943	2,9300019607
4,3247802951	3,2077904485
-0,7053818787	0,1120882911
4,3083017978	2,6563357814
3,1532873142	-2,7704884510
-0,4632024801	-0,0672242437
-0,3793249615	0,0929386828
4,0662573912	2,7502609106
4,1246570969	3,4228317418
3,7467955100	2,4562288701
4,3134298980	3,3683472579
1,9396731806	-2,7993176912
2,6255199729	-3,2247146601
-0,6955443493	-0,0513072236
0,3105003754	-0,6575804476
3,8539399249	3,1780955335
5,1676658481	3,4864693223
4,8467766118	4,0817964582
2,8199813435	-3,0724533498
3,3552845145	2,3514174564
3,1010515809	-3,1421994666
-0,5622063614	0,4154553331
2,7419609318	-3,4487439388
4,8605218207	2,9212330510
0,1272258347	-0,2386005946
3,5977628962	2,8366280312
-0,2420220847	-0,3929298422
3,0057796702	-2,7698061436
3,0668942331	-3,7862882494
3,2887273695	-3,1256919861
4,0890208445	3,2825700678
0,0913017903	0,3660319513
-0,0257672752	0,0898720457
4,1532366804	2,6933963240
3,7663107279	2,7912655700
2,5738334838	-3,1504032078
-0,3378440048	0,5836368568
2,9054550057	-3,4156572277
3,3990577073	-2,8908974093
-0,7043680876	0,4315667144
4,0339301490	3,4161681185
3,5425120086	2,7929612759
3,3217486572	3,1821917136
3,9301585314	3,5226904082
-0,5017937679	-0,1659719602
0,0423598908	0,0472545627
4,6157730210	3,3008425135
2,3847946833	-2,6188378524
0,7324936143	0,4378012017
3,1743960624	-2,8295938526
3,6411436145	2,6631254798
3,8822545628	2,7655935333
-0,5224393696	-0,5285423562
-0,2604829005	-0,3018016788
2,9724763621	-3,5413534649
3,3245075496	3,2921983304
0,3324813002	0,0372195752
3,2831361603	-2,8640939743
2,4708811393	-2,6494208688
-0,2977000408	0,0624998913
3,9727195300	3,6489096112
3,2242676353	-2,4717445212
-0,4829646008	0,0824245012
-0,1925650796	0,4109140792
-1,1470621256	-0,2178696262
3,2907172079	-3,0227103625
-0,3109769577	-0,2464349029
3,9679200872	3,1332474494
0,3136554038	0,4243298064
0,1281957200	-0,3350327407
5,0801336962	3,4466536292
-0,1499337684	0,4262620895
-0,2540461431	0,0486473991
3,0796177157	-2,6325810109
2,3769559528	-3,3252746751
4,2974765290	2,7135375817
4,0966329995	2,6211761714
3,5984865357	3,1503376775
0,4426251126	0,0137483124
4,1231302029	2,9279709285
4,1761439729	3,7520140669
3,6165994630	3,0057968998
2,3794442813	-2,3923951833
3,3907077108	3,6045384181
2,8592255505	-2,6059128108
3,2494212442	-2,8603981143
3,0996553413	-3,4457591480
4,0891686307	2,9357214820
4,3290703116	2,9877024234
3,5499484188	3,8717678590
3,9718451279	3,4345693691
3,8676440368	3,5601836772
3,0833396441	-2,7294088882
-0,4442865700	-0,1513313279
-0,1372478344	-0,3019404698
3,8883537607	3,5017202288
0,2372413479	-0,5150657345
3,7582095121	3,0306911724
2,9897517478	-2,2478261711
0,4588809858	0,4921612736
4,2482098997	2,9616074375
4,0944791495	3,3206241171
3,6614564693	3,2193863653
2,5913646939	-3,1420172592
2,8064362196	-3,3353396785
0,7447302326	-0,3990860535
4,1811285425	3,3494308732
3,1892238554	-2,7708523132
3,0765225035	-2,7946215773
2,4639736278	-3,6179912957
4,1724553580	2,8079551064
2,9094809831	2,5845796810
3,1167289565	-2,9456453626
0,6964039075	0,0851737844
-0,1741756772	0,2712200878
0,1354401234	0,2295962861
4,4848964109	3,0653460351
2,6632786062	-2,6624704363
0,7892253325	0,2135973176
3,8076290863	-3,0428313124
0,5903443714	-0,0443350998
3,3620215069	-2,7669259434
-0,1164595111	-0,2604945578
2,3897807220	-3,1598088244
0,1465040712	-0,3417223892
3,2582848294	-1,9478042471
0,0547903507	-0,2836703129
2,9583908614	-2,6273781596
4,1064793631	3,4177781080
2,9504984882	-2,9562413960
0,3901478716	-0,0365575033
0,0752487361	0,2824078188
-0,5222927584	0,0827449707
3,6768165453	2,8966788061
4,0277055311	2,9593214394
3,0446181783	-2,6910393409
4,2933253165	3,1130348072
-0,2663781329	0,3612787931
4,0715300885	3,0184396489
4,2291566271	2,9359257136
3,0862737420	-3,1458979928
3,1450432651	-2,6107002178
3,6060499877	3,1553903379
-0,1517956385	-0,1476681667
0,0538872009	0,2163112990
3,0415207488	-2,6239628123
3,4163407251	-3,8805286265
0,5515583421	0,1924920539
4,2311152138	3,2476795289
0,5670163149	0,2823701998
3,1260065341	-2,7245815111
3,0668154545	-2,8670442589
0,3696827304	0,4273189504
3,9209578992	3,0959152600
3,2966981434	-3,7192800515
3,6314968610	2,8043592791
3,8697613742	3,1859861031
-0,1834830227	0,4199938235
2,5050029008	-3,0151797552
-0,1149192540	-0,4260902678
3,9650386266	3,1773051767
4,3033603056	2,9095394058
4,0233192921	3,1396326675
4,7104850944	3,1141667031
3,5002153979	3,2430719328
3,0705894936	3,2339039286
3,9658054149	3,5903888955
4,0677464829	3,3994000687
4,0275895026	3,0199263394
2,6257194774	-2,4397938886
4,7106405841	3,0913073435
3,7314084709	3,2858510638
2,5426559603	-3,5841601840
3,4545606946	-3,2022180943
3,4066151212	3,2061447623
3,4713631814	-3,3684655196
2,8804747959	-3,2460497520
1,1657546161	0,7363967147
2,9976221102	-3,2642747128
-0,2858549250	0,0556475859
3,3417567076	-3,2259538595
3,1523412231	-2,7679458021
3,1420472273	-2,4486301830
3,1612533581	-3,7391008074
3,9649914467	-3,1546671412
0,0977740761	-0,8288042268
4,9487495920	3,3927492373
3,5503279286	2,5295017278
3,8586507856	2,6865497260
0,3840091467	0,0762621580
3,4306979575	2,9973227530
3,8130901755	3,1888484496
2,7530260617	-2,7424209228
3,3119359665	2,8548436683
0,0568703593	-0,3911615085
3,3365323435	-2,7142973496
4,5239825209	2,6286722736
0,2076231243	-0,7187288371
4,2889733019	3,1201920770
3,0634615087	-3,0522393169
-0,6188278021	-0,0480387165
0,4557445058	-0,1351841538
4,1056350370	3,0201968848
4,7422576791	3,2037397814
-0,3590477388	-0,2465964007
3,5105763728	-2,3927401888
3,9545495859	2,4762071802
2,5085151548	-2,6207744965
-0,0023658532	-0,1614784036
-0,2786506074	-0,0726246264
0,0347213841	-0,0264720366
2,2379469779	-3,4323686387
-0,4284498981	-0,0394695614
4,6797540172	2,8776108213
3,1542716362	-3,2042463236
-0,0720393349	0,0098501214
2,8255951210	-2,6577469397
-0,2215757690	0,1137654357
3,2058382766	-2,7229047375
2,9176093332	-3,1689198253
3,8980367862	3,3457599120
0,6035556227	0,0226344931
-0,1574750674	0,0549326827
-0,0286613655	0,2333760620
4,0232350006	2,9620129083
-0,8313370964	-1,2081885911
3,6398352717	-2,9444543106
3,4483720442	3,2113667870
3,3615655082	-3,1596559955
0,7684366601	-0,4065607291
4,2911153054	2,8599859327
3,8768636284	3,3710728058
-0,3766439643	-0,5427428491
0,2721031834	0,0137702461
-0,6639205658	0,0573039837
-0,1038268089	-0,4383300312
0,2192568169	-0,2930247290
4,1573685455	3,4062792181
3,0720022117	-3,4083332702
3,8216040500	3,0171842551
2,5289762018	-3,6710829974
3,2128757843	3,3148321386
4,2253016632	2,0053871190
4,1194793845	3,0948456832
3,5921726252	1,4777952492
3,0342429142	-2,9019954200
3,1976026074	-3,2579440652
4,6061470046	2,4438040578
0,8702895793	-0,0371142635
3,6078626415	2,8690855446
3,2507189305	-2,9418743959
3,7289674885	-2,7383979523
0,9255132119	-0,2849817977
2,3607702874	-3,6387035490
3,9070022432	3,1292195435
-0,2569878829	-0,0392296466
3,0826892450	-2,4433065329
4,4356685782	3,1419370287
3,1522066493	-3,1300761137
0,2790577406	-0,7846816126
3,6876988365	-3,1365921998
4,2731760372	3,3226170086
3,8982962970	2,8702599863
4,4591732300	2,7880187094
2,4498311157	-2,7786670268
3,8801641949	3,1673506124
3,0841680727	-2,7583455556
4,3198931060	2,8433309571
3,8293768339	3,0571243360
-0,3894171900	0,1671818681
2,9730660627	-2,5914392592
3,5260200989	2,2691872519
-0,0878805366	0,0462650958
-0,7043793846	0,1099312871
4,0527235936	3,0297554086
-0,8033380339	0,6798157124
4,8464308239	2,2475198156
3,3301975256	3,0261194614
2,1159890284	-2,5142354168
-0,1771472796	-0,2698098588
5,0020827401	3,6912452748
2,6477482623	-3,5685583854
3,8908740412	3,1975226837
-0,0426855737	0,2290046197
4,5242826470	3,1460999099
3,6328410963	-3,3351032616
0,3181189081	0,3035097781
3,1007863527	-3,4412313466
4,1064772731	3,3361613041
4,0723513532	3,4043818145
-0,5923651199	-0,0661816195
2,9529420327	-3,3724841606
3,7528839569	2,8443235559
4,2536801188	2,7454501759
0,3179402768	0,7204943854
-0,0369475647	-0,3225529808
-0,1178524850	0,7303879075
-0,2231929161	-0,2028290124
3,8559997150	2,9989876667
0,8589246944	0,0464500568
2,0990828138	-3,5344534568
2,8500898731	-2,8323929157
3,6730547292	2,7208798524
-0,1359794723	0,4417992197
3,5577232332	3,2198034290
3,6434065405	2,8132814330
2,7119429695	-3,3178478341
2,6438391569	-3,1892260871
4,3753160972	2,6663494936
4,0138376848	2,7306235979
3,6237088323	-2,8714059820
2,9985504180	-2,9054235991
3,9950923584	3,0518036580
2,7036263161	-2,9226810377
3,8317725733	4,0135128653
-1,1021679910	0,1246549018
3,9002864071	2,9489736665
4,0971494704	3,4192265977
-0,1258171952	0,2262634569
3,9084368724	3,5006260371
3,3080794533	-2,8392227101
2,4296267666	-3,1912255840
3,7036570820	3,7027324237
4,7076493389	3,2687515281
0,3169247477	-0,0461008276
4,6337308553	3,3209421700
3,3182728648	-3,3048630215
3,5562578009	3,6134009138
2,7445614105	-2,7673233203
3,6416641852	3,1658657581
3,8211081978	2,9668502297
2,9700092588	-3,1795034914
0,2751710681	-0,8696034743
4,9263194463	3,0261687922
4,3174890113	2,8345436773
3,4528610428	-2,8772754258
3,0533241858	2,1141640979
3,6905565867	2,8296111000
4,1677219546	2,9283528869
4,1453483724	2,5215597369
3,4572091563	-3,6240585095
3,9651185652	2,2483546079
4,3441274915	3,5527385969
-0,6809345937	0,1612985497
3,0583341646	-3,4829508699
4,2849522610	3,2716568430
4,2375430898	2,7177374044
3,1331675349	-3,5785708680
-0,4228935476	0,3280814933
3,7633050537	3,5492723484
0,8439531536	0,6847699549
-0,2727403632	0,0668000092
4,4579020066	3,3229295421
3,8683304038	2,8655967683
3,2228162535	-3,4424500903
2,5498054170	-2,7154329496
4,6469955028	3,0917504664
3,3625317303	-3,4297146302
-0,1827728701	0,0036667744
2,8398715237	-4,1411130215
2,7558988860	-2,5412789680
0,1137942281	-0,1650197248
3,5376343888	-3,2040440088
3,2533893078	2,9617446221
3,3770436839	2,8994744394
4,4951810584	3,0105634571
3,4623815116	2,6357047294
3,4892250201	3,4194497904
-0,2035473969	0,2122879587
3,6328920116	-2,9878167104
3,4937825093	3,3476495836
2,9121222204	-3,7924103383
3,1965431694	-3,3567076521
2,7206904990	-3,1649241242
-0,3637517864	0,1483879493
2,3000626808	-2,9558686372
4,4539201622	3,0766889766
4,5295240116	3,3073523156
3,4560868353	-2,3597759229
0,9634696376	-0,4271043728
0,2153047846	-0,1807216848
-0,2533739981	0,7094015996
3,9113571692	3,2670195402
-0,3324097721	0,3371305243
3,0260887075	-3,8637014719
2,6787233625	-2,6397450539
4,5351876796	4,1584984868
4,0390617594	2,3166294313
-0,9161935219	-0,0597394898
0,1738085944	0,3363876179
-0,0278663227	-0,5891860078
2,2902545457	-2,8663633224
3,6738499198	3,6133077993
3,2999588962	-2,9854107940
3,5433305403	-2,8217231367
3,0134198983	-2,9548283840
3,7337072691	3,2720927272
-0,0926759906	0,7657329185
3,3478728973	2,4737965334
2,9993887261	-3,3631160580
2,6325337282	-3,1342525425
3,7828951442	2,7778631642
4,1799847338	2,2840715457
3,4005594956	-3,1263484015
4,7310863415	3,6214596985
0,1855556999	0,2389813617
2,9685336000	-3,6098259062
0,0638698797	-0,0175131763
4,4071793422	2,6059641965
-0,2076141758	-0,1438662747
-0,7483878954	0,2813916911
2,8555732492	-2,6263520506
3,5523638855	2,7606092610
2,8174767449	-3,1837809592
-0,7553815468	-0,0476548600
-0,0556465500	-0,4756064407
3,7426149544	3,0764391021
3,6786513498	3,3098655642
0,4881454683	0,1296330041
3,4861936112	-3,7120891970
4,5689296210	3,0171235325
-0,1182705842	-0,0322215366
-0,8630363722	-0,0938061434
2,9113352103	-3,0727240852
-0,1480341290	0,6775551012
3,4118285041	-3,2442128925
2,4708825678	-3,4361078848
2,7248052055	-2,8201312539
2,4700416697	-3,7259983138
3,9761039906	3,2264479202
0,6858740101	-0,4859700668
-0,0397414270	0,8314055270
2,4427156842	-3,0372246447
3,8524473107	3,1479922077
2,7572660870	-2,6766487172
-0,4230578965	-0,1170119220
3,1300853863	-3,4029345560
3,0959163057	-2,8218787421
0,3910386958	0,4587925016
-0,0740375414	0,5060120143
3,1592891950	-2,8272183871
4,1014322958	3,2952749621
4,7838771264	2,8794605541
-0,3867000779	-0,5980756725
2,9140399902	-3,5695036673
3,8685730836	2,6241888818
2,9611701504	-3,5419732921
3,0937121695	-2,5593319719
-0,2394951108	0,0141685280
2,7747729555	-3,0592711515
4,3845587294	2,4491044045
3,0263102339	-2,1343594140
-0,2931871645	-0,1225336128
2,5733783108	-2,5614022072
3,2444913436	-3,0237482339
2,7678914772	-3,4339819657
-0,0153639852	0,5327284469
-0,3469822257	-0,1287127451
3,4186038904	-3,1338745250
4,0307462770	2,7006224947
2,0496968046	-2,7933420159
-0,3638032435	-0,0581802278
2,0060025741	-2,8551714086
2,9216539909	-2,7840512613
3,9534317369	3,5736103598
0,1246803551	0,1790585608
0,0274250250	-0,2641137566
0,2433718539	0,0531243466
3,8853056526	3,7310406380
2,6625879186	-3,2577109830
2,9793157139	-2,8575504102
2,9236715978	-3,2256086976
0,1081884376	0,0441798814
2,7986278465	-3,9056353723
2,4331673656	-3,4045779152
2,6637623791	-2,7043644764
3,1296468864	-3,5968353430
-0,0387121493	-0,2175264792
4,1492551473	2,9816498343
3,4139713165	2,2946185607
4,2439797007	2,7946124521
4,0982201790	2,8936944710
-0,2773786487	0,0149501242
-0,4664539554	0,2403070053
0,5891167850	0,3598298379
3,7676310407	3,3867190948
2,6529332101	-3,1866765210
3,3617865924	-3,3348839541
0,5816528017	0,4296676087
-0,3425645100	-0,2470969046
3,1008580125	-2,9128445998
3,1286023737	-2,4170314941
0,4308368394	0,1291803382
4,0023788020	2,8480392649
3,2816029300	-2,9690226654
0,1360677499	-0,0728165366
-0,0842338953	0,0428932156
4,5075994823	2,8618196700
2,9065672317	-2,7482770293
0,2079517480	-0,3540981073
0,4656644618	0,1016347437
2,4182319387	-3,2870848747
0,1005132025	-0,3535307593
0,0459467751	-0,1645404589
3,1226640249	-2,8264186354
3,3939893662	2,7772292235
0,0166970865	-0,0691102272
2,8163113903	-3,1984348883
4,0740285473	2,7417568318
2,5075962651	-3,0291297569
0,1516168109	-0,3128055392
3,0798023822	-2,6978684758
2,9783522240	-2,8098614945
-0,6369019134	0,8124493001
0,3780929257	-0,3206835145
3,1200582195	3,1287999572
2,7712782086	-3,7422435422
0,3876614283	0,6212434076
-0,5559626293	0,2354299923
3,1009704604	-2,8987162182
-0,2979935740	-0,2397400017
0,0814877281	0,3127241662
4,1105878909	2,4470741784
3,6384330357	2,8487612036
4,0712222470	3,0227044497
3,4819936799	2,6520390843
-0,4386517893	0,2748448423
0,5240403310	0,7056082963
-0,5657778789	-0,1749894157
4,1414041921	3,2119762808
3,1647499705	-3,0158141848
3,9247908085	2,9015654580
2,8005698002	-3,3163716051
-0,1308937537	0,3743555789
2,6744244293	-2,5670109852
3,0051214388	-3,5302971533
-0,2231401095	0,1429337765
2,5660439702	-4,0029760857
2,6831485235	-3,0935339062
0,0689900075	-0,6987564803
2,5388011068	-2,9460351416
-0,0285609395	0,1531092270
3,2355336264	-3,4078408818
3,6308433704	-3,3988937796
4,2919650848	2,3573357718
3,5488834785	2,6689616419
2,5703715268	-3,5759519720
0,2568271799	-0,9029990217
3,7699821025	2,4741869626
0,7186241491	0,2659160820
0,1602990021	0,1685341276
4,1400543619	2,9973628580
-0,2566815630	0,0915357880
0,3525851644	0,2122914851
3,0766349284	-2,2613973002
4,2318726538	2,5728306659
3,0046963243	-3,0889218629
-0,1644627579	0,2280591423
-0,0953397194	-0,0218575701
3,9091740043	3,1204875283
3,1021204928	-2,8378974492
4,9162253545	3,2554096036
3,3109523409	3,6244937758
0,2583105458	0,0992444910
-0,0193410071	0,4830161204
2,7851147324	-2,3780239182
4,1349696582	3,0624103768
3,4512393211	2,8604377736
-0,5558066867	0,4536921194
-0,5254280203	0,9500476337
0,1458259921	0,2006961757
3,5004885433	-3,1658595972
-0,3583081175	-0,2081837862
4,4509006742	3,1070045740
4,5292833656	2,8452562534
3,4501882463	2,4716746583
3,0691344155	-2,9520837708
-0,2355879099	0,2622739856
3,4335943953	-2,6181976579
2,5894752951	-3,1967098275
0,2667656453	0,1057332403
2,5592409730	-3,1408146126
3,8036862324	2,8270596179
-0,1449464725	-0,5418130654
-0,2564326567	-0,0334340841
-0,9126792592	0,7769611310
2,9327455989	-3,2875613130
-0,0178911527	-0,0526674508
-0,1354556300	0,5744590789
-0,0123072698	-0,5415110619
3,3096389206	-2,5977227748
2,5591742488	-2,9497172930
-0,0443798600	-0,0760851643
4,3963518772	3,6679441254
3,4637227330	-2,6800650681
3,1898530438	-2,8086575681
-0,1670966821	0,5451561331
3,7672854020	2,8843018973
2,8156059306	-2,9388762978
4,2915637968	2,5773093363
3,4117723405	-3,0111583715
4,4020517127	3,1484496951
3,7804665499	2,6477652188
0,2119657047	-0,8290287573
4,6248980653	3,1887553666
2,7478764970	-2,8030809325
-0,0615504258	0,3799464625
-0,6436321141	0,2038177697
0,1686887711	0,1668760582
4,1963815768	3,0575168356
3,8183044992	2,7226324154
4,3355285841	3,4923034907
0,6300272020	0,5005914010
0,4558187258	-0,0621502335
3,3962820442	-2,1308456225
2,9129957615	-3,4321604817
4,3537711406	3,0821570647
3,6845997260	2,8924005918
3,7891705611	3,2865222871
3,7925955240	3,1773311985
4,8666755462	2,9086447121
3,6640987554	3,5269009645
0,2658306616	0,0796769807
4,0476245804	3,1736204561
0,4893191430	-0,0777081767
3,6903636647	-3,4967637792
2,3987658715	-2,7646091172
4,2684853546	2,8860434525
3,9527824154	3,5752332347
3,5719412895	1,9206224196
0,3003769641	-0,4032566102
3,4502859957	2,1526067858
4,2832961827	3,4567571484
4,5384212801	2,7648244761
2,5489669926	-2,5389024342
0,2528807622	0,2688763099
0,4251570837	0,1752527837
2,8938226391	-2,4680536684
4,2869793420	3,1878235931
2,4791594520	-3,2168888971
-0,2858085549	-0,4657009478
-0,0934725176	-0,6413661568
3,9894809444	3,0610938519
0,2456037047	-0,2001059371
4,3681171562	3,0668558427
3,5798790817	2,4939686943
3,9271779424	2,8864465954
3,6190562919	2,7341790482
3,7230273858	3,2287338500
3,2418112468	-2,0231423912
4,1449347024	3,4238332762
3,8628282306	2,6100028205
0,4267595948	-0,5811833837
0,2262589837	-0,4491441725
2,9749818225	-2,9807133670
4,2743292297	2,7637896872
0,4030126271	-0,4587909704
-0,6988881734	0,5798731457
3,2070309766	-3,0863664634
-1,2268544958	-0,0558867393
4,0599371895	3,1439396503
3,7374461080	-2,8841000902
-0,1571901649	-0,2179004968
3,2482605206	3,0310157572
0,2807789427	-0,7491008527
2,4977479993	-2,7912301757
2,1409608404	-3,3648304763
2,5537880964	-2,4788627369
-0,3523450244	-0,0001514797
3,7902992109	2,7051153181
4,5386994429	3,8272191306
-0,6644830048	-0,1337241597
-0,1029310704	-0,3455678142
0,0358702217	0,0178662414
2,0409648864	-2,5883328587
3,9290485302	2,7837108978
-0,1106061567	0,2234756385
4,0013988154	2,8770774008
-0,2655605204	0,0965129170
2,2447242917	-2,8057220146
4,2893918092	3,2700473369
3,7267891551	2,5729569092
4,8785438172	2,3976828492
3,6733832069	-2,6456547836
3,4235385949	-3,2185129696
0,3735197006	-0,0614009891
0,1719342222	-0,1653329896
-0,1916548515	-0,0024437457
3,2534092511	-2,9393956298
3,0596483143	-2,8635181142
4,5481833994	2,9788358311
3,7712806853	3,0290874346
0,3479688861	-0,1399250306
3,7751606538	-2,4781633913
0,4474074815	-0,0102881291
3,4694613115	3,5967676143
3,1000298857	-2,6456695368
-0,0855791347	0,4447458279
0,1409085405	-0,6849643009
-0,3863618049	0,2255959765
2,8766316206	-2,8251204059
3,2029930310	-2,7035923951
2,9776165099	3,0341591147
4,8645300092	2,7382210065
0,2801759261	-0,7158541789
3,1312306179	-3,1262780420
-0,4046874381	-0,2139029897
3,8320992636	3,0541837085
2,2465959607	-3,1964184130
4,5243434247	2,7166891942
3,8787127790	2,9973521655
0,0028335500	-0,8789623667
3,0483036267	-2,6687663534
4,2843182984	2,4894897654
0,3965732755	0,0294517437
2,5177173692	-3,3848421329
4,0679262905	3,0912666360
2,8895444060	-3,2325796529
2,9315196478	-3,2606551367
3,3081718973	-3,1215808504
4,1227554089	2,6692874917
-0,0442167271	0,3710644250
3,9611484650	2,8873269128
2,7340300696	-2,5494857691
2,7533882478	-2,8680962774
3,2041615486	-2,9191315473
0,3158410791	0,5720054825
3,9544604219	2,4485470168
-0,8807381133	-0,6634221617
0,3622222840	-0,1178018894
3,3111179583	2,9094071486
0,2021715891	0,1986070860
0,3952818487	-0,6193630710
0,5962159412	0,1764551001
2,5909784900	-2,9544626143
3,9936993002	2,7842708282
-0,3649447650	0,3885956529
0,0326497578	-0,1997312447
3,3712766319	-3,4968651940
2,5038508944	-2,9417565489
0,7652236979	-0,0046476882
2,6909859300	-3,5779006373
2,9157434477	-2,9972781618
3,5374482096	2,3854826490
4,1691443239	2,7845850491
2,9107341065	-2,9607580533
2,7826599481	-3,3310558101
4,0876975665	2,2015316014
3,3213420306	-3,3464024771
-0,8659750822	0,3859011505
2,9079547162	-3,8238032446
4,3619215977	2,2405216121
3,9696716436	2,9312367419
4,4993624401	2,2581143639
0,3902151392	-0,0068227564
0,3360395686	0,0243144296
4,6524810813	3,4132013769
0,3807281114	-0,4442333244
3,2382242394	-3,1783701915
4,1713619777	2,2539853033
0,7178358079	-0,6601191238
-0,0964750264	0,3133835037
0,4723000277	0,3531097403
4,1229417645	2,8209551357
0,3679242127	0,6588128747
3,9938881041	2,7202321028
0,4556716930	0,1444712019
3,5965596946	3,4380557851
-0,1457704861	0,2181570749
3,8830332919	3,7548534292
0,3203267921	0,3077712595
2,9430333775	-3,1471356219
3,6182876025	-3,4194728216
2,3627378574	-3,2980571762
0,1880139234	-0,0798973811
2,6869718261	-2,3771425972
0,1564282122	-0,1468687710
-0,0313371711	0,0148312611
4,1613800276	2,4940970247
3,7264713329	-3,1166381093
2,5315745903	-2,5487285571
2,8592625691	-2,7039320325
-0,8562655072	-0,3599707828
2,9471947088	-3,3536122409
4,7628621107	2,5892855967
0,0346864280	0,0637407486
3,2125753667	-2,9612346984
3,9745666227	2,9269887625
2,7652577437	-2,9143167003
3,1368586456	-3,5536349080
2,8498381023	-3,6740493549
4,5533350680	3,0404502465
-0,7383313915	0,5347671553
0,1343281967	0,0425640975
2,8321930849	-2,7972200076
3,9112805363	2,7602361102
0,5157857385	0,8625222407
-0,1452044253	0,8002202617
3,8565067189	3,6269634934
-0,1614169942	0,0365501948
2,9883286729	2,5781262552
0,1035254904	-0,1599233106
3,9556337180	3,0438434650
4,0376459652	2,6770700905
4,0100163632	2,4189137236
3,3576551679	2,8569719560
2,8712313056	-3,4375890585
0,2766977061	-0,3201401547
2,8105955335	-2,8588392880
3,6951508573	2,7742417035
4,3062460835	3,2210776708
3,3465227320	3,0634490905
-0,2060419440	0,1148220788
4,4247237974	2,9329634112
0,4898794901	-0,1285556966
3,2187200886	-2,7898312165
4,3193341547	2,8307860781
0,3434862844	-0,2513000529
3,1491229721	-3,0829432884
2,7827430418	-2,5825281653
0,2939717389	0,0775978076
3,9826217817	2,9658451402
3,2334016972	-3,3067585150
3,3891187047	3,0327152977
2,7035568403	-2,8703222469
-0,1017754640	0,4230998634
3,7637922496	2,6715567977
-0,1885453292	-0,5598073448
0,1145089479	0,5148299140
3,8391802839	3,1504837139
2,8921706676	-3,1396296799
3,2125345405	2,4833437675
2,4808105559	-2,2370354380
-0,3820145700	0,1504085481
3,7553897938	-3,3661933706
4,2474330409	3,0005772819
4,0996145102	3,4397450841
0,4941548888	-0,4040190216
0,8647713096	-0,2822428605
4,0484505447	3,2748449967
-0,4379657491	0,3255295612
4,2901848789	2,1973453255
3,8926185240	3,0739243263
2,7258890901	-2,5926663826
4,4389279242	2,0882326905
4,3914043785	2,9356579581
2,9978367711	-3,6865821209
2,9126061082	-2,7877726211
2,7656173263	-3,1310923789
4,2400116516	3,5391117924
3,5847033834	2,8965937862
-0,2857965343	0,1323009420
4,2104282775	3,3587979464
4,2765009736	2,8355386412
-0,2571841098	0,1880673960
2,7418983620	-2,8496398842
3,6903246522	2,6270597448
2,9899488019	-2,8383033808
3,6466497968	-3,2696794211
3,6370951667	2,9219245969
3,8307719770	2,9761717013
4,0133255335	2,7115585864
3,7799054849	2,5606799037
2,9895971823	-3,1125510610
0,6489808869	0,5016813518
3,0781821543	-3,3126502800
4,2635624562	2,9181382134
3,0266171582	-3,4494886224
4,2075422294	2,6847267540
4,2262407136	3,2195430624
-1,0902502092	-0,3416116615
0,3449350380	0,2568087868
0,1808474966	0,3957483055
0,0451961840	-0,0223421834
3,8812658015	3,4927546231
0,6243410860	0,5524404986
-0,1569561931	0,1879216678
4,1596664409	2,8667683027
0,3154790048	0,2025647342
3,0902254100	-3,6563617249
4,0852420903	3,2471922450
0,0637697071	-0,1230202966
3,4455598592	-3,4434585761
2,8499936877	-3,3979769648
0,3025248975	-0,1187897566
-0,2541365221	-0,0102909008
4,1012031309	3,0650022161
3,9807273594	2,8964515426
3,9051619308	2,7307550183
-0,0080267316	-0,6285438834
-0,3754722962	0,1403449353
0,1936112819	0,0172548269
4,7220501116	3,4639087262
-0,0465682201	0,4333616099
-0,0385006190	-0,2967755470
3,2434588904	-2,5678802806
3,6148641794	2,1947000730
3,3126193543	3,0301697518
2,5824789287	-2,7325991137
2,7122109878	-2,5180918398
1,9728542120	-3,7995469304
3,0070430742	-3,3089772961
3,0506684020	-2,5529653850
3,1707260702	-3,7998336016
-0,7945526832	-0,2567312435
3,6791630315	2,4948162703
-0,6967810332	-0,3908327322
0,2340974771	0,3778846972
3,0027192811	-2,6195193040
0,1101655096	-0,2065822599
3,7854881734	2,8200338243
4,0593952431	2,4752892464
3,2591916487	-3,1602001166
4,0037706643	3,1179352515
2,4282867732	-2,4490210830
-0,6170491880	-0,2238448877
0,2374580202	0,1372619981
0,5900531806	-0,6344158058
3,5771766229	2,9303718359
4,4486260678	3,0448709830
4,2585661894	3,1133654742
2,9009709691	-3,4501125961
-0,0142284743	0,4854782967
0,2111523823	-0,2172340988
4,0943214143	3,2470345325
3,2734019593	-3,2290540370
4,1971359278	2,2739101750
-0,1404376156	-0,0075483153
-0,6446932729	0,1869919327
3,3635494173	-2,4407569671
2,4659658415	-2,9288977818
-0,5169908184	0,0323041283
4,6427721279	2,6494177793
0,1027798036	0,1207601220
-0,1175206847	0,6468130297
2,8826635690	-3,3484183369
2,9754352444	-3,3492659301
-0,3146506228	0,2061210707
-0,5451694470	0,5064297278
2,5029079829	-3,3859986766
3,7879561804	3,3993306276
3,8740634714	2,7847241362
-0,6094699465	0,1066471724
-0,0642001329	-0,6801157926
4,5595523720	3,3150776175
2,6914408794	-2,8709300020
2,3410389561	-2,9438185611
2,6689238820	-3,1746507756
0,3106214629	0,0184515935
2,3510727281	-3,1135179508
4,2879284200	3,2752222289
0,2774582074	-0,0167395236
4,0841671372	2,9192070284
3,6172507526	-2,9595202614
2,4019812790	-1,7757829703
3,6554719036	3,1374100984
-0,6631505366	-0,0984326034
3,5539329797	3,5464228651
0,6789202330	0,1220885805
2,4402791705	-3,4897982606
-0,5218246387	-0,4050589990
3,0683605648	-3,0142962213
3,7531475380	2,4833573983
2,6159592625	-3,3808773980
3,3250110842	2,2035441465
3,0854047189	-2,3637096142
3,9166275070	3,0115097566
3,5692137582	-3,1115616739
3,3180128012	-3,2815952140
0,1031591779	0,1809872428
2,3374907872	-2,1165015891
3,2179176211	-2,7669844502
-0,2024317074	-0,4722951162
2,8845731686	-3,1762776575
0,0716551549	0,0222327300
0,5194837182	0,0393967064
0,2214193864	0,1703973933
2,9081641558	-3,4033797961
4,5862865448	3,1912936322
3,4096324003	-3,0111979689
-0,1517865052	-0,7200928877
4,3275807740	2,7536559136
3,6204145426	-2,2079567927
3,8569052584	2,8193649698
0,3025978584	-0,3085466224
4,3138519328	2,9482560365
0,4285969534	0,3294752670
0,3123051394	0,2011417315
0,3232923945	-0,5628728399
3,0304160127	-3,2808574980
3,5050197152	-3,2837387088
-0,0814001526	-0,4476465384
3,9162787009	2,8310312404
4,0811450318	3,1703866030
3,0016978405	-3,0498842306
3,5892246089	3,2824126345
4,5025072105	2,6211951248
0,5728392135	0,1384617951
4,0887644493	3,5059728724
-1,0774481917	-0,3205531178
5,1364268474	3,3456450865
-0,3922633413	0,1778996994
4,3667622397	2,4945092277
4,3625068593	3,0884562482
4,0041434285	2,9923924155
3,0196914858	-3,5715381050
4,2216305801	2,5160894063
0,2785831721	-0,0236457202
4,3436945697	2,9972857657
-0,4139165250	0,0084347315
-0,0448248922	-0,1378602535
0,2656833019	0,1967864668
4,0940122663	2,6869667631
3,9754621245	2,7308196094
2,8547976660	-2,6625687375
2,5017598967	-2,9148877249
3,8587919234	3,0405300458
0,2190623456	0,1208368352
3,1372150856	-2,7205808257
0,0963953855	-0,4455338368
-0,0507799993	1,0086696010
3,4356678203	2,7884739463
3,2140401106	-3,0018978417
3,8747934984	3,6937276193
0,2716922936	0,4457950584
-0,3610408394	0,6134065296
0,5436821677	-0,0265196637
0,0623859136	0,1916738612
3,4686872768	2,6689548583
3,7114160696	2,5247681251
4,2291841797	2,8229326298
0,4548100298	-0,0632812789
-0,4453793193	0,0534784498
3,6021463660	-3,0240331215
3,9269694182	-2,5940436708
2,9661340996	-2,0973077498
3,0176706208	-2,6547427286
-0,6934224064	-0,0472012031
-0,0333897796	0,2724017553
3,0362917146	-3,1505315463
2,7582026493	-2,0605388018
3,1103838597	-2,8124284582
3,4014980556	2,7579111445
3,4018792954	-3,3003522710
4,0860211450	3,2439596322
2,7189490905	-2,7422864086
-0,4819720863	0,5009224077
0,1709285126	0,2232007888
3,2963087540	3,0232901238
-0,4110382881	0,2806209043
0,1665011825	0,8075281923
2,6299283782	-3,2501238302
4,3487550419	2,9934076077
2,4253511727	-3,5426313656
4,5564999950	3,1914243938
0,2565705715	-0,1837625193
3,1882973382	-3,4489937014
3,1120990353	-3,2210710668
-0,2693890734	-0,0161720009
2,4559813722	-2,9730091456
3,0461474673	-3,0687096355
3,6573240464	3,3882750065
3,7658420067	-3,4326726832
2,5375869089	-2,3930907346
-0,4441931331	-0,7738542683
4,0510297436	2,5894028932
-0,0506157350	-0,8630975396
3,7321194377	-2,5188352281
3,1415602181	-2,9029873578
3,7988828918	3,6402829334
1,9786150645	-3,6855262602
3,9447745442	3,0817916918
2,7112880535	-3,1814362619
-0,1960782096	0,3891928082
0,4733755452	-0,3666155814
0,7361477054	-0,4020950207
0,0717273554	-0,3492876256
2,5395418419	-2,5402960176
4,0112256161	1,8119748826
4,5170721095	3,2026577647
2,6948187456	-2,3970433587
-0,9355926751	-0,0270626017
-0,3167707672	-0,0515842444
-0,4813984485	-0,5118653456
3,2539930303	-3,5955702727
4,3356439176	2,3329159220
2,6492502844	-3,2249429148
3,6181157551	-2,4728346103
0,1406018780	0,1931974492
4,6933211632	3,3241391081
4,4882783117	2,6896809127
4,3238745521	2,0774339737
3,9118598846	3,2674491711
2,5972187759	-2,8185132858
-0,2506101453	-0,4252684346
2,9098181568	-2,5265197383
0,0181082765	0,7405299539
3,0147389223	-3,3940394448
-0,2494997188	0,4980664870
2,0987957524	-3,2278094813
2,3149381818	-3,2234430990
3,7553471503	3,2923284344
3,4155324247	3,0475249754
3,7816898374	2,6802595042
4,4957604039	3,0812315458
4,0220928856	-3,1581317967
3,4953293463	-2,4552712811
4,1429238402	3,5371102396
4,7948535425	2,9349316929
2,9602467376	-3,1589427911
4,4173504428	2,4332099868
-0,0808329947	0,2713921183
-0,0990212039	-0,0304689739
2,6641574765	-2,8676327665
3,3967467204	-2,5184343099
0,4436760896	-0,2360958521
-0,8258465091	-0,3407453587
3,0676140830	-2,6098979698
4,8123734341	2,3867954276
3,1897645184	-2,5836025818
0,0821335105	0,7047802842
3,7450644232	2,5589261088
3,9117459275	3,2881572948
4,3762323231	3,5079252885
3,0532480113	-2,7867077088
2,4858899978	-2,8369195809
0,0314989403	0,1166223809
3,3404229898	2,5102332271
3,4841280947	3,6437453910
3,7422076408	3,3325586499
0,2592722588	-0,2176739193
4,6719977096	3,2322287854
4,6260767789	2,6317966965
2,7093489161	-2,8767456074
3,3750804509	-3,3917239449
4,0113327552	3,0730792074
-0,3537232517	0,2385778538
-0,3013432185	-0,2676876625
3,6764948628	2,6002195699
-0,7074016078	0,2719920684
0,1927610184	-0,0774310960
-0,2905419397	0,6475479052
3,1768540680	-2,7706255515
2,7879906409	-2,6438391879
3,0760283885	-3,2195739485
4,0230069932	3,1549338128
3,4342848382	-2,8448900612
3,5360467682	-2,8078953996
2,9260209423	-3,2066881623
3,9676806587	3,2318493891
0,3372107952	-0,4037880861
3,8688526519	2,5966751082
3,0955281476	-2,7332513930
0,2710654509	-0,1252199678
3,3154653873	3,0295988361
3,2045129839	2,8304778265
4,8903744802	3,5489654871
4,4785508705	2,9152366823
3,2631202574	-3,1115679763
4,6743138890	3,2052773555
2,7585850762	-3,6137171700
3,1003664882	-2,2430572204
0,2528047356	0,0556925677
-0,1015640120	0,3026983149
2,6478892755	-3,3556630465
3,7014849964	2,9082887766
0,3554083504	0,3476733985
3,3607967370	-2,5094334994
2,7541719693	-2,9779984999
4,2066651199	3,2991091297
3,8349327156	3,2829397896
3,7155340411	3,3277030698
4,3385364679	2,4386300567
3,8803873773	2,9343396974
3,1711242723	-2,9597722679
-0,1728778959	-0,2537481866
3,6148378556	-3,2460981181
4,6953377079	2,6001844686
-0,1804801365	0,0399203652
2,4055729976	-2,8754904899
3,5447607933	2,8649804895
3,5360093460	-3,4364740805
2,8728302519	-3,3254925489
-0,0963642422	0,1407845320
-0,3430186945	0,1137596392
3,2366845593	-3,0032690100
0,5105669704	0,0440163524
2,5901001540	-3,2247268945
4,5527882744	2,3910435760
3,2760055473	-3,0262863505
0,0757852689	0,6577098322
3,0243310120	-2,7413014461
3,9805035762	2,8548085040
0,1128356365	0,1522167034
4,7684432396	2,8805158321
3,7838637290	2,9769430400
3,5156259984	3,1237062890
3,1940472666	-3,0804802845
3,2279877306	-3,1834169592
4,3222809747	2,9285154334
-0,1868900499	0,1494856808
2,9171918847	-2,9452313559
3,1026956007	-3,1216423457
-0,2810238570	-0,3613428356
-0,0473479484	0,4056207416
2,9086120563	-3,0147793601
4,4957796484	2,9173289077
3,6730404441	2,4161913661
-0,2180179741	-0,6059815948
4,1827301270	3,1351263677
2,6005429657	-3,2984255468
2,5009663815	-2,7261947938
-0,5298739137	-0,0604450051
0,4868867636	-0,0507777690
-0,1504991030	-0,3653144788
2,7598977517	-2,8282546291
2,6697834511	-3,1979140640
4,6565873370	3,7203441239
3,7014424058	2,9158828509
2,9151747523	-3,5384152595
2,5801476850	-2,7574480568
3,6820811264	-2,6405325404
3,9754226171	3,3968168120
3,7419231712	3,0168411321
0,3718964630	-1,0609919708
4,7669737590	2,9512037740
3,0663998446	-3,2214641887
2,7901716546	-2,2693432398
4,5133651474	3,1581556066
4,4647677321	2,5129769979
4,3453071860	3,0876569442
3,9970927094	-2,9674038662
0,3431546684	0,4091636042
3,7732841249	-3,2811623132
-1,0784758604	-0,0404572538
4,3327376184	3,3005490036
-0,2445635754	-0,3636505998
3,0747522690	-2,6864987519
4,0535083958	2,9132369671
3,9391390461	2,3908121060
2,8343440863	-3,3240931390
3,6777419586	2,5402661093
3,8833704090	-3,9306026188
3,4494749436	2,5608134682
-0,0460137611	0,4566185313
0,2530198305	0,2631289945
2,5992754604	-3,4775517808
-0,1492211779	0,3497538365
3,7693349954	2,6974881489
3,7229022482	-3,4086075720
2,7082849723	-4,0501131504
3,0190868049	-2,5383274214
3,3772798143	3,7262279387
3,0700225569	-2,3991780783
-0,1033397955	-0,2916666636
3,9931398280	2,8302833198
2,9033218234	-2,5279642571
-0,0433682590	0,2628785557
3,7829244340	2,4229590034
3,2460031761	-3,2471134587
2,9249127378	-3,4767104751
3,6853651080	3,3043711360
1,8277825533	-2,6000242558
2,6349968273	-3,1444486626
4,5599440348	2,9282015894
3,5964711350	3,2736992746
3,7377994342	2,8775787493
3,0958864585	-3,1866045252
-0,1680562730	-0,5690715760
3,7694691550	2,7352105803
2,7822605311	-2,9678623242
4,2540366630	2,9830848411
4,8685922320	2,5793365830
2,7458533235	-2,9119645064
3,2570845976	2,8474463028
3,8162145072	3,1091835770
-0,0606738864	0,1095631701
0,2510449270	-0,0402735097
3,6068819866	-2,9576837293
3,2003623351	3,1678719781
-0,2817932846	-0,2865458940
3,3431922789	-2,5182934869
-0,1696674206	-0,2755718190
2,6226127013	-3,4606377211
3,0399390874	-2,8842053911
3,1983296828	-2,8805023360
4,2924860428	3,4135210298
2,9834505735	-3,0593073944
-0,6586291933	-0,0257158265
0,5848182974	0,1458864018
0,2130500349	-0,0674864838
3,1024874183	-2,9734509362
-0,5622145716	0,2825590250
3,9109514789	2,6708979552
-0,6413477145	0,1376353132
3,0127069379	-2,7347896728
-0,2132599852	0,1777664233
4,7696787327	2,5364108004
4,1979141265	3,1221122483
3,7523476918	3,1538469162
4,5238197677	2,5565976592
0,6389061038	0,1276393479
4,2581502587	3,4075686176
-0,6646831528	-0,7264717989
0,1562458603	0,0523511488
4,3985192965	2,6162192022
0,3511041853	-0,0240029178
3,2711624576	-2,8279325271
2,4657365057	-2,7799669853
-0,2931978555	0,0568501347
2,8520067915	-2,7601379010
3,4084103356	2,8573310721
2,8618590982	-3,6179727674
2,2799650714	-2,5111134399
3,6088628328	2,4562301825
3,9882048957	3,4695782207
-0,4117587376	-0,4390234376
3,8351735731	2,6443275904
3,3194757339	-3,1696764774
4,0511415101	3,0209083650
3,4538828157	-2,5434672737
0,3786564904	0,5912656683
3,9420456515	2,9624817974
0,0768315255	0,0846488230
-0,0497283801	0,0283035077
-0,0094839791	-0,3813114496
-0,0446120319	0,0692000961
-0,1893099876	-0,2958755250
4,2442003411	3,9743749058
-0,0119013137	0,0444318800
-0,5498148464	0,3502323107
0,1184477813	0,2421167363
2,8531074374	-3,4845934845
3,7288800140	2,8296858931
3,9116406063	2,8150199550
3,0104878636	-2,8555203587
-0,2892019713	-0,2967151878
3,2461431078	-2,8996725524
3,9765334514	2,7370008037
3,7948306730	3,3549451918
0,2958107576	0,5543718543
-0,1100736633	0,0137892244
2,9434102337	-2,7040493495
2,8196929481	-3,3834017544
-0,1047333208	0,0355175070
3,3268963992	-2,8539866926
0,1083149366	0,5223667785
3,8889099636	2,6915662170
3,5518559953	2,3457329136
2,2839258364	-3,2249132752
2,7202486640	-2,9285793869
0,4389466051	0,1033973967
0,5415243247	0,1208078051
0,1909190754	0,1875521554
0,3068668000	-0,0711770651
3,2645452225	-2,5287856835
3,3429617631	-3,5551047672
0,1437828234	0,2093689519
-0,2692269560	-0,4228278354
0,6256836868	-1,0646112425
4,0896899504	2,9227391630
3,9372578791	3,0282586513
-0,1290437233	0,4040940483
-1,1466783209	-0,2178538558
-0,0915649396	0,7052975733
4,7018727493	3,2298671763
3,9464617329	2,6395582238
-0,5334845804	-0,1043357523
4,1386027485	2,6003186135
3,7342223231	2,4390642889
3,4318743195	-2,9168594217
3,9328097925	2,8999119884
0,4824348693	-0,2976238561
4,3051301992	3,6458026636
-0,5726891381	0,3535868017
0,6146648314	-0,2504133780
0,6921573661	0,2451942905
3,7499266284	2,1712775844
3,2721354281	-3,2671648442
-0,0816313490	-0,4035739464
2,8158565515	-2,7901984272
4,2397473097	3,1147761555
4,4036903203	3,1879404122
-0,3818689568	0,1784519400
4,0403796414	2,3885274197
3,1198385616	-2,5545700327
3,7698883570	2,6174792273
2,8754468475	-3,1594499752
3,8517300449	2,9864333076
2,8206102274	-2,8927789113
-0,4634670515	0,8282074826
4,3937370534	3,3929810431
4,0565831569	3,4613967797
4,4660116589	2,5473609217
2,1154692300	-3,3975282051
-0,2090243481	0,6218645450
3,0671058912	-2,8922960959
4,0449663034	3,6536316615
-0,8663878842	-0,4177371390
0,3032987488	0,5006963339
4,1869186591	3,5625192294
-0,7322690169	-0,3860646718
3,1341757435	-3,3989454112
3,2312581672	2,7917142423
2,6177759116	-2,8860002114
4,4907980057	3,2889817282
-0,1585377559	0,1703161694
2,8794267884	-3,4617492194
4,1246677211	2,3894789810
4,5889120161	3,1797571651
-0,4332110405	-0,0980258759
2,4977959457	-3,6919107168
0,3293057053	-0,5291216541
3,6740710752	-2,7914614632
-0,1992363799	-0,4825985495
3,3945741078	-3,2006816391
-0,4510049257	-0,5414928415
3,2315464155	-2,8150189783
2,3730726620	-2,6753085088
2,6514312162	-3,1647547182
3,1086138764	-3,0353241601
4,7145633190	1,7721078725
3,5625036508	3,0563811031
3,7877742259	2,7255263370
0,4129307143	-0,2297913791
2,8124671605	-3,4967755817
0,2155875089	-0,2978111153
2,4352956706	-2,9925533979
-0,2009104160	0,1735954285
0,1711374911	-0,4171891481
2,3262131190	-2,4972093460
3,0524431823	-3,4060396419
-0,3456311464	0,1745491469
4,1152693169	2,9027920816
3,2227393699	-2,8837418043
-0,6753247237	0,0736040390
4,1992309624	2,6761167893
2,7146779914	-2,2563713181
3,0318645840	-2,8233074161
4,5410993272	2,9681071541
0,8471846294	-0,2771290837
4,4692710430	3,1296287245
2,7108778179	-2,9028306883
3,5186509630	2,1710749892
0,0936036491	0,1818622989
4,2969928243	3,5199533360
3,9230072971	2,8746371534
4,0461890001	3,2178740567
4,3052930338	2,7720438470
2,7787708680	-3,4489498418
3,0055918107	-3,6044369315
2,4523681177	-3,1612302585
2,8118128349	-2,9006882203
2,6156440127	-3,1855591014
0,1425550142	-0,6465366427
-0,4056162267	-0,2646484953
0,3699072566	0,2344694458
3,2226410085	-3,0545860895
3,0052515562	-2,8199061706
-0,4818932225	1,0653721668
-0,4753907672	-0,1173496877
3,7415914090	2,4342827142
2,6379866238	-2,2204217038
-0,3030036625	0,1920341091
-0,0402842632	0,0400211735
3,0478090913	-2,7873812862
-0,8219820554	-0,4465080779
3,6658680576	2,7084933681
0,0599195630	-0,0965960078
3,5443239029	3,7764733092
0,0890229101	-0,2536474943
2,9157485699	-3,1034090582
2,7538234294	-3,1761345822
2,7670281016	-3,2550485140
4,2079191653	3,4507613875
0,7537739051	-0,5794727087
-0,0351733699	-0,6537897859
3,3378961205	-2,9199863049
2,7601180091	-2,4929404488
2,6659105962	-2,0212990889
4,3595053247	1,8148726188
3,9102451807	2,8579006207
4,1093718001	3,0331378481
2,7122573830	-3,2122369451
3,4013316650	-2,3445671360
3,8534725612	-2,5668328304
4,2628647790	3,6046248351
0,0290174789	0,0466873888
2,6013716702	-2,5597572098
3,2311480279	-3,8438616182
4,4049365381	3,3287447662
3,0976058697	-3,4032266626
3,8737566443	3,2932649094
2,3041274140	-3,3037336432
0,0660748316	0,4214444290
-0,1936004105	-0,0367398911
2,9256329374	-3,3214953822
-0,0170341615	0,0499040169
3,6254028818	-3,3647270227
0,0865468739	0,8884543023
4,5269108868	2,6141592899
4,2054299035	2,8333364818
3,7352705506	2,9731789985
-0,1214881885	0,0173543142
3,7111283573	2,7409561109
2,8787365382	-2,7994762331
4,2737284175	2,9180628500
3,4774837535	2,7778981280
0,3966134714	-0,1565231771
3,3031803588	-2,5395206288
3,6701237921	2,9901912104
3,9880318174	3,2022420363
-0,0433292461	0,4206630099
0,1512909190	-0,2002869938
2,9579317421	-2,9106676486
3,7968589077	-2,9662139580
-0,3244481356	-0,3083455015
2,6548841162	-2,4020629004
-0,3251679656	0,3351440428
-0,6745105750	0,2390309953
-0,1069852249	-0,4115788792
3,8401114587	3,2027378252
3,8979758295	3,5870437811
4,5863319827	2,7834234057
3,1619743911	-3,7838951421
4,1951701137	2,5429114665
3,5565286167	-2,5511892483
0,0934906335	0,0618812254
0,7106414706	-0,2269084001
3,7355155584	2,7733347968
-0,4080878178	-0,2161379969
3,5938581812	2,8689405908
0,1280405516	0,5112926950
0,1759265028	0,3327203591
-0,7529638028	0,4710899742
3,8846022740	3,3364534568
0,3089265410	-1,1067044051
2,6938526679	-3,2833486550
-0,0769623090	1,1007371533
2,8300755823	-2,6895900382
-0,2576503307	0,1619731861
3,6029474444	-2,7773776151
0,5790196401	-0,6336169088
3,4889132101	3,2824761006
0,0009447104	0,1836108622
3,5361846335	2,5284934623
3,9568470596	2,8869271337
0,2863425562	0,7161109292
2,3993813640	-3,2006556304
4,4365130095	2,8871305250
2,8455038315	-2,0130249187
2,9108077068	-2,9144870025
4,0250154040	2,0092522217
4,0965281766	2,4464418783
0,1889190665	-0,5789698805
3,0281900164	-3,2501578492
3,9660472625	2,5950381522
4,6258278148	3,0697946236
0,3027945680	-0,1082886913
3,4884620823	3,2623064630
-0,1230386051	-0,0307918589
3,2288038163	-2,8136830081
3,8540991738	3,3797431513
2,7520941361	-2,5150042733
2,8970021245	-2,8038953361
0,2275087431	-0,0487695295
3,0980392040	-2,3715388172
4,2865126344	2,8160685878
0,5982774721	0,3727927234
2,2002793744	-2,7446259771
3,3332408280	-2,7905923906
0,2883278799	0,3906504393
2,5023627864	-3,0676219668
3,2727758686	-2,4789099736
0,2889407168	0,0618443200
0,0791402643	-0,2279798835
3,3831924257	-3,1970562803
4,6379637367	3,0138469226
4,0406505345	-3,3094887369
0,1736138116	0,2927454387
0,4555436516	0,5702639925
0,5284081867	-0,7756702539
4,3596811990	2,8253872640
4,0213510673	3,3896555278
2,5980247839	-3,1580294259
3,4865817002	-2,5054433465
-0,1613016551	0,1855329731
3,2952298603	3,6298244124
-0,5197903155	-0,6894781700
-0,7664527134	-0,4157671880
2,7262965876	-2,5214115493
0,1208039187	0,4914223441
-0,1794226898	-0,5207075180
4,2268857694	2,8816853104
2,6808709089	-2,6468370627
3,4415724594	2,3616975335
2,8463193065	-3,2797360164
0,5965052620	-0,1158553715
4,5112570373	2,6550016562
0,1037740697	-0,4431860733
4,0519962237	3,1644857012
-0,0528174021	-0,2684960219
0,2563642665	0,1472904068
3,2530980218	3,1472024210
3,4645204986	-2,4815946615
3,2951838492	-3,5477195431
4,1767184991	3,1475467346
0,3087466735	-0,2333088813
4,5254073912	3,7142970550
-0,4961793757	-0,1610335146
0,1337999538	0,5019888324
3,1946085882	-3,1900484323
3,2066630183	-3,5744638414
3,6247709190	3,5561414551
0,1625373445	0,2195399474
3,9170712168	3,9763031467
2,5368327543	-2,8166416177
4,0824416715	2,6628698031
4,3431594831	2,7325023216
3,4591823100	2,6946923912
0,3736319621	0,4094825290
2,6627317775	-3,2594964528
0,0551501669	-0,5289520848
-0,5066911128	0,7286696091
0,4889223868	0,4745966003
2,5566081954	-2,8950500998
-0,3228053503	-0,0315315389
3,5331723620	-2,4977643193
0,3673487384	0,5184180777
-0,4351127006	0,1563058536
4,5528191188	3,0557534275
3,0273655350	-3,0412817306
3,2973793954	3,3780936484
3,6402127353	2,9170527475
3,3554372600	2,8609368686
2,7931913512	-2,8403894122
0,1207922877	0,0483789978
4,0944987402	3,0235245111
0,8086884969	0,0626827542
4,0755050275	3,4305021309
3,7875413929	2,6686234431
2,1486219469	-2,5403412497
3,8886352307	3,2863772564
3,5911824428	-2,9008713878
-0,2828144961	0,2066142073
3,8880780249	3,6575384585
3,2040164409	-2,8688904061
4,4343738958	2,5579793503
3,6165148990	3,0373244908
2,8452743111	-2,5845087120
3,5160364707	-3,3544405206
0,5171607796	-0,3119818920
4,1104845793	3,3791393327
4,1314862465	2,2873742078
0,6423029000	0,4150565308
0,1156856899	0,2707626364
0,0176819763	0,1084277163
2,8180818779	-2,6429154353
0,0733079078	0,0194320801
0,1264622694	-0,0499883923
3,8821141291	2,8111858153
2,9025269072	-3,4517180437
4,1051986472	3,3873388747
4,2380392639	3,0034063178
4,4815766058	2,8482584068
3,2205627014	3,2404845742
3,4844884543	-2,6982252467
4,1763491794	2,8329973867
-0,2966817909	-0,2326242147
2,1268827959	-3,6418133206
0,1518176586	0,0320852425
-0,3156056491	0,0335045778
3,0894600835	-1,6988311321
0,2603525398	0,0120651651
2,8245599230	-2,5056438806
3,2497793308	-2,7028884238
3,6670063519	-2,4370662045
0,6420269221	-0,2095728215
2,2153641971	-2,7644229103
2,9598338279	-3,0528299270
4,5248081147	3,5615582518
0,3220415915	-0,0152554573
-0,0787961075	-0,2439423899
3,5185976021	-2,7514967220
-0,1370658521	-0,3734580614
0,0190826250	-0,2755971447
3,1693437640	-2,8229449478
-0,1952986868	0,3646430327
3,7370486719	2,9766323634
-0,7212014398	-0,8383783941
3,3538683561	-3,7633781895
3,9714314141	2,7447437964
-0,1852076917	0,0419378208
3,9484710799	3,6109748929
3,6756362865	3,2053195492
0,2465453937	0,1449312129
4,3975769936	3,1022371967
4,3622098415	3,4391784938
-0,3525194556	-0,0850602102
0,0978273261	0,2206015875
-0,2548494885	0,3663130669
3,2915012769	-3,2743565807
3,2167673040	-2,8318445873
3,4350016044	3,3937196612
3,2977730164	2,9994320570
-0,2042505141	-0,2345994264
2,3371707372	-3,0641917943
-0,5708390965	-0,6544039411
4,1498369518	2,9120092594
3,9341631317	2,9380771305
3,7246439522	3,3794979286
3,8531624307	2,7771742523
3,5721132238	-3,9049669822
2,7005589482	-2,8534489494
2,7092731247	-3,2685675485
3,1769149725	-3,0454641608
-0,3277196655	0,0044656031
2,9825324923	-3,2227349364
3,7526217334	2,0895413776
0,0755131171	0,5381809572
-0,1038876874	0,8205079972
2,8386450854	-3,6695155225
4,1271712910	2,8927832661
2,5482355984	-3,4059953778
0,0393860909	0,1278284831
-0,3104302210	-0,0204585062
2,8836122313	-2,9597959490
-0,8993806371	0,0864649653
4,0918208754	3,1778313653
0,6861879052	-0,5078878845
2,9468814804	-3,2159455181
3,4151616837	-2,9135326938
0,0192516173	0,1944107376
3,0030498231	-3,2186602247
-0,0845167209	0,5792948210
2,8240994643	-2,4996714522
2,3477337642	-3,3905645604
0,7912053760	1,0976318240
3,9184144086	2,7425638655
2,8490519007	-3,1888371057
-0,4287638600	0,4382138574
2,9261489722	-2,8551921540
0,5649638550	0,4352985629
-0,5598775479	-0,6424105346
-0,5031502849	0,6179834706
4,1506456405	3,1234705821
4,3755374948	2,6634196132
0,0743548394	1,0171321557
-0,3932432407	0,4525060023
0,3589933902	-0,0940330460
3,7117003227	3,6342020645
3,8952577973	3,3021624972
2,9437508669	-3,5677077771
-0,1381860206	-0,2655001756
-0,0884043525	-0,3281662048
-0,4802622358	0,1910989354
3,4934684109	-3,6791234839
3,2588483705	-2,8051842052
0,3421723946	-0,2434958450
3,3260465858	-2,9740789126
3,5137219147	-2,8547931021
-0,3214943011	-0,6919661712
0,0929441184	0,4101257404
2,5909611374	-3,4889496706
-0,4607216174	-0,0204666949
4,2543497850	2,7311595929
0,6709720295	-0,0411731361
3,0857251127	-3,5085054179
2,9127556750	-2,2789398464
4,5641631778	2,5591677378
-0,0927440510	-0,1094724320
0,1181951828	0,1965253258
-0,1905764275	-0,0351929665
3,8753712480	2,7406586490
4,0026207428	2,8137087242
4,2387394248	2,7719316856
3,0097745153	-2,6844108970
3,3204009913	-2,4188322339
4,7062648603	2,6455026206
3,6179488694	2,7302928091
3,8351682970	3,6482021785
3,3618187503	3,3249774159
2,6081341007	-2,6669671160
0,2432041156	0,4372336134
2,7560878247	-2,1659081485
2,8773320046	-2,6662961999
3,7665644265	3,0539346336
3,5027078236	-2,5845743213
3,8103834299	3,3220521100
0,2032053414	-0,0061565772
3,7865970481	-3,1976849691
-0,3270720963	0,5042908453
0,2400887602	-0,0697175215
-0,4208681665	0,3301257807
2,5172182759	-2,7149735681
3,1759657278	-2,8210717425
4,2654194763	3,1678780212
3,7890005179	-3,0363322659
3,5124209217	3,2564041598
0,2477082310	0,5623780476
3,1918302716	-3,6014918968
3,7099690882	3,5418725017
-0,2705459734	0,8304157159
-0,6189499947	-0,8502867307
2,8231721984	-3,3814508869
-0,4001782667	0,4292182353
-0,0685790712	-0,8609772071
3,8704103558	2,1571247372
0,6117759306	0,7619860890
4,4763004831	3,1141558244
3,4922448309	-3,1729071061
3,9929262072	2,2786314861
3,8852346048	3,5994942415
2,3428476748	-2,8684124292
2,7453597338	-2,6844688290
4,1915858820	2,9695459118
3,6179570034	2,9873774135
3,7228084903	3,0161853018
3,8107407747	2,4605443263
3,3810971351	-3,2398114271
4,1319741406	2,2422042323
-0,1587252338	0,2555078593
2,6128187526	-2,6026441627
4,1494483112	3,1910595950
3,2139215984	-3,0776406062
2,7663543643	-3,6444747565
3,8038417490	3,0340928280
0,1864587139	-0,2460194307
4,3659582396	3,3741834450
3,3569495167	-2,9434498931
2,6427354722	-2,8306427652
3,3398156496	-2,5579725620
-0,2891171036	-0,0632817466
2,8378688622	-2,7732385007
3,0392926223	-2,8611584288
4,0493380058	3,6623539952
0,2796049757	0,3800163254
3,6522491699	-3,4986846352
0,0767088166	0,8187942315
3,2945042227	-3,3468212933
3,1381884187	-3,1143749376
-0,2979263481	-0,5614525308
3,3474193343	-3,6840090499
3,0515643556	-3,5156170442
2,8284719635	-3,2672754780
0,6914903869	0,0999536793
2,8478534364	-2,9173960254
2,0125452490	-3,6953745433
3,1371589264	-2,7298211415
2,8410948879	-2,5751975200
-0,2254012601	-0,4626170568
2,3032003521	-3,2176925262
0,0936182141	0,0661717211
2,8471077343	-2,7638422634
3,3652046085	2,9187556456
-0,1921427140	-0,3492668348
4,3215622999	2,5644835041
3,0717341689	-2,6462451535
2,4711565645	-2,5140655483
4,0906277939	3,9835701577
4,2940580712	3,6953408934
0,4814384268	-0,1112604219
4,3379214498	3,0936634403
-0,0774597784	-0,1000987872
-0,1103050623	-0,5277715470
-0,7018815038	-0,2727550911
3,1651555264	3,1665329148
3,2756764955	-3,1401508090
0,4184368758	0,3148437340
4,4018769928	2,5238185769
4,1107329927	3,0025534878
0,1078440927	-0,0295763477
3,7919742671	3,3163139511
4,0538524602	3,2225679696
4,1209162318	2,2811008782
2,4050345724	-3,3776069500
0,0369164437	-0,3286586285
0,1930636774	0,1596896600
3,0545452646	-2,7485578092
4,7825843025	1,9410633935
-0,1235841829	-0,1410047908
-0,7972984586	0,4272484621
-0,2451523043	-0,5986625698
-0,7868917464	-0,3295022514
2,0865867472	-3,7530973216
-0,1301388653	-0,0218359773
-0,2838431494	-0,1550450994
2,6631955531	-2,7282915667
-0,1799920537	-1,2183555733
4,2907798962	3,2139394584
2,6887407956	-3,1629466685
2,4539551594	-2,4621592140
-0,3720187218	-0,4105259611
3,9424979815	2,7980117407
0,1800140880	0,4508674113
3,1130635644	-2,6833337153
3,6922688711	2,2637902020
4,1995132358	-3,2273913261
2,9142930350	-2,5523343987
2,7940295798	-3,3556289387
3,0503133114	-3,0701596760
3,1828147983	-3,9177080332
3,0985831327	-2,7841080470
0,6801004111	0,5632091401
3,7911302970	3,0781824419
3,2936008101	2,5557495119
4,3482156959	3,0199577146
4,8242032721	3,2782140921
3,9730369584	2,5513047690
-0,0867680461	-0,0274067888
3,9406085233	3,0694772700
2,7093562690	-2,9567944764
-0,2364429711	-0,1932036600
-0,1122059319	0,7545241420
0,1736984226	-0,0741799744
2,2897183122	-2,2261102776
3,6678265358	-2,7854366737
0,0703524765	-0,1752382565
2,7870650993	-3,1253787646
4,3551739272	2,9973453517
3,1477762756	-3,5005512429
3,4058060210	-3,4667176218
0,2550423012	0,0569267749
2,5355994250	-3,1968996058
3,7459604020	3,8040465210
3,9622672299	3,0826864380
3,6453158413	2,5208047647
-0,0539589191	0,1371784331
0,1047909103	-0,6072100246
0,2420789135	0,2231759271
0,1508773495	0,0151121506
3,5417190387	3,6629639331
-0,1187984033	0,5208003004
-0,2818685660	-0,5871048892
2,9547192650	-3,2503446445
3,0747770954	-3,2956053694
4,2613118850	3,1896220821
4,2520146180	2,7581418681
4,1822840717	2,4134223694
4,4905843133	3,1381590068
0,0467886432	-0,1629406452
3,2207935412	-3,0554951260
3,5039978812	-3,2469140105
0,0789927815	-0,4299174673
3,3513704351	3,0676242359
4,4796676513	2,5617843482
2,9760298863	-3,3150464312
0,0317017557	0,6760944639
3,0121954586	-2,9356371566
3,3546521156	2,9602841756
4,3825940523	3,2005228689
4,2963626203	2,3792086554
3,1371272606	-2,4703154201
-0,5048439074	0,1972859890
3,4074400070	-2,8471429368
4,6920080886	3,3626075171
0,2457748406	0,7968526340
4,0146380883	2,6203033350
3,7184871645	3,1718484491
3,9506320556	3,1757957922
4,1224423647	3,0595112797
-0,1573680777	-0,1942946629
3,8751449986	3,0131113987
2,2555581291	-2,3181899853
2,6176126195	-3,1939991773
-0,3561828882	-0,3044907563
3,8619250223	3,5773687276
2,3159640918	-2,3305231619
-0,0686983646	0,4662168596
4,2177149132	3,3269598505
2,6765858357	-3,5964413841
2,6264820831	-2,4925657899
3,8516670405	3,5699882936
0,1097871341	0,3139930969
3,2998306122	-3,6074896730
3,5837706021	-3,1549203956
0,1706290071	-0,2130642202
3,7332589522	3,1838090061
3,3041854702	-3,0013301795
4,2040060660	3,5647435262
4,2120590921	3,6640566465
2,6379979387	-3,1828706231
3,8487401321	3,4661558000
3,9026660189	3,1047267754
-0,3084073068	-0,5348918015
3,7325955592	-3,3231533676
3,7158514666	-2,9828832313
3,4466615124	2,8357277141
0,1057374732	0,2301523938
2,6625005478	-2,9829000935
2,5275064288	-2,7832289231
2,9240953516	-2,9448920474
-0,0166349157	0,4071119984
3,6345626319	1,8283831704
3,4458170115	3,2898086278
3,4047707735	3,0171806846
0,3745414370	0,4621285635
-1,1677407596	0,0220883634
3,9305364258	2,7497468918
2,7152241439	-2,7594001953
0,1451731099	0,2538029320
0,1312607857	-0,1315784152
2,7621039992	-2,7917687419
3,6156515400	-2,7503048552
3,9368585711	3,4130575862
3,4021885151	-3,0201913428
2,7069476405	-2,4298846043
-0,0314477646	0,2160756311
3,7311686991	-3,6958794142
3,3419962927	-2,9840268736
2,9439501881	-2,9823259382
4,4225101000	2,7403167857
2,3063692882	-3,3527660368
-0,0304374684	0,1589444383
4,6186124936	3,0069538732
2,4000030022	-2,6851070886
2,3624250991	-2,9454020834
3,2585772352	-3,0168475281
4,2151706560	2,7764365861
0,3016667175	0,3796086834
3,0608427238	-2,7871451440
3,3589965906	-3,3142162551
2,9115042151	-2,6432577438
4,5857926127	2,4958752211
3,6383183998	3,2352171004
-0,1167505422	-0,1073357675
3,9073858096	3,0087193190
3,1814401383	2,8934682418
3,9265728175	2,8790000317
3,2561087823	-3,0711143897
2,5445195721	-3,0933765136
-0,4384155375	-0,0558121536
3,0617628632	-3,1487463917
4,2642546988	3,7840970073
3,3278047216	-3,0152092124
4,0881859056	2,9042421969
0,2375907035	-0,5685013993
3,4235233051	-3,1408011140
0,4224668868	0,6340742685
4,1585069722	3,0653963668
3,9677900208	3,1398069081
3,0230413721	-3,0612594909
0,1408724343	0,1429923619
3,5609521382	-2,7742121328
0,4407263584	-0,5706678781
3,8848683746	2,8626993757
4,0884311666	3,3241099517
3,0118995060	-3,8615206679
-0,2832404608	0,6451112065
2,5880774542	-3,1745576630
2,5021086304	-1,7240896748
-0,1863314581	-0,4116649672
3,4996940988	2,7582551684
-0,2368881052	-0,5152767633
0,3278005310	-0,4787976712
3,7650024122	3,4592703171
2,7550891087	-3,0679131012
3,7315308728	3,5244943719
0,3954150915	-0,0506851791
-0,5036136712	0,1456203042
0,1094873500	0,1636866663
4,0751401513	3,6922646289
3,6913894217	2,4492514169
4,6130757180	2,8056360840
-0,1725253449	-0,5486141565
3,8812490690	2,8887998234
3,4482742358	3,0788278087
4,0227662759	2,4654922411
2,6622180231	-3,3994200550
3,8809763974	2,9357216104
3,1650585913	-3,5412539816
3,1171936623	2,8777122269
3,8259727791	2,7031224105
3,1334375923	-3,2759456457
0,5007127570	0,0598167406
2,8325390871	-2,7393547688
4,0715517210	3,3592744233
3,7734477519	2,1679841225
-0,2851441579	-0,0982284892
-0,3053738417	-0,3258791192
3,9271091950	2,3261647483
-0,2615088153	-0,0507935580
3,0888893262	-2,5186930066
3,4812753138	-3,0953410960
0,4856546678	-0,2359743356
3,4255440835	-2,7902644082
0,5297774545	-0,4489858902
2,0290696883	-2,5749709944
3,1812688303	-2,4464027366
0,0200270402	0,1369246041
-0,6278478900	-0,1893464824
3,3046345402	3,3235019031
0,1456930718	0,5350080290
3,8201795386	2,6501931192
3,1253386051	-3,0013641029
2,8022425087	-3,7895524011
-0,3876197702	-0,8435002806
-0,0266991696	-0,1524647356
3,7302255158	-2,8482416477
-0,5485770188	0,0834188467
-0,2565582663	-0,0500011173
0,0951267543	0,3236537641
2,4972433429	-2,3366782305
-0,0574054167	-0,4084807855
4,7649030408	2,4806857786
3,3711732133	3,3037875626
3,7632740361	3,2480894200
4,2400085736	3,6156992136
3,4965279512	3,3431002266
4,1018183663	2,6330867253
0,2253480219	-0,7390906531
4,2187230165	2,9912091035
0,3016371985	0,8200508153
-0,4151514735	0,0366326236
3,3375028116	2,8455050806
0,0456947912	0,2325626504
2,6443654508	-3,4532884240
0,2911360660	-0,5525353461
-0,0973663649	0,3040502541
4,4186995513	3,3362314222
3,1452627042	-2,1241026790
2,6883478788	-1,7387254579
3,0875909493	-2,7195407234
2,5205536422	-3,2364925692
3,5004346969	-3,3267105213
4,4196756345	3,2746374531
2,6794648853	-3,5469447246
3,2879031916	-3,2712679717
5,0914129261	2,9370895861
4,1495437301	3,2867350251
3,2169369566	2,6816240643
2,4991549037	-2,6500581986
4,4653249619	2,6799736341
-0,1955543184	0,5500558640
3,7702998267	2,1672187908
3,9368670099	3,5673751114
-0,5617946435	-0,2791815341
0,2484184137	-0,0439424774
3,9111194717	3,3999818102
2,9833277339	-3,0529638996
3,3195280237	-3,2678366746
3,3278261079	-2,7579386159
2,9647263878	-2,3559159841
2,1890575966	-3,3926020091
4,1128699494	2,8360220493
0,1639789637	-0,0196332075
4,7759959250	2,4447346857
0,6473582917	0,0647806449
3,9440991938	3,5063185395
0,5099683666	-0,1926503965
2,8131880512	-3,4499940936
3,1411050984	2,9162020490
2,9624549928	-3,0734250566
4,1802629601	2,5981678585
-0,6536897837	-0,1245076130
0,1914298074	0,2629606732
3,1281921762	-3,2273366415
3,0811679549	-2,8823457249
-0,0959320730	0,1644555676
-0,2480929107	-0,6371731186
3,9646478785	3,5567751431
0,1229279724	-0,3403954674
0,2755912126	-0,1356922256
4,3799404643	2,6465062045
3,2117284321	-2,6937742679
4,3957259739	2,6845045379
-0,3850905047	0,0206272940
3,7980925807	2,2721168160
3,3116731517	-3,2520613067
3,9659878789	2,8257358411
0,2398649223	-0,1023568933
4,5436383763	2,6667715268
2,9766920418	-3,1788160401
4,0808930162	3,1686612822
3,6470990032	2,9026148178
-0,4727565319	0,2494352986
2,9789437074	-3,1825491213
3,9159990082	2,2432399445
4,1160627760	3,1447584731
3,0882805501	-2,8357293959
2,6450941112	-2,0816707573
0,4482406974	0,2094963378
0,4348837709	-0,1950540168
-0,4300671382	0,1508862904
4,0796560684	2,8080044901
3,6262977368	3,7198655940
3,5667564710	2,7083976054
3,1843790536	-3,1886164499
4,4764006810	3,3256546029
-0,2055954850	-0,0482569732
3,9510101122	3,4551566982
2,5745109021	-2,5580081562
3,6809631533	2,8281573549
4,2562802512	3,4488419869
2,7527715862	-2,9098739621
0,1184421158	-0,5829652782
4,2390361450	3,2835818599
0,3370628587	-1,0368254832
0,0277058549	0,2659057149
-0,4415987166	-0,3722168709
2,5962183765	-4,1446749415
3,7764610602	2,9054103563
-0,2222084470	-0,1667127428
-0,1585767879	-0,4997750538
3,4298447445	-3,0647874002
2,7562927101	-2,8865227176
-0,2292601576	-0,7933494672
3,7118445165	2,8141291933
3,1909268222	-3,1631120155
-0,2563757643	0,3433590803
0,3789700164	-0,6222074017
4,2295666391	3,3148482184
3,0239803695	2,5303132197
3,8180094918	2,8214605066
3,1879439549	-2,7553087762
-0,0199909741	-0,8529467260
3,4163125599	2,5610005824
0,1023128780	0,8103028159
4,2611664497	3,5552893219
3,8232642069	2,8645015575
3,3480155736	2,2636692930
4,3226896195	3,2729065383
-0,5931459961	0,0608646206
0,6064947403	-0,1868481928
0,0191436755	-0,1340290278
0,6490753324	0,6411956353
-0,5775632140	-0,7871783082
3,2352846176	3,3933875747
0,5413718014	0,2020713978
0,2160829260	-0,2557673849
2,6731354858	-2,6240266673
4,4967430508	3,2658950549
0,1800911611	0,0730318809
0,5035991453	0,3477365781
0,0323095251	-0,0248002001
3,6307299882	2,7329154057
4,5813799311	3,7768787027
2,3905508399	-2,5268011631
3,0502506433	-2,4295429517
2,4744791674	-2,6099345929
0,0148129840	-0,5192143200
2,8156234920	-2,9001032086
4,4067047704	3,0362984856
4,2867814209	3,0905374061
3,8609325383	3,5513172592
3,2036889975	-3,3825980652
4,4258784989	3,4985397514
0,2338100896	0,0190074174
2,8279977937	-2,7553701507
3,6100581507	2,8463648175
-0,3605821307	0,1988224371
2,7025762047	-3,5911199456
4,5369281078	3,0056876011
4,8819339196	2,7734979802
4,3505698695	2,7180242446
0,1380177223	-0,3982664946
5,3266219870	3,6454271312
-0,0065020828	0,5141523590
2,8915575010	-2,9908783940
0,2834145737	0,1344013456
3,2423556410	-3,3275035866
-0,1893281064	0,6708099495
-0,3802993931	0,1648371632
4,4947375489	3,1484232063
3,3273821279	2,9367463308
2,3235242906	-3,0122801999
4,5586595531	2,3768454318
3,5360997202	-2,7798152867
0,6336432772	0,4171794281
3,4923063176	-3,1030367101
-0,1541542753	0,0187033145
4,4268929180	3,3882932107
3,3713590032	-3,2942084163
4,5648247083	2,7616200353
3,4964647502	-3,4461795889
3,4412837455	-2,9431688200
3,7638311213	2,7001315826
0,0262340000	-0,3591960030
0,6191696158	-0,1403687663
0,1019692040	-0,5403529138
2,7008053208	-2,6105197387
-0,0929678619	-0,1762380347
3,9076724894	2,9323974805
2,5541294713	-3,2176124593
4,4772203195	2,8065841047
3,5769410112	-3,3095088658
4,2208018484	3,6840204912
3,1530362425	-3,2867574363
2,8107785009	-3,2829748910
4,0136075602	3,2132271084
4,1951597920	3,7943750206
0,1951647866	-0,6802853937
3,3444710890	-3,9016909626
-0,4386996686	0,6923465035
3,6505399120	-2,7217876822
3,9222557216	2,8798561000
3,0337982991	-3,5354993546
0,4117411872	0,0377964999
3,9750667647	3,1029221335
0,3698637036	0,1054648854
3,1416467801	-3,1276713079
2,5232200038	-1,5402523950
-0,1337280085	-0,4633474289
2,6523753893	-2,4500429894
2,8822405043	-2,6333869530
4,0556444580	2,4960651301
3,9914811866	3,3685450466
4,1644964826	3,2389580735
3,3496059444	-2,7193701620
2,6892659699	-2,6325038336
3,5094621736	2,8849603491
4,2622396662	2,7350018873
-0,1554254733	-0,5550423003
3,8225953533	3,2260414954
4,4738753606	3,3776069891
2,9654279506	-3,6672010130
3,5059195603	-2,3221685292
5,0306480242	2,8763240165
2,1797211848	-2,4564020795
0,0776712220	-0,2051299883
4,2541621541	3,1597286036
3,8104392010	3,5710632070
0,0474488380	-0,0308675626
2,8399495923	-3,4271730361
4,2539234522	2,8599949471
-0,3873770253	-0,1377847920
0,6110819365	0,6721394845
3,6719851628	2,6418718759
3,9991450089	2,8912953929
4,4860093145	2,8279399382
0,4123032950	0,9127746457
4,1196693426	3,1024595080
2,9785418042	-3,1730880371
0,6167920944	-0,4126357308
3,4022224963	2,6368369491
4,0485033457	4,1007728819
3,3655515196	-2,5062311437
3,2269333213	-3,4019433148
2,9088059612	-3,5088952076
4,2130044200	3,2779503323
4,5876510369	3,0919835571
3,9790994221	3,4436280284
-0,1484363250	-1,0142415264
-0,1058862792	-0,0988596083
3,6918023287	2,3249843813
0,7484747870	0,0363209739
0,0903945315	0,4018489992
3,0824026694	-3,1231377827
0,8862722786	-0,2505809525
0,0237080021	0,4053138886
0,4403217331	0,6503912724
-0,3616668456	0,0042871496
-0,1693859698	-0,2747950953
3,4394061292	-3,1611450499
3,7579737683	2,9915889113
-0,0168948034	-0,1760126153
3,6662267026	3,7924614226
4,5147193365	3,0324183992
2,4786797267	-2,6485444115
-0,3567510712	-0,2673374222
0,0956475733	0,0594162573
2,7942806227	-3,4617417557
0,1826633020	-0,4370941415
2,5017471848	-3,1573426586
2,5337108293	-2,7024879155
3,6577717551	4,0302474644
2,7907647725	-2,8296480374
4,2214392313	2,5366790250
2,6909030490	-3,3182668034
2,7074659231	-3,3361291694
-0,0827181151	-0,4209148421
4,2403777829	2,8097176009
3,6993551161	-2,9441444527
3,4189728426	-3,3880295672
3,7778330577	-2,6120122975
0,2170886666	0,6633602654
0,2076387404	0,6450250636
3,9891958747	2,6909960706
-0,1148633466	0,1333595820
2,9135780697	-3,0589919055
-1,0269494832	-0,7254340884
-0,0413854169	-0,0263280532
0,3869459999	0,0830897919
2,3382055670	-2,4658781668
0,1362774735	0,1490948884
0,0473135447	0,2876508720
4,1669241143	3,1902637702
3,5612648346	2,8623287163
-0,3526481970	-0,4105030401
4,2158422194	2,7514552313
-0,0028987026	-0,6065009007
2,6594515039	-2,7220421669
3,2220594941	-3,0471037832
4,4497095485	3,1814507581
0,9043175994	-0,4077639234
0,2375968233	-0,4486858761
3,4304145315	2,5719806174
-0,0178263826	-0,3808831169
-0,5728659939	0,1961773062
4,1563467137	3,2917093077
-0,1967718755	0,0025023243
3,7620423915	3,1089230193
0,6921670823	0,3480416067
-0,8557414825	0,1460376165
4,1357147386	2,6815279223
2,6776870074	-3,2760761620
0,5456933298	-0,4025409119
-0,4554895457	-0,2501847794
3,7077365000	2,0637166409
3,2581894531	-3,0366648341
3,4705892713	-3,0423793633
4,6058698689	2,8897390596
2,6959504774	-2,4837294268
-0,3068634060	-0,1441041263
3,1086492549	-2,9104282972
-0,3632312617	-0,4470940283
3,7630217044	2,8225836270
3,4393337282	2,9095373871
-0,7182879582	0,0931922456
3,4252256662	-3,9039568507
4,1273164937	3,1738888095
2,5011826042	-3,3208002513
2,8103788163	-2,6463519695
4,0573237724	3,5662647312
3,1174823693	-2,9918449058
4,2280342014	3,6646199027
0,0031232439	-0,2307548924
3,3410099288	-3,3712433081
3,2631442861	-3,5856237877
0,5373627158	-0,0754972156
3,2044613929	3,4353477485
3,5579733660	3,2780613996
-0,2957960883	-0,1696141526
3,9031917425	3,2528008620
4,1063519115	3,1427134464
3,0203060146	-3,2111526094
3,7726554255	3,3901613603
0,4218613297	-0,5300653603
4,4239461904	1,9066868584
4,2596293588	2,9121701709
-0,1900904504	-0,0776500442
3,5745439675	-3,3350958467
-0,2656766033	0,5048785142
3,9976782815	2,9916764267
-0,1927989659	0,5611525099
3,5011851477	2,9075533990
-0,2873139664	-0,0885298359
3,9958418674	3,3476588142
0,3591552607	-0,3423409388
3,6747340292	2,7478665170
3,1209310603	-3,5891206187
4,7733370795	3,3460664432
0,4012729485	-0,3214314916
3,2724126016	2,9809404737
2,1070736376	-2,8094947421
-0,2713430705	-0,4223396624
4,3971666550	3,4183315100
-0,1156426330	0,2068860128
0,2807255353	-0,2170594269
0,0337342339	-0,6924006980
3,5435053972	-2,8160759456
-0,0302861760	0,1701982668
2,2749347658	-3,0904053791
3,1327114709	-2,9554795547
-0,3272567776	-0,1455599061
3,3848111152	-3,0140293414
-0,5806904651	0,3421486186
4,2469862590	3,3072672092
3,1175434284	-3,2950153529
3,4319863089	-3,3790636577
3,4954755708	3,3212415233
3,1552638009	-2,9676821633
3,9295492111	3,1560211590
0,2801303610	0,2477692911
2,8571918537	-3,6564696684
0,0690390723	0,8368489630
4,7915847109	3,0532050228
4,5356290821	2,0322979989
4,0871007084	2,5956944722
2,5767227707	-2,8167226990
4,3628708838	3,1395287405
3,7867309394	3,0976631085
3,6933382131	-2,8213660188
0,3305324126	-0,1441189323
4,8124083691	3,7442087489
0,2881159941	-0,5404086494
3,2028222725	-3,2739488762
3,0278582074	-2,6778128094
2,7836081290	-2,7439012050
2,8906166581	-3,4272387239
3,3136630579	-2,9551170059
3,0173157103	-3,6069693546
-0,2019498283	-0,1031765039
-0,3697098963	-0,1037451856
0,7473701675	0,6164306625
3,2278967182	-3,6371248993
4,6249091741	2,8939220124
3,0873314565	-3,1097106877
4,0968376410	3,1359450563
2,9701907088	-3,0924179687
0,0207621429	0,3321184752
2,7922058320	-2,4498028924
-0,2773287365	0,2144456866
3,4188189773	-3,2799114316
2,8709769663	-3,2675230038
3,8701211200	3,1115248931
-0,4420109569	0,3576850676
-0,5965970003	0,3729538057
2,2743571094	-2,9883485823
2,9929788394	-3,4386803445
0,4460572822	-0,4716296617
3,3615566811	-2,2004422761
3,4002863259	3,0107679747
4,3935642768	3,0421013276
3,4157212061	-2,8319115781
-0,0048710701	0,1112414856
-0,1445197198	-0,4535431537
0,6397623197	-0,0024251153
3,0413301898	-2,9646011525
2,9109785389	-3,3828853408
3,2577049024	-2,7281515342
3,5158931719	-2,7401509398
3,6332155685	2,9215571722
4,3261263459	1,9111448984
3,5465080216	-3,1208415202
3,3187334000	-3,2153185461
4,4071900045	3,1277908293
4,1150895975	3,1217355638
3,1307920524	-3,1564923744
-0,1100833488	0,0671772664
0,6109500389	-0,0848322616
0,0110700891	0,0078034059
3,0903525168	2,8698374815
2,6335780099	-2,9829160783
2,8259735902	-3,0121975499
2,5505334585	-2,4892105477
0,2861697635	-0,0733713626
4,3186582000	2,9466027028
2,8148385236	-3,1208329547
-0,0943561045	-0,0025235527
3,9038564199	3,5592103081
3,5317669655	-3,3682415561
-0,3011179671	-0,2950119370
3,9338072981	3,0640538503
2,8680645492	-3,4096114126
3,8252239287	2,7265787689
-0,2848612032	-0,0499225935
2,7945380632	-3,1517299925
4,1792722468	3,0696382309
4,4056867281	2,5811770354
2,9101133282	-2,4283422666
0,2886099766	-0,1530884788
3,6919720804	2,4143417978
3,4760364269	-3,4515775590
3,6218357732	2,5786853996
0,4365243355	-0,3075550116
3,9684320287	3,4737829730
-0,3867223999	0,2785853735
3,9435285700	2,3972881805
0,2906195463	0,3570456702
0,0873253176	-0,4035427231
4,2873722388	2,5372587087
2,5171156002	-2,5329676962
3,6359991961	-2,7107448176
4,3580322311	3,5049604564
2,1848317401	-2,5260926366
0,3201909963	-0,1591949568
4,0155876149	3,0891859487
0,3540473313	-0,9168781679
-0,2002984981	0,0759122112
3,3063055149	-3,2001211197
0,3054156569	-0,2716075764
4,0392033547	3,1505869320
2,8321282129	-2,7506014476
3,6611276543	2,9929783245
2,9679025242	-2,6806319161
0,1371148425	-0,4766267672
3,3406386340	-2,6203910158
-0,4114506575	-0,1754379868
2,9185959512	-2,9153110484
4,4861890036	2,9699806329
4,5667786244	2,8787226671
2,9161759950	-2,9003487704
2,9362419868	-3,2293617075
2,9424127259	-2,0946761130
3,0860597998	-3,1501914878
3,5886242314	-3,0280320127
0,6336074123	-0,4682787304
3,5917082013	2,8997281833
4,3068318666	3,2673862897
3,9079037503	3,2696675110
2,2951253797	-3,5112551941
-0,1189567945	0,5430847505
3,3750635783	-3,0659197056
3,7083409887	2,6193757810
3,6785826244	3,0549894288
3,7125995074	3,1913683721
3,3220271685	2,8244663643
0,0976778352	0,2425355505
4,1860029474	3,7075917323
-0,0459673810	0,7065301638
0,0631566826	0,0538204724
3,6010280259	-2,7028961172
-0,2331382777	-0,4415980056
-0,1220573032	0,8961731047
3,7785310683	2,6973377887
4,4728686807	3,4144808182
-0,3968942929	-0,2123355460
4,9436742342	3,0806988647
3,3790806492	-4,1161526146
-0,0254961578	0,0645691449
4,0617931973	3,0088990948
-0,5577998833	-0,5565679449
-0,9394383552	0,1750620330
4,2525479711	2,8145618192
-0,1880923311	-0,0702157830
4,4743900682	2,9615012777
3,8845084403	-2,6765142508
2,9935408604	-3,2197070154
0,0281124616	-0,5998420876
0,1852933082	0,4693444814
0,2552253445	0,2287836389
3,7352594250	-3,4427649284
4,0248942260	3,2678160461
3,3691689805	-2,8095814634
2,9990146342	-3,2768476486
0,0070611169	-0,1814543473
3,6464399440	3,0802039882
-0,1038779973	0,0688986523
3,9017483099	2,7494284718
4,3683692518	2,1176912861
3,6862284586	3,2100704972
2,9579842922	-3,4069856992
0,3021036596	0,0930241943
-0,0733627535	-0,1611238532
3,6249677210	3,4144895572
3,9841561797	2,6111073625
-0,1080130309	-0,0828130715
0,2934656928	-0,3859301145
2,5049320580	-2,7317051072
4,2303877067	2,5246713936
3,3791043735	2,6101177779
2,5969005598	-2,8366256183
0,3720015472	0,2203079131
-0,5557414467	0,3819019634
0,1514971189	0,4232364341
-0,1185591357	-0,2903467763
-0,0464955467	0,7942437864
3,7762724792	-2,5582993688
4,1092664855	3,3603347629
-0,2926252509	-0,5163077472
3,0705835346	-3,2680059302
3,9419933322	2,8330845125
2,7358840197	-3,0415330208
3,0311186031	-3,2311327528
-0,1440745650	0,6672578110
3,6565598350	2,2831212504
4,2092861324	2,7838558713
4,2452406765	3,4046020574
4,1885119712	2,7933174750
2,6284498567	-3,3744156078
2,9582362037	-2,9521284107
3,9242851767	3,0206536336
4,5684122672	3,1956445389
2,8114934709	-2,8303595028
0,1417698363	-0,2653937330
-0,4265981426	0,1266522604
3,3736460768	-2,6396037565
3,7583229879	3,2788908118
3,2392489168	-3,5782773554
4,1626306284	3,0622116811
-0,7127878246	-0,0956298553
3,1490097565	-3,5789747492
3,4860390788	3,5147410511
3,0978111896	-2,9008986558
0,4586414833	-0,1465116711
2,2352007324	-2,9355975688
3,8059099702	3,2431976726
-0,0497593782	-0,1896040726
0,4936438679	-0,0291770204
-0,5191655625	0,4815434959
-0,4656361762	0,1885867658
2,6456602405	-3,4329817201
2,8670633565	-2,7483459019
4,2476205195	3,5935318865
3,7027336152	3,2621295913
4,2153370574	2,6594774791
3,6227286461	3,2889105702
-0,1452040614	-0,1533888245
3,9146015278	-3,2464222815
3,8440243927	2,6622733609
-0,6764636640	-0,4336835368
-0,3055881135	0,4547577647
2,5229146034	-2,5837650786
0,3232856154	0,5988521889
3,3826667119	-2,4378694675
3,8101274128	2,9282557203
2,9803648033	-3,0190348369
0,0091352243	-0,0406686469
2,7610870256	-2,7134575425
0,3736598920	-0,0550041220
4,4254998335	2,6584774151
4,0632759939	2,3993138097
-0,3023869323	-0,6175662855
2,8747291146	-2,5375686477
4,3217623308	2,5132618215
3,9603900653	2,9166305504
3,7153780153	2,6826022199
4,7972103232	2,6274723508
3,6174827714	3,9201630422
2,7118346480	-3,8639664558
-0,4208287259	-0,1872845474
2,6385354118	-2,4534748637
0,6036779458	-0,1976729097
-0,6575994138	-0,3376341698
4,1481907438	2,6825902048
3,6315326224	-3,7176353281
0,2400065802	-0,1244089242
3,6194933761	3,0976450334
3,6802562395	2,8332104084
0,3435064625	-0,2805744003
-0,5478415342	0,5713641476
3,6175579192	3,1420897845
1,8916490967	-2,3264107202
3,5064395157	-2,6148349280
5,1087407710	3,8751963883
0,2251605287	-0,1053149997
3,0224808354	-2,7885364481
3,2831059960	-3,6071505335
0,9100826203	-0,7177241281
0,4063851358	0,2938430327
3,3215689594	-2,4997895449
2,3449377831	-3,1360358002
0,2443198960	-0,8951926871
-0,0885845037	0,1299302297
2,6526395116	-3,1514291629
0,1438089291	-0,9846872755
0,3359684329	-0,4015399763
4,2431156074	2,6800472879
2,5168037803	-2,5256353548
3,6328964938	-3,5351885055
0,1686158965	-0,1296438397
4,1471168308	3,2867474084
2,8217724132	-2,5202110064
-0,2462882506	0,6679866576
3,9992338422	2,4079780470
0,1657134538	0,7312848973
3,6650662343	2,3879590420
4,5659104871	3,2464911664
3,8738127614	2,9769625090
3,7917797919	2,6409865720
2,6551927272	-3,2080690737
0,7610975152	-0,0937192611
-0,2300299797	0,5579390433
2,8112296662	-3,4217341781
2,8482561255	-2,8500516747
0,2279895101	0,7019141408
4,1112291939	2,6880411998
3,6104363172	-2,9229198220
3,0823449802	-3,1009491808
0,3583070578	0,1762406172
-0,3974414255	0,0002302691
0,4902726434	-1,4739379899
-0,6054238959	-0,2983120728
3,7072712495	2,2946118918
4,0687451695	2,6220724275
3,6210201822	2,7509776388
3,8321104840	3,1505978371
0,5924529294	-0,3396486717
5,0175750382	3,4208024509
3,0768586907	-2,5555812273
3,8054409768	3,3114602790
3,9916188244	3,2456520089
3,0095991328	-2,7155424877
3,5795483261	-3,3835979755
0,1736228775	-0,1321794295
0,3381156790	0,7369684863
3,5085399316	2,6605141607
0,3482173212	-0,3351941739
3,7993211697	3,2052773039
0,1698290852	0,3408582850
3,3112705775	-3,3725602384
3,4581212495	3,1051231560
-0,3607173988	0,0230273790
4,0724711166	3,3503606336
3,9633659215	3,3751768735
0,5227872205	-0,1013036741
3,4977666713	2,9092745800
4,2753545711	3,5449836647
3,8556728252	2,9605307340
3,9116788946	2,8843167813
-0,4501640689	-0,0702978908
2,7902974877	-3,1131284057
3,1165108686	-2,5416486003
4,5684258989	3,7923937114
2,8604570428	-3,4399602049
-0,1913035710	0,0267699893
0,3033635136	0,0514939365
3,9040788388	3,0341948867
0,0307718088	-0,1105457555
3,3790355404	-2,5001043299
4,4657541388	3,1672239377
3,5098175047	3,5172868228
3,0031786443	-2,4504743828
3,3661538155	3,0374843348
4,1707401215	3,1142534122
2,8062519504	-2,0448790311
3,8419887031	2,5908781545
3,7225592459	2,7819416759
0,1149623378	-0,4156069172
3,5080520751	2,6262147053
0,0029873624	-0,4103949407
3,6038435041	-2,9346946570
-0,0860318667	0,2194029320
0,6518054825	-0,1376647660
2,6396278076	-2,7751902167
3,6245805447	3,2447789212
3,9542586746	3,7626862026
3,9452743080	-3,1276149923
4,5632019283	3,0488472153
3,0332063664	-2,4425991303
2,6993927785	-2,6801465592
3,3888234973	-3,0100398051
3,5446756231	-3,0247326040
2,7938044381	-3,4820663060
3,0873735879	-3,4547275370
0,0867777722	0,2938206732
-0,0278972266	-0,6925638691
-0,3017103703	-0,1892470397
3,2070787801	-2,6921572174
0,3559649366	0,4034394387
3,3161345846	-2,4621572373
-0,1896540862	-0,2232659664
3,5286712113	-3,1091526759
3,9861772241	-3,4233721769
3,5026649794	-2,5744768372
4,1949964937	2,8334787215
3,9810233901	2,5453063712
3,1458592597	-2,9020571748
3,5109145748	-2,8082357455
0,3823484286	-0,1180806567
3,6755732550	2,9495272892
3,7990838637	3,5388686685
2,8930209682	-2,4266527380
-0,3302116901	0,2593444781
0,4310903179	-0,5341657878
3,5836340608	2,7202634838
4,4246461961	2,8600185745
-0,2639201645	-0,0337240729
2,8149075897	-2,8101842915
-0,3729539107	-0,7925196196
-0,2881734896	0,4906215828
4,5748459084	2,7731487506
4,1904550264	2,8545984631
4,3733685677	2,5573758088
3,5706759591	2,6909843521
3,7890310570	-2,7751470632
0,0396559315	-0,2233703317
0,2962275598	0,4788019227
2,7227636174	-2,9708453256
4,1417184685	2,2704031823
2,8845092131	-3,2463287451
3,8109504117	2,7781678947
4,2862736494	2,6177548534
0,0004282612	0,1425571209
2,4385788357	-2,8013335231
-0,6472433532	-0,7113256209
3,2105233056	-3,2569861095
0,4188372107	-0,5084383454
2,7699966883	-2,5654135279
3,4163953145	-3,0365151363
2,3205100034	-2,4873280272
4,0679912161	2,8262487954
3,5952334243	3,0083439409
-0,1847523333	0,0648814294
0,0301222873	-0,0206976478
0,1650566032	0,2688612756
2,3871137578	-1,7733669376
4,3161697603	2,9900807426
3,2716281958	-2,7271853469
4,0400640230	3,4518351804
3,2139168109	-3,3097280788
3,7601672124	-3,5344276857
3,1523382760	-2,4565474027
2,4139679900	-3,2098653036
0,4496310835	-0,5976058063
3,4440799382	3,3510169708
3,7629792972	3,4375112252
3,5174358076	3,3722503364
2,7100557248	-3,2636560112
3,3141892026	-3,6623033815
-0,0211196751	0,0183306980
0,1667797724	0,4312932588
-0,3701004331	-0,2319547588
2,9111805001	-3,1270650941
4,1068112821	3,0807518904
3,7316636788	3,0288362658
2,3905625862	-3,4324621198
3,7379396686	-2,6261657223
0,0030809874	0,2974859123
3,2196507968	-3,5928412377
2,7512675518	-3,2993053690
0,1756550092	0,1049567645
2,9842334553	-3,4620251379
3,0050136693	-3,2390812749
3,0336772814	-2,5992949878
3,0429121011	-2,9061569961
3,7329400444	-3,3400715726
3,8690514317	3,3757377284
3,5918353960	-3,6173360593
2,3066556409	-3,3335717895
2,8937451075	-2,5544154646
3,9123216082	-2,7890660496
2,5747155861	-2,5913815826
4,0300271940	3,7461987002
-0,4733649190	0,1524656033
2,7377486891	-2,9706870847
3,1413226944	-2,7087491279
4,0048989566	3,2915154206
0,3770873506	-0,1758109407
4,2021321866	3,3867431308
3,9355462055	2,7641486937
0,1718093683	0,3574010844
0,9353307837	0,5835098441
0,6545200792	-0,2411589446
0,2519336029	-0,2319618578
4,3558585664	3,3798406675
-0,2114405117	0,2341813121
3,9150103700	2,6551536158
3,2612193084	-3,6139117415
-0,2947965596	-0,0786350165
2,9551483897	-3,4803027262
3,7618845375	2,4745774066
-0,1407857879	0,6233666109
3,2668249199	-3,1300618777
0,4480535248	0,2074194733
0,4892308284	0,2004851941
4,7717545503	3,2690572770
4,1781415964	3,1550965121
-0,5633026650	0,0630222735
3,3970445151	3,6716036727
-0,1507046042	0,9471044251
4,0500270158	2,7143804951
3,2226830292	-3,4370764298
-0,5127827348	0,2490009654
4,3611896766	3,4802638199
-0,7590540669	0,2973482136
2,4997266651	-3,7808712597
-0,0896454278	-0,3721701455
3,3958686813	-2,2757001834
-0,0778102697	-0,1235647230
3,5941013278	3,1555147935
3,8215382840	2,6034355298
-0,6264295868	-0,1902231243
4,3647038741	2,9597165155
4,4459579729	2,9445590542
3,3250479504	-2,4481581056
0,0472346805	-0,0313064781
-0,4285196861	-0,4152349076
3,8262159142	2,4556141696
-0,5251544793	0,1852635741
2,7409995809	-2,9898254439
3,8654471758	2,6147004133
0,2587403872	0,0964256854
-0,4742903637	0,5502302428
3,5669639386	-2,3364248823
-0,3540450247	0,1733617665
3,2008465867	-3,6637405605
3,4207457558	3,0736590547
2,4025585104	-3,3316657898
4,4521064735	2,9796315604
0,2789150038	-0,5944108918
3,1424988861	-2,1577733538
3,9705621603	2,5997946260
2,7722592383	-2,6919305627
-0,5285147402	-0,2223302052
0,2025536419	-0,0477501554
3,6010673062	3,3999241286
0,2841070551	-0,3008988601
4,0552088913	3,8954955026
0,0217810844	0,0518372091
3,4004187517	2,9501682438
4,4361538876	2,5134112279
0,0428254265	0,1971856714
0,2010357072	0,1882943544
3,8942061685	2,4880029611
4,0652830485	3,0664923137
3,7226331250	-3,0227361515
0,1181432487	0,4927217247
4,2545436262	2,3849744541
2,6705121294	-3,2412638055
3,7421455529	2,9668305821
2,9380090044	-3,1791205413
3,4703940196	-3,2923740198
4,3821037790	2,9564112900
4,0417873289	3,1587839919
4,3147376895	3,1534414882
0,6143492859	-0,2761129561
4,0912491286	3,3393496419
-0,3121106699	-0,3244402301
3,3214409440	3,7382546486
3,0217475103	-3,4726221179
-0,1284903543	0,1573333795
3,9748564061	3,2811856468
4,4553150019	2,5385342601
4,3637511474	2,8128599760
4,4599262777	3,3478774212
-0,3043869235	0,2827859405
0,5581629190	-0,3137304051
3,3569360050	3,0538033434
4,3624794596	2,5416906009
0,9085121776	0,2694294849
3,8506512017	2,8887491116
4,4484338706	2,6384585050
3,4105129450	-3,6168361912
3,5460049295	-3,5285623471
3,4097019659	-3,8082772400
0,6542113242	0,0472266766
3,4871288478	2,9107567679
-0,0912549826	-0,1437999986
4,4094506248	2,9565884670
3,6927813396	3,2233664990
-0,4442796720	-0,4377870613
2,7777224526	-2,2899242350
4,0465790400	3,2200182446
3,5897980597	2,1228011524
0,0462002357	-0,3425181033
3,5399757139	-2,3826773878
2,2901002213	-3,2961630031
3,9958018177	2,7672280323
3,2099847173	-3,5975614024
3,9740244893	3,3134301271
0,2041756677	-0,2636508969
3,2393059179	-2,8690740989
3,3574364430	-2,6460070591
3,8653019401	2,5762349532
0,0408962124	-0,2002934670
3,3922469508	2,7617361699
0,4008305200	0,2921160048
3,3574585211	-2,2911788953
0,6048274946	-0,7253166016
3,8721026712	2,6904819793
-0,1059318050	-0,5109173475
-0,3134607902	0,1997307882
3,8347704167	2,5943239795
0,0584503751	-0,2341329285
0,4386311678	-0,1886727199
3,5688103121	-3,2819090462
4,2371346468	3,3673740380
3,4692403028	-3,4524245631
2,5733712369	-2,9257373914
4,3147864704	2,7135575250
0,1609414356	-0,1300936530
2,9057549188	-2,1363333481
0,3023062846	0,0121195681
3,0924100890	-3,5290299849
4,1240491797	2,4014708794
0,1249031755	0,0242285227
3,1138445983	-3,2810945127
0,0237836191	0,4585753171
2,8626274615	-3,2391730053
0,0821973034	-0,1625865807
4,1880527283	2,7247179638
3,2110340066	-3,3994917846
0,8069889726	-0,1500744473
0,2828181751	0,4020876320
3,5839725994	-3,2150914641
-0,0820234931	0,2829393114
4,2983505639	3,1460924564
3,6103547083	-3,1450588124
3,2788213451	-2,5113165893
4,0104538145	2,5692511455
0,2257078916	0,8363852151
4,5496998571	2,8761437634
0,6783156234	-0,2441966457
3,0440118350	-3,2277703615
2,2196276135	-2,9870147254
2,9916251558	-2,7987587948
-0,1073221389	0,1147813627
3,6164181580	2,6495194598
4,7311488814	3,4168320913
-0,3344386517	-0,0789843736
0,1316160198	-0,4877988930
3,1319339233	-3,1408061026
4,4725790208	3,5601494194
4,5575800083	2,2723999673
3,9791262309	2,7967339752
-0,0499451525	-0,1125634515
0,5857733134	-0,0090871455
4,7405537970	3,1792274866
3,7170938723	-3,7143080239
3,3439093083	-2,5294055942
4,0881760807	3,3592190977
-0,0485865733	0,3458874264
2,7806167220	-2,9353758793
0,1674454845	0,8182812114
0,5817215947	0,6073153637
0,0469970203	-0,6310910164
3,3494083565	-3,5691786763
4,4635719004	3,3043448671
0,0601067007	0,0961747786
4,7079889235	3,2827335398
2,6880530115	-3,5325796239
3,0314873862	-2,9528891984
4,1111788915	2,5938954871
-0,4520393366	0,3593656234
3,7143804011	-3,7186649689
4,1947035433	3,0711452196
3,8368124466	2,6756064809
3,5748283029	-2,4383284861
4,2313004552	3,0807975154
3,6114759244	3,4343569691
3,4783786691	3,0561943268
-0,0583296430	0,3072911688
2,6414557109	-3,0692425298
2,6703444897	-2,5813804086
0,0426493656	-0,4148283540
0,3505060778	-0,1339070751
0,1824650202	-0,3820568913
0,3973317120	-0,4601871500
3,5516437557	2,7928593506
0,1550822851	-0,2768046120
4,3170015752	2,6901252526
-0,6678032606	0,2716900336
0,6344769859	-0,0880317417
2,6964964161	-3,2133178114
-0,1685892013	0,1688525969
4,0176565925	2,4569354081
3,2745216082	-2,8398046300
2,6370854490	-2,8510937912
3,3836810778	-2,9508262981
2,2229684814	-2,9508070211
3,3696038525	-2,9040877380
4,0062434526	2,9485462791
-0,0623606045	-0,8422973194
3,0143403473	3,6850431454
3,3133643799	-3,0612038938
-0,1414639005	-0,2051638965
3,5140315581	3,5283811475
3,4512771850	2,8957470143
0,2690273110	0,3729119159
2,6395778032	-3,3208973763
3,4137941838	-2,9640242224
3,8421024613	3,1681902549
-0,4107245236	-0,3619669429
2,4754524315	-3,6809549973
4,1068306381	3,1189929748
4,3369598023	3,1270839548
3,4252361594	3,4890165634
2,9986686577	-2,9473209674
3,8074899837	3,2010992517
4,2417693504	2,7313699017
3,7630189246	3,3472088142
4,6632200687	2,6505644636
0,0553997605	-0,6895121365
3,8349353869	3,2027167903
-0,0554136575	0,3064174851
3,6867053649	2,9684134003
4,1762187829	2,6954571047
3,6614436213	2,6291112623
-0,0342739732	-0,1483120220
4,6125803599	3,8232434170
0,3541368732	-0,1703557911
3,2789426201	2,9387978328
2,7553295934	-2,7704590363
-0,6839167930	-0,7458740036
-0,2044429567	0,0612468181
3,8538881887	3,0359815560
3,7979205252	-2,7787968693
-0,3860662783	0,1082806318
2,5087045277	-2,7668155547
3,6148236583	3,2058264985
0,4333358898	0,1472655038
2,8328009151	-3,2456266038
3,9099711859	3,3193444494
0,5189450697	0,2932985755
2,3691565272	-2,8868366717
-0,3823695777	0,3946560195
2,6026666508	-2,8559261015
-0,2753465235	0,6607909420
3,8701401890	3,2133858472
-0,2687614796	-0,2239092110
-0,2038159658	0,1768485081
3,8241169123	3,0847402339
0,3724635155	0,2156357476
0,3294940584	0,0455685469
3,2949075262	-3,5112593599
3,5116691665	-3,4618085051
-0,2290681547	0,4799607024
3,9328324272	-2,9215372506
2,7786381465	-3,1066242593
4,8046489369	3,1553898649
3,6601695665	3,1749473638
2,7611883653	-2,6875069821
0,4220583791	-0,1956878807
2,9527129289	-2,7138296310
3,7372163913	2,9163046588
3,8099374164	2,9079093975
3,6038938574	-2,6334382664
-0,4268961267	0,2945328005
0,3022497917	0,2449120298
-0,2038171009	1,0537286562
-0,2605162256	0,0324429675
3,0285393743	-2,4384180693
-0,2257336277	-0,6585006809
4,7385723957	3,1564348637
4,2831850666	2,5837669784
3,0407280491	-2,5611628944
2,3918045896	-2,6136496740
-0,0063898652	0,3960366908
2,6593509404	-2,2878161712
0,7959572533	0,0806949085
-0,0969770954	0,3355365730
3,9761767456	2,6601415714
4,0075852701	3,2961282336
0,2019935306	0,0851096761
4,6129993031	3,0806163413
3,1375651401	-2,2304986186
2,5317298981	-3,1762023677
0,1771832214	0,2372643190
0,3620305484	0,0573431905
2,3793056245	-2,6048363683
3,3917670083	-3,6878464033
4,0981191468	2,2716126495
3,1794052693	2,4578789247
4,7809477218	2,9141404914
0,1941181206	0,5709636465
3,2113033504	2,3275512113
3,5402266544	-3,4011913558
2,7581286477	2,5892692165
-0,0621414216	1,4549490644
3,4494070492	2,7152835558
2,8213231747	-3,1171404951
4,1805626465	3,2673464341
0,7111996753	0,3340312759
3,1850585261	-2,9739770267
3,2010641488	2,6282846781
4,1529676450	3,2818451605
-0,4500895119	-0,2377364214
0,2176330240	-0,4528814697
-0,2029933890	0,5722705120
2,8886177995	-3,1882423110
2,8698606110	-3,1840320288
4,4044959004	2,6929696962
0,0190712684	-0,2650880591
2,8701637071	-2,0887073536
-0,4121393888	-0,2331814183
3,8099167518	-3,1400954938
4,3982662000	3,2172047518
3,2866146254	-3,0925797592
3,7188426381	3,0549118516
2,6063237968	-2,4450199000
2,4905328476	-2,5400134292
3,7820405752	3,0870997407
3,8720457617	-2,5814482880
2,4412801959	-3,1378816514
0,3841773732	0,0551308096
4,3131088299	2,8743791616
0,5641369261	0,9612296585
3,4056280829	-2,8520419952
2,5071323470	-2,8387439000
2,3269639847	-3,1184489639
0,4794418884	-0,2511714877
0,2791492002	0,2643580566
3,6112115476	-2,9254941188
4,0363564043	2,8094419807
4,3662706308	2,8204192651
3,0883405240	-3,1105962983
3,5347295553	3,6349177396
0,4384450205	-0,4684005243
0,1077462051	-1,3354591080
0,5220875773	-0,2340152665
4,4367906642	3,1525980758
4,0287636905	2,5981696889
4,0392095965	2,6187609047
4,5107007203	2,7065462713
3,0404310265	-3,2125547857
4,4635677264	3,4439673595
2,5316036253	-3,1471554591
2,8774522381	-3,6215018420
4,1776839748	2,5254024117
3,0394106075	-3,3532096433
0,3568142556	-0,1708505782
0,1813443044	-0,0064036131
4,0513717791	3,1847853074
-0,2715870309	0,1499340162
3,9302024845	3,2981619778
4,2964944158	-3,1966114545
0,1855906345	0,3780085113
0,3212197765	-0,0014232531
2,3364697311	-2,7117554446
3,9972566220	2,3444447006
2,9384632323	-3,0778406230
3,9593316829	3,0363582798
-0,2056589387	0,2739381466
0,9718915252	0,1503003483
4,1448262022	3,8288299049
-0,1256235503	-0,2539980348
2,9857272172	-2,4752875081
2,7058218588	-3,0782807588
3,7536999510	2,7890289023
3,3606144336	2,4645852891
0,4439774733	-0,2538103761
-0,2731954840	-0,2009676063
4,6134222988	3,2058589686
-0,3762125919	-0,4746652199
3,7559418983	-3,1114697685
3,4873255585	2,8961182872
0,1672942781	-0,0122981050
3,8889565335	3,0920381074
0,2432614403	0,5271812072
-0,3192860525	0,2077307324
2,9522070375	-2,9367587494
4,4600909481	2,7872535480
0,8521625298	-0,0263474408
-0,1220690797	0,1498737984
3,4361553139	-3,0328166356
4,7482253909	2,6999181912
0,3031578263	-0,6416469787
-0,3641700990	0,2522623943
0,2275288266	0,7511706335
2,2055256087	-3,6668162856
0,2171090102	-0,4731023136
2,9066962789	-3,8036288947
-0,1267966484	0,0434770345
3,3656441033	-3,3173375644
4,2018580936	2,6045845986
2,6738185598	-3,9274803725
2,3654297918	-3,3793002015
-0,3664718152	-0,0683482457
2,7163605135	-3,4059211582
4,5295368079	2,8677779109
3,0972682550	-2,5005814041
3,8570121974	3,0271393436
-0,5656726809	-0,4530648959
3,5821817066	-3,8378569060
-0,2860693343	-0,8087589892
4,5089186984	2,5697999475
3,5209644650	-2,0606231617
3,7809686495	2,6171096009
2,9574118102	-2,8418824390
3,1113675874	3,4393160029
2,6490746262	-3,4515480044
0,0169369967	0,3396935365
-0,2775634129	-0,2412542184
3,4970369139	3,2498588738
0,2835705465	0,5962765199
3,3641003470	-3,0913848998
0,7980535126	-0,1755188355
3,3390582376	-2,7921818506
3,4370016523	-2,7431000562
0,0748035104	-0,3374847406
3,1418298749	-3,6000317945
2,3979385156	-2,5240372354
4,4118652000	2,3208801009
0,3960885859	-0,0677895507
0,1389386288	-0,0840389826
-0,2865465336	0,4780663928
3,0530837133	-3,4600746551
4,2142144836	2,4922062266
2,9272679466	-2,8432922084
2,2601374606	-2,8972916747
3,1594111053	-3,1637444968
-0,2664428161	0,0608389838
4,8648598711	2,5373116937
0,5727964440	0,2273424448
-0,3004789322	0,3397915087
3,4290754123	-2,5267303816
0,2532642159	-0,2578786110
3,1141166900	-3,6397781389
2,8490729498	-3,0129610017
3,2529457724	-2,7628697448
-0,1173603877	-0,2974261898
4,1124450995	3,2435387238
4,4148549926	4,1964691899
4,3345015474	3,3360766463
3,6610681796	2,7718983568
-0,2793488373	0,7426386520
2,9759931849	-2,1269388967
0,5169182658	0,5646697553
4,4130513976	3,0468026872
0,0567793350	0,1625387625
2,6695068228	-3,6868620533
2,5537151725	-2,4647698561
3,4222182206	-3,0720392049
-0,4726636204	0,6202589875
3,8431530790	3,2215464267
3,9597114620	3,5264437089
2,9459798149	-3,3945858409
3,0922563604	-3,0813051306
3,6590627153	3,0132880727
-0,2206588059	0,3525515140
4,0784763524	3,0219670387
3,7926134824	3,2377254660
3,0931585442	-3,1844715021
2,7360108723	-3,2771153526
4,1055586618	2,5041909119
3,7636050078	2,5384484496
2,9986433674	-3,1760839032
0,3778616758	-0,1373814838
4,2500239988	2,8637788624
3,3390046166	3,1960565777
3,5919693327	3,2185818011
3,8281269615	3,2884667951
3,9454857452	2,8838889973
-0,0215517108	0,4501168278
-0,1512301227	0,1284371926
4,2558009164	2,5291356931
2,6867382213	-2,8152343259
4,0926536737	2,7227550315
3,2235983059	-3,1163206390
0,2534664840	-0,1314854836
3,5413751105	2,7520337556
4,2137173401	2,9391242446
2,9672581936	-3,4231613164
2,7577643532	-3,1398238963
3,0034159096	-2,8448739753
2,9933786691	3,4312315122
4,0406334648	3,3578891029
3,0533859745	-2,5039880394
3,2056093527	-2,5692050831
0,0790412234	0,0983471921
-0,2272956458	0,1584910168
4,7460537759	3,0677500139
-0,0361044122	-0,4466855496
3,0593881338	-4,1511599479
-0,0470161735	-0,0035956496
0,3758356943	0,0527014869
4,1186436704	3,0277921985
3,0106056664	-2,8063024076
3,5962425575	3,3022795304
3,0225359213	-3,3210770241
4,0739855120	-2,5644941662
3,7576165378	3,7356083574
3,5503386887	-3,2678019421
3,5990313129	2,7579422551
-0,6582258215	-0,6077157917
3,2429978687	-2,3390797851
-0,2244503807	-0,4828275860
2,3505953955	-3,1741594065
3,0169562084	-3,1573921010
2,9434659134	-3,0776305868
3,4015517212	2,8453810840
3,1228451294	-2,8066648374
3,7250031645	-3,0883133814
3,0489295553	-2,5706079110
2,8635541021	-1,9990410505
3,7060777091	2,8946639092
0,0572536038	-0,1288035223
0,4224802837	0,6909656365
4,1578238031	3,2765140080
4,0335420621	3,5288597736
-0,2140670001	-0,0668755874
3,2889574299	-3,0255378580
3,4225103664	-2,7436339922
3,0699855884	-3,3691092871
0,2433297739	-0,7991220132
3,7123716201	2,8742341313
0,4313662015	-0,3063720282
2,7254440399	-3,3565843838
4,4402274255	3,5612444884
3,7720542310	2,6259747885
-0,2076749062	-0,0771999420
4,0564824433	2,9130676578
3,7681638625	2,6817524380
0,1976243971	0,1153067121
3,1573613885	-3,2836185190
3,4044454124	-3,5068684512
4,1997253777	3,7918349392
2,7233240485	-3,5372665302
3,9909322411	3,4079850697
2,7980109081	-2,5532301104
3,4792537205	-2,1768081167
3,8052447702	2,9077894460
-0,2993014836	-0,6318785738
4,0511997702	2,7557198028
-0,0351505307	-0,0331725405
4,3564064001	2,9736136469
-0,1528430399	-0,0882197142
3,9341070372	2,9724186637
4,4806052338	3,5088738104
-0,2290837669	0,2997442675
2,9505581337	-3,2606805456
3,3406943773	2,8871247826
4,1034887819	2,9308348535
4,4196002969	2,0962889005
0,1148779392	0,9472785950
2,7770995487	-3,1590153972
2,9656091395	-2,0734090063
3,2468024697	-2,8800121036
0,1293718690	-0,2769187552
3,4903640873	-2,9822875973
0,3560427011	0,1601713465
2,8194813070	-2,5316709555
-0,2222857732	0,3379871191
3,5686580909	3,1914936164
2,9709631234	-2,9620152090
4,8398770040	3,3306501551
4,4288245517	2,3575968247
0,5888532208	-0,1303604761
3,7550974468	2,8680148995
-0,4353775222	-0,9166379554
3,2738257731	-3,7060750859
0,0143287362	0,3651052547
3,9437194857	3,4458063965
0,0413602438	0,0381982634
2,6741098574	-3,4803242036
3,5452568169	3,4111003400
-0,5493627032	0,4570302291
-0,4987316422	-0,2532230767
2,5526499019	-3,2904088020
4,6216977411	2,4055726963
2,9550470807	2,3108087203
2,5411536285	-2,5210682531
3,2226830214	-2,8972927667
2,9695554434	-2,6726961754
0,2430511026	0,3671745862
2,7734336191	-3,0344484438
3,1523596064	-2,6904812912
-0,1148584960	0,0417119848
-0,3148173128	-0,3098262709
0,1897864714	0,3925389514
3,4296764205	2,5561873906
0,1498973451	0,0496460049
0,3432531045	-0,4812007132
3,1616990094	-3,3475302667
3,7853073970	3,1741470653
3,6437651366	3,2893766912
3,9728882016	-2,9980485988
4,8175425690	3,5803454479
2,1899206976	-2,9060940532
3,9877626366	3,0514575369
2,9088276581	-2,6268132489
4,3917516763	3,0168883715
3,7678309801	1,9125280244
3,5820605474	2,6330298218
2,5974883285	-3,4375427123
4,7028430061	2,8792581110
3,3827642995	-3,1217889590
-0,6186685452	0,6272581740
3,5625285815	3,2854899279
3,2594840122	-3,3240959889
0,0886952260	-0,4729589547
4,1655265486	3,0492630141
-0,3600970826	-0,2271231596
0,6977740234	-0,2124419668
-0,2618892324	0,2543992777
-0,0040771633	0,6171130520
3,4667823248	-2,6971851903
2,8059343688	-2,8674384671
1,0438791998	-0,0945921227
-0,4389553637	0,1988978526
2,9960925093	-3,7311369185
2,6469898246	-2,4307277832
4,1200021637	3,2894070075
-0,3392028436	0,4353747969
3,8206591116	3,4556230072
3,2435270902	-3,0240274624
-0,5530947562	-0,5503425187
0,7980074654	0,4554918781
0,2148987256	-0,5980177914
-0,4180396741	-0,1790972142
3,3358076907	3,2533763505
3,7269662094	3,6322706947
0,7896039548	-0,1271342303
3,0664803691	-2,8502231890
3,5325548372	-2,9286898063
2,9901344014	-3,0862507938
3,7301278336	3,1371515053
4,1763386927	3,5983575272
2,2976854032	-2,7839405440
3,7703959977	-2,7851024712
3,6109016489	-3,6400951102
0,6736357878	-0,1803064844
2,2810318573	-3,3926283040
0,3363882288	0,0111148945
-0,9792374246	-0,2410564008
3,4134278265	2,9156954457
2,7070990843	-2,9332998660
3,1121570935	-3,3072531288
-0,6083588703	-0,2775779741
-0,1583046878	-0,7641136977
2,8763050955	-2,9139690490
-0,3864400322	-0,4277436070
4,3925781134	2,6901454898
4,1996874046	2,7960626557
3,5074826900	3,4130853861
3,4607094008	2,5972404481
2,3966354715	-3,2715541132
-0,0105924466	0,3053560594
-0,1400861491	-0,2974920797
2,5613250189	-2,9380527102
3,2323247473	-3,2583000556
0,1937335642	0,0378860310
0,9036623340	0,4409679408
4,3258170946	3,0168105637
0,9464272541	0,2854275618
4,9241066965	3,5588508891
-0,8155725949	0,6635413508
3,8797799985	-3,2184370394
2,9751550942	-3,3948389213
0,0854107884	-0,3256153463
-0,2923405361	-0,2573547163
3,3241386078	2,1631988078
3,5893278646	3,1034470435
4,3820327642	2,6560849902
3,4247324052	-3,0244737513
3,9845903902	-2,9902611239
3,6873275060	2,8985667789
4,5713574066	2,9834094253
2,7619648618	-2,8240477036
3,0944925521	-2,8893465714
3,1674844989	-2,6188109690
4,1057263555	2,5575547424
2,8880675698	-2,5978290302
0,3065475842	1,3654045508
2,8659653100	-2,8240302631
-0,7747688233	-0,1545606176
2,5692074233	-3,1600289896
0,0527035880	-0,0265197644
0,3943839132	-0,6935021992
-0,1984763472	0,0405029409
3,8230347337	2,7135207880
-0,4863684882	-0,0901375884
3,5557353489	-2,7619556646
-0,5505478544	-0,0331140109
0,5059373999	-0,1448048956
0,3333818509	0,3535906876
-0,9674069741	0,0008665070
3,4093943069	-3,6742697814
-0,0623255138	0,0383459387
2,5649722789	-2,8857151521
4,0924980402	1,8586928114
2,8702356014	-3,3047140473
4,5904926911	1,6864494810
2,6108119875	-2,7811811122
-0,2047998486	-0,8681599336
3,2683614163	-2,9229857905
2,9171802973	-2,8893563799
3,7537977501	2,9536885407
-0,1470028008	-0,5093650062
3,4811620284	-3,0828071987
3,4523040935	3,0808860132
0,3559918617	0,2255687891
2,6355930333	-2,5955806597
4,5629129776	3,1001606030
0,1194452489	-0,0065985215
3,3304925024	2,8820983468
-0,1388004625	-0,1955805240
3,1036054661	-3,0866491034
-0,5213499513	-0,0775027573
3,9665656501	3,5868986204
0,0365509348	-0,4453991303
2,1820062856	-3,4923636839
0,3492251385	0,0077980358
3,5005045777	-2,7698248111
0,1832705404	0,6331757443
0,1192609310	0,4668321861
4,7649944940	3,0527917126
4,0341808283	3,2734359621
-0,0411789824	-0,2571059733
4,0506423346	3,0078469257
4,0757437330	2,7161252351
3,3704594990	-2,9716549706
3,2528718665	3,2888277266
0,5000950611	-0,0357043120
4,3099411453	2,9041816101
3,5844781297	-2,7545342621
3,0195836722	-2,5694363516
3,7601074351	2,6985579062
2,9174103658	-3,0123022669
2,4271436098	-2,9567298768
3,0298253297	-2,6090854587
3,9110651826	3,9520052966
-0,5848647301	-0,2133016276
2,9665103486	-2,7924276773
0,8251616248	0,2245367349
4,2756441227	3,1873484082
2,4925782247	-3,4688070175
4,0994549299	-2,8049658263
-0,0704710288	-0,5665007038
2,5803105704	-3,4137674699
2,7772263827	-3,3236421331
3,4935865416	-3,4732968178
2,3513562848	-2,8326273196
2,4920853086	-3,1573812794
3,7591049867	3,4670914069
4,2568148301	2,9437811947
3,2059193447	-2,9810954304
3,9502897870	2,7316137285
2,8668928053	-2,9061250172
4,0664362721	3,3287755707
3,4259603130	-3,4598538666
3,1761218514	-3,1692452118
4,4690054406	2,5933599968
4,1067330860	3,1203288140
3,0339336078	-4,0488302601
0,0224813487	0,2721737706
3,9383101314	3,2088038248
3,5183950842	-3,1639712881
3,7821807640	2,8180875381
3,1945906058	-3,1473161436
0,3414685577	0,3060514995
0,4693408453	0,0202218234
3,8513121906	3,3221512457
4,3846558191	3,4486008314
4,1579698398	3,0762166186
4,6656042161	2,5687643782
3,4426108353	3,2289063760
4,2400682923	3,2784586234
2,5861285686	-2,7219933070
2,7703900229	-3,7627317368
4,4143036545	2,7712805360
3,5436801834	3,1516522952
4,2841163745	3,3823030466
4,7187879859	3,3097301450
3,4460877081	3,1031442775
3,0604662880	-3,0434349153
-0,0927252589	-0,0550145267
-0,7499483746	-0,0328333024
4,2619669483	2,8948100247
2,9184770420	-3,8328889027
3,7875340514	1,8470557118
2,7546520793	-3,2357102262
-0,4675837890	-0,2946595227
0,1458643077	0,4829402992
4,3813586713	2,8945319198
2,5992198927	-3,5924253816
2,5051910972	-3,5325762471
-0,1429580443	-0,0356445443
3,9427833054	2,9184035559
2,8679876219	-3,6914415092
3,1679338567	-3,2840608674
3,8170554532	3,0802418528
2,6778169661	-2,8871037197
4,0866374429	3,2037806910
3,5022372645	2,7131235037
3,0508039904	-2,8161790620
0,4336561744	0,8317918331
-0,0460364758	-0,4754679983
2,3450466112	-2,7302318462
3,7059617399	3,2198574088
2,7117818047	-2,8893513129
3,8141822794	3,0983065513
4,6428990775	3,2920422796
2,6466687357	-3,0755183355
4,0304157966	3,3913693829
4,1624959264	4,0266014631
3,5036133038	-2,7882122468
0,4491915398	-0,3074151018
-0,0744139088	-0,6476485832
-0,5580731395	-0,0363753990
0,2920659151	0,2799843176
2,3831206568	-3,1350783406
2,8901693069	-3,6017988451
3,9258126364	-2,5504514118
3,8589040211	2,7029004646
-0,6398050809	-0,2446402073
2,6106580606	-2,4803784334
0,0152639353	-0,2771261970
-0,7260380139	0,3314271921
2,7172954855	-2,7257568219
0,3105398707	-0,4312984704
-0,1286251047	0,6092545530
0,3768994192	0,4738098811
3,8315229596	3,2539062017
3,4808593979	2,9759514135
4,0859136408	2,4739237443
2,9637008758	-3,1267583816
4,4562631904	2,8728724358
3,6476151884	2,8704501825
-0,7831714194	0,8927011942
3,2322737971	2,7956615999
0,1035939625	-0,7584950036
0,4474022315	0,1366853890
2,9541880296	-3,0366220625
4,3893675481	2,1925213958
4,3855655843	3,5745747438
4,3946656910	2,8492657904
3,4996291905	-3,6205478938
3,3388481921	-3,0235427971
4,6175449042	3,0005813842
4,2344000320	2,8570751367
4,6554964744	3,2397672436
3,9941715613	2,9208319758
3,8747337069	2,7955077895
0,1543184885	0,1108293488
3,6234555721	3,1002658258
0,1374983532	0,6504792341
2,4317202145	-2,6450139121
2,8334369058	-3,2970550528
0,5467702422	0,2312090419
2,6808497841	-2,8596709275
2,8616895867	-3,3264924162
3,6688754837	2,9011980793
4,6631216641	3,2420180858
3,7261694453	2,7499531288
0,0187792986	0,9599581583
3,8822552440	2,0651236710
2,9921637346	-3,0292228884
-0,5544876994	-0,2576633800
3,2581614600	2,7857906649
4,2511051390	3,1159630475
3,7161298105	3,1225213606
-0,3013840927	0,1796680407
-1,1098477190	-0,0165227138
0,2097384251	-0,1165329468
3,3464309005	-2,0386320641
2,4291738725	-2,8398284697
2,4776789034	-3,2062536982
3,6347122750	-3,0443898113
0,1960376468	0,0869597734
3,0445417968	-3,4813299330
2,9304264821	-1,8987751262
0,9244685482	-0,3306044460
3,7976816144	3,1105818233
3,5702661501	2,5342469326
-0,1737537543	0,4025395421
4,2472305981	1,7621980527
2,6104454057	-3,1362156815
-0,2427068037	-0,4230060696
3,2899348168	2,5042894801
3,9867253698	2,0390856787
0,0899401754	-0,2778413876
2,8556922634	-2,8023583938
0,3059566523	0,4515158845
3,2111965777	-3,6458973044
-0,4835505992	0,4889780002
4,2908822349	2,6653962069
2,8326181931	-2,9616545837
0,0261630682	-0,1894468080
3,2752674834	-3,2213743274
3,1183926245	-3,1906968386
3,6104192309	3,1689092703
-0,2413561686	-0,3943559661
0,0908048650	-0,4100783254
2,8372684636	-2,2986951427
0,1344660833	-0,5585207737
-0,3515153029	-0,0359903729
3,1095068268	-2,6936250118
2,9480457812	-3,5605552069
3,0700240221	-2,8700867988
3,0339215882	-2,9812306095
0,3580779244	0,4775341371
3,5872367930	3,1552021931
0,4323381851	-0,0018130889
4,3303832032	2,7756575270
3,6683754457	3,5232728061
3,1815996904	-3,1787191228
0,6976302300	0,2746801857
2,8635390169	-2,9343864203
-0,2126335881	-0,2893239818
4,6900224837	2,9736167258
3,8158079322	3,6280787126
0,3330979580	-0,3871997021
3,8954743355	-2,9060754703
3,5834694730	3,0746976243
-0,2958272719	-0,1809560909
-0,2521495973	-0,2482077254
0,2678577391	0,0738233992
3,5978951669	-2,7377811082
3,1323555172	-3,1147441117
-0,0654114991	-0,4316308221
-0,5128825881	-0,9544319154
0,0593938948	-0,0213863670
0,2096641440	-0,0697065408
-0,0860381980	-0,1199004161
-0,4485551279	-0,2376267048
2,1924156673	-2,6825929077
0,0952320464	-0,1253409044
0,3879014784	-0,4740696432
2,3470808625	-3,0962073268
-0,1621676652	-0,1158546775
2,4644554626	-3,0218644368
-0,3618005713	-0,8117440571
4,1924642221	2,9493935152
3,0589732354	-2,6757055566
-0,2868008511	0,5063697513
4,3073629408	3,1416684814
4,8711584219	2,6135375423
-0,1622051651	-0,7096973519
3,5174960190	3,3437857347
0,1830862719	0,0732555690
2,6024957576	-2,9912187137
3,7805051677	-2,9481450854
3,1683219445	-2,7413944868
0,2798731350	0,5590085167
3,9798997851	2,1758581556
-0,5745283820	-0,4411074546
0,1162877444	-0,3130485434
3,6592216216	3,2769487176
3,8832879662	2,7484783818
3,6578999369	3,6138026526
-0,4624697808	-0,4508251745
2,3816552581	-2,9156839650
4,3459740595	3,2540408783
4,1649341945	3,3163615290
2,9413993638	-3,0656567152
2,7331194660	-3,5822774571
0,5604992905	-1,1740463096
-0,0534886603	0,1261311339
-0,2477980452	0,1686291377
2,9388992984	-3,6217040695
-0,5242034660	0,4947106878
0,0982704826	-0,6084774357
3,9569236690	2,9376309599
4,3076423831	3,3808211248
2,5518503708	-2,6746102262
2,9573215939	-2,4485826137
0,2778025829	0,3372490727
-0,5129814208	-0,1651905360
-0,8754693693	0,2087215804
2,8785189324	-3,2492162018
3,8731009374	2,6639396723
3,1678418412	-2,9289712912
0,0372423626	0,0844707437
-0,0385318228	0,0670874508
0,7244416135	0,4278393702
2,9183129478	-3,5859697743
0,5610013092	0,0697211799
3,3601476173	-3,6402825865
3,8697782683	3,0182182753
2,9168202066	-2,7890512015
0,5195139025	-0,1257310286
4,0528050880	2,5821956196
4,2407257281	3,1856914922
0,8048683214	0,0680373017
0,0989457789	-0,4087642854
4,7323108129	2,7805323345
2,7589271833	-2,4847620093
2,5359808965	-2,9813489108
0,5024565560	0,2498331756
3,5047154252	-3,3598635609
2,8589571340	-2,9292418406
3,5900828210	3,7092671752
4,1687767918	3,5479906871
3,0085808495	-2,6832356122
3,9611873613	3,1818224504
3,1318916351	-3,8647020406
3,1863990621	-3,0160977963
3,0104467463	-2,9505826294
2,8154650611	-3,3180311860
3,6977712726	3,4044985615
3,7636930713	2,7300446868
0,8037025952	-0,1744164185
2,6481112205	-3,3198021408
3,3013006997	2,5093169909
4,6689081375	2,7729681037
-0,2172850966	-0,4578100541
4,5992487204	3,1373161008
4,3019027786	2,4682840402
-0,2038105492	-0,0955786158
3,7512657838	2,9765394949
3,1493384269	2,9187589049
4,2179545876	2,9835858035
2,4317722226	-3,2408784691
3,3568868231	-2,4845004815
0,1519777962	-0,0326258963
3,0352869858	-2,4529839213
-0,1031457943	-0,4475909514
-0,6966915291	-0,0686509799
2,3537742887	-3,3257179447
0,6499156964	0,0671715930
2,9542786022	-3,4601557314
4,6388551741	3,2174580667
0,4257082033	0,2511122721
4,0876584795	3,4942054297
3,2400247628	-2,6139898919
-1,0575011859	0,6985952109
3,5720767362	-2,8034515575
2,5098887354	-2,8103501892
0,3624626213	-0,2034966950
-0,4048439084	0,5186431721
0,1628225003	-0,0208415208
-0,0103386142	0,1214142700
4,3452846307	3,3712921384
2,4421728533	-3,5578005843
4,3263858405	3,3294598554
-0,3801907677	0,1973854167
2,9154019301	-3,3254039626
0,1709787683	-0,0511783371
4,0694042641	-2,8136621452
3,1591738391	-3,1344041662
-0,2387288008	-0,4917202647
3,7452142837	3,0352718734
3,6212826313	2,5452178229
-0,7525567006	0,1160848255
4,1230297766	2,8214984255
0,1023214383	0,0885425508
-0,0626164115	0,0257229929
3,6702902798	3,0153956144
3,9042845237	3,9712695743
3,3127147116	-3,0631275569
3,4102631183	-2,2247529728
2,9522903998	-2,1133305560
2,9597324992	-3,5232460441
3,5262391876	2,9221660426
3,3544746446	-2,1753237288
2,9166594472	-2,5985337702
3,3188780064	3,6035368628
3,8293064441	3,3187369359
3,2407507510	2,5128796164
3,6137130459	-3,4978518048
3,6173275476	-2,9591670149
3,6674257821	2,4315102969
4,0756606540	3,0319664517
0,0414955980	0,0327359068
0,3382607922	-0,4044432430
3,6084624180	3,3269769760
5,0156960413	2,8793175845
3,2864333148	-2,5975510880
4,3132421074	2,3911347548
-0,5028016256	0,7066654696
0,5023952674	0,4970958200
4,1546330724	3,4034921138
-0,0251232670	-0,1143083512
4,9214678562	2,9648674903
4,1040202684	3,2597031877
4,0772558029	3,1742229672
3,0684381461	-3,3094021063
2,4153004520	-2,7613875982
3,1264805632	-2,6714197248
4,4349619587	2,6639898367
0,0958894392	0,0087737133
0,3242886326	0,0376785160
-0,2676412859	0,6562220338
-0,0842433478	0,0816245513
3,2657079302	-2,7160523002
3,4671392336	3,7478428968
4,0556523970	2,9487184586
-0,4858756249	-0,0125235767
-0,2536435407	0,6079694797
4,5226664923	2,9081655489
2,8486741825	-3,1511754202
2,2914456067	-2,3384173908
4,3175705480	2,5342404881
0,2045139746	-0,0337944185
0,3463871625	0,2198043022
2,5421086758	-2,4140163001
4,1905165999	2,5228417006
-0,0927064157	0,1410246131
0,3953411965	-0,1468480171
4,0332638968	3,2109395996
0,0409910842	-0,8005931747
3,1891040624	-3,3508385071
-0,6328416938	-0,6573722374
2,5720217877	-3,2731282190
3,1719900197	2,6765668879
0,0353975738	0,1053272621
3,8982507026	2,4437244336
2,6462171185	-3,6751451105
2,8598507881	-3,4567014365
3,8761183575	2,6493271679
4,2865626731	2,6503352928
0,8271487391	0,0388307933
0,1076441528	0,2007756321
0,0236488871	-0,2435702064
3,9683533001	3,2197204133
2,7408067596	-3,0521532681
3,3481629544	-2,9306508609
4,1914238257	3,1589140552
4,5639292574	3,6005222339
3,6082644139	-2,8344589694
0,1410691446	0,2283807935
4,7667809724	2,7852820990
-0,0044700450	0,0917593460
2,9295843995	-2,5493747080
3,6435532424	2,9035324447
0,0192731379	-0,5829945947
0,1396719811	-0,0444313028
0,0591631086	0,5018565170
3,6515740968	2,5262716372
3,2723784671	-3,4508149918
-0,0862160630	0,3730640089
3,6583037354	3,1492888324
3,1044463531	-2,7047012342
3,0090572875	-2,9371125971
2,7970886709	-3,0289897509
3,0394690137	-2,8217598582
-0,2803400149	0,3425201476
0,1716604720	-0,1340235213
3,2326542862	-2,7160634456
-0,2235012009	0,1397321003
2,2532160967	-3,3693595354
0,9227310180	0,3347441691
3,2001981494	3,8545793630
-0,1279829753	-0,4794964514
-0,0763839120	0,3207481956
4,6004313541	3,4408924400
2,6408253133	-3,7567647871
0,2120485449	-0,0951118066
4,0039670009	3,2132009697
2,5902647087	-3,2328621524
3,5879523379	2,8579431063
4,7579556114	3,4148738001
2,9616053660	3,0381668099
-0,0355000267	-0,7354434336
2,7241672345	-3,1127943283
3,7145576232	3,4724712768
4,8838751283	2,7721154733
3,6228312981	3,6732150352
-0,5312102990	0,4445666784
2,7137977200	-3,3142414589
3,7765553601	2,6895261000
2,7208983929	-3,3130020888
-0,0158071581	0,0229877303
-0,3565436141	0,0220239825
4,4047107973	2,0997627618
-0,7673064689	-0,4480352251
4,8495016652	2,9072992388
0,3916478346	0,4663097957
-0,7586655975	0,9920939671
2,3529799870	-2,4838412200
4,0428089867	2,8766557646
0,3019221608	0,3326541890
2,8888212930	-2,1306348741
3,7060448709	3,0832637700
3,1293309870	-2,2097181285
3,9918861283	2,8941777822
-0,3922998786	-0,2679395328
-0,2590974918	0,1297561415
4,1376494680	3,3309360927
-0,2111570726	-0,3979535695
3,6908857527	-4,4034239726
2,3356862890	-3,6115657885
-0,1495306756	0,3146784627
4,8833699571	3,4251719694
-0,4692944589	0,0836931774
4,4156107123	2,9558859888
4,1824825840	2,7478689319
3,8301095325	2,4661203663
-0,0449598957	-0,4446882246
3,0400866247	-2,6702554571
3,6150697946	3,4450160080
4,6113016957	2,8662931808
3,1681803625	-2,9231802040
3,1561956253	-3,3099920824
2,9152500344	-3,2547024331
2,4226284701	-2,7184923293
4,5319783344	3,5792360512
3,0256584728	-3,4614575540
-0,0478319142	-0,4116312889
4,3882943302	2,9168151451
2,5387297710	-3,0801249630
-0,2297653757	-0,3105841955
-0,2311308397	-0,2366436406
4,4204385672	2,4362277694
3,0160168410	-2,3956461607
2,5866581715	-3,4609405061
2,6767780935	-3,7613208150
0,5108482515	0,1331700107
0,2880223733	0,3904819772
3,8643042686	2,6123551506
3,8383291636	3,4211910792
2,6972838525	-2,6341141604
4,2354400549	2,4740590641
2,9984585133	-3,0191611021
3,4071787158	-3,3131532540
4,1845137076	3,7874127431
2,9393672577	-2,8708730992
-0,3178688269	0,0446473237
-0,1326452485	-0,4245948419
3,1569583690	-2,6576573677
2,7842779303	-2,2511046926
-0,2141400596	-0,6551228600
3,7406881085	3,2710144983
3,9575637060	2,6381160461
2,9876718831	-3,0072793928
3,6357568453	-3,1641694884
0,4291002729	0,7155725250
-0,3444974436	0,5988210540
2,9902614066	-3,4698005911
4,6940592520	3,1854629529
4,1370125432	3,5269539639
4,4406043516	2,7559965451
2,7067221891	-3,2258288479
4,0439847496	2,3246600129
0,4741253587	0,1249524049
2,7353280372	-3,4124168070
4,2202402689	3,3263488810
2,8955148533	-2,7391332599
3,8345517545	3,4497489790
3,1705548752	-3,3223775987
3,1279876169	-3,2041832276
4,1672011647	2,6156798362
3,9666988759	2,8789942352
2,7705747695	-3,1969554605
4,3194879514	3,0582078081
3,4775210660	3,6581632838
3,1750960153	-2,5922216357
0,0228872582	-0,9352011545
2,8964251113	-2,6047674194
-0,2034135044	0,4337955590
0,6613274068	0,1678280855
0,3383373382	-0,0698742998
3,2172222685	-2,7660645235
2,8055934479	-3,6708384340
3,4039889822	-2,7161117722
3,7418693293	3,2204047798
2,6037009405	-2,4418582131
4,0703732031	2,6113247337
3,5059751817	3,5619115964
3,0659970160	-2,8451459272
2,6288219885	-3,2165571689
2,9269184011	-3,3209335419
0,9415903263	-0,2977812504
0,6396317326	-0,3641779559
3,0831296214	-2,7370788326
3,4254873199	-2,4172890838
-0,5428245256	-0,2094769247
-0,2138815847	-0,2459350421
3,2239476713	-3,6138677289
3,8442522692	2,6976301740
4,9832166433	3,2993880342
-0,3595428295	0,1573233575
3,2123431076	-2,4916256185
3,8168244168	2,9866018616
2,8273637196	-3,1233483000
0,2778220382	0,1747967804
3,0990115253	-2,9175376599
0,3769602309	-0,0142252108
3,0616924912	-2,8485843956
0,0638687509	0,3482596856
0,1240791057	-0,6577378688
2,4075252708	-2,8954053900
3,7563412752	-2,9963019815
-0,1948033519	-0,1881426939
2,2206539144	-3,3504452836
3,7394018477	3,0385742293
3,6785963095	3,0135329361
0,5892783938	-0,2512935474
2,5958266095	-3,0193083841
3,7861529703	3,3733554254
-0,1269929368	0,2759587667
3,3173800030	-3,4961148195
3,4811281780	-3,4348964412
2,8025277720	-3,3068205837
3,8270047643	2,6451935143
4,1135159283	3,7194794066
3,3610793293	-2,4167326049
-0,3530009343	-0,3255696492
3,1088514561	-2,8864918239
3,1789524615	2,9715780367
3,4772227487	-2,8702361358
4,1378776018	2,4759089172
0,3083641774	-0,7937856733
4,5364927207	3,0826671820
-0,2651529905	-0,4669468841
0,0214668846	0,5504815121
2,4882695770	-3,0502705861
3,2076909208	3,3017486873
3,1018492929	2,7797203085
3,0660833533	-3,1667707508
4,1213719598	3,1252808825
-0,7161111583	-0,0085984291
3,1745623812	3,6412750109
4,9600714649	2,2496483636
3,7718609650	2,8490797965
0,0145482235	-0,0313101338
-0,2824289064	0,4004365838
2,4053796164	-2,6627945919
3,1369379171	-3,0077015062
2,8158329901	-2,9655350617
3,2201838204	-2,5975453485
3,6256084569	-3,4098770013
0,1183408400	0,6428632203
0,4069684078	0,4436981830
-0,1334586450	0,2665858882
3,2597747357	-2,5938529456
3,4634933466	-3,6845729014
3,0290760555	-2,9168463843
-0,0156723728	0,0624867489
4,0958111792	2,6178434262
3,0994420548	-2,3573247066
