3,0904898345	-4,5423186937
3,0609610043	-4,3524732347
-0,8185282112	-0,1136880114
2,7479550838	-4,9436999984
5,3371484431	4,3848667291
1,1550488725	-0,0998340915
4,1246474501	5,0075910800
-1,0387473231	0,5658074403
5,1332326208	5,3689167772
2,3449723255	-4,4642858635
1,4789703435	0,0899742285
0,3875624581	0,2528563237
6,4313132204	5,7497883762
2,9283238572	-4,9022421054
0,0122935765	-0,1841797272
5,3842423192	4,1856702167
4,4257674156	5,1870308696
-1,1088047094	-0,8198770256
5,8182590719	5,6737168944
5,2127826901	-4,7395763954
5,1290602709	4,6462035749
4,2920917583	-4,7648469997
-0,2027140076	0,2685128902
0,7165603397	-0,2494975211
-1,1550066168	0,0496587546
2,4171780385	-4,4243229125
-0,8243677544	0,5520825203
5,7744578261	5,9619623052
3,6242179714	5,0325034655
5,5806099276	5,4333650288
6,0720507140	3,9000118309
6,2801165809	3,7730584629
1,9753738901	-4,9008102076
4,3158535777	-5,1932270137
4,3267908747	-5,0205428185
0,0841200022	0,4562995179
5,7137590888	4,1053155766
4,8612281050	4,9503503325
3,4284946552	6,0136096373
-0,1887061248	-0,1140168845
-0,0810870645	0,0934019720
6,3113582481	5,4380347351
1,8047682899	-0,3376588399
4,7948154849	-4,9973855050
3,2736345482	-5,0602769970
0,3972713573	-1,0647305659
4,1306595777	-4,8103045224
6,0087847834	4,5808609372
-0,2080143040	-0,3577359123
5,0645885672	-5,0498938522
0,9133066004	0,4737030627
-0,8408044012	0,3433636116
3,2245637615	5,2628607211
2,4534151439	-5,4672808172
-0,2289792619	-0,3435342435
2,1078801310	0,3419749139
4,1930280671	4,8611664526
5,3220479804	-5,2205899096
-1,6226406901	0,1924082131
4,6021360197	-4,1504740599
5,8610771566	4,9862401636
0,2138334865	0,2039202133
-0,2849461688	-0,3815481686
1,5563596393	-0,2294615423
2,6553337892	-5,0927692088
5,7833772485	-5,6501047839
0,7779804339	0,9291287792
3,1176581462	-5,3075373440
-0,6937888389	-0,3872851182
4,8111480415	-5,2057327802
2,9007355041	-5,2450780610
4,4891829154	-4,8054872409
7,3282350664	4,7718574894
4,1828600407	4,0524048449
3,9157446769	-4,8122427383
4,3594061320	4,8316797235
3,2115260862	-4,3343339668
4,0819033086	-4,5136586047
6,1745301215	4,6519959115
-0,5228438639	0,2041944561
4,3247147223	4,1701744443
3,4649257733	-4,9341725220
-0,8403381566	-0,9227795414
2,7000954599	-5,4690031868
4,8077531607	4,1625067310
0,6852662418	-0,0519764527
3,8164305865	5,2307550659
0,7456482305	-0,7327840980
-0,2968446571	-0,0023136847
1,1753114619	-0,3001949177
-0,3585799740	0,6049168753
2,3127855045	-4,5924946181
4,5294020564	4,6212327581
2,9563374489	-5,0943352605
0,1715501578	-1,0636108850
4,5944236122	-5,2721956098
2,9957221674	-4,8830914158
7,3807259423	4,9800039887
3,8922800229	5,1116256323
3,7323599650	-5,6981744367
3,4132985425	-4,8121154802
0,6992672045	-0,3431971436
-1,0078554464	0,2144197533
-0,0287301909	-0,2235492170
4,7400874365	5,4593106148
4,4167169632	4,8511490679
5,1018175486	-5,5776676590
3,5524549185	-4,4485275286
-0,7672552020	-0,0429085927
3,6403358172	-4,3459488045
3,2686658750	-5,7307228143
3,0856810318	4,3958813602
-1,2458553163	-0,3049055391
2,5770006537	-4,8546134346
5,4830420329	-5,8978453882
-0,5819612143	-0,5958291464
2,3100637978	-5,2746034883
4,6959796256	5,1449314260
2,2452806576	-4,9225714648
3,2064285879	-5,5687762767
3,8829118306	-4,3347046010
4,9660496576	-5,3594833083
0,3560093336	0,8678951244
-1,3075890843	-1,1211788261
-1,3433171019	0,1328270187
5,1277259350	6,3003450036
5,1988172079	-5,2747993391
5,4040405334	-5,3109192701
-1,0708814055	-0,1142954382
4,4402530400	-4,0793432660
5,6429743581	5,1168302579
4,3468787805	-4,8218469754
1,5872773344	0,1362353268
-1,5157501123	-1,0001206769
1,3272132261	0,8761753156
-0,7204540782	-0,2938629202
1,7100598662	0,0229272088
4,8906040748	-4,6559302049
4,3906146447	4,7206199975
4,9798401537	-5,7314237639
0,3533901561	0,2906435797
2,5014181551	-3,9201001008
6,2372910936	5,0667629459
5,8387668179	3,9985180729
3,2383864367	-4,9048833808
2,6061123608	-5,5817648367
3,9974420127	-4,9013640138
1,0641440366	0,3579598251
6,6289939079	5,3817472139
-0,5852265549	-0,7141278737
4,6504289190	-5,5791863235
-1,3503087888	0,6134917107
0,3940946213	0,2931928826
-1,1495541942	-0,1434383674
1,3782806358	0,6346244509
6,4536943049	5,2824883048
2,6935506584	-4,6763150020
5,4238452479	5,0005820278
3,7094945236	-5,7880861651
4,3036486789	-4,5846019037
6,0399033897	4,8914035071
1,5042236620	-0,3867844674
3,6413635250	4,8180318704
5,0829344915	-5,4473429092
0,6888225568	0,3052532705
1,3986314863	-0,2950505938
5,0758942471	5,3451636048
4,7590888530	-5,0585937323
4,4858687103	5,3394715261
2,9652713780	5,3554434826
5,2495838220	5,1213722957
-1,1700672746	0,5156594751
4,7882514039	5,3903385828
3,5296840386	-5,0437655875
5,2094758540	5,3525072315
6,0366025641	5,2894763718
3,0668421637	5,0903945933
4,9111569205	-5,0756056176
3,7171497516	5,3118827871
4,1357746887	-4,6515905862
5,8950294530	-3,6410590110
2,6615324420	-5,5804561772
-1,1053075223	-0,4792599501
1,3989243717	0,6470312120
5,4421839249	4,8499525612
3,7711699214	-4,3662448461
5,3168189875	5,5594024653
1,4629515191	0,1325453119
-0,4134387047	-0,6596222678
5,5117978152	5,5900206538
4,8808799826	5,5694092663
4,7142909851	-4,2744166580
-0,5507530136	-0,1897721631
0,6639286546	0,6803932436
-1,4509867460	0,5575786731
4,0348659676	5,2306287621
4,7052502687	5,1924073067
3,3114242850	-4,6402218730
3,7102288953	-4,7207111169
3,9669971809	-5,2844016068
4,5390496864	-4,9143143788
2,1489124193	-4,9106235507
4,8538325139	4,8430345757
6,0108330958	4,6653045348
-0,4958832297	0,1503835173
1,6385346611	-0,1103284734
5,0289419629	4,5778870354
1,1632095274	-0,8371536881
-1,7784850550	1,0743635103
2,1387734559	0,2834659875
-0,9858925976	0,2108759592
3,2291326528	-4,4450162185
4,8751123445	5,1633485379
4,3932920643	-5,1478066005
-1,0700247227	-0,1314094885
3,6565987686	-5,2140486724
5,8489401900	4,6989133933
1,1461834027	-0,4799645557
0,3358372345	-0,5493170493
2,8723645184	4,7426315126
3,5501495563	-4,7241378215
-0,4937041035	0,0478615374
5,4458093712	4,5565294899
-1,8354373656	0,1909989179
6,2946136963	4,9513988311
5,5136610231	5,1743377862
5,6600373171	-5,3515553053
0,3330861879	0,3524456968
4,4624492995	4,8579549272
5,5938043304	5,3773568852
-0,4135062069	-0,9259160419
4,1843117235	4,0437391151
1,0282748079	0,7331163595
5,6538580635	5,1189682961
6,1336599707	-5,1012165258
-0,4716633400	0,5154078295
-0,9193973352	0,6735055280
4,5033377095	-5,2398384829
5,4824019902	5,7934813545
3,0472730562	-6,0955496821
4,7638626687	-4,2088127525
3,9950572175	4,5103118309
4,6101453647	4,5972530458
5,0378415935	4,7597179180
4,0338255145	4,8039712249
4,0671287658	4,9704293575
2,8265892237	-6,1145370309
0,0682405954	-0,0527627154
3,4196679195	5,3184822864
3,4420896591	-4,7573508930
4,2885196215	-6,5693637796
5,9943915877	5,0509714904
2,8594809862	-5,3574505853
-0,0797147460	-0,3461165541
3,1776751707	-5,8406867206
3,3847376692	-5,8341042996
2,8585775783	-4,4880024919
5,6700428578	5,0579147954
-0,8753486973	-0,0359536652
2,9477767197	-4,3332969781
1,5187165414	-0,2742899872
3,1783302758	-4,0308953886
5,6878472493	5,5467841934
0,3569861227	-0,3695290904
5,6177490269	-5,9843669601
-0,0326272769	0,1472385777
6,5386562439	5,4232207660
6,2414513527	4,9117129894
0,7721584870	0,2925487459
0,2002203373	0,0152666607
3,1429918637	-4,2893167514
2,2640547899	-4,8223521060
3,4726715629	-3,4959161595
0,8349154600	0,8463728708
3,6365460386	-4,7076571237
3,3736308576	5,0389423789
5,9249481875	4,7161694967
3,9358141529	-5,6226206589
4,7412871540	-5,7820222768
3,2955282359	6,1024590761
0,6231824480	0,1191085964
0,4076810524	-0,1225550143
-0,0433397697	-0,5950902897
-0,9830892973	-0,6190439273
4,6164954778	5,1832526921
5,5355269743	5,3951448256
0,7735760794	0,0980455754
4,4449553553	5,2738736262
3,6258630034	-5,7997837624
3,3453007254	5,9496732255
0,2434651426	0,3482476607
6,1517886269	4,8669948856
6,3334880546	4,4161948164
4,5649034538	4,1472840719
2,7072476086	-5,3365222940
2,9036807989	-4,8027824613
6,6772012131	5,1607315430
5,3796748505	-5,3741825276
5,4349928682	-5,4519935303
3,1064263748	-4,5934857829
4,7120528968	4,6684989264
5,6100788904	4,4860301074
-1,4263365654	0,3331094448
0,3474446178	0,3293149186
3,5058850759	-4,7919370909
-1,9120881105	0,3415633160
-0,3465074740	0,5382991245
4,1550961389	-4,8437495902
3,1491190915	-4,1673428133
2,9495862387	-5,1300303829
2,5844049319	-4,5500254855
-1,6594596849	-0,1138291669
2,8952273559	-4,4457028952
-0,7835338722	0,0976477070
6,2987940504	4,2576208274
-1,0783330467	-0,8989611995
-1,3244448665	-0,1026382763
1,2906272024	0,0279209516
1,2064347522	-0,3437176102
1,5188911351	0,4227976698
5,9197605203	4,5397855903
4,1327772496	-3,8990715681
4,5526654034	-4,0979305985
5,7608913796	4,9223714323
4,3052848427	5,1292505611
5,7176636583	4,5599279023
6,8282868384	4,9942224656
4,7093177593	-5,0968297179
4,5881474165	5,9795965517
5,3535207985	5,1237420400
3,8765246098	4,9781666966
3,1625613682	-5,3239286836
-0,2802127999	-0,0563977954
1,1485185138	0,5507875026
4,7620886536	-5,5218544590
-1,6879316368	0,7972294651
4,9485108965	-4,3379811692
5,3758829403	-4,2154332944
-0,0679524988	-0,3776794960
-1,0188205429	-0,6229297412
1,1213958135	-0,7900509171
4,1943369562	-5,1310864295
0,6031123095	-0,5895579655
5,8435128392	4,9967345511
-0,0863172856	-0,8498216683
5,3939909031	-4,7251504774
4,6509080491	-5,2579254021
2,5687215424	-5,9573405765
4,4227726349	-5,4171746836
4,1472106831	-5,7624076513
-0,3068895573	0,3785986564
3,3061722920	-5,1024365328
3,4213520044	-4,7922293881
4,9936768783	-5,5345058869
-1,6921515801	1,1034367533
1,0529497383	0,2129063915
-1,2440612849	-0,1293340826
-1,4294683485	-0,2243863629
0,9159877877	-0,7570358448
5,4834092677	5,1579015339
-0,4462214626	0,4476269605
4,5293389514	-4,5161217531
4,4050032315	4,5616774155
3,1156823865	-6,1732635459
4,3897024161	-4,9435632043
3,4155930298	-5,2711571679
-1,9742149726	-0,3154318309
0,1581289225	-0,5620774254
0,6452752787	0,8010702048
4,8424430003	5,0220494170
0,5683139100	0,0585111221
4,8235628228	-4,6275426746
5,7652164108	4,6602272712
3,9782466056	5,2834806152
-0,0147808152	0,3153708109
2,9418834141	-5,1842785325
4,3196748533	-5,1936081623
4,9262364801	-4,9380535994
6,0324435651	4,4905992744
3,4014238897	-4,1822967102
3,7435450219	5,6170349440
4,8221016704	4,8971840996
3,8460372096	-5,0284081729
4,3449872791	-4,4187615487
3,1020792874	-4,8560712175
5,9876995147	4,5237524867
3,7336765937	4,8217582660
1,5470085033	-0,5360025403
3,7426466465	-4,5923102704
5,7700270153	4,2111299234
1,1572663849	-0,4004033666
-1,5091051095	-0,1941481770
5,6508876675	5,1176794711
3,6503471091	-4,1028091875
0,6468456201	0,9285004273
6,1990715172	5,1597369555
-2,1016696686	0,2284034064
0,8813633500	-0,4810111740
4,1769229709	-4,6600085268
1,0303416933	-0,3680262188
4,7399059445	-4,4809504472
5,1540971276	-5,0398580330
-0,6436222097	-0,1251641231
3,7365380357	-4,4746594286
5,8962213938	5,7971487837
6,3163055985	4,8221246205
4,2781375426	-4,5516946295
4,0517135046	5,0690169815
4,4058493974	4,3575405403
1,0841220185	0,7248494272
4,4317580921	-5,2333840063
3,6802871872	-4,7668652105
3,9352208471	-5,3049750992
1,7118967949	-0,6236343477
4,3270305582	5,3240470698
-0,0605977076	-0,3735114331
4,9759863847	-5,2629010801
2,4661859619	-4,9061219128
5,0541544523	-4,8243652417
4,4496714727	-4,3680843632
5,1267911080	-4,6407342900
3,4636006732	-4,9658828553
5,0882014063	5,3472612151
3,3612491846	-4,2748204902
3,7295752898	-5,5773616424
5,0892504252	-4,3262206764
3,7544481651	-5,3912821724
4,5410893199	4,7114443649
-0,8482426924	0,7298800764
-0,2761727405	-0,2270055889
2,9987573040	-4,8720213283
6,6409118773	4,3531619600
-0,8416832448	-0,1141029500
3,6576736719	-3,9969661360
5,2081923478	-4,4451101720
-0,2188378739	0,8567868182
5,6681345869	-4,9651597629
-0,0663581864	-0,3217648284
2,7409503808	-4,1941754907
-0,1041399396	0,5352879853
0,3228569083	0,8397611324
5,2761180197	-4,5975237609
4,9479237182	-4,4122139176
6,0402324903	4,9514487180
5,7345672331	-5,4846490107
-0,7908231869	0,3111261359
4,1945374388	4,6815752032
3,9326671317	-4,8929903154
-0,2509104145	0,2136132395
-0,2665383543	-0,2346665177
-0,5499391518	0,8516305007
4,4850540546	-5,1182355249
2,9838975477	-3,8262809463
1,4627514315	0,7739171735
5,2423176906	4,1411426711
4,3009249249	6,1977421054
0,5107326660	1,1977699109
1,1042734289	-0,7771109659
3,3235387726	4,9429214664
-1,7754673206	0,3933416693
5,0261931693	5,4967015971
5,0808232047	4,4725247443
3,4237491138	4,7809327309
3,2769954991	-4,4161340549
5,3095465651	5,0155768581
1,4797618913	0,3372084789
5,4345175893	5,4004654440
0,7765888887	-0,0135160957
3,9133868783	5,1869392210
2,6193087847	5,5381210995
4,8228135193	5,3744854694
-0,6501713765	-0,3168885259
4,8000960124	-3,7992454254
1,2068819754	-0,1439006563
5,3973297573	5,0855174499
-1,5262055380	-0,0299237413
0,6965188933	-0,7698342166
3,3124107777	-4,6922565954
4,0664404603	5,0215924503
4,7831093475	4,1209218871
-0,8630426896	0,6347886491
4,0440908401	4,8450998696
3,6360582163	4,2503535297
1,8194470647	-5,5210283195
-0,9841265971	-0,7714625511
-1,5068611942	-0,5973962059
4,0758034649	-4,6962096272
1,2010015442	-0,4342272707
0,5439985948	0,0068174184
4,4312578946	5,0356433651
3,9772430081	-4,4344120545
0,6623695034	0,0166396105
4,6597398638	-4,2636614707
3,2649169111	-4,9026513575
3,9748243620	-6,3823527166
4,6864783508	4,7814863506
3,6829667490	-4,7283832753
5,0959615692	5,3485477264
3,8390104526	-4,8704025727
4,7095775624	-4,8674545922
3,4481413714	-4,4223247885
3,4853768817	-3,9996582311
1,0688179652	0,5489687770
2,8801922895	4,5756611054
1,6690391154	-0,8091065415
1,3095723131	-0,1695990536
6,0740480083	5,0582127456
5,1470948516	-5,2917742712
4,4115449428	5,1582095235
5,5518310554	-4,4239689579
5,1352434663	-5,5284807409
-1,2663572588	-0,4136634412
-1,0010665558	-1,2668089185
5,6621147023	5,8764137605
5,8176857098	4,8778004175
5,2541679571	5,0319085264
3,6922527760	-4,8565656399
5,0946443377	4,5883238390
5,0381625302	-4,4843610570
4,6748268604	-4,2765207318
3,6757245465	-5,2844243443
6,3145056872	5,1094625084
4,6704368552	-4,3956740093
-0,3436607532	-0,6038499829
0,3113286685	-0,4100666769
3,5918495287	-4,1404091567
3,7051137782	5,8692376055
5,7598136387	5,8981847805
2,6877078500	-5,4729911447
0,7316427927	-0,8214655881
0,5877340271	0,5961064779
6,5527118891	4,6241117130
4,4175920885	-4,9841267715
-0,1615441513	-0,0067476617
-1,5447963386	0,2561838310
-0,3842508586	-0,0770316394
-0,5517821017	-0,0672937623
4,4613658514	5,1752429632
0,2212505364	-0,1374623568
4,3755154864	-5,6118539283
0,0554558049	-0,2399853712
6,3981352930	5,6626454981
4,2536140763	5,4480618964
4,0009415634	-4,7737373081
3,8072888731	-6,0749739128
3,7445895282	-4,8153268770
4,0471928053	-4,9594080963
4,9074011597	-4,3782862965
5,6089221065	4,4013260096
3,5922600867	5,3730986312
6,0245502344	5,1144566632
4,0099417884	-5,0204192895
2,5288735775	-4,5563219175
1,0278591638	-0,4579828029
5,2381966438	4,9711976379
0,9644478178	0,1834619655
6,6456357368	4,1727673279
6,5453555192	4,7651530635
-1,3864213259	-0,5351443027
4,8513048321	-5,9227544768
4,1980574816	-4,7904709672
4,6138215168	-5,4282047870
3,3715932986	-4,6983683176
4,2867734826	-4,6816031456
3,2390872754	-5,0729716607
5,7251775881	-4,9267558549
0,9994905144	-0,3237276637
4,7819748689	4,7284001749
3,4927440433	5,4848291777
-2,0431854568	0,0547890988
2,1799720890	-5,3877713846
-1,9743161820	-0,2144187670
6,4500289421	4,9375673501
3,9856250963	4,8367474736
0,8652156465	-0,0058909549
2,8261930074	-3,9152540344
-1,1415930119	-0,1403311564
0,9711453656	1,0498491529
-0,0456346091	0,4223581031
0,6240503410	0,4688645464
1,9793645101	-0,4560884886
4,5016538303	-4,4474330015
4,1133223863	4,1930363151
3,9844529127	-5,0823890643
4,4804285881	-4,5557741227
4,6181530599	-5,2390702424
3,5148697642	5,5043254265
-0,9648262448	0,7391489057
3,3847850020	-5,6739096997
5,1591518749	4,9777063121
6,2778260352	4,6499093463
2,9943042992	-4,4414426000
2,1135016597	0,2291022240
0,9943119895	0,7692349553
5,6020990978	5,0096579178
-1,2783703858	-0,4930269927
-1,3495031411	0,7360370407
-1,3150269887	-0,0246297431
2,6517307004	-4,6189629972
-0,7850540007	-0,0147438592
0,5281385501	0,5692888931
4,7902976351	5,2219028789
2,7961692939	-5,1455889691
-0,2667621369	-0,2445354748
4,3080902816	-3,9649411407
3,0939088837	-5,4250652110
3,9028326927	-4,1831583253
5,0336417411	5,2667809580
-0,4064398169	-0,3802221363
-1,4622558770	-0,2959032579
5,0672189473	4,4567423680
5,6073542201	-3,9833399192
5,5238233379	-4,3547787304
6,0412528733	4,6327431797
2,0631040300	-4,8261438405
3,7670169942	5,1881445854
3,0826155420	-4,7876241010
4,5156567829	4,8009599534
-1,0125866116	0,2419601506
5,7851276723	5,4357681234
5,7023313693	4,4607695294
0,6404427878	-0,5793943263
2,9454331461	-4,5277767464
4,9557796064	5,1742171195
-2,1724066797	-0,6561176332
0,3024670644	0,5047244146
1,8498490510	-0,4188091591
3,9273249209	-4,4167917303
-1,3242046611	-0,3682543831
3,8691200208	-4,9759154276
0,1250189866	-0,1600583646
5,0079951395	4,6636087540
5,0355564087	4,1567819459
3,2545404946	-4,8545656325
1,1132814689	-0,3611504942
1,6265535033	0,3118424530
4,1406335283	-3,8326026757
-0,2890308136	0,1651979683
6,6524291797	5,2200582922
-0,8015184246	0,1951041767
0,4369072470	0,4408623824
4,1130698146	-5,0655792353
0,5224136736	-0,5141554186
4,7519485269	4,3776442709
1,1051328358	0,0250216155
4,1823190244	4,9583481517
0,2010568019	-0,4104445087
4,9074630974	-5,1236860269
4,5599908877	5,6441625385
3,2602182103	-5,1895548414
-1,2941328493	0,3727052607
0,4812209748	-0,6758699806
4,0259896754	4,0609858880
0,9762603420	-0,7461861632
6,0184712813	-5,1975346634
4,0799470045	5,3221438948
5,8453737804	4,8746336210
0,5046855419	0,7884451161
3,8642343730	4,4294198080
2,5652455501	-5,3809642147
-1,1370493006	0,2543548506
5,3140966248	5,4699013973
0,1043969899	-0,9142644814
-1,1806008323	0,2412627517
-0,6329616197	0,2052992372
3,0991384207	-5,6873695520
5,1959554948	4,5442428913
5,4396007825	4,6542905807
6,0916441157	5,4887454558
1,2395938078	0,0843163354
-0,8050729204	0,3821020381
4,5916695781	-4,2559112833
5,3626473443	-4,9056820475
4,5459505273	-4,3864610248
4,2095475692	-4,9556051331
5,2955491191	5,4412374596
2,3245621417	-4,2261804372
4,8408255576	-4,6834539123
3,4698897849	5,1203329906
3,9428804782	6,1974871030
4,3474931098	5,1575515670
1,7981128688	-0,2376001446
3,9323475383	-4,8017393634
3,5956067557	4,9502247859
5,5634343768	4,9117863738
-1,8349581901	0,1971109772
-0,6813600638	0,3975415093
5,5617420666	4,8870383833
2,7886155752	-5,8909104167
3,9316459960	-5,3746473261
3,5805648397	-5,0281219857
4,6093371433	5,0839451392
3,0040252372	-4,3777340896
5,4448258251	-5,7801742148
4,7692557768	-5,5182119611
0,6565781369	-0,2965369262
4,5870072888	4,9394182034
6,6868502154	5,2225565556
5,4697967533	5,4397157192
6,4701921224	4,6520683231
5,9291080070	5,1290563692
-1,8291080269	0,1948761952
2,8861894282	-5,0040292125
-0,8510216843	0,5589948146
4,3153018605	-4,3898315946
2,7050111022	-3,9920239339
1,6045812925	0,4527999058
3,1153875511	-4,5271561342
3,6033046842	-5,1450287243
-0,5080858787	-0,9226074833
4,5756326546	5,7303083918
1,2635446087	-0,4219797827
5,1057084479	5,2153954216
5,9101330345	4,2842539723
5,3453634110	-5,3138521306
4,8617079859	4,3352869186
4,7007262817	5,2015071278
5,0351680652	-5,7775855399
0,6468679285	-0,1518464079
4,4599853755	4,9541480565
5,5006615607	5,1365451246
-0,9932613570	-0,5825909384
4,6915786878	-6,4010394626
4,8723043598	-4,6415289378
3,2777848708	-4,6521927388
5,8237674861	4,6545288296
3,5749718545	-4,7270388122
-0,0530415983	-0,1659969105
6,3986705444	5,3992662147
3,6904033725	-4,6600176799
3,9738185024	-4,0186461295
3,3282012536	4,9188347870
0,8913924304	-0,2915103982
3,7106676321	-4,5234935677
5,2533680273	-5,2050026695
0,4570897612	-0,5110924219
-0,6902228711	0,1915034968
5,7667773187	-5,2022325558
4,5429974376	-5,0271744944
6,0095868440	4,3204201868
-0,6466566653	0,0219833194
5,2711350212	5,0780260618
5,2256572972	4,4511635496
4,7305172513	4,3085568064
0,0098399011	0,7056857410
-0,4215458466	0,7065091596
4,6876086906	-5,3702252287
0,7535819859	0,1938490365
2,7410286246	-5,2124129482
-0,4427793088	0,9618299015
4,9611500047	-4,8512793980
3,9040409893	-4,7122231811
1,2677295534	-0,1438963854
6,2627202109	4,9400285998
0,3542126845	0,5894364688
5,3097151473	5,4179965486
6,1940258914	5,1695593633
4,3980890697	4,9254833526
3,9656588488	-5,2120356542
-1,3689526054	-0,1330648277
5,7723080333	5,3926453392
4,7299241284	5,2552210637
5,5752700668	4,7696591441
0,0736129588	0,9019413749
5,5572273121	6,3505409707
3,6988501535	-4,0002391704
4,9599576994	-5,4166437274
4,4276356658	5,0145126911
4,8739677156	5,0403181395
1,5949249646	-0,3463074460
5,4437884570	-5,5628604942
3,4345087648	-4,9916589749
3,9137340680	4,7402606954
-0,7839542349	0,3570632979
4,8946589229	-5,2814394892
4,5896564135	-4,5213209528
2,8232033448	-5,5566818461
4,7834365463	4,6278794456
3,6741952464	3,6736064190
3,4345445286	-4,8130198966
-0,6619653332	0,4923802607
2,2203935137	-4,3873357363
5,3285985015	5,2366142840
2,9801323752	-6,0237957476
5,5301593292	5,4183938485
5,5532439041	5,2903277677
2,3310652045	-5,0600343818
4,1818149326	4,1042525139
5,0086223072	5,0309896303
4,8012238957	4,9085695581
3,1914395104	-4,5422275491
0,5854060817	0,5639427308
4,9657118375	5,0800403880
3,0687684292	-4,6341335267
-1,5440536160	0,6230499375
6,1851045898	4,5209605112
-0,6241420875	-0,0560968368
3,6949226915	-4,6215808341
6,2113280479	4,1957253493
-1,3608719750	0,7811517512
0,5992173110	0,6457150570
2,0923860419	1,2110222401
6,0036496805	-4,8706272614
5,8309471543	5,6673886604
-1,5216817997	0,1535416032
1,7605189911	-0,1388408211
-0,5522540833	0,1424724556
6,1250272704	5,2750087026
-0,9980958052	-0,4008701028
4,6201799525	5,7386169322
3,0522412491	-5,4344924801
3,7386872094	-4,6787733058
3,6677507727	6,0029398445
-0,7283024171	-0,0143158916
3,6641782388	-5,4934448708
4,6468008054	5,0946531768
4,3014353806	5,0210011622
1,8568865150	-0,9405492317
5,3782864256	4,4978904074
-0,0406774734	1,0226182813
-0,4394303298	-0,0756294578
1,8985325258	0,7733036363
4,5424814413	-5,1006931279
3,8090780866	-5,7465023260
-0,1453900823	0,1813992291
4,8564211075	4,9193002065
3,2527374930	-4,8133503327
0,2569282172	-0,4389077178
0,8635701828	-0,4217224485
4,4544385411	5,2434440197
2,8458551537	-5,4212783041
5,0069179698	-4,6404773746
0,5053723591	0,3537657831
0,4874897221	0,3327962783
4,2732980950	4,1941711950
4,4580095316	4,4038735296
0,0129912279	0,0751422478
3,8943105529	-5,8816907191
4,3692698045	-4,7865996386
-1,5291940518	0,0776492144
-1,5543239910	-0,2601538184
6,6967664195	5,1722228130
1,2307911958	-0,2913534003
6,2324267029	5,1822534167
4,0567805030	-5,6837235229
6,3775777286	4,3601844917
3,5966369317	6,0110704159
4,1513714474	4,8506220391
3,6270677835	-4,4171591305
4,9459615563	4,4821190072
5,7275045270	4,9320787850
0,7384159156	1,3387401768
4,0046315841	-5,6434955347
3,5850340202	5,7171273346
3,6813615484	4,9662909590
4,5480422644	4,6247526008
4,6296805912	4,6686300833
-0,2628872105	-0,0684666297
3,7243880440	5,3751212980
0,2166917855	-0,2381723400
-0,4463291550	0,4622397671
-1,0909599701	0,0819830925
-0,5790368765	-0,4707934657
4,7831025158	5,0177874705
0,6579846347	-0,2958002377
4,3754671868	-5,6314943255
5,3892486297	-4,9685559025
6,0744116228	5,1080234483
5,1050068426	-5,5707078998
4,1792344128	4,9887738542
3,2812524892	-5,1700918842
5,2996095545	4,3924117549
5,9566547276	-5,0945157794
5,2425305082	-5,1505522790
4,2150197130	4,2641847326
3,2785143741	-4,3420625975
4,5056816092	5,4629770838
0,1766429109	-0,1124315871
-0,6043645687	-0,0393707324
3,3775655963	-5,1824452180
5,2275271019	4,0463589961
0,0420887718	-0,1392247623
5,8725734139	5,0059643341
3,6894322809	-5,2238385663
5,0966160374	5,2448189289
2,9233759880	-5,0119443243
5,3804291036	5,3415118961
-0,0720780787	0,0807210334
5,1584193252	4,9645485097
6,3403578002	4,4109305458
1,1093964170	-0,5637769456
4,9987484720	5,4907428328
4,5136672020	-4,3105719642
2,6754783726	-4,8917328270
5,4312924564	4,8635680738
6,0409825133	5,6543354546
-2,1381199823	-0,4826707156
3,4182573595	-5,0245228949
-1,4058150573	0,2280056117
1,0733263407	0,0442651772
0,3475755813	-0,9852571150
6,6808687044	4,4839814242
5,1964250502	-6,1279605981
0,5850533858	-0,1065962920
-0,7608433677	0,0444933981
4,8743973205	-5,2001416548
5,0877370253	4,6851838666
3,3515879687	-4,5019405719
2,0554496666	-0,1218603926
1,1627032487	-0,6475934618
-0,7558841286	0,4507521193
0,9226418887	-0,2401738825
5,2416674410	-5,3373911766
5,2720194107	-6,1308234165
4,2734868811	-4,6463597744
4,8585972893	-4,8986287736
4,8790339149	-4,7845167144
4,9327318916	5,6345842063
3,1944958913	-4,8603217877
4,3888066775	3,9319079552
5,2565761257	4,4253985802
2,6509156501	-5,4270914037
5,0476180889	-5,9989740827
1,0361045967	-0,0656662790
4,8365349376	4,5045864478
5,6181904876	-5,4875581255
3,6592252443	4,4720867713
0,6235757093	-1,0045346970
-0,3704241544	-0,4881650061
4,5765488693	-5,1870893569
4,6914724048	4,6747652514
1,5770821770	0,1713082518
3,1508229554	-5,1765809313
6,4320990803	4,2503354960
3,3992212393	-5,1679768683
4,8655536631	-5,5403132534
4,7662653037	5,7034770957
2,4412685311	-4,4658501856
4,6831202845	5,3973661755
3,6517204869	-5,2984456175
0,2683642774	-0,1318653694
5,5232334854	5,0121911666
0,7645487765	-0,2260413770
3,0477729788	-5,2407774735
-0,3771930132	0,0564698007
5,1406395185	5,5751572316
-0,6064341802	0,2863254159
-0,2363537224	-1,1218715422
-0,8925859490	-0,6853220117
4,4536021469	-5,7298052211
5,5634298668	-5,0857221263
5,5353724833	5,0477399318
5,3801404379	-5,2602883882
2,5254801119	-5,2466483548
3,2970567760	-4,7558821993
-0,0202969711	0,9343109659
4,2449702177	5,4944465396
0,8747902120	0,0679175578
-0,1792224468	-0,3374405111
5,2376570748	5,1859030469
3,3495997952	-5,2269298944
3,2536022946	-5,0122799007
4,6684157134	-4,7356527121
4,3925584507	-5,5536465566
2,4958850814	-5,1917213846
-0,8491685530	-0,4849507331
0,2693542232	-0,1873424566
5,9906526683	-5,2291364255
4,8973976884	-5,8722150500
-0,6813810134	0,2003345151
1,3863845633	0,7137567886
5,6650127883	4,8503057307
4,2154845747	4,1944635357
0,9896922903	-0,0278370639
0,2981862876	0,1109699545
4,3376381715	-4,4640676201
1,6710370849	-0,4889573946
4,0984956547	3,8976588630
-1,1035922602	-0,0091388036
1,9400673070	-5,1505581800
5,5790228229	5,5492301197
-0,1900926725	-0,1963076632
1,4791359010	0,1865050604
5,4042185558	-4,1905183057
1,1972505464	-0,4811748065
0,3097273568	-0,2920928537
3,7404633856	-5,6855581089
3,1260655893	-3,7805910923
0,2263275543	0,9192152069
4,8700598895	-4,9187958414
-0,6428965801	0,6103709405
4,2843647249	6,0632222668
4,4313756840	-5,3489002352
-1,9205473126	0,5174593078
-0,8792273424	0,6739894547
5,6467328154	5,5381038757
3,8383599839	4,9740627300
-1,2250280155	0,5915721502
5,1475642601	-5,3640532589
0,0365762390	-0,6345456510
4,1533189065	-5,2479950264
5,7789289356	5,0961319284
4,7857572862	3,9765131930
5,3577993192	4,8304946722
3,2947319992	-5,6758408720
0,4300720771	-0,1639332087
5,1826811308	-4,0772653254
1,7052380524	-1,0957082854
3,8134166609	-5,3589135191
5,4127186641	4,8676716247
-1,5367700260	-0,7743681078
0,8819223199	0,8881991329
4,6085755899	-4,3390534834
0,8064614660	0,1612898800
2,8465372524	-4,6300402019
-1,7584574615	0,1237796302
3,7994536030	-5,2713321488
6,1179571417	4,9159259434
3,7260229748	-4,1366087916
3,5616756551	-5,6932265054
-1,6292362427	-1,2537677898
-0,6274991847	0,8171795308
6,7900020743	4,9149188933
5,9122411177	4,5002868909
5,2875958904	-4,6170215711
0,1015024535	0,0728980396
5,3995078910	4,6002966525
4,5545942403	-5,6061414171
4,8681719329	-4,5624133583
0,3437616780	0,0961634692
4,4715526103	-5,1833623565
3,0772606432	-4,6395477440
0,7893767009	-0,6007021534
-0,9800672265	0,6527706462
-0,9594046580	0,5999293164
0,0076397524	0,4135662797
-1,2365275920	-0,7035695491
0,7649199389	0,0046895491
-0,7627046324	0,0669144105
5,5564416562	-4,7837843847
3,4782335486	4,3958358288
3,4277293503	-5,7653641089
3,9022988279	-5,7730657338
-1,3577433058	-0,0481433205
-0,3339270286	-0,6735030018
2,2186617574	-5,2913102444
4,8513162529	4,8747507019
5,4780342932	4,9021941374
0,2243028880	0,8812548681
4,6421963083	-4,9295721990
3,5103131391	-5,0955268788
2,9441590008	-5,4486991863
4,5160404744	-4,8273754754
0,8831868239	1,7769923704
-0,9534371019	-0,0023073967
3,5776470593	-5,4697532678
4,0479049964	3,7581271414
4,1953746583	-5,1542473864
3,2457505949	-4,4996991978
4,5172002396	4,8912171863
4,9888609558	5,3733600773
4,3715527200	4,5504995835
4,4897917092	5,0394893774
4,1607409720	4,9503726108
5,1893238448	4,6757235644
4,9578605029	-5,5976902000
5,5259553939	-4,7800341139
4,7949084472	4,6263410179
2,5557594318	-4,8520613570
-1,5287419938	-0,3428274752
3,1825125642	5,3275145990
3,2365273248	-5,4758345848
-0,8398746631	-1,0319686201
0,4013834784	0,2367611252
4,3951657877	5,5965642020
3,5372969107	4,5706258486
-0,5984171053	-0,3751977095
5,0080671288	-5,5470327905
1,0248038559	-1,0429507200
5,5919340940	5,2521204573
2,8892298050	-4,7931975570
4,8240779458	-5,4283634170
4,9143113457	-5,4419065451
3,9896024686	5,2770938748
5,9296212322	-4,9481916869
2,6370709314	-4,5629105648
3,7546204469	4,6607577783
2,7538024752	-5,1866435688
-0,3706271635	-0,1327813380
6,3777912757	5,1197809514
5,1263402508	-4,8528383847
5,7104295033	-4,1205587456
4,8824022961	5,2970213181
1,3780959471	-0,0747040872
5,6052939489	-5,0244421611
-0,1300486119	0,0328916704
5,4488539908	-4,4599303310
0,3752137175	-0,2046500117
3,8899413821	-5,5407367697
4,9354557453	4,5478694333
6,5413574265	5,2316524497
2,9425364294	-4,6407661754
0,4408030845	0,8813779199
4,1931430708	4,2709280858
3,9027784199	-4,5595917152
2,1950812786	-4,7182690728
6,1514656377	4,7058317437
0,6560547517	0,3862144030
4,1364009551	-4,3852331824
4,7624732765	-4,4012497259
2,9262988673	5,2879225696
0,3234507104	0,0056780741
4,2430450579	-5,4063465678
4,1760133442	-4,6756032118
0,5719985804	0,0414064067
5,2308948378	4,5056107927
3,9487658650	4,3958056218
3,9760300085	5,3440605099
5,9586099197	4,4487057101
0,4172515440	-0,6473344387
4,9825261267	-5,7508542902
4,3864580467	-6,3676884376
1,1573285006	-0,4719561772
3,8437875165	5,5410669091
5,5143926696	4,5344845119
3,4835262816	-4,4637091008
3,9708854819	-4,2711670075
0,4318413093	-0,5317404217
4,2350567595	-5,1811105990
4,3296573314	-5,5631392708
3,5312451121	5,5344792903
0,5205300703	-0,2995198408
0,6826597563	-0,0170780997
4,2920497802	-5,4291112007
3,0861110923	-5,0990076632
5,3175605645	-4,6850645592
-1,0097613701	-0,5058091459
3,8359384622	4,7706858341
1,9591774238	-0,1417992369
5,0434121374	5,1200373237
5,9699060212	5,5034377097
3,5887361630	-5,5524482166
4,7317165896	4,4714849324
3,5875412573	5,1291973974
3,5877591976	-5,9629805786
3,8993248497	-5,0713326493
1,6677503937	0,3538322801
5,2420476003	4,3443527048
1,4929838427	-0,2514922991
-0,1943386991	0,5824011542
0,9997042257	0,6614888146
1,1258078046	0,3012968110
0,5675397997	0,5608022914
-0,4768914399	-0,0719224863
4,4506928013	-4,9686306671
2,5808752077	-4,3344939698
-0,4835446779	0,2595192535
5,4739627374	5,3067287797
0,3335385393	-0,3818510259
3,4957712815	-4,5287511826
3,9004360303	5,3868066893
-1,2899677127	0,5271144670
-0,1468458209	-0,1147810920
4,5408465156	-4,2549742092
0,4291504183	-0,1638864643
0,1446671053	0,3979530714
2,6375761817	-5,3539341934
1,2649413362	0,2135345576
3,5677820836	-5,0207089449
4,7760198455	5,6837355527
4,4748831725	-5,2690021046
1,2947680182	-0,3977190803
5,2298396744	5,6157102273
4,2286663997	-5,4945873079
4,1094545031	-5,2499617682
-0,9633132988	0,6410409564
4,5794814595	-4,0070370812
3,1025714837	-5,0170282921
3,5491331001	-4,4339535689
-0,6101226633	-0,0116464377
5,5805961192	4,4749253384
5,9911967541	4,6683799911
0,6265918371	-0,1808842809
4,5566079684	-4,0852747110
3,2519406907	-5,7487987758
6,7081334405	5,1514910135
-0,2477272924	0,2425510087
3,2890527496	-4,9876692103
4,9765821823	-5,1762576306
-1,8717367718	0,5180439173
1,1788600117	-0,4837241071
4,3688347445	-4,2071018213
2,9648144516	-4,8783465961
4,8122576831	-5,4918491100
0,3155056550	-0,4132586176
3,3395015626	-5,2325662735
4,6517575418	5,1924073722
4,7776044062	-5,0341405527
4,9869828377	5,2390288562
5,4960332084	4,5746687598
3,3289976553	-4,7650520501
-1,1541419667	-0,2682292068
0,9940995285	-0,4939038449
5,9103430552	4,4688797209
3,9171872270	-6,0838943519
3,1909667074	-5,2050558119
2,8745811287	-4,7684984182
3,9558177760	-5,5167289372
5,1253724533	4,3113836583
-0,4196443844	0,7673805524
3,3941293844	-5,2111976780
5,1087131821	-5,1636930522
4,0033338194	-5,5218557926
0,3772552604	0,3021270408
4,9210840834	5,0426452964
5,4346805144	4,8977432861
4,6911116095	-5,7685129785
1,7373744096	-0,4822823503
6,3365708924	4,2027803736
5,0484307194	4,4727138419
3,7921911834	-4,5831139466
-0,5038635753	-0,2811042126
3,7088705811	4,6487828662
5,3682001617	5,2150525454
5,8242826556	4,4533747382
5,9300586879	5,7233957835
6,3909782706	4,8832839153
4,0104560047	5,3771563260
-0,5856883734	-0,1682429425
3,7906225165	-6,2272930498
6,0260455542	5,1479758466
4,1684120248	-4,4084615555
3,5370043036	-5,2501803297
5,1697137216	4,6965691759
5,3617957447	-5,1481883545
3,0213310967	-4,8580871680
-1,1049108718	0,7749003609
-0,9136240654	-0,3564521844
4,6264560938	5,3422228934
-2,2239788155	-0,1229482837
0,1889733740	0,3308043024
0,8034240403	0,1191871205
-0,1714309925	0,3031936730
2,9572644088	4,6900960440
-1,2946100915	0,5566894893
5,8575607133	4,3873020965
0,9442643488	0,0829257215
4,1875840899	-5,6033169316
4,4614445563	6,0478423731
2,7991634963	-4,7687167771
3,6963891963	5,1155943389
1,3993381627	-0,3944970385
5,6419060075	5,2111009859
4,2628580063	-5,7481809814
4,0859583251	5,9431795775
0,6932662489	-0,5604787630
5,3793294511	4,8803946842
4,3640756715	5,0924305702
-1,3905327749	-0,3251695463
5,3244144384	-5,5001592542
3,2253663688	-5,2132924949
3,1539337904	-4,9694907186
3,1677241141	-5,0478096595
2,0077822776	-5,4328187568
5,8953325831	4,7951794622
6,0572671735	-6,0596018074
3,0098246068	4,9661182809
4,8353777085	-5,1087011173
4,1544646570	5,0983096483
-0,9925006478	0,2305714004
5,0031898135	5,1495838207
1,1708177279	-0,5854497289
-1,4443564907	0,2108031121
4,6866558020	4,7455160608
5,0188837195	-5,4035423947
4,8005131254	4,2064107805
3,1323797905	4,3435157708
0,8345457301	-0,0847212302
-0,5612139738	-0,0310051568
3,9757572534	5,2225549099
3,9094467628	-3,7803163947
2,9185782407	-5,2353765193
4,5416236763	-5,8021976961
0,9155110430	0,7064199421
3,5093396346	-5,1753813264
4,2027673980	5,2342183511
4,6917314228	5,4742978453
-1,1116453646	-0,6900052011
3,2520301353	-5,2870607980
4,7929589481	5,1224026595
-0,6736552405	0,9805176026
3,9559924142	6,0966256637
5,1090263109	5,1259099138
6,6470592559	4,5565762762
4,0635977519	4,7287003181
5,6810014124	4,6365379469
5,0518706697	4,4399779581
4,7055280881	5,3343204780
3,9460927077	-4,1687791998
5,0104515303	3,8636214255
4,7164383229	4,5729628635
0,2004901315	0,0056538146
-2,1126519768	-0,4969533937
0,8456380679	-0,1276511449
3,2521080380	-5,6642781784
3,6907593310	5,5591442862
6,0962254018	5,9162492710
6,0064103796	4,9030903299
4,2211100588	-4,3811525886
6,0443851316	5,9465391165
3,8102917980	-4,9249938599
0,2687313300	0,8083429164
5,5678513822	4,9856371890
3,9568923158	-4,8173297470
6,0145369669	5,4973140884
4,4734414551	-5,4025569182
3,8601782109	4,4537236263
3,9139845216	4,4641725480
-0,4880320444	-0,3587978919
4,8290416606	-5,3603651841
5,3273207164	4,5774805042
5,1239024308	4,9162972439
0,0527864025	0,7092418539
1,3966789374	-0,5961055902
4,6505822009	4,7886659224
3,5957280519	4,8905619720
5,3290231218	5,4789425308
-0,1423132898	-0,4122389493
-0,0992334471	0,3737843033
3,0527873551	-4,2996888805
3,2881392003	5,3377806481
5,1591606543	5,8857475685
-0,5803483435	0,0117379985
-0,8152319986	0,2385661394
5,0987684374	5,0288084939
6,6316928032	4,4061467965
3,8255242895	-5,5194679116
3,6522046437	-4,6150083622
0,5187337064	0,4950213312
3,1958048100	-4,3869338529
6,0438423697	-5,1397206526
5,3846788913	5,2214363528
6,5838540148	5,2359495071
3,5778759043	-5,1358632541
-0,2090770076	0,1293056724
5,9406579782	5,4686741401
-0,0682248228	-0,0899969811
5,3472849825	-4,5890814166
3,6732521387	-4,8844670065
1,6651941279	0,6221398428
4,5446914269	-4,0466987187
6,7802202954	4,8517512084
3,8720453009	-5,3631433987
4,4300506935	-4,5433935047
5,4607621049	-5,4187718030
4,1539197716	5,3057363121
3,2601882057	-5,0064305268
6,2889406625	4,8117541887
2,2129367795	-5,3676580517
-0,7518533927	-0,5494790694
2,5105960109	-4,9567214264
2,9562544418	-5,3193720809
-0,9669284607	0,2043874933
3,6177418274	-5,3797471710
0,3469589016	0,2827334892
4,7292814384	-4,5958855373
-1,1723250404	-0,1264299886
-0,8839540018	-0,2549377609
4,5962668856	-4,4881991605
3,3866845633	-5,5548058489
3,3581605836	-5,4188767022
-1,5042389511	0,1562055692
1,1648620632	-0,8413136918
3,5226413748	-4,4425531641
4,4341849977	5,7085972861
-1,0075793474	-0,1558828946
1,4867915501	0,2894730444
5,6106433238	-5,3245589591
3,8488241573	5,1308792167
0,4448668202	-0,1516570154
3,4945366976	-3,5445922051
4,4051577771	5,3243090114
-0,9802759115	-0,1975434099
3,9807256208	-4,9779053003
0,4170027185	-0,4446638981
4,2728976779	-5,5420369237
-0,0312761047	0,0595307848
5,5141103219	-4,7021807775
1,1708793094	-0,1472038274
-1,2819817330	0,1255271431
5,1630818148	-4,5009040659
4,4235372112	5,8781572300
3,4179002141	-4,7816045028
6,0375528681	4,9008663691
4,8501034852	-4,1449494638
5,2776519949	5,6539806003
3,1716665122	-4,5051894619
3,3913122211	-5,4077427404
2,8465115813	-4,6457112094
4,9524293063	4,6359325215
-1,1062007304	-0,0399676464
4,3468190544	-5,3859047624
4,3598752955	-5,0290421430
-0,5822247826	0,0985162554
3,4369974346	-5,0592097144
5,4592791856	4,8651283059
0,8173706404	-0,0979833452
2,5921431838	-5,3213737226
5,1401228682	-5,2221829975
3,7737313648	4,8593610289
4,0271207611	5,1476318388
5,5766321166	4,9682044984
-0,0060477417	0,3453277575
3,9356557190	5,2668283755
5,6253321916	4,8081819180
4,2569150018	-4,8209139356
-0,3106999835	-0,0757960385
-1,2095802863	0,1605024605
0,2343194949	0,0134130752
0,6829155891	-0,6218407122
-0,9218419935	0,0474413755
3,5185243699	-4,6654550134
4,3252169404	-6,4514254701
3,3795788372	-5,2514033567
3,9440293271	5,8245153406
-0,9936225534	1,1836748764
3,9554336577	-5,1841007164
4,8663498452	4,4697142605
7,4705096892	5,0287086004
-2,1603167670	0,0921659177
1,7678161245	0,2601464761
5,3547989698	4,5511252836
-0,4989653101	0,1226167961
-0,1133387468	-0,4583731498
6,0982963598	-4,8908736337
0,3647066923	0,4549720924
5,3984828811	4,7442605933
4,8440992446	4,9545331524
4,6561386594	-4,8155911892
0,0165593644	-0,4192289633
5,4817403424	5,2871407861
0,5129158211	0,0954819440
4,4084681328	4,7441362477
3,9829739959	5,0062863008
5,4089056860	-5,0443891162
4,2924474965	5,0622683454
6,0332284544	5,3129332804
3,3170508621	-4,2972263669
4,8764489116	-5,9280504926
2,5980208629	-5,3433614793
4,6164750513	-4,8725163265
3,7011580624	5,6147971354
4,3932762369	4,6224647373
0,4122289930	-0,3043522581
5,2810900031	4,9076152902
4,6694124462	-4,4436565087
5,8146916232	-5,1821254657
-0,4812479926	0,7862360907
1,1127953531	0,3110687332
-0,1857756894	-0,4789187963
3,2658833570	-5,3192301594
4,6613319509	5,5169945243
0,7654803928	-1,1723711611
4,7691949958	4,6428151078
-0,1842799250	0,0940168635
-1,8801361535	-0,8057823590
-0,2784983507	-0,3881643759
1,4994595610	0,3216873085
3,6025180185	-4,7444782635
5,2382847640	-4,6929690718
4,3001925887	-3,8093030266
-1,0504594790	-0,4606255477
4,1527488882	-4,3751029705
4,1226936628	-4,7551751991
4,4242045463	3,8173559730
2,7826179189	-4,5571857351
6,4572680402	4,7658168251
3,5125927524	5,2129807067
-1,1494701348	-0,0520980168
0,9081241155	0,4821729651
5,1621173060	-5,8682410604
1,1381218325	0,5866852054
5,8405316983	-4,2402051666
5,8199922809	4,3372136227
5,3780742490	5,6635603899
5,4602605003	4,9592315569
0,0428188425	0,9077717301
-0,3618087433	0,2830995883
3,9093396383	4,8320952867
3,8361058141	4,2033621993
0,3394928828	0,6179258781
5,1701445187	5,1707616993
0,4591866592	-0,1809917231
4,0284527961	4,8235231830
5,9911088381	4,4513879461
4,8083381403	-4,3216895712
4,5322383849	5,0478607845
-0,2939661406	-0,4811028690
1,0995247667	-0,1036318905
0,7846300446	-0,6390027447
3,1101603414	-4,5566870381
3,8861706699	4,9808840493
4,9140681603	-5,1347410892
1,8917753650	-4,6450224237
5,1977157149	4,0592463415
4,3307886628	5,2669771335
5,1513106459	5,1555990797
-0,8267702673	0,6336160241
3,9990723451	-4,6738040856
0,3070620141	0,3599101283
6,2104318385	5,6600774479
6,1857598147	-5,1648216949
5,8881695684	4,9159051735
4,8925082077	-4,4461850812
2,5815467963	-5,0765441952
0,3884985921	0,8060033620
1,8520558330	-0,1766209913
5,8993258543	4,6287238423
3,7620875631	-4,6516902391
3,6840402823	-5,3679601276
3,1123297243	-4,7610089000
5,4336973471	5,9481982331
0,8603176243	-1,1195952002
3,9891681384	-4,8228552635
6,1581955539	4,1839202844
5,7442604887	-5,1127983937
2,8069074863	-5,3852041163
5,2405784252	-4,1100862331
3,3069349636	-5,6566707004
-0,9936850696	-0,2561203464
5,1421410967	4,9601262120
1,3005920620	-0,2158225117
5,2806613106	4,0109644055
3,5764677423	-5,4346156640
-0,3888178578	0,0007185227
1,1615441328	0,0702551237
3,4989515265	-4,5886399945
1,2064676958	-0,2440624961
4,7861151557	5,0724126065
6,6276031089	5,6311696528
2,2669008169	-6,0799904330
4,3969324744	5,1921171334
5,5699184700	-5,2604383573
4,2150544788	3,7477572444
4,6539152708	-4,3013750620
3,0896796968	-5,5949297769
4,7113987433	-4,7784825585
5,0983534731	5,8576810253
3,3133002374	5,1163239988
5,5635284647	5,6853066964
0,7090813303	0,3617773890
0,2262743824	-0,2911131072
3,0380747769	-4,6707678423
0,7432373846	-0,4334138692
5,4540115510	-5,3641365754
3,8879622777	4,3347804466
6,2737380789	4,5396110302
3,5043134548	-5,5630432475
3,8447823444	5,2905798137
-0,0780734966	0,3846982127
5,6803325566	-4,9017377289
2,9372038543	-5,6034865605
0,4457204149	-0,6754986666
4,7281511537	-3,7345453984
4,5389472394	-4,5813018938
3,8770191940	-5,4503873631
-1,0246055957	-0,0363984836
5,3983700234	-4,8400754671
4,4958599956	-5,3986304479
4,7534550479	5,3547967434
4,9008903535	5,2831185412
1,6437161626	-0,3640592143
3,8005732272	-5,2156008948
0,4218652966	-0,2824242030
4,2767688487	5,2577201142
3,5314561271	5,4148834287
4,5279775091	5,4684935346
2,8530717580	-5,3627847086
4,7616422942	5,0905721365
4,4740615843	5,1063609454
3,9049812838	4,9686692656
6,3987394875	5,0842103962
-1,0963114344	-0,4884392910
0,7848602859	0,2134715084
4,1051365604	-4,7358390016
-1,3583324197	0,0142736579
1,3800118672	0,4527596395
-1,3516717862	-1,1195744207
-1,2373681654	0,4093175488
-1,1037875316	0,1153509027
-1,4253111710	-0,2111632267
3,0335526235	4,5967548247
3,0980531268	-5,1834398678
0,6208358063	1,1144424370
5,6418874617	5,2458290810
0,5264743791	-0,3506293374
6,7953334956	5,4392068793
-0,3459828628	-0,4584884517
5,7774950131	5,0746814119
3,1390236651	-5,2396204262
4,6385901707	-4,6183424075
5,6176683862	4,0098559529
0,4492706542	-0,0274035058
1,4357761780	-0,2582435006
5,3963160768	-5,3799854052
3,6231760678	4,4547845352
5,2628656999	5,4643668737
-0,3959490602	-0,6405507832
4,6743320438	-5,0409404946
-1,5033058614	-0,6982626945
0,8217233023	-0,1267492581
6,1311282588	5,8361279643
3,7123226907	-4,5385831544
-0,1836223330	0,2177825830
6,7649810435	4,6720341690
5,5051748797	5,2039656466
4,0918775844	-4,9490760724
3,4705146642	-5,8695050138
4,1846892584	-4,7514224362
6,1185788875	4,0201636756
5,5248929209	4,6901150542
-1,5595553822	0,1791934725
3,8349723339	4,5091090375
6,2079261974	5,6956796071
3,0478326476	5,4201500649
0,7404459205	0,1436501670
2,4754882241	-4,4949685661
-0,3364736087	-1,2653804715
3,0858663854	-5,1323250842
2,5417014896	-5,1349079237
5,1196573393	-3,9909317873
3,9123433353	4,6337134538
5,5395178331	5,2294604655
4,3884253624	-4,8257977004
5,4423572304	4,7899534983
-0,0269014363	-0,0459227970
3,0971980081	-5,3890718644
5,1275750849	4,7223731696
4,9730309573	5,2638518662
4,7094743632	-5,4658717127
1,2571776283	0,1631905605
1,3722260008	0,3129470002
4,1474867119	5,2264366286
5,3228104943	4,3189458412
6,4505904046	5,1468796739
2,8998675817	-5,8259275395
-0,2559408924	-0,2026574923
3,2268489961	-3,9124919628
1,3915189619	0,7918387994
3,3189495533	5,0766223234
4,5747364365	-5,6528788986
6,2534517913	5,0336008814
4,2064657632	-5,2565292030
4,3683539323	4,8103942608
4,2121331047	-4,7151377062
2,9420481594	-5,1032121924
4,7289976841	-5,2459600329
-0,7051523934	0,2456330197
3,5900393686	-4,2580283385
0,4105719156	0,5251344992
2,4785092277	-5,8675459249
-1,2066367189	0,0025637898
3,7260248233	-4,5882078042
3,3824246036	-4,8988024542
4,7496612102	5,2944804346
3,5227803004	-5,0945490462
0,3451617943	0,0052493798
3,6260785332	4,8982682083
-0,7455576796	0,1089343932
5,1966371086	-3,9613378161
4,1739391080	-3,9569291523
2,9008586526	-5,2105917513
-1,4708340377	-0,1423429850
3,0594588486	-5,1319951303
3,8162135520	-4,9500074819
4,2223302249	-4,7636057148
6,3213603351	4,4182240444
0,3495004948	0,4513102086
5,5090434382	5,4016088995
4,6644811734	6,1475893343
3,3878417812	-5,4021118228
3,7283012035	-5,2496926219
-1,1605297047	-0,4507994702
0,9055939627	-0,0532032004
-0,1561115298	0,4754012697
-1,3358887097	0,4668877582
4,6723202983	5,7019881936
1,0188648804	0,0773316980
4,6228290426	-4,8275252045
4,9489657569	-5,7362409939
3,6444316419	5,6220834205
3,9300531260	-5,1519529974
4,0025156555	-5,4323486415
1,4298585798	0,6059236031
3,9417070231	5,7718792399
3,2836041449	-4,3415147010
1,5288491029	-0,3470679671
-0,7541495846	0,6187137113
-0,0452848675	-0,0846220076
4,5765387674	-5,0733579390
0,8964139002	-0,1890050662
4,3378638431	4,8506829166
4,7985414359	-5,0265661562
5,5750844930	-5,5246918239
4,3810423819	-5,6468533064
1,1022629343	0,8594320632
-0,1450097619	-0,1979016005
5,2413418589	4,8424117926
5,4413630192	-5,4459314209
5,4921566728	5,5255784161
0,9224937845	-0,0355659862
0,3599207353	-0,3029352665
4,1652138160	5,8711863531
1,7032201685	-0,5409458893
5,4264298186	-4,7434392455
6,1265225286	4,5824069910
7,2909631984	5,9362387541
4,4749448538	4,6640538701
-0,3440930884	-0,9096087314
-0,0096564626	0,1635425738
4,5799873451	-4,5246869295
3,6998927142	-4,2411812129
4,0941700577	-4,9639657764
5,8753270841	4,7949501047
5,3769566665	-5,6201449029
2,6022530472	-5,2434907792
-1,1266787194	0,0101708973
4,3872273864	-5,3997991533
4,7157739747	-4,2676091548
3,2129320305	-5,1187919403
4,3907055543	-4,6662657213
5,9532253010	5,2768524736
-1,7139790870	-0,4764048536
-0,0326315690	-0,7169641298
-0,5631746143	0,3702686348
2,9553085959	-5,2542454681
-0,6811267715	-0,2861642075
3,9693457225	-5,0671794141
-0,1947746649	0,1848764778
1,3835785112	0,9451206899
-1,5489841413	0,1371070432
3,8173410523	4,6470707902
5,4663097314	4,6058938998
5,3161823990	-4,6306946122
0,4910063882	0,1020008257
6,1020479777	5,9007541659
0,3690091617	-0,3812301561
0,1584901877	0,1109741057
3,8661130238	-5,1114223063
3,4407579288	-4,4006125941
6,0715708636	5,2845893999
5,0086171919	4,5652846355
4,7171435627	5,0875661766
1,9406050679	-0,8531366407
5,5030126760	-5,1113120884
4,6544316273	-4,8050793673
3,4499805728	-5,7870048585
1,1226123344	0,7780223819
3,7192378785	4,1048883226
3,5035534144	-5,0754387588
-0,7242049593	-0,4814122120
-0,7719158586	0,1320893343
-0,9668061021	0,2998311227
0,9161408030	-1,1252561355
-1,3213132166	-0,8715253373
4,4073975359	-4,7465583112
5,4186872397	5,6471875080
3,5660115019	-5,1189126711
5,3008574006	5,2950226053
4,2112588655	-5,7243002739
-0,7565912639	0,2532292067
5,9358396566	5,4783455475
0,1276645353	-0,4325001340
5,8689368257	5,5023706027
-0,4544708637	0,0500471116
6,4358867051	5,0723624999
4,9346019504	-5,3569043254
0,2529496942	0,8972938942
5,1212935971	-5,2395771977
3,9091265691	5,0932546350
4,1304969809	4,4488193210
5,8780531803	5,2892125178
0,7137239664	-0,1170408782
1,2112632139	0,8609265006
3,0176294714	-4,2509740422
3,9737369051	5,0953389631
5,5679741140	-5,2688609126
-1,6501645576	-0,2699499148
5,2403377835	4,4781934674
3,4116785427	-5,4028764740
3,6618684420	-4,3991233963
0,0634505583	0,5635541240
5,4341861830	-4,7096655304
-0,0161103550	-0,0185767957
3,8556822180	4,5534142377
5,1946440056	4,5907895722
0,7676199779	0,5150316040
4,4814273828	-4,8001939534
6,1243701717	3,8052973698
5,7158779002	-4,8637498597
0,0659928080	0,4578479802
4,0263952019	-4,9440404988
2,4798239108	-5,1028800884
5,9429081578	4,5014348537
-1,3851936153	-0,2363649878
6,0143204431	4,8711057050
0,1374030143	-0,1129617972
-2,2818219412	0,8910850899
0,4498703740	0,0959766921
5,2033845177	-5,9852351139
3,7715538513	-4,9107090210
3,9881607278	-4,6730895455
3,2695237366	-4,3980888643
4,1980490756	-4,0972149977
3,8442194911	-4,9812553322
4,3774392398	4,5914272295
5,2547943280	4,5557423467
0,4937578629	-0,0568449945
2,7936844337	-5,8651555926
4,6623782731	-4,9653111144
-0,8394334100	-0,1730653776
4,8075509242	5,2029787799
0,3563246844	0,5955814197
4,5432934788	4,9136726736
3,6851230640	-3,9091174909
5,4661820273	5,3551936119
4,7039524515	5,5030553904
-1,0475246413	-0,4099808984
2,9791979119	-5,3810902616
6,3770772521	-5,6161860735
5,8930919271	5,3083326929
1,3820255933	-0,8468844325
-1,1220942114	-0,4187008839
4,8204744210	5,4665103238
4,1604658411	-5,8384103788
-0,7481474285	-0,2132822516
4,7486549041	-4,4516055374
6,1108921810	5,0846995956
-1,6601351275	0,4870544301
-1,2161015797	0,7504179266
1,3559142840	0,4239992736
2,7233483419	-4,9499593823
-1,8003741964	-0,1005529479
5,0864738906	-5,1441147232
3,2225204945	-4,7028186216
2,5710484394	-4,8843591577
2,1740645568	-5,7254130003
1,1864144215	-0,0861607876
3,0569434126	-4,9756779659
6,1058559997	5,2748133965
2,6773621152	-4,9850049549
3,1196092927	5,3951968677
6,2905212658	4,8984721109
5,1159235239	-5,2202260592
5,5813234982	5,0808738853
0,6759471270	-0,2883092174
3,8950827111	-4,7024889972
4,1129264398	-4,8874014450
4,3903829452	4,6616410492
3,8325851325	4,5202213197
-0,6192126249	0,1254375525
5,2270327041	-4,6057337065
5,6665524575	3,9125538308
4,3737490079	5,3480754304
4,0884069354	-4,1233436056
4,1746964645	5,2165870202
-1,2122887404	-0,4061269040
0,2604979306	0,2627401621
0,2815022101	0,0472804809
-0,2679644889	-0,7967679105
3,6714144108	5,0094342491
3,2545310603	4,9740565818
6,3016446814	5,6282761393
5,0373232001	5,0433294319
0,4147997607	-0,3960893508
5,4062994242	4,8260282858
3,3690745765	-5,0653498790
-0,5257566988	0,2273180794
0,1254866681	0,4080858050
3,4723137469	-5,6163380285
1,2521773905	0,1494282976
3,1017891459	-5,1127696518
-1,5935797216	0,3609286007
4,6290678139	-3,7146464561
0,1237936724	-0,0271478156
0,0739798386	0,2881156114
4,3758601046	4,2897809348
0,1522384780	-0,2771764648
5,5180864921	-4,8168448463
-0,0962079410	-1,0373731950
5,0122637954	4,7804692451
5,0433701053	4,6095048411
-1,0708749808	-0,3952983570
5,0169288555	5,3081280241
4,6038391291	4,9992909009
4,0591993993	4,9817817330
1,4530060938	-0,3121349632
5,3786232119	4,1260232547
3,6899101024	-5,1668474583
0,0627751317	0,6573665472
4,9842757771	5,0671831163
3,5494914897	4,7231599784
-0,9715023126	0,2361261676
-0,5772680415	0,1684144296
-0,4626866602	0,1810974706
1,4926304790	0,5529941744
4,9357156297	5,5701905337
2,7282788639	-4,8628684160
0,2076914431	-0,7495294930
4,4940515258	-5,0876987251
3,6657334332	-6,3437743022
4,9198846636	5,3190812653
4,7569174861	-5,3210202432
5,5181378760	4,9865105484
4,3165619884	-4,6903772998
3,7766017838	5,4533081271
0,6794136732	0,7139569942
-0,4162276502	0,1014378922
4,9444643276	-4,9354795998
5,7695825101	4,2366565808
2,8652664247	-5,3787753821
1,8133092777	0,1755045322
0,0272776581	0,0851835106
3,4133248233	-5,5109691905
-0,5386947799	0,4898495859
2,6045101028	-4,6675610716
2,3271064529	-5,2783092024
5,2397214345	5,2714093489
-0,4452814301	0,5197676828
5,9346950983	5,0285660642
3,8541989074	-5,7577644132
0,5600173333	0,8285171297
5,9157958549	-4,8587538165
4,8221275999	4,4280905212
5,0617265519	-4,4005505613
5,6725695479	5,9242526215
5,8975183344	4,1227287005
4,3761689524	4,3567424278
5,4577409258	5,2321339662
5,6475931376	5,6504251974
6,2152844387	4,8266651732
3,7335613109	5,4269852648
-1,9326202071	0,1396947261
2,5871010058	-4,6642936757
4,5432145411	4,8340864749
4,1147997484	-4,7933559913
5,0603026710	-4,3426197930
4,3257816927	-5,2831261428
5,5462585827	-4,5744230713
3,5620028778	-4,4190628233
3,7809125376	-4,6511787463
4,3587769509	4,8639438600
3,7211954495	4,6000887885
3,6062495379	5,0138458832
4,2020527397	4,6455626295
5,4116408541	5,4061503127
5,8571572012	5,3779869344
3,1721735471	-5,1079020144
2,9719799014	-4,6955413211
0,6119855269	0,1646700924
-0,3912363514	-0,8519657797
6,4151898675	4,1139176386
5,9412740073	5,3832247337
6,5759249063	4,3978242234
5,7069483443	-4,6543563882
2,8652667390	-4,7694870088
-0,4596559372	-0,1407859597
0,8315079691	-0,8542338228
4,1729261786	-5,6913307085
4,4938041532	-5,0107421338
4,4728337661	5,5903113851
-0,6252071044	-0,1530430470
0,1623239222	-0,2092718485
0,0706295799	0,1961272212
-0,3563949804	0,1535154089
-1,7912712907	-0,7487849275
0,3251434476	-0,2947640461
-0,4687207187	-0,0255240275
1,0322943831	0,2444793381
5,0936421825	4,6407564651
4,2374878805	-5,1388343050
6,2652105466	4,6924417189
6,2641393345	5,2476870316
4,8343417430	-4,8157402837
1,1348786533	-0,3371418302
3,7555373038	-5,1974827271
0,5199516674	0,3156916212
2,2085173468	-5,5615694402
5,6708150776	4,9705615006
3,9280573149	-4,2848601074
-0,4407812527	0,1028103041
4,1959257876	-5,3731505763
3,4795241242	-4,9375705196
-0,5916387342	-0,9830493023
0,4261705546	-0,5145036396
-0,3999675405	0,3232530150
-0,7139486175	-0,3835568191
3,0492263085	-6,4295657447
3,6957759336	-5,7938434020
3,7987817638	5,3525678495
-0,4526575538	0,5941158583
3,2141117489	-4,6575759477
0,8375785808	-0,1359076171
-0,1278577441	-0,2471833966
6,5351583434	5,4380278689
3,7332344114	-5,6741382674
4,5713581211	5,0985538222
2,9236945275	-5,9679879799
-1,5141005899	0,2532099553
-0,6266448220	-0,6026732366
2,5105410510	-5,3681802974
3,5199756905	-4,4042569907
0,4410549291	-0,1572140260
-0,1923310891	-0,1450634593
5,2989478865	-4,9027763338
-0,9474131046	0,2112006485
5,1793696765	-4,9083264560
6,1368055725	4,5082013157
4,1230277716	-4,9595700910
0,8681514257	1,0706827090
2,6294696053	-4,8962004800
0,6077770180	0,3064811243
-0,5048311078	-0,3750526927
1,0043701787	0,4259422259
4,1065038067	5,0493505225
5,0825563420	5,0511094278
6,5022882924	5,7557878290
5,6613329177	-5,4796756018
1,3670353347	-0,7144386027
3,8212093802	-4,9552373093
2,9278345394	-5,1597299282
6,3734226508	4,5830252632
-0,2060200694	0,3744579545
4,0978208565	5,2174775123
4,0694267658	5,6956128057
-1,1009793256	0,2587219183
3,4359168735	-6,0973726941
3,7947730627	5,8717914546
-0,1728342643	-0,1158986006
5,1235166940	-4,4322736586
4,0909858432	4,2557513930
4,5866316789	5,9927642484
1,8068841759	-0,3414548992
6,1064547140	4,5545392552
0,1551415603	-1,0195176966
3,9317558803	4,7280932569
6,2948727912	5,3305255679
-0,4063746972	0,8274841955
0,5119720836	0,1884309494
4,5388593871	4,3021298155
3,0174688256	-4,8155749839
2,9085737667	5,3804427053
-0,6162469191	0,4360325791
-0,4422672703	-0,2137396575
5,9166060363	-4,7947396941
0,0031603094	0,3383015383
2,4006563536	-5,2715764232
6,5365103328	4,7366196981
3,7206879781	-4,6833794422
2,6068769848	-5,1934278207
5,4559762238	-5,6250443072
5,6514071627	5,4928978368
-1,2736221789	-0,1151109777
0,3360863958	0,5521620546
5,8721908377	5,0232979103
3,2047852252	-4,2079298257
4,8124090063	-6,0925856294
2,7582661421	-4,4136184720
6,0623071092	5,5783665309
4,5267886622	4,5981206952
2,6777224056	-5,3423950914
-1,0499012807	0,1141270255
5,4981494789	-4,9168858782
5,2269393007	4,5493969740
-0,0287969423	-0,3702661057
3,9883361088	4,1839702255
3,8321519491	-5,4593764687
-0,9403990089	0,5201286666
4,6159637911	4,4727026496
4,5932999288	4,2241193107
6,2001236277	4,8881528128
4,6617317151	-5,0706061134
4,1485742499	5,0686379977
4,6020494957	5,2145880867
3,9792836281	4,4282010295
0,2666896575	-0,2124606418
3,6408557629	5,8918377578
2,7479106904	-4,7664389620
-1,3463606460	-0,0595737329
-0,1849709834	-0,3811036932
5,3918783793	4,3658036066
2,7583955672	-5,6998177148
-1,3141883210	0,3607699265
5,0938697267	4,5097120607
6,3050344743	4,8214748066
3,2771210236	-4,8515110849
3,8162311913	-6,1092933594
0,5766966262	-0,6619727501
-0,2653079153	-0,8597620200
1,0958719077	0,7117007025
4,3825405880	-4,3768648568
5,5080237967	-4,4799298331
4,1908368518	5,6955346888
1,7522650724	0,6904109006
0,8577891482	-0,0133664783
4,9192227904	-5,5368588350
-1,5089149722	-0,0320649226
0,1188812661	-0,3821801138
4,4450857968	5,0188069963
6,7482196009	6,0357079671
-1,0099082522	-0,3139590831
3,0062799691	-4,8809512669
-0,8612115218	-0,2433272303
-0,1278015810	0,4614521196
-1,3098775531	0,4671621311
3,5664925547	-5,1029652253
4,1609273553	-5,1267503259
5,6175786544	4,8500041340
-0,6846673524	0,3097309063
4,4774010509	4,3238964648
0,8615099675	-0,3116348347
-0,7617055100	0,3625048960
4,8440192395	-4,8055530754
0,8975656872	0,0394677531
-1,3889599905	0,8595452796
5,2812736877	-5,4703620452
3,8631519677	-4,4046974380
5,1973951323	4,6825344786
5,1101537379	4,5634267533
6,3673267864	5,2438793592
5,2370122769	-4,6762679548
5,9118696537	5,3554822904
3,7072500715	-4,6979200950
5,1617377947	4,7485915398
0,5951804683	0,6688996233
5,9459009228	5,0683022492
-0,4490894388	0,3084414651
0,1697005818	0,1102961564
4,6044172144	4,7865245825
7,1231344451	0,1345345551
-0,2125668401	-1,0244106858
3,6245693385	-4,4059926582
4,3912654160	5,0327837658
-0,3772152266	-0,3863995121
4,4964422675	-5,2910753830
2,6362678816	-4,2558035583
3,5282125489	-5,2385318166
0,4898222891	-0,4514925506
0,5362786558	0,9033545776
-1,0858909009	-0,1743862992
1,8699792322	-0,2526017298
0,3517887573	-0,3611078949
4,9138584329	-4,5348835941
-0,8491193379	0,1918041359
-1,4442626597	-0,2567390203
2,7843520697	-5,6180490044
2,9764241378	-4,7281032733
3,9368215082	5,3003356007
0,6405094324	-0,5415635628
3,9288768280	-5,2474645901
-0,1781439932	0,0033853840
4,9968467202	-4,3711829882
4,0890827895	-4,9848977825
1,7746788282	0,3332974218
0,8564642625	0,9295500758
4,9185791086	-4,0352704891
5,6493536500	4,6453415022
-1,2182566186	-0,0215031287
0,4425370305	0,1689243230
5,0910993313	-5,2696044122
5,0632278237	5,5572326374
3,8068560953	-5,0341961634
1,2259506834	-0,8358734092
-0,4261442220	-0,1578848832
4,6918193755	5,3066548657
5,3134107247	4,4167498504
5,5015267866	5,0598131403
5,7175570300	5,5346791504
-2,1697362524	0,0085928640
-0,9049710263	-0,0442999379
0,5631518550	-0,2108959018
3,8251829102	-5,4694144721
3,0141136907	-5,3855462596
-0,5029699756	0,9205581241
0,9382483782	0,6289184380
-0,6846576705	-1,3994926216
1,2008277130	-0,6323486211
5,0378224400	-5,0067958072
3,7533893544	-3,9966857692
4,1831677027	-4,8279622462
5,4794394245	5,0928173507
3,0962799224	-4,6126150073
4,2162003786	4,9547039135
5,5031871929	5,5064116793
4,4261874164	-4,5408357191
-0,0035709009	-0,3761141252
3,3090266243	-4,4918753981
4,3986162672	-5,6681576327
5,8163320612	-5,6770858331
-0,3593565068	0,4123527359
-0,6145637254	1,1769532853
5,1174261801	-4,8900674586
3,0159292453	-4,3402880621
1,0414223925	0,5221768215
5,3092240413	-5,1734096421
5,6512350450	5,7757494832
5,7015751599	4,1607072688
0,0370835912	-0,0982058582
0,7566416970	0,4544562492
3,9341678259	-5,1578349646
4,3976979558	5,0849939871
4,0166640670	-5,4156161007
4,6215412905	-5,7157559573
-1,2392932974	0,1030054451
5,8460687881	5,0731644125
3,6287937130	-4,6870230802
0,9565466818	0,7647886483
4,3267745421	4,9823907238
5,6908336856	4,4204327530
4,6207722603	-5,4798136437
1,1861533547	0,4766994300
-0,4589879844	-0,0856585131
0,8290068544	0,0679176106
4,2054574139	5,2016626167
5,0528296038	-5,0457127456
3,8690832017	5,6145082932
-1,1954853986	-0,0763297564
3,4677945197	-4,6241337320
3,3207563067	-5,3589396945
1,0689591712	-0,5745314565
0,9039898999	-0,4496639601
4,1455148088	-4,4219651768
5,3371212459	4,4788002687
5,6551380446	5,3617583796
-0,4066321358	0,6878733429
2,5929707643	-6,4050492687
4,3916363811	-4,3048153801
0,7013946953	0,4805071537
4,2498304530	-5,3908428725
3,7294168130	-4,5487059669
4,5547952072	-4,8145872550
5,3182269657	-4,3180138820
4,1205942869	4,8503657997
-0,0464657767	-0,3796629575
3,9960672933	4,5861220235
-1,6353500342	-0,7776743062
-0,4510511155	-0,5959130438
0,0508975300	0,1408023054
4,3312261803	-5,3420670805
4,2719155223	-4,2764496988
4,7651285567	5,0908087150
1,0875096095	-0,0413872085
3,1342353865	-5,9733299970
-0,7913987382	-0,4448142549
2,1125098857	-4,2184644348
5,2662619167	-4,2031168523
2,1180910491	-0,0986175591
2,6651139705	-6,1485772448
0,5432470008	-0,0621014435
6,5108380781	6,3229344071
4,8879925811	-5,2900926785
5,8186154173	5,2797808044
-0,3908010397	0,5432340136
4,0158432690	-6,2455322668
4,6323521732	-5,0585926573
2,9332839319	-5,5396128873
0,2927506082	-0,1164481466
4,6757519414	4,7531393820
5,7985841458	-5,6407838214
5,4478249470	-4,9097464997
5,6502957013	5,1545076523
0,7671836702	0,1942877854
5,7881392087	-4,5344010815
5,0555590901	-4,3027391618
5,1298542124	-5,3686570723
4,4882163427	4,7362123224
-0,4594853645	-1,0814415150
2,3562445762	-6,2952003706
5,2451615347	5,0534471795
-0,2001614944	0,5551670780
6,0280010480	5,0768585119
-0,7976840205	-0,1267378478
1,0407530178	0,6549613105
3,3732195811	-4,4107343778
3,8863450640	-4,6961940967
2,0722301476	-4,2997219749
4,8737140298	5,2331969243
-1,9248671416	-0,1831853762
5,1855872511	-5,2469240245
4,4660088476	5,3593622001
-0,2171715644	0,3692951341
5,7211744466	4,5215903440
5,4335737586	5,6298542219
1,7939764850	-4,2035395018
6,1873075989	5,1789421591
3,6157833984	-3,9588454558
5,4617925803	-4,7426241582
6,6830106039	5,6696517139
6,8137149691	5,4476532386
2,2233577490	-4,6425069766
-0,0549251743	-0,0335265089
2,6359518862	-5,3987263697
-1,1256307828	-0,1785850456
3,1179535926	-4,9262745630
3,1615472063	-4,8598594198
5,5789185285	5,1487550723
4,7208271887	3,9737212320
1,2281662614	-0,9959406379
2,7112505570	-5,6662575837
1,6878537846	-5,5823400865
4,5995807823	-5,2799973633
2,9964666096	-5,5059075222
5,3871157947	5,5572337513
0,2811861819	0,3916975739
2,8643885630	-4,5319412441
3,0172351257	-5,6011514036
4,1023106918	5,2273614678
3,2681998746	-5,0435451521
5,7760039890	-4,4240889637
6,4500696945	5,5501083667
5,6815616405	4,4016057362
6,0700522284	6,8662664886
0,8307250693	0,0479819693
4,9016063576	5,2030780451
-0,4669411436	0,2109065013
4,9124680884	-4,9607932168
6,7579157327	5,1271240789
4,0275562209	-5,1729416510
-1,8669359407	-0,2249201856
-0,2571666695	-0,4201405550
4,4131819216	-4,9127858498
4,4306268870	-4,7372126542
-0,5281061442	-0,1990161787
5,1721843326	-4,7650823828
4,1583275346	-3,9852573268
1,3209991415	0,3148690647
3,7749965027	-4,8654048049
5,8034942410	4,9911137068
-0,4781516177	-0,7488417217
5,2060633076	-5,5647488394
3,4548587034	-4,8040435350
5,3010245566	5,0149987687
5,6199637352	-5,3171091673
5,4274771856	-5,6855135024
6,7694262965	4,8375799549
1,2174107523	0,4354306812
-0,1515576737	0,3746543392
4,5848090799	5,2911393332
4,2146595042	4,8317424664
3,0991820343	-5,1575005613
6,1407314112	-4,3086105165
0,9456165872	0,0968227640
4,7223220370	5,0539867710
3,9428135081	-5,4773123909
0,4480162619	-0,3901586958
1,2588039846	-0,2604075097
5,0863784068	4,7918543246
3,4101963832	5,4007066268
6,0023499999	4,8760275525
3,8594325698	-4,9589065869
5,8788767682	4,6544507622
1,0675345384	-0,3828256172
5,4285872946	5,2821336879
5,6720382650	-4,6777560301
-0,0349159439	0,3894231591
0,3764355128	0,5702729228
5,1740264696	3,2255812570
0,9139604864	-0,1968622469
4,6998123699	-4,6777190295
-0,7874677201	0,9144555851
4,8049744603	4,5265815608
0,4165327841	0,3004315831
2,9478553836	-5,7475846405
3,0720899453	4,7637675337
4,9135549434	5,0868330129
5,4526946156	4,5213069016
6,3150796194	4,5239153220
2,6342475434	-4,9902712591
2,9979231602	-5,0241780692
1,1711514858	-0,2072912393
3,6672156293	-4,1342680667
5,3764526428	5,6595589002
4,9600543615	4,0991979955
4,0828725192	-5,6678691225
6,5024721988	4,4818010524
-1,9142500647	0,2597296186
4,1001888391	-5,3967988608
4,8676318390	-5,4101652337
4,5805946622	-4,7125100386
5,9850480246	5,4743281261
4,2924945067	4,6281610986
0,1920342128	-0,0671799170
6,1004423681	4,7518887680
1,0935040348	-1,0689259917
0,6571234501	0,7517235147
1,4454702597	0,1628630678
-0,1507972657	-0,4197215393
4,8924850560	5,4674847683
0,0134222850	0,6459864657
1,0453660639	0,5293384601
6,5243581029	5,0197217399
3,8437181622	5,6353107465
4,2871034425	5,1284911105
5,3776858813	4,7024274852
3,7272248823	-5,2257316279
0,2278481557	-0,6149638855
5,3310933226	-4,0315566748
4,3399952065	-5,9492410673
4,3346020491	-5,2173301029
0,5808930888	0,1686315753
0,2848120085	-1,0266650050
3,3295620103	-5,3800949819
4,0402994659	5,8847881883
-0,1948192683	0,1121352645
-1,2017669404	0,1463667296
0,9453720769	-0,3012673927
6,0772788534	-4,9016071287
4,1338736002	-5,0126054245
5,4264112694	-4,6944557798
-1,4620325766	-0,9007122584
1,4892386619	-0,8207175164
-0,1527080631	0,1013782102
5,7598815973	5,4969189300
-0,4539540653	-0,4921034617
5,6453222859	5,3076980562
3,4949636704	4,4061143628
5,3657202939	-4,7223751213
6,1075044667	5,3415721777
3,6987071492	-4,6006830249
0,3670263261	1,2841026069
4,4873384301	-4,8419409446
4,6831646568	-5,1680389686
5,4248977970	-5,9657797805
3,9520670666	-5,2636351098
3,7693257793	-5,6499941232
3,4634122155	-5,4789329730
5,6207499163	5,3633474331
-0,4728001233	-0,1799164413
5,3939459437	-4,5911448394
4,1109274131	-5,5545651649
5,8766066066	-4,9908265898
3,6895586138	4,8286198155
5,4593789170	5,5266147068
3,9619205078	-5,7598950148
-1,4422233727	-0,4825301363
4,8174173989	-4,7065706599
0,0305726113	-0,4422666713
1,0696629479	-0,3682963212
1,2887587887	-0,4188358253
5,4223939478	5,5553087328
4,1981130168	-5,1925053023
5,2711998072	-5,0221324058
0,4811211318	-0,2435337926
5,5356528230	4,8361909140
0,0745712622	-0,5743695436
4,3423681260	6,0495846577
3,5495328795	-4,5539460352
4,7093023991	5,0665196245
-0,5468177801	-0,4503238106
-1,1742453070	0,2672610000
0,5470109856	0,0871141488
5,1786260427	-5,7998294342
-0,2286038940	-0,7012582564
-1,2494077757	0,7703167112
1,2958625254	0,2449711733
-0,9273346803	-0,0940524379
4,9906977234	4,3642076865
2,2785394450	-3,7530492568
0,2014971196	0,0489113222
2,5443126679	-5,9258434507
4,8723129580	5,0849543333
5,5447458516	6,3935848463
2,9163066337	-4,9305850982
1,5479477513	-0,1957466332
4,6097639540	5,2136435464
3,6441652456	-4,5461951550
6,6550059073	4,6781526017
1,8679942218	0,5045406006
3,6758225897	-4,6273356183
6,2051827068	5,4869082996
3,8366072784	-5,8311457524
4,4459636733	4,9111373297
4,8049263118	-5,0779876267
0,6108736574	-0,3387802004
3,0941798378	-6,0518315643
-0,9673502254	-0,2089124567
6,0743692506	4,7067357311
-0,3777799931	-0,0880933973
4,1829072751	-4,6637430093
-1,0038321416	-0,2833960453
6,3915771362	5,0602468045
1,1655281381	1,0145715087
3,4914520645	-4,3401048362
-0,5619498216	-0,8456528458
2,0576291851	-5,4119320311
4,0711281016	-4,7680958975
-0,9132121648	0,1881727474
-1,0998389169	-0,0125378089
2,9791070587	-5,2354811529
0,7138949079	0,2351577238
5,6494702909	4,6911877247
4,6820002255	4,5757266503
5,2027026908	-5,4614950411
0,6829481843	0,1800198462
-0,9253115688	1,0048329887
4,0891762007	5,0539020166
0,1907021243	-0,0136231017
4,6059310202	4,8675127240
2,5917913316	4,9371264503
4,5988572328	5,0496423680
0,8210564386	-0,2872436536
-0,8019791713	0,3646253834
-0,0399560494	0,2051471504
4,6288874172	-4,8739680069
2,0087154254	0,2180494436
5,4404997899	5,5317815978
0,6793895105	0,2488487753
1,5669175131	-0,4634742947
4,5717260553	5,2033972137
-1,3882865106	0,8318213314
6,2157665190	5,2465433158
3,7004823986	-4,9279045245
4,1175732310	-4,9260414940
2,2761029295	-4,5400175767
5,6672353257	5,3772547833
3,8198998379	4,8174828056
4,4555536605	-4,2514824565
-0,9720924853	0,1889076485
0,5356990803	0,7056337703
0,4822597654	-0,0920453135
4,2661279502	5,4361375700
5,6667143606	-4,8689098880
-0,0736713763	-0,2203143965
5,1264896612	4,7309644826
4,6333140296	-4,1836390317
1,2432882264	0,5838309058
2,8818879824	-4,1057947654
2,1192040742	-5,5659518147
5,3754170721	4,8467923955
4,8989940005	-4,6758053561
1,2635009882	-0,8659222275
4,4690336049	4,9189152942
3,2256356026	-4,1437770672
6,5230528961	5,0903260187
3,9341249077	-4,7132571531
1,1364484384	-0,0282043590
-0,4058048235	0,4225166411
3,8745026045	-5,3328442129
5,8087871925	-4,2262964354
4,8091012491	-3,7944024963
4,8245183668	-3,8188330537
3,9567002207	-5,3188216566
4,0705281248	5,8519076108
5,0128088998	5,4022883346
0,6098625433	-0,2126241913
4,3622789167	-4,4480517958
4,0851468403	4,9421960950
2,3251745541	-5,2026870975
-1,0582411893	0,6431883728
5,6195685148	5,5510526825
0,7901896604	-0,3910390494
-0,7138378571	-0,2818691260
-1,0879109448	0,1678338645
3,8063304705	4,8031375650
4,4556031596	4,5201058079
6,5143342070	4,9892939803
3,4005619239	5,1390855088
-1,5557515803	1,3160550698
4,3543481621	-5,8751868772
-0,0974755427	0,4276698690
5,4075236673	6,0029122108
1,1976182523	0,5683627662
2,9669035252	-4,2016631635
4,2538473358	4,9567194112
5,0410308788	-4,6528107902
3,6565703980	4,4837982051
3,8722625248	-5,1250358516
0,5101492440	0,8255384488
4,3549729908	5,1899017582
4,7648358762	4,7337246814
-1,2465017701	0,6558337338
4,1384299740	-4,6452840611
4,9308658446	4,3995023740
-1,7978839889	0,0033423904
3,8318717588	-4,8555524571
4,6663662280	4,1696809000
-0,6581823165	-0,2093021445
4,4777674181	-5,1554171461
0,5344388018	0,3066787158
4,3395839056	-5,1438826725
2,7683218246	-4,7788607311
2,5590938758	-5,3741492649
4,3107498843	5,2849252686
4,3112723054	5,1983944707
5,3853276271	-4,7285206595
0,7789166182	0,4008904199
-1,1765988493	0,7369257593
5,7031645500	-5,8900102029
3,4047626417	-4,2190771355
6,0618553613	3,9181050376
1,2912156234	-0,0048983114
3,1904682507	-3,8790172467
-1,2869302258	0,5289977561
3,5240054707	4,4926419046
1,2575600971	0,1207918867
2,8913692829	4,8884025910
3,6670822576	-4,8152752951
4,5898331458	-5,1365406202
0,1328338069	0,6035129963
0,7099809521	0,0907799530
-1,2799078170	0,7260936736
0,1419393054	0,0561301013
5,0552206306	-4,7909770696
5,0753187054	-4,7136406508
6,3389450363	5,1636694100
3,8286568950	4,3374626500
-0,1927852295	0,0887195333
-0,3112891063	-0,5097014638
3,1227911632	4,9916996972
5,2245286378	5,1497132957
1,8093065845	0,2188358191
-0,1114802147	-0,0651859118
-0,6745538853	-0,3791817605
0,1114747342	-0,0541590923
4,1714365964	-5,5802534871
3,7293737173	-5,8977367625
-0,3133320935	-0,3102989843
-0,3287528522	0,0035858848
2,3612522815	-5,1080818539
-0,7224731340	-0,9010379337
6,6900644726	4,6593308355
5,0647368476	4,6218202163
5,9189911855	5,5856463794
0,3604724926	0,1095631203
3,4250261411	-4,6023117537
3,6683215461	-4,8286443909
0,3354580061	0,5060711703
5,0120793864	-4,4730443540
0,5608802241	-0,2152745145
3,8277205753	5,5907348127
4,5835627410	5,6701976808
4,9840764856	5,0511257376
3,3159524653	-4,9161976785
-1,8675647611	-0,3443542158
4,1220995370	-5,6942991360
4,5716047435	4,8677044392
0,5895464360	-0,2369528857
5,9598350598	5,3111328690
0,3962605854	-1,1475167266
5,1589468075	5,4023255949
5,5263941081	-4,3568650253
5,3492767341	5,7050165786
5,8548644164	4,9596877840
4,0173837627	-4,8514026394
3,8310010010	4,9859027784
3,4363728952	-4,5729647512
4,3547764173	6,1150283484
4,4340053913	-4,5204168880
4,2129310381	-4,7306198194
3,5831341521	-4,2765095384
4,7710779654	5,1695379560
0,3793703257	0,3355858339
2,5759396805	-4,6104435013
2,7176642043	-5,2460233690
5,0055071356	4,8068516940
4,5657617994	4,7612182646
0,7403074605	0,0704514400
1,2979907951	0,4609718973
3,8106961999	-4,8843878678
3,8951738385	-5,6293291603
1,3832879523	-0,8292209157
-1,0131843150	-0,0786979394
-0,0562504178	0,8878730921
5,5260674841	4,6605161643
4,0280693308	-4,3432480587
5,5510093408	-4,2426352874
0,3413711791	-0,0609714268
2,1037974400	-4,7238667628
5,1446556681	-4,5211455904
3,0261531670	-4,9500663097
5,5418089002	-3,7632557509
0,2397538994	0,0561151362
-0,2724614631	0,9355848311
4,5004690239	-5,5883611291
6,1936515943	4,5476136995
3,5134994404	-4,8101427249
3,5528860600	-4,8708003432
-1,3559091750	0,1799044397
4,3497898220	5,7430026610
6,1762215582	4,7640852470
6,4262116218	4,7808048180
5,4936790671	-5,2495840433
5,1724793786	5,5237262014
5,1345984702	-4,8152335852
5,4619491610	4,3215006462
-1,1288655514	-0,4998411124
3,9206507790	5,1186989454
3,6812563228	-5,0572914499
3,3430590558	-6,5517701661
6,1159596729	4,2226847301
-1,5990065693	0,2257068617
6,2986238207	4,8218812946
3,4441462579	-4,6423993402
-0,6748843721	-0,1450329381
4,2401761694	-5,8322623415
0,0742634487	0,3865468015
5,2302381683	-5,3710517974
1,5845759219	0,3517311676
6,5716555150	5,0685498646
4,5056032749	5,2457040845
1,4214088672	0,7774430804
0,1375128971	-0,2574112279
5,2746541082	5,2744412931
0,0376810296	-1,1781780643
5,5847448724	-5,9129432411
5,0747276633	-5,7801693674
4,7002406738	-6,0391087281
4,5925408488	5,0546041843
4,6054934212	5,3522741369
5,8025207916	4,9065699805
1,0688438462	-0,0966189893
4,5708838747	5,3717026954
4,7617883009	4,7559750153
3,4966625114	5,2987475993
6,5664704077	5,0254571516
5,1667354138	-5,5063567247
0,2556514120	0,3139011686
5,0784252064	-5,4995141764
1,4033347946	0,2316811763
3,9325397958	-4,6854181463
6,2458642323	5,2056786267
4,5895507831	-5,2478974679
4,2076948433	6,2739721650
-0,5736085778	0,1459330670
5,2549459819	4,7547783122
4,2962751406	4,1869185314
5,5902824079	4,7541464880
0,2708404717	-0,1259043862
6,6158949992	5,1337333816
5,4118432948	4,8169494598
1,3426663214	-0,6540979000
3,6457471396	4,9284799647
1,4419919412	-0,2898246605
4,6449920124	-4,7428555607
1,8724357148	-5,4795393954
5,7322385745	4,2903542049
6,7960399612	5,4831739422
4,2865134319	5,2730653989
4,8563100335	5,1802894262
0,5300858342	-0,3004464401
0,2072572530	-0,8153972575
-1,7037532908	-0,5651823638
4,0429865833	4,7573406753
-0,8972186945	0,2759948923
4,2702754612	5,4374888360
4,9705552661	4,5728031682
4,5792332037	-4,9459563835
0,7436430514	-0,5513425331
3,5853569731	-4,4158009915
2,9862373504	5,2363031574
-1,1482254405	0,5699483711
3,7149752203	-5,0269760768
6,0288658800	4,5882867250
5,5203342200	4,4480554850
3,1185278506	-5,1214303254
-1,0747443325	1,0551890202
-0,7736078601	-0,0309800557
4,4531296594	-3,9204216503
0,1964498640	0,2999386438
3,3774166904	-4,5234547555
0,7729394284	0,0265068332
3,1293093242	-5,0155005021
2,7712149290	-5,1570074700
2,3715410012	-5,1128129221
2,9397429501	-5,7234754424
5,6123135165	5,4376926807
5,1595344196	-4,8331814949
5,4821886313	-5,5207064465
3,5162011368	-4,7037969314
4,2223762998	4,2880912742
-0,8001577065	0,2421718229
5,8590712285	5,5239080604
3,9823463831	4,8344381547
5,7093246054	4,6595492235
3,6367800937	-4,9702217591
4,6185509993	4,5295847106
-0,9640200432	0,6326055965
4,5478905957	-4,6834071454
1,9644571768	0,3382755815
4,8631194689	-5,1810062969
-0,9905852251	-0,5995093526
5,2965668104	4,5681206065
-0,1795673222	-0,2943823227
4,5901950134	4,8857856530
0,2800815008	-0,4445717117
2,2798299221	-5,7378512246
4,1077294510	4,9151737929
2,9918071818	5,0269776350
3,8023079200	4,7740716080
4,7406194500	-5,2022006184
3,3033971152	-5,5398145288
6,4962956462	5,6729319712
3,8065907717	4,4516592805
4,3609099233	5,4574223381
-0,4500906435	0,3106348815
3,7693318848	5,2744082291
4,6641180877	-5,2830533581
5,3410939046	4,7362915321
-0,1692498515	0,1189239661
4,0492767662	5,0475512624
-0,2545045491	0,5222550343
3,5127423303	5,6424418001
6,4891477893	4,8978682140
1,7385420719	0,0180361444
5,4247809790	4,4862623063
-0,8778303304	0,0080631255
4,5228095778	5,0458454109
-1,6956006948	-0,4815919613
6,3163331910	-5,2634830633
4,0069818743	-5,3046852131
5,6027604357	5,2163423468
5,9137549248	5,1834774242
3,0682219159	-4,3504389813
5,4841711346	5,1747066029
-0,7611709778	-0,3177689197
2,6788422619	-4,0957158528
6,5723295586	4,3632954223
0,4573806729	-0,1770546691
1,1288110382	0,1676037421
5,5234936237	4,0825460822
2,4638065574	-4,9715136345
3,3999379045	-4,8944907963
5,4792886431	-4,0318607768
0,3362029779	0,8933313478
4,6249510392	4,5986563758
3,8227156819	-5,1498678627
5,1212532589	5,2730739684
5,8032997286	-5,3858422317
5,9562094827	6,0556519287
3,3439893120	-4,2262042950
4,6078958904	-3,9924837626
3,6042202997	4,6791281561
0,8380188577	-0,0358231543
3,0460664472	-5,2783545055
3,2667189886	4,7291553419
-1,5963794615	0,4662703888
-0,3038758620	0,3718354540
5,7601322923	5,2668418306
-0,7590865789	0,0281570393
-1,5376073263	0,1313637574
-1,2468511168	0,7361792303
2,6059322572	5,4077018842
-0,7678130547	0,5757588781
4,9497013306	4,6756459891
-0,5805682236	0,9867078336
2,5691469564	-5,3348645682
1,4574132025	0,7310959935
0,5518557238	0,1269131066
6,1906715599	5,2021582290
0,6779993468	0,8024712905
4,2228760548	4,7249737654
5,2711259751	5,4625270967
4,3458426322	4,5706217126
0,2883281897	-0,8268255916
-0,9966084979	-0,2781035429
1,4288134322	0,1243742178
2,3992509423	0,2624784669
-0,4414845728	-0,2006363437
2,3933405134	-4,6543157862
0,6928898182	-0,2712906318
1,2699890397	-0,2230892332
5,8137255794	5,3893760766
3,3777058353	-5,7286085010
4,7225218695	-4,9578106124
0,4220226110	0,3898283317
0,0723181775	-0,0454956392
4,9581243247	5,1901044352
2,7697562140	4,1682832347
-1,2799106801	0,5921814817
-0,6933699502	-0,1805554766
3,7668317222	5,3762564267
-0,7965410709	-0,3966159361
4,8020399124	-5,4343618633
1,0952732340	0,0805724500
6,1894923264	5,2816056526
1,1122536130	0,0553427191
0,1993146404	0,3806594310
6,3987930801	5,5354931276
0,9098973739	0,8562200745
5,0676729235	-4,9533151012
4,3989672230	5,0018358767
-0,0162786787	-0,7925743981
-0,7194595127	0,3035026013
6,1496810838	4,9027697960
3,7161611509	4,9670706006
-0,7565208122	-0,2608108280
3,5759912363	-4,8200851221
3,7577011784	-4,8286063190
4,3199200469	5,5482826492
3,7247993523	-5,7427152072
0,7856839643	-0,0908649223
4,9082527334	-5,3513865202
5,2659770889	5,0129714792
4,1767857061	-5,6509853532
3,2481312996	4,5705738461
3,0256071087	-4,7340715235
0,9192309836	-0,2610903538
0,2246101123	-0,1984047301
3,9063372640	-4,9205592841
6,3822954849	5,1301309584
0,1969842856	0,7704791219
4,7957523298	-4,3229129229
6,3052440710	4,7647748374
3,5871813292	-4,8846230333
3,6065936050	-5,7076816070
-1,0679972758	-1,0048944554
6,9934439731	5,7746134093
3,4327194722	4,9920081424
4,8339861917	4,6830186173
4,1823736220	4,3712015456
4,9780237076	-6,1093161858
6,3370300698	5,0989045558
3,6519135370	-4,8207794933
4,3476874531	5,1485949049
4,0596253247	4,7787530554
0,1059736191	-1,6763731124
4,1481418851	5,0736835994
0,8566113940	0,4706979838
5,4711124941	-4,6125797465
6,4319278684	6,4707478590
-0,0070755129	-0,2322835219
0,8665822329	-0,3643376947
3,2699347302	-5,1173825139
-1,3754569972	-0,3738839785
-0,4577645758	0,7135908590
6,6061717430	5,4868234801
1,3151074655	-0,0708658038
4,7590772938	-4,6868213069
0,5695898986	0,2985448252
1,1413993791	0,4147561823
6,3080853816	5,5552627458
1,3522700139	1,1387684703
3,9619885668	5,0626104561
1,7997483231	0,1213802454
1,7843377222	0,6083891032
5,1939453620	4,7988568009
4,2878989547	-4,7438320790
4,7677686172	5,4000650540
6,4030940204	4,5781954384
4,1096375979	-5,7812590419
1,0047391383	-0,4305055316
-0,5152387512	-0,9479730306
5,1352638541	5,6308720333
-0,3388060202	0,3043421792
-0,3832520618	-0,6812087308
3,8701966727	5,4118847189
5,3326340948	4,9501840346
4,8773378078	4,9946634295
1,0227361869	-0,1313691296
2,8797881984	-5,7519528605
1,1477817371	-0,2794729142
1,1989703747	0,6629483050
0,2242039660	-0,0293678715
5,1013920633	-4,2770858757
5,3739054473	-5,4652816253
4,7933200600	4,7985299079
0,3022693429	0,1081554687
4,2382324422	4,7863059323
5,5777592892	-5,0592420613
3,3623068368	-5,7757743264
5,9856479544	5,3329148219
1,4940741735	-0,1562750144
4,6529305940	-4,8416751965
4,7411019691	5,6045982774
-1,3188737149	-0,3778453976
5,2339113182	-4,8393784626
0,2271313261	0,0065034084
4,0320401783	4,8426616735
5,4375136914	4,8713079324
6,3852516329	5,9177267574
2,8322347798	-4,6135960449
-1,3383674585	-0,2815496538
3,1445100023	-4,1042322074
0,9478678796	-0,2222403565
4,6741523674	-4,2072021779
3,3952923494	5,0368962557
6,1440754841	4,4027159085
-0,8246102337	-0,1550239230
2,8853476132	-5,9232254850
5,8284811648	4,7732034000
3,5734289067	-4,9196922124
5,0959815507	4,8336551479
0,2472315752	-1,0832076621
0,6487219996	0,8306417002
6,5784122107	4,8767177431
4,9538760704	4,7848313329
4,6279693976	-4,8353886595
2,4422418480	-4,1667976366
4,8800834737	-4,4274543128
1,5095667743	-0,1279182649
-1,1019157906	0,3358186706
4,9862552825	5,4151011551
0,6143319147	0,4311402711
1,0296768580	-0,2564345248
4,9971144355	5,1302593804
4,0644428374	4,9269586098
6,9647520123	5,4538824566
5,6322843997	4,7150637508
5,1801055660	-5,0801612193
5,8933784626	5,7141906149
2,6686513434	-5,0730166548
4,9964705962	4,8559288921
2,9316091165	-4,5966317048
-1,3869596587	-0,3676944858
4,4579072634	-5,0877822742
3,4230309363	5,3801044483
5,6998726124	5,4204896687
3,6523435183	4,8512122627
3,2854478536	5,1679372386
5,6439844903	-5,3562165884
5,7816391334	5,5203590052
-0,6434658215	0,2988038450
4,1605725936	-5,3269207733
4,9110700291	-5,3176919545
5,4850856367	-4,5971273999
0,6176128727	0,5213098341
0,7254279052	-0,1013014157
0,7080875301	-0,0838093801
-0,2973926932	0,4564053463
-0,9585636623	-1,1747602377
4,6644362831	4,7894672598
4,6726855583	5,2266895909
0,2335561039	0,2329463738
2,3847550346	-3,9179591914
0,6513769651	-0,0675001841
4,7425633025	5,1101737308
-1,3929491306	0,0624536214
3,7848781984	4,5202813486
3,6703504183	-4,0832418475
2,9198137075	-4,5807349864
4,0230701709	4,7171482202
3,6549086599	-4,4781220969
5,8068506188	5,0320378845
0,8235547752	0,3540902381
3,5821711884	5,6758777045
1,2530452732	0,4969323575
5,0446134324	-4,4137215642
5,5663960071	-5,0998490417
0,6300996474	0,0296904795
6,3938920318	5,7777512852
5,6877947128	5,0923212225
5,0066228029	5,2528619605
1,3361517316	-1,2650197061
-0,7585596251	-1,1031142468
4,9381328381	-4,9056569939
0,5796180071	0,4232895553
4,5118346285	-5,2742964912
4,1396945947	-4,5802500635
3,2838354549	-5,0495667994
6,0797717273	4,5225028945
2,1495717966	-5,7253848548
4,3106164847	-5,1334017713
0,2809038964	0,1420262498
5,4154611181	6,0003628739
4,2847759714	4,8170587570
3,4643789382	4,5521514669
3,9925473867	5,2182034084
4,4589451807	-5,0888849735
4,8801149110	4,7329266912
4,3354706031	-4,3704931146
0,2631631487	0,5069446428
4,6321296552	5,8104979128
-1,2344251511	-0,3549660753
5,3154135809	-4,9224168869
-0,1956339463	0,2705973053
0,2326897544	0,2095566863
0,4267217383	-0,8386452476
4,0199563457	-4,2473083769
0,7935672102	1,0421567187
2,1913420984	-5,1124179656
-0,4617571707	0,4973908962
3,7448442841	-4,6914157923
5,0607051717	4,9314459694
0,2916710020	-0,7247251834
4,6276065665	-4,4767524804
4,4188376021	5,2618456062
-0,3492817770	-1,0134513689
5,3645937395	-5,3310227274
4,7949132817	-5,1277230004
3,6040947230	4,4315537526
4,2971146064	-4,5293601984
3,4771746579	-4,3616170516
6,0143807773	4,8434290006
4,8732476881	-4,1669237144
5,7582938669	-5,6661084968
2,6790710072	-4,8178985354
1,8431606328	-0,1174478883
-0,8671498419	0,1612509954
4,4224948431	4,9834038348
4,2586342158	-5,0843279701
4,0617250834	-5,3531723144
3,8543151626	-5,0681496499
0,5443438889	0,1741815894
1,7524010958	0,1996971513
3,6174899612	4,4147757985
4,5794489094	4,9319243412
5,0093607347	5,7128042820
1,7622394694	0,2727237708
4,5813081034	5,3547269173
6,1613900244	4,3781234596
-0,4829235061	-0,0431648074
1,3089480230	0,7983336141
6,7413058941	5,3480980497
4,9233061801	-5,0577503906
-0,5161507267	0,3773693820
4,5277874212	-5,7310616379
4,4862016585	-5,4056282923
5,3276175708	-5,2150234599
6,3846184761	4,8555339456
-0,1027671024	-0,5209090865
3,2254688707	-5,1615199190
5,1919817775	5,5466783234
3,9359666998	-4,8171867303
0,4919954265	-0,3674434065
3,9977208291	5,4458306166
3,7193159569	4,4448373143
4,7204231571	4,5291450613
4,2713026808	-5,3893403404
3,9177016945	5,0411268949
-1,9132730653	0,6202280342
3,0542387453	5,2295029814
0,5886445384	-0,3972086426
5,3057626571	4,7635519953
3,4122705991	-5,8360840771
6,7162608937	4,7146194994
3,7866672948	5,2402314498
0,7166807059	0,1177341957
3,1661991551	-5,2386403731
0,3055207292	-0,2318807086
-1,2584961416	-0,1704748458
4,8119106909	-4,7811012704
-0,2875512214	-0,3987421027
0,4849122646	-0,2641375509
2,9990993607	-4,8861187462
4,5868799839	4,9580132915
0,6601151713	0,5338453359
6,1668574635	5,1539251421
0,2987575752	-0,6659324715
6,1611625640	5,3683995255
4,6117578400	-4,5800520547
5,0974744294	-5,4598560035
-1,2527786422	0,9564753388
-0,3412639491	0,1928033641
6,0988976545	4,8972960518
5,9805107762	5,0391555352
0,6995143763	-0,9170944423
1,6255476501	0,6212140528
4,7774241971	4,8825341470
3,4200719593	5,7902931495
5,4915554771	4,7203231020
4,1942015843	-5,1326091222
0,8345526618	0,7952933220
4,0002919453	5,3607342818
1,4826092673	0,0922270906
3,1926539069	-5,3169844811
0,8190642084	0,1509356372
5,3256515204	-5,1092840122
2,7096207407	-4,9185546271
1,0878761027	0,4570567880
3,1650047420	-4,7873259556
0,6637997271	-0,3581489365
4,4731411566	-4,6120732882
5,3145947950	-5,0700621564
4,7822061957	4,6344666623
4,1039419881	-5,1282475982
6,4789883781	5,6460600716
2,7177950929	-5,1883004785
2,0274995740	-0,2398230356
4,4253063153	4,6629584280
-0,8031261182	0,3956701269
4,8099154965	-5,0556180633
1,0388440796	-0,1385793607
6,3283554323	5,8469869700
0,4862292163	0,2727790512
2,8226113114	-4,1706987811
0,4803588722	0,3467258366
5,3943262963	3,9868711856
5,4788984507	4,4305588512
5,6821951377	5,6029979661
-1,3946180796	-0,2344291523
4,3312096484	-4,8611687296
5,1542249524	5,0274892698
5,8740299629	5,1996016193
-1,3925738316	0,5660034693
-0,5742510144	-0,4420574903
5,3074329578	4,4266695188
4,0340516670	-4,4302515125
4,8153835329	-4,8575685508
0,0107867749	0,4678554138
2,9286702915	-4,8163103648
4,0287225358	4,7866209379
0,8683406328	-0,1218737916
4,1122168187	-5,6027507354
5,9161826984	5,8835035462
-0,6532412006	-0,4278702778
2,9650459490	-4,2219788116
4,2656134341	5,7440118663
4,3536522437	5,5600800006
3,9635848859	5,2375349450
-0,9082808843	0,1287352794
4,6398867511	-4,7239628914
4,4866002045	-4,0323471368
0,8694423598	-0,4855828916
0,5398274662	-1,3200899805
-0,7545809329	-0,5839863395
3,6941123363	6,0254735646
4,8710112485	3,8133105430
-0,6807420958	-0,7799907751
2,0307007463	-5,8670074572
-0,7445616523	0,4456952672
1,5309890890	0,2491458461
2,8671496183	-4,6381975778
2,9974006427	-5,3857290251
3,2278051584	4,9110696570
4,1751150976	-5,2500057520
5,3005798123	4,7651544836
6,5570146505	5,5021758373
0,2128204662	-0,6573420727
-0,0340456164	-1,2014302203
-0,9257825190	-0,0223866499
6,3759701551	5,3295739757
-0,5878284821	0,1264400340
4,4841351765	4,8483250568
4,2531784713	5,3753455962
3,9427438306	-5,6319101864
5,4895485214	-5,1590238033
1,0319647028	-0,2572603503
5,8627152434	5,6798927962
4,5386325415	-5,1434836578
-1,7829105391	-0,5029525876
0,0660441177	0,3664759444
3,6059575654	5,7710785194
4,7062040808	-4,7719885651
3,6929555827	-5,3803277980
5,6652620530	5,7812192372
0,4876192624	0,0994188551
3,4353660062	-5,5775989409
-0,5714644303	-0,6438551331
4,4501353608	4,4961353605
0,3194439254	-0,2524471038
-1,5689188442	-0,3700616069
6,5156165868	5,8998882916
6,9738010256	5,1063353607
0,4753283330	0,4759960409
2,8391907129	-4,7189187444
4,7476554014	-5,3528891894
4,6090081340	-4,3319915250
2,9198597981	-5,5380960105
-1,3258079350	0,2781252441
-0,1585587829	0,0447187822
1,6053630535	-0,0590698916
4,1072728855	-4,6477327652
5,3189420354	4,6089218465
3,1247964822	-5,3734376174
1,2585004621	-1,1581862741
3,2837972478	-4,8242084693
3,6589707849	5,3084818808
4,5115226938	-4,4618635825
-1,2710754305	0,4702212345
3,9131451952	5,2944347919
4,9140264198	-4,7631985978
6,2210433736	5,4584252145
4,4673206901	-6,1045789149
5,5282257988	4,9911960687
-0,0149328822	-0,1985381396
0,6496631449	0,6537437416
4,5104493843	4,8767674334
3,2411045818	-5,3979278185
5,9290097227	5,3433609409
-0,6838034440	0,1427725222
5,4208039507	-5,1693454255
3,7922990257	-4,7583405858
5,3030855882	-4,4330155880
3,6408238970	-5,7616508858
-1,3637962678	-0,3225804458
1,8733674245	-4,6669206555
0,9924284493	0,6585472588
-0,0200489189	0,8969943258
4,9388081935	-5,0522129483
3,8913504725	-5,2800976530
2,8749404860	-5,5489228323
-1,0110365623	0,8594760575
3,9588762431	5,1304869130
5,3860136434	5,4884622069
-0,0038985428	0,3395117704
5,4809192177	-5,0434090616
5,3557562043	5,1905897472
3,5481397648	-5,0177007261
5,0911766234	-4,0423808056
-0,5253455452	0,7764948344
4,3671685483	4,6105607699
0,8381520586	0,7798124943
3,2964309957	-5,0242130983
0,7639652959	0,0758339037
5,6594322308	4,7323212509
4,8154537481	5,2145689749
3,2194553223	-4,8323797216
4,7936333249	5,1569925718
3,6628859833	5,0666584136
4,3111213059	-4,8087613241
3,5992513343	-4,0768695293
2,7358140914	-4,4004047606
-0,0549881737	0,1080950754
0,6839604501	-0,0264030949
0,4754432288	0,2151438006
5,8589260041	4,0461481407
3,0400162821	-5,5201786458
4,7682686265	-4,9097402369
5,2293908780	-5,6788338589
0,9210923975	-0,2446965805
4,1692786965	4,9669255145
0,6709789770	-0,0333217050
5,2021272684	4,7456288646
5,0102753980	5,1959862739
5,1995813961	-4,1461255998
0,9903598008	-0,8694295914
3,6014441931	5,2077256806
4,5691635203	5,1204395545
-0,4831912522	-0,4437559544
0,4540854067	0,4449105526
-0,4762522593	-0,4429630308
2,0362764398	-5,3228562242
4,9542275464	-6,0728021906
0,9649685031	0,0471684071
4,9855982625	5,2118765814
-1,3760841162	0,1386367028
3,4730224887	-5,2952809123
5,1929666035	5,4851067870
5,8041961708	-5,2811881645
0,7823005209	0,4684564118
1,0265363475	-0,6695544518
4,1708387970	-4,6133014862
-0,7888987985	-0,1410007937
-1,8333051051	-0,5075437386
0,7818913435	-0,4531956391
3,5311987069	-4,6439790719
3,7325808503	4,9207501873
1,8322690371	-5,2585685825
0,6548668724	0,7510048115
-1,1263207480	-0,6631355810
4,1480545449	4,8796159334
0,0807940582	0,5039795438
-0,8384101242	-0,1039220893
5,4823477540	3,7137980543
5,1365331259	-4,4923056748
6,8168958991	5,0278107045
4,7165408912	5,2614630600
0,8672559933	-0,2926482747
4,4741899050	-4,7612667817
-0,1852340912	0,1652081675
-0,2962203131	0,1859747580
4,4060336930	-6,2823519028
4,7697135934	4,7291731450
5,1720467383	-6,4206704415
5,5554565813	4,5604667704
3,6412206235	-4,4654763865
3,1784120376	-4,8320347086
4,2778980582	4,3835871277
5,2286771803	-4,3597552365
2,6246018466	-3,8137097331
-0,5333112168	0,1121368698
5,2897262111	-5,0671346711
-1,1352991257	0,5665498239
0,1079076308	0,0163701331
5,7877790757	4,9574561698
5,8466114137	5,1514962628
-0,6245749658	-0,3660157176
4,6708939730	-4,9059428999
5,4233741131	-4,2233963936
0,9257488779	0,0377624538
4,4997673913	5,7849198932
4,6112064665	-5,3033889750
6,0836450366	5,7115635114
6,7772295793	4,0858624139
6,2075659217	3,6605745360
4,1365784919	-4,8694522868
3,4943274184	-5,6598458781
5,8413596047	5,3965403608
5,1717297470	-4,3891619155
4,0712561513	-5,0049799859
6,5507293259	5,0675074578
6,7264732301	5,0393174833
4,6834067677	5,4600932091
-0,1080906294	-0,3010193175
0,8729454949	-0,5062678789
5,7168782297	5,1340718667
0,7278027467	0,1093044721
5,4287283137	-5,0559298868
3,3316166213	-5,1003427255
0,6544602264	0,3797429492
-0,9253499185	0,1019593248
-1,9780058857	0,4849692529
4,3981680526	5,0912537892
6,2339102094	5,8568178062
4,9884582992	-5,1990668154
-0,2065524466	0,1364963701
5,6337053500	5,3420998346
2,3679258618	-4,5178433275
4,9883511792	4,9461293271
2,2604406841	-4,4849733196
-0,8696130139	0,4693528268
3,0169438792	-5,4117265217
-0,8072152167	-0,4994774549
-0,5229390820	0,1308101873
5,6473446491	4,8622387956
0,5438781581	-0,7281838307
5,6961797005	-4,5989482626
1,2926391090	0,0762000245
3,5913724513	5,2585266249
2,9670868926	-4,5101048314
3,1772342691	4,9202357412
-0,4959047271	-0,9959835863
3,3957884732	-4,3680940653
5,6656540645	5,1148834430
5,2207941664	-5,7622317869
5,9281917714	4,7575200295
3,8722035270	3,8741670235
4,7915577905	4,5665776500
4,0948467517	-5,8191174544
4,8064587477	-5,6070519887
2,5622846601	-5,4519745963
3,7623739817	5,0606197995
0,4573104862	0,8009141237
0,3033394771	-0,2447903134
-1,5288213104	0,8100564232
2,4021670023	-4,9576722888
3,8106552630	-4,8688257721
0,7198702977	-0,4809100562
0,2418308554	0,0877114682
4,2561557081	-4,8723179428
4,7206993573	4,8324625878
2,8072872846	-4,9730565678
5,4089246635	5,6097852202
3,5291729599	-5,0589062458
1,5165497157	-0,4784429703
-0,3530903405	-0,0763651071
5,0687238094	5,6241443411
6,4620006999	4,4105277986
-0,8202016622	-0,7803604695
4,9867376469	-4,2372561632
1,2825641666	-0,9426830224
2,8581075169	-4,1593095970
5,2867458277	4,8253830858
6,3902928196	5,5630462635
6,0292793256	5,4719705155
2,0518732848	-6,0800492125
6,4401001229	-5,2470984699
5,7350037786	4,2522689435
4,9897212891	-5,2214592236
-1,9577368284	-0,4718063034
-0,6199742165	0,5530695137
-2,3695961278	0,5633697673
3,5973062244	5,2477796031
4,8294473598	5,4753085858
-0,1403057057	-0,5712601660
6,1903076325	5,8615408537
-1,0402156094	-0,1445685085
2,3918259463	-6,2558318707
3,9769772450	-5,0238125510
5,7160218076	5,2277938822
0,3813590047	-0,3414702091
-0,3841171414	-0,1965180685
3,7668797281	-4,2709879162
3,8778162764	-4,6048456504
5,7154917468	4,6067067803
6,0174600672	5,3798049121
4,4162662789	4,6903823662
5,1605735843	-4,0247956498
3,8674185248	-4,4833262663
0,8736999333	0,1561646495
5,8751512593	4,5517042047
3,6974484831	5,0323731539
4,1076274579	-6,4649170741
3,3984518349	4,8095923875
-1,0337470485	-0,5818219055
3,4170618149	-5,2590661190
-0,0155584511	0,6291983705
-0,5046682926	-0,4959683305
1,0182708808	0,3407486337
3,4983724348	5,2665661056
3,2383057146	-4,5964913718
4,3894870254	5,1459142866
3,2350640741	-5,0899959577
-1,4013697908	0,4524042720
5,4727300088	-5,1061512510
3,0208267343	4,9016854812
5,3167796610	-4,9336326221
4,6967628100	4,8214433557
5,1905157747	6,0556414244
4,2808263793	4,8677422654
4,2166949755	5,4965530374
3,7232124306	5,1636567034
3,5681471381	-4,7380019418
3,1569388159	5,0206391026
4,4752944397	-4,5584355140
-0,8194959853	0,2318509077
2,9237130402	-5,3929007968
-1,6826704057	0,2482978229
4,8747139394	4,4464151225
5,8969297594	3,8269618156
1,3550928404	0,5966074276
3,7307395226	-5,2128317822
5,4497216961	5,1636784863
6,0653851349	5,4280754955
5,0172236238	5,5459080180
4,2167411919	-5,0316703362
1,6386086495	-4,9013892511
0,3600544309	0,2100237183
0,0581439193	-0,0002458398
5,9286316919	4,5709044775
0,7120825830	-0,5869390328
-0,3506597350	-0,3426940610
0,7517684243	-0,0127866936
3,0117637196	-4,9057774354
2,9037005017	-4,6811472930
5,2494332343	4,4731129685
4,5904044642	-5,3767897208
1,4509911489	0,4213499860
4,8560737264	4,2231031446
2,6573278810	-4,7142906583
5,5490238386	5,3853814757
-1,1015169893	-0,5664655963
3,2350843819	-4,7459068846
4,6398638386	4,8980062444
4,4127172827	4,9497871960
3,3708321654	-4,6630768567
5,0951106460	-4,4799059026
-1,5987245166	-0,1372513676
3,4918540404	-4,9121222471
3,0850333036	-5,3204607895
4,1754612778	-5,2347822226
3,3037418833	-4,9925313831
4,9768508522	4,3903167060
1,6067788555	-0,6303132142
5,4390634498	-5,8118430470
4,3163479683	-5,2489990629
6,5069913485	4,8259100786
5,1214103742	5,2738664659
-1,8281659107	-0,2513459641
4,2487743290	-5,8349773488
0,1391674951	0,4315842684
4,2358498261	4,5015023667
0,4907347502	-0,7163961503
4,4147724713	-4,2532080693
4,3607286341	4,4661791501
3,5958926434	5,4020005667
0,3366314292	-0,6025956200
-0,2297513348	0,2158254747
1,6622431850	0,2445010244
2,8982378794	-4,4605617899
3,0730840201	-5,4261120844
-0,6625969132	-0,3118394636
5,3212754783	-5,0894580195
3,0047813667	-5,2930630773
3,1667578029	-4,7503621014
2,9871445660	4,7395897228
-0,3735399587	-0,0543416101
1,1804579152	0,5994306163
3,1170422806	-4,6055314134
1,1837325000	-0,0541757368
4,8425288437	4,6723147402
4,8396821875	4,3849057024
1,5661143445	-0,4991875537
-0,8816114994	0,3391326915
0,6925130535	-0,9166865115
6,1598788624	5,1373372522
3,8007097284	5,2560655210
5,5638757876	5,8969633517
3,9516388420	-5,1262629529
4,0257340084	5,3380940743
1,1972919937	0,6209596581
4,0050491614	-5,1602071149
4,8677406957	5,3750395461
-0,8372916617	0,5131995473
4,8262980164	5,2443756001
2,7148147303	-5,9722810069
0,6013108815	0,3705623026
6,5106646627	5,1086522496
5,6361416756	5,2771748626
3,9567977128	-5,2252448775
3,8357094566	4,7807220524
4,2981118737	4,4551382082
-0,6145549408	0,4861003689
5,3123893168	4,3056412181
-0,1093109466	0,1411885747
5,0512063732	4,9818564899
-0,9206881339	0,1326622362
6,0761968139	4,4431252740
-0,3428915664	-0,5004713589
4,0133104479	5,1155166804
4,8900328348	5,3495523657
6,9731253756	6,1555326903
3,4057295943	5,0968437298
-0,9093560532	0,3942445357
-0,7422039535	-0,0663200381
3,3325120636	-5,0575454303
3,7996333313	4,9531831778
5,6933560861	-5,9769382678
3,5340453428	-5,3545301706
1,0579681317	-0,0912361999
5,5102610867	-5,5652181570
4,7739066808	-4,2819222993
4,6546688767	5,4078126318
0,1432750606	-0,2447911776
-0,7552741733	-0,1257161629
0,0960405740	0,1616598767
5,9351791657	4,7707011548
4,3436521543	-5,3753301190
0,3440389253	-0,0365284952
0,7414467596	-0,6302622801
1,3124754281	-0,3543851778
4,8170730806	-4,9986360987
-0,6296344713	-0,5728945457
5,1042461272	5,2977721448
5,4257816410	-5,1115834085
3,0869967721	-4,9158253042
6,0882446138	5,3035626458
4,0919872134	-5,6008108241
4,0717086584	4,8132095634
-0,0888381134	-0,0930909090
-0,6405401420	0,6238555807
5,1389627752	5,2693762513
5,7642009868	5,6531883255
5,0838747194	-4,6699293958
0,3232775807	-0,6618552495
0,2236589647	-0,4849422369
-0,0988800395	0,2937696718
1,1606814488	0,3232980292
0,8262043486	0,9743488807
6,0993404354	5,5805347717
-0,9267184068	-0,5811683167
2,3272906662	-4,6113224543
-1,0857629499	-0,6423802077
5,6679206005	-4,9274304322
3,6346474500	-5,0420077797
-0,6153646525	-0,0458792497
1,6892651999	0,6553261970
5,9851857359	-5,8025324675
0,4603956459	0,1047675603
-0,4908402316	-0,4271194612
4,9971252436	-4,9711975501
3,9629267989	-5,4082562295
2,6155382444	-5,2040192457
-0,5936191012	-0,2545481961
0,1571956813	0,0857227905
5,2860131023	4,4982728214
-1,6001783694	0,2808759569
-0,2162372205	-0,1453188571
-1,2049798104	-0,6895029529
4,3711599174	5,1655250847
3,4107448482	-4,4602931363
0,3129231997	-0,8990744729
4,9223390440	-5,3143032113
3,8842910565	4,9749806604
3,8890686653	-4,7728124326
5,6511600724	4,9831823689
0,9667654518	-0,0283849996
6,4625491054	4,6351365461
3,9582773590	5,0876930667
0,5347809141	0,1498831100
2,7324800349	-4,9373859371
2,8057157682	-4,1817163221
0,9859873640	0,4502932867
3,6433859572	4,6040041406
4,3696152612	3,9322759531
4,6356466676	-5,6660847558
4,1881082369	4,9033165366
0,6127364920	0,1382212957
3,5092071249	4,9107034424
4,1223502893	4,2885850440
-0,2448938653	-0,7325052969
3,2748230662	-5,7805810435
4,5816560001	-5,3200081408
5,0415745318	-4,8299772803
-0,7697141503	-0,4239572569
4,4417260711	-4,3161333492
3,3774069569	-4,7789375201
5,1918462035	4,8371555966
3,9573169670	4,6656820455
5,2047119755	-5,0136899773
4,6158315445	-5,2861479835
5,3680422592	-4,8195355680
3,3397931729	5,7803355095
-0,4428754232	-0,1059829535
-1,6557093725	-0,0350476926
4,8168345780	-4,3744256379
6,0490677972	5,3289444417
4,5393942259	-5,1618052346
3,7589327853	4,9283044203
4,1977253566	-4,8348905380
3,0658529654	-4,1991847199
-0,5350476309	0,6927166738
3,0492210858	-6,2868310941
5,7971511793	-4,1790078163
5,4662474688	-5,8663491626
1,2881302604	-0,9738526597
4,6113142262	4,5221906364
3,1987148430	-4,8390991882
5,5706531701	-5,4027228308
-0,2446749075	-0,6185574121
4,5658828574	6,2079068369
5,5286571416	5,5824171186
-0,7166975667	-0,7728777990
-0,0147653452	0,1379533382
4,5693962466	4,9871606388
-0,0349441375	-0,1654695399
4,0530100642	5,4754304177
4,2045221881	-5,0023030462
-1,1071034707	1,2334665111
4,1094777838	5,7861137027
3,2866257941	-4,9778911023
5,8827984751	5,5186357561
3,0164976062	-5,1508899194
4,5454977665	-5,0526808788
-0,5864694378	0,5664335736
4,8355480380	5,5646089607
5,3076671054	4,8238685086
3,7293149900	-5,5113864658
-1,7535304441	0,2193612476
-0,1545560778	-0,6440088909
5,2146545002	5,3694724311
3,9093706735	-4,7226035146
6,2090660601	4,2909779387
4,4476230417	-5,3422982976
4,0720020847	5,7736309946
4,5464351489	5,6191466878
3,2665770404	5,0660839418
1,5215394468	0,4513220040
2,9702963646	-5,1633479370
4,5453025710	4,9943916071
4,8985489348	5,5774471684
-0,6969867836	-0,1433971374
4,1149921874	-4,5347900357
2,7219164806	-6,1019053612
4,0408945672	5,3795815879
5,0758937683	-5,0132808881
3,6867255548	-4,8147753115
3,1539931845	-4,5529687501
4,1909120424	4,3998701179
4,1916037861	-4,6043282049
3,0645147622	-4,8439467757
4,9949945876	4,9707915931
-1,3983996634	0,7510613630
0,1004500168	-0,4431280013
1,8602985348	-4,7556104987
4,9770409456	-5,5259378647
4,8340158319	-4,6204664408
3,9916243309	5,4906799413
5,3899561722	4,4052778150
3,7669039000	5,6343674084
5,6737041659	-4,5309706288
4,7902816741	-4,9521359087
3,4037516172	-5,6886104210
0,4690668214	-0,1587244759
0,2469210245	0,8756344831
4,9867980953	4,7596445850
4,2787628429	-4,7655149676
-1,2350055223	0,0811659200
0,5854391374	-0,5168814635
4,3454088472	-5,3647271692
5,1643756743	-5,5388897189
4,2919139728	-4,1355115048
5,0019238003	5,0809788295
0,0056644357	0,0907196005
-0,8932437702	-0,0357905431
-0,7563783525	-0,2034369125
4,2560994683	-5,3572810675
0,1486114102	-0,2188579587
3,7371902763	5,4619995151
-1,4359161766	0,8273167773
0,3685823092	-0,3394849183
4,3589485815	4,9019169639
4,0323013855	5,2241227191
5,6761036208	5,0517626378
4,9363074226	-5,1566467149
5,2535195120	4,6331758570
5,2019699949	4,6577240444
4,5760359323	5,2666011020
4,8479529916	4,6800054386
3,0707522558	-4,8510219497
6,4353082426	4,6507651100
0,8616482404	0,0852244672
4,8882186071	5,1340713101
-0,1195048119	-0,9272789863
1,4732929517	1,1781927250
5,0726215807	4,8063006889
-0,0952771979	0,2480583593
5,1332141010	-5,3056119822
5,6225034846	5,2441680484
4,0712284745	-4,3930626601
3,1400330395	-5,0025829248
0,4017952878	1,0741235846
5,6415618091	-4,4628852814
3,6585135333	-4,9740539032
-1,0966821268	0,2242277143
1,0603988122	-0,0902410301
3,5038028653	-4,3268008629
5,0069685278	4,8767448744
5,3594241877	5,2929719364
3,7986080131	-5,5537262433
4,9537375120	5,1713730556
6,4257077533	4,7284179093
3,3344533497	4,4449786846
4,0965922094	-5,1646050633
3,2176061689	-4,7814376827
-0,0743937996	0,5804575744
0,6982965672	-0,8363759424
4,6091371865	5,0847898432
3,4353707988	5,2448941339
3,0439659720	5,2061283175
3,4597148868	5,6139263518
-0,9924436618	0,2150520354
3,4520269174	-5,1215911996
-1,7528136232	0,6370707946
4,6763374584	4,8982288526
4,9856479304	-4,8170722367
0,3542832368	0,1912585382
6,4641768118	5,0736812451
5,1975539988	-5,1098808810
3,0104532188	-5,7561758901
4,7812708038	-4,7516794015
-0,9420570742	-0,9919681286
0,3107603753	0,4260189037
4,6010425403	-5,0218726326
5,0747369834	-4,4676402374
1,6430990448	0,1748923618
5,3104425380	6,1669160603
4,7696905853	-4,6022339465
4,3495479343	-4,9973166474
6,0474100292	4,9612749020
0,5000458570	0,0790203308
3,8990356593	4,4893881600
4,4015552974	-5,6058113398
4,9798851994	-5,0199468334
5,9553310316	4,7688083071
5,2839977430	6,1047015524
4,1135055209	4,8138191553
-0,2797901652	-0,0565568282
3,5601088214	-4,6586039542
3,4767247547	5,7102811427
3,5013082142	-4,9049394995
-1,7414906690	0,5299910985
3,1117129822	-4,2356216799
-1,6623041225	-0,4730044364
0,9708542665	0,0640463392
3,8419487914	-4,4982673055
-1,8925612558	0,4675095326
-0,1371503486	-0,2697639594
-1,3945734433	0,2915255344
4,7886483505	-4,1206221579
4,6310846769	5,0570123295
4,3757477193	-4,7190697694
3,9944630077	4,8863034441
3,3056110687	-4,4082308812
5,4186253940	-4,9761074414
1,1430758198	0,1919790195
5,0260084168	-5,1089270251
2,9659743738	5,3913285666
4,9230053021	-4,0791143317
6,1664994777	5,2261057048
-0,4898449656	0,4754085433
4,7825970550	5,3505972848
5,6264524599	-4,9953316907
5,1302446067	-4,3768821734
4,2814716768	5,2071943439
3,7229433923	-4,2430385970
1,2486758135	-1,6523362648
5,6721765446	4,6116598194
0,9556469828	-0,4234733398
5,0273359725	-3,3569443139
3,1454493459	-5,7255669683
0,6119336213	-0,3446813333
4,5160857534	-5,1300176084
-0,9068165060	-0,4178742390
0,4721836316	0,1156198623
2,3003030881	-4,5522832091
4,2227158983	-5,3300554087
0,3381752402	-0,2590995237
5,0824236691	-4,7879579830
5,0875085976	5,2947173412
5,9091105919	4,2898546048
3,6509786625	-5,8385489545
3,8071889466	-5,0160519537
4,5089392760	-5,2709105911
3,5716202374	-4,0874011593
-0,3156555183	1,1265283329
-1,5281942822	-0,1493753095
5,3375674116	-4,3470078672
3,7127603944	-5,3768917413
5,4957895978	4,8840520320
4,4180173373	-4,4542247039
3,2779108176	-4,6647071631
4,4980337311	-4,5185667607
-0,2866673109	0,8439930140
4,8324863077	-4,9926508557
-1,9084206425	-0,6070291585
-0,1088104448	-0,1261049995
4,5641429782	4,5766661281
5,4233823223	4,6620285284
1,8504744850	0,5422755585
5,6596524421	5,5955978099
3,8527420426	4,5412398536
-1,7490147576	0,5542815208
4,5997959397	-5,2921909716
-0,3495753503	-1,1682656108
4,4396960275	-4,0636753422
4,7636344667	-4,9144290854
4,4001819078	-4,9371317120
5,5143300688	4,4963696003
0,6718035835	-0,4598079749
3,6930179526	5,1112081900
4,7311771371	5,1485854297
-0,5755951158	-0,0257301202
-0,2229148175	-0,6688750154
5,5647233034	5,4117788957
-0,7570333506	-0,8135586010
4,8389850679	5,9364496394
3,9365785372	-5,8492846331
6,3517107155	4,9742696784
-0,7605562413	-0,2511518319
3,9058683129	-5,0907957586
3,5209389744	6,0708845339
-1,5682685944	-0,0174270132
-0,2578394068	-0,1603630589
4,9678015624	-5,2777851146
-0,5096663136	-0,2647784229
3,6904238394	-5,4450778262
4,3867411755	4,9911974677
4,4867021285	-4,6634764452
0,1189989947	-0,1677057805
3,9532648077	5,2470865334
-1,2179083525	0,2668039188
3,6790325048	-5,0284755441
1,5654376103	-0,2510629988
4,7742288604	4,6551414665
4,8054465633	4,6650049835
5,1757042602	5,1884458866
4,3408699153	4,9686429028
3,8821751593	-4,6201163066
4,1229956420	-4,4721502699
5,0997139544	4,6511837866
4,1999239976	-4,6350360401
0,9543255141	0,4539485641
4,2220606841	5,5121821414
1,6629080556	0,4242831934
3,9222803624	4,1039431955
-0,4596223521	0,1345291673
-0,6193945106	0,5508788540
4,5730789823	-4,5366221836
-0,2360342642	-0,3153167955
6,7963053026	5,1924142445
0,1539306630	0,3247943474
3,8915736390	-6,1310181504
5,6404617191	-5,7723166039
6,3737175583	4,8016445082
3,3077554878	-5,8307947181
0,5565846875	-0,7312405911
5,5333405869	5,3208712045
5,1477961287	6,3730909906
2,6227850717	-4,4252368425
6,7119109702	4,7866570634
2,8901735260	-3,7722729299
4,6983021728	4,7636505479
2,4355577492	-5,1177522214
4,7762363287	5,4531380226
2,5257048464	-5,1532441285
0,8153506241	0,7131192109
0,9549141532	0,3696006838
2,5967496506	-5,2392184857
6,5843007057	5,6036589477
6,0757544640	5,3591604574
4,9167725855	-4,9108285427
5,2224503937	5,1938525294
3,2537863232	-5,6040456915
4,4199360427	5,4440940821
4,1636917341	4,3787101492
4,1567085287	-4,4926639769
2,7387043975	-4,3889455178
5,6525931301	5,6320123896
2,4019558381	-4,6610838087
0,0404909396	0,5289234502
4,7194691991	-4,0271276666
0,7687305802	0,4196713412
4,6836328101	4,9505015363
3,5380597070	-4,7670217807
5,7969597651	5,4638199793
6,3064951055	5,4886449681
5,4436754434	-4,5776510898
-0,9971152112	-0,1882029116
3,1446367104	5,2686043811
4,7462868916	5,0020519382
3,5345830386	-4,7270355250
5,9522155619	-5,0022602005
0,1906438278	-0,2559132502
-1,2599954500	0,1711696597
-1,0565309379	0,0340290394
-1,1131416876	0,5630552487
1,5798173741	0,2816654682
5,6552377364	-5,6371607974
-0,9679984704	-0,2105809049
-0,5074295619	0,0514507567
5,4322242490	-4,7744725599
-0,2064047781	-0,7281779729
4,4298531825	-4,4112840012
0,2673314153	-0,3023168336
0,7654401019	0,1245912215
5,2844516073	4,3344728494
3,9566976952	-4,2116325801
0,0516031197	-0,0795916820
4,2438960157	-5,3996288341
5,3104474842	5,8291153317
5,5846443965	4,4485384659
4,0757067769	-4,9149752120
-1,5599871236	-0,2075477134
5,8577972625	5,2020347955
3,9912116188	-4,2331061039
3,0832738589	-5,1959344916
4,3477225144	-4,3538735101
-0,6233151758	0,6712763030
4,2160114010	-3,7460520459
-0,4417042390	0,4129998394
5,3201152234	-5,5490066549
5,5348300885	5,2798351294
3,5069808137	-4,1924239620
2,8068447420	-5,3947246994
5,8520412257	4,7828865849
5,1071903016	4,8448546778
4,1523126951	5,9935295564
1,3395203863	-0,2243370320
3,9533156356	5,0790649681
0,9386386453	-0,4012206628
4,1482372768	4,7381843592
3,4910316411	-4,3230862591
4,3021115906	6,3261482325
4,2284131322	-5,0957619762
0,8977185548	-0,0963146878
4,6615616345	-5,1557378558
2,7538197351	-4,0431751519
5,7642627082	4,3399441140
5,1462374301	-4,4029244614
4,7571632412	-4,4109616797
4,5522795011	-5,1148204434
-0,9132246033	-0,2638676732
-0,2078672334	0,3279749897
6,3081639082	4,3765295387
2,2356471259	-5,6498828814
5,8825514785	-4,7482099949
-1,5575234061	-0,2068689808
4,6234893256	-5,0488983599
0,7809707929	0,2945383585
6,8294393756	5,6176741280
5,6038584700	-4,8682957970
3,5434966711	-5,5315958838
3,4540227935	-4,8631328351
6,6684567695	3,7761174982
-0,6444090616	0,2670249530
2,5689289820	5,9731269404
4,2409625402	-4,1979509732
2,9540951079	-5,1745980568
5,6420187347	5,1454140273
5,8769967042	5,3940329669
1,2968321934	0,2032246292
1,5215302803	0,0062698188
2,9963660013	-4,8821242638
2,9614120407	-5,7214926207
4,2695838345	5,5671292451
3,2430617170	-4,3295260051
5,9084362305	6,1133618316
0,5696654825	0,1858010811
2,1433384053	-4,2831382233
5,2540590081	-5,0570577790
1,6520512930	-0,0301779927
4,0172724076	5,0266585393
4,3883568690	5,2558065903
0,1916223572	-0,4451968939
6,2921029301	5,4742545294
2,7379405841	-4,9832875631
4,5799009750	-4,9893273946
5,8294093551	4,4321612910
4,5450375268	4,6823241778
4,0018069771	-5,4791462777
4,7298285024	-4,7686001435
2,0375722003	-5,0723072576
-0,1618129551	-0,3219454678
-0,3723227064	0,0785054751
-1,0214281236	0,4319279066
0,3889059249	-0,6032954181
3,5561201474	-4,7330271668
4,1768872778	5,3402954023
-0,8813784653	-0,8864240087
2,8306464245	-4,5861398299
6,1340223903	5,7611141953
2,8651388272	-4,9891125976
5,8069149157	5,3475052666
4,0879529830	5,3649335546
-0,1445357147	-0,0599560871
-0,4815630530	0,0237689837
6,6368227161	4,8754239494
4,2453204322	-4,8718898495
0,9761413106	0,0644842707
4,4591017343	4,5311427879
-1,4856910829	-0,2811229996
6,1428395583	4,8670374405
5,3209644178	-4,6289822039
-1,3879398447	0,3650775559
4,1367090195	5,3847064731
4,3370142783	5,1135655707
1,1627784135	0,0700338438
0,0080265833	-0,7138340677
2,6425377018	-4,2813610009
4,8862282193	4,7513015893
4,1866508823	5,0702808855
3,2003259141	-4,9476618466
-1,1322252313	0,0961212166
3,6954697415	5,4443022129
-0,6959077020	-0,2023724394
-0,2574709074	0,1840235477
0,9956579168	0,0156409731
3,8922830579	-5,0624618953
-1,0867885983	0,4750333395
3,8762802910	-4,6947996798
6,0507211580	5,4240966303
3,4626135739	-5,3329791446
3,4345661631	5,4682144628
0,0286967477	-0,6017210551
4,1661163885	5,6184435867
-0,6685484685	0,8361097159
2,4826988530	-5,8650075656
4,8400541086	4,5767381590
3,3033948467	-4,4269437841
4,2618728461	5,4121098621
6,1093099420	5,3135881513
3,3486824991	-5,1370945585
5,0985045991	5,5383784707
4,6667308611	-5,6134278794
6,3794920339	5,9043646779
4,0937152313	-4,1635402162
6,0002629350	5,6353851871
4,2144027570	4,0797181127
-1,9935208771	-0,5837555585
1,4863082318	0,1872993385
5,2173457152	-4,5455723472
0,5036125116	0,0967356941
4,2547192980	5,7115639107
3,5643374809	-5,0467525800
5,6874193053	4,3423910727
4,7639993747	5,7158685218
3,0088964440	-5,4679161988
5,8679754978	4,7064789452
5,6843486599	-5,4094945560
1,3062888833	0,3143923447
5,8134104852	4,2893984900
0,7903762195	0,2009415568
5,9895386199	4,9549827543
-0,6556446638	0,3237205518
4,5031719253	-4,9406840390
2,4424319600	-4,7409663556
3,0207507669	-4,9089554634
4,0250639328	-4,9989618241
5,5392330787	-4,7588357731
5,9179833922	4,4746894173
0,2175037577	-0,1365297249
5,4737488462	5,2550233829
2,8768053750	-5,5740149958
2,7727109516	-4,8379561466
6,3717872642	5,4460604406
4,9280701062	-4,8321985219
0,8974440530	0,4839470759
5,8845074335	4,6273775732
3,0096060849	-4,8854217513
3,2377204802	-4,9842792641
0,0820766473	-0,6479316134
3,2096311737	-4,4847688824
-1,0294593095	-0,5202242213
-1,2255775124	0,6104160013
-0,0891936814	-0,2853165456
5,7679954694	5,1382307296
4,7835253681	5,0049777116
3,4498315200	5,4204019452
3,7134471773	-6,0988145467
6,7930127259	4,8496579581
2,9341215768	-5,3855597014
6,0716983337	4,0131738272
0,4206963659	-0,4012757975
-0,2205200432	0,2981007487
1,1232560781	0,0295378310
0,6088830682	-0,0715700888
4,1426704871	4,6599220902
3,6803410504	-5,2749242643
2,6429815681	-4,9960321239
6,7403660591	5,8670889189
3,0582905790	-5,5258013270
-0,4653149521	0,2546062878
5,3271636957	-4,6905528833
3,8929873582	-4,8319561880
1,0774212553	0,0538190915
0,3638515523	0,4421775474
3,6565468298	-4,5275334071
6,5113458915	4,7185887190
-0,8555688603	0,4891458800
4,5593379303	4,6705066178
6,0792261951	4,8472194532
-0,9248313582	-0,3291857893
-0,5569511664	-0,8358971134
3,5750634968	5,6408762761
-0,2426171392	-0,6444642922
4,8028143260	-5,2623013756
1,1885418289	-0,0712949907
4,2324801481	-5,9275228857
0,9732892145	0,7074326830
-0,0464756992	-0,1580958331
5,1632166903	4,9326530906
-1,0440924683	0,0014947129
5,2694341806	-5,2660603335
-1,6744737647	-0,5179549172
-1,1953735642	-0,5980097788
-0,1257549955	0,2729682523
3,8689008981	5,0862035126
1,6900747313	0,1505401574
5,0002382593	4,8952322801
0,1662049396	-0,7996829623
2,4320469974	-5,3134164802
0,2230693352	-0,4463129748
-0,9078680328	-0,0307366572
-0,9123794784	0,7709253114
-1,3090422232	0,5254122690
6,2152812198	4,4734212139
1,7667059711	-0,7299210712
5,1992129069	-4,5591784516
4,3955141132	4,6746766486
3,3024635932	-5,4885152216
4,2895480907	4,9164249666
-0,5300029791	-0,3560190820
3,6148637729	-5,2565591044
5,7379900460	4,7995438158
4,9795287745	-5,3199154537
3,3776149774	4,9186544756
-0,3303539681	1,1521674199
4,1107824664	-4,7565532795
5,7846800367	5,1288331573
-1,0455939098	0,4257215689
0,2627582302	0,3623417986
4,7886142975	5,4905142709
2,6842178446	-5,3740575069
4,9242720770	4,0751003540
4,1971388987	-4,3416012049
3,7303207490	4,8728857531
2,3718112075	-4,9578659187
1,0068530498	-0,0023724385
1,2042581767	0,1356767026
6,2775788457	5,7623393955
-0,4981641072	0,3223099173
3,1866074446	-4,8310033513
3,5291881609	-5,9832779379
3,8172167014	-4,6062121273
5,3993951145	-5,9114025665
-1,3333792015	-0,4351029425
3,9955332688	-5,5808356416
5,9907263025	5,3236086261
-0,2791783995	0,2208369792
-1,1577354832	-1,7051133367
-0,5123991807	-0,8473061227
4,3049655516	4,5903536869
0,0751864985	0,1724466836
4,9139052954	-4,4497414526
6,6222671104	4,3491152529
5,3890508086	5,6808655964
6,0952326708	4,3094072081
6,5182657760	5,4254643798
-0,3293167689	0,2483060648
3,2075334624	5,2508682153
3,7929213769	-5,9103300146
5,0509818218	4,8987230461
5,4169502791	-4,9548586593
2,9222950014	-4,2755078045
2,8644084823	-4,4925308341
4,0623967158	4,5919648904
6,1103806346	4,6245077065
0,4559483824	0,3828968188
3,1520551591	-4,8302639063
5,8511802592	4,8789193381
3,7525751754	-4,8021060717
3,8361790101	-5,9764756506
3,9676173832	-5,6579979902
3,1542908565	-4,0135911323
0,3802187768	-0,0049251350
3,5805650126	-5,6775135039
3,7150753081	-5,0629360607
4,7705101637	5,1830492006
5,8795302637	4,7747512055
4,8194107325	5,3736824669
4,1500256285	-5,4184180837
4,8322787938	4,3867409346
5,1492323277	4,8889095376
3,1778657745	-4,9717463154
2,0663774639	-4,5941598287
3,9904979905	-5,3361294176
-0,0458563484	-0,4059029678
5,8066622890	5,2371553873
4,3506369519	-4,9793056480
3,8407038205	-5,0923093705
4,6362069098	5,2136884701
0,0899667331	0,2084633573
2,4407422143	-5,2601659766
3,4957734015	-5,3685337874
4,9571935978	-4,9045222830
0,6659705852	-0,1726566288
4,6971468110	-5,5357501296
5,2955803331	-4,4648163431
3,7234053256	-5,4179397072
-1,0653449071	-1,5279518582
4,6627692301	4,8557466846
3,0311938663	-4,6020477533
3,1074884241	-5,9166619570
3,0946874967	-5,2082539693
3,2975885056	6,1714213366
2,4860267167	-5,1478653916
1,9651184492	0,5170045262
0,4122481027	-0,0782974130
4,6939872130	5,3201883359
5,7954036155	4,5710997805
0,4351744404	-0,3594366452
4,1111675037	-5,2582271576
0,6330762508	0,7473058549
-1,5081893841	0,3501087640
5,4799653556	4,2640375216
4,0204349366	4,3349136307
0,8565895468	-0,1758564719
0,2081263663	0,7579347463
2,7318577235	-3,8989916876
3,3745023322	-4,7250683829
2,9390132164	-5,1297533015
6,5653064092	4,9924663986
6,7850562538	5,3265011347
6,0476009262	4,2163567845
4,1438652079	4,6604120341
5,0055143602	-4,5280514009
6,6666024088	4,9862627930
-1,9173638207	-0,6482544570
5,9236145376	-4,3205054764
3,9871609994	-4,6211304482
4,5693728855	-5,1959043736
5,6195191644	-5,6727271277
6,0663932785	5,3064863264
4,7151865585	4,9649611629
3,6665781803	-6,1815606455
1,6962971858	0,0276203652
3,0834792782	-4,2337613470
6,7056232150	5,6491693363
6,3866779052	4,1161796541
3,4590659381	-4,3556463300
4,7154535034	-5,3602952176
-1,4516101239	0,1629189025
4,9351429510	-5,2018182299
6,9147410289	5,1882900173
5,2852869192	5,3218796665
1,3027443898	0,3941238073
-0,8489595528	-0,1556325704
5,0411803641	-5,4954258756
4,6315430632	5,2792871648
5,2475001036	-5,4673604164
5,9937985759	5,9313912681
5,1840050173	5,2009908871
0,0938204608	-0,0464421962
4,0605265240	5,7776424102
0,0605783160	0,5249192138
0,1825269429	0,7340987890
5,6466307114	5,1308401506
3,2752647394	-4,2131391589
3,4060567003	-5,5984061435
4,1224119094	-4,8132621891
6,6719193164	5,0858203290
5,6081742276	5,8591836672
-0,1219021726	-0,0616533076
3,8994077362	-5,7218059824
5,4468549754	4,8782212386
0,2324200618	0,1896257037
4,6313478781	5,6972051868
5,1929547384	5,2334856713
3,9976823612	4,8344266942
4,5202395867	-4,7874552217
1,3957647762	0,4114795069
-0,3122015602	-0,2358983878
4,3647962690	4,4170653496
-0,0359879852	1,2860523747
6,2228917320	5,0349963145
3,9825755584	-5,2089275420
3,0226574736	-4,9552487593
3,2568910190	-4,3634784453
3,1842281109	-5,0966883889
-1,1583438110	0,0603439629
0,1324458122	0,2085745865
4,0836644151	-5,1597700664
4,9106754299	4,4801665228
4,3746276801	-5,5359463063
4,0343813540	4,8906574883
-0,2726209230	0,5919280333
4,0355734048	-5,3906400293
0,7141090043	0,9597570069
4,8360561490	-5,0654216341
1,9883483592	-5,4771781158
4,5522372361	-4,7917689112
1,2716283223	0,5669223470
5,3775254776	-4,8417816795
6,6891214125	4,8040502695
5,2689135959	-5,3818241542
3,4793407879	-5,1158458395
1,5433201002	-0,1027218457
4,8923488502	5,1508107567
-0,6486200024	-0,8950804599
5,1930756068	-4,7554046232
0,0164917029	-1,0167778844
2,9668138303	-4,5959099017
5,0877165619	4,8101019816
0,2139462542	-0,1132288954
5,4149372267	-4,9950775702
1,0154618563	-1,0459788613
4,6425435699	-5,5454988800
3,3195837528	-4,3917106509
3,6228679203	5,1245226303
-0,1627661362	-0,0030368858
6,2214892248	5,4287043433
3,4629673708	-5,2284303342
4,1556912972	5,7267541543
4,9939723230	5,6185312742
3,4429213584	-5,3356380052
-0,5931289101	0,1992663442
1,4050087718	-0,5858195087
-0,5658281161	-0,1468906205
5,6455395786	5,4264761803
0,9857088716	0,1299774203
0,8813759126	0,0849414348
-1,3635646142	-0,2618691956
1,3679909591	-0,0674100895
5,9116987469	4,8066948042
4,3632040208	5,3614741044
-0,9629794189	-0,3305233642
3,4868191787	-4,1023472810
5,6528033221	5,0995484284
3,8474475914	4,9655972458
5,4822997134	-5,1766983184
5,5134930583	4,6463386287
0,4362503097	-0,2118428966
-0,8287865341	-0,6533839061
-1,3898635864	-0,4269580455
5,0475832432	-5,2401633065
5,4811140692	5,3950894814
2,9888712358	5,0403536401
3,9854605295	5,1515369195
3,4498014865	-5,8180676203
-0,7316198745	0,2336788344
4,9448943028	-5,1264845292
-0,4566124344	-0,6767863896
4,6575800952	4,9948021567
0,2648651841	-1,0892353721
4,7991908921	-4,6068601206
-0,9615575963	-0,0838875237
5,8246115547	4,7710532467
5,1266612253	-5,0171427542
1,6241878565	-0,6275291111
4,4151307727	-5,3008432667
3,1816382965	-5,4272238861
4,6962778225	5,0195058387
4,1452631556	4,7862240898
5,8353212817	5,5208612329
4,9958653025	4,8187589533
5,6106391741	5,1853561701
0,4555054650	0,6337145893
-0,0847080798	0,0636427137
-0,5420889142	0,1255058419
4,0543422302	-4,3410415424
5,0436946074	5,5065610265
3,4602390258	-5,0914270242
-0,2328144814	-0,1197180746
4,0102562671	-5,3282261308
3,1361168289	-5,0938348167
4,4819848221	-5,4236242346
-0,3265177550	-0,3989504576
4,9046555435	-4,8078497259
-0,6862441901	-0,0665902710
3,7985172968	-4,5263637450
-0,2533742739	0,2926170606
0,4473672945	0,0928216924
4,0535430110	-5,1826009358
-0,2746337459	-0,1920266270
5,8780621085	4,9136899103
6,5587272673	4,8899998650
3,0098867146	4,4232923033
4,5048487635	-5,3424670047
4,4455279147	4,6303977126
-0,6893140026	-0,4133057241
3,8179344716	-4,6631135696
-0,4264224813	-0,6136584175
-0,8579750773	-0,8984238875
-1,3084427681	-0,7847556344
0,5800453080	-0,0164540670
5,4406717254	5,8701977914
4,2258399663	5,3709931119
1,4048664152	0,6225236260
1,6286933318	-0,6717765225
4,5567276003	5,1872795239
0,6033267152	0,2347713029
1,1156896473	0,3434414119
1,2777594126	-0,7879820619
5,6911668430	5,1870867587
3,8789460008	4,1934520141
3,7093390116	4,3380184702
4,9109694820	4,7790698015
-0,5578001122	-0,4480906978
-1,2554283517	0,7426567392
3,7023802306	4,0855769227
0,7127804699	0,2165572631
3,9940761159	-4,8661970190
2,0818138774	0,4558916405
-0,2764816738	0,5009732143
1,1647181972	0,2002883307
4,8723178687	-4,9688412949
1,8001109538	-5,5473039153
3,4991322824	5,2991744784
-1,5589731600	0,0169232623
0,4022810850	0,0038163563
4,1400099177	-4,3248578825
4,9260515768	4,8394130155
0,6209391014	1,0710792776
3,4626005014	5,1742088642
1,2888084188	-0,1274015233
4,0732860048	-4,9746787133
0,6959752521	0,1145287379
2,7079402332	4,6855469913
-1,6378343845	1,3217200921
0,0414614812	-0,3546422113
2,9195377902	-5,7798679720
5,7584237593	5,6814973549
4,0869551215	5,3357396037
5,5935813705	5,1064714645
0,7952352866	0,7921941553
5,4749350811	4,7302133163
3,1941083281	-4,8394650320
4,5782335853	-5,5803581339
3,6747471781	4,9959199152
3,1867742747	4,7422386009
3,2964553253	-5,3988614998
0,9721158167	0,5813327560
6,2308065859	5,0556887235
1,1378996524	-0,1336857306
4,9312384250	5,0567959841
6,3285123029	4,7137509972
-0,5669905385	0,2931341618
4,8222445353	-5,8687684052
5,0007392885	-6,1444637768
4,0989030823	-4,5782727058
4,8264616415	-5,5190320874
5,0479827487	5,3179197834
-0,4000242132	0,2310340268
-0,0744413952	-0,7439524631
-1,8921607889	0,0080780658
4,7232656149	5,6431295323
0,0984003021	-0,5943977275
4,7713148187	-5,1851152776
0,3659762248	0,1236315650
3,3495856093	-5,0839172752
1,2343975133	-0,7064050064
0,9659286608	-0,8292568038
3,3946654178	5,7139068769
4,9068959725	-5,2960148612
4,0949284290	-4,9605525781
4,2523048451	-5,1494145420
4,0672938641	5,2963696918
-0,2366092686	-0,5413656580
4,9418127636	-5,1850230392
1,3516564913	0,1763873026
6,3949073413	5,1496853250
0,9114317291	-0,0732961084
4,3379105298	4,6480231762
3,5542592414	-5,1279149637
1,1060306041	0,2887271380
3,3764692524	4,7416986674
5,0276839208	-5,6442384057
-0,5871443810	0,1314149319
-0,4174322625	-0,4987358962
4,1089881695	-4,9660084054
-1,8205122065	-0,4890956420
4,1583370662	-4,5545902962
4,7716380118	4,4747561944
3,5474766945	-4,3343498379
1,6644783033	0,8241125687
0,8135597871	-0,0914945265
3,1557464098	-5,2546673610
0,8120686937	0,7676997075
4,5235985270	-5,0576139459
3,6063595982	-5,1011053313
5,5703581831	4,6483294421
0,6228864339	0,8815023017
-0,5242019802	-1,3924176659
5,3211058377	5,1362173502
5,3030755540	-4,2378221030
-0,8605913345	-0,8040011886
3,7581435905	5,4183194547
6,0195541891	4,4559251971
5,8278820854	4,9207226284
0,3953845234	0,6156558487
3,7672724240	4,2268075038
4,6371156945	5,7650640417
5,5591681435	5,0460501714
4,3381925537	-4,5119064186
5,1512445145	4,4390621256
4,0541198348	5,3694193724
-1,3118713199	0,1266863244
5,0270060457	3,5657770775
2,2960828297	-4,4934492953
0,8628967358	0,3728090607
4,6201942983	5,3983761455
0,7907255635	0,1469127545
2,9125016160	-5,2113032849
3,6711170042	-4,7769383797
5,1415497119	5,6548407114
6,0183307763	4,8387010092
3,9626743888	5,2713479608
0,5913611770	-0,6137518927
1,0957095854	-0,4673007977
1,7630601959	-0,4069669683
6,2385630692	4,4926995811
-1,4893357494	-1,5023620028
2,9737740595	-5,5514973537
-0,1367062053	-0,4203442683
-1,6495073716	-0,0063917412
4,2702147804	-4,1977025463
3,7895131758	-5,4413536786
1,4985154993	0,1339742059
5,6365046219	-4,6904515505
-1,4058743056	-0,8533900887
3,3737426130	-5,2849741710
5,2277240956	-4,2435450744
3,0815852019	-6,0114584095
-1,0026056164	-0,2179177140
1,0868797765	0,0826975265
6,8570208667	4,7073482679
4,9061678747	-5,6242898673
4,6192027917	4,6739966186
4,7285671870	5,2979306697
4,2632523242	-5,0901582269
5,0459988660	4,8554779459
5,2836149061	-5,0963303602
0,8577787042	0,2739243511
-2,0995160780	0,5192313514
-0,8219290818	-0,6601249692
4,9883116275	-5,7959482153
-0,1310845077	-0,0569364018
1,9781032517	-0,5303384345
0,8339299566	0,5548060242
5,3660002408	3,9638025298
-0,9679145476	-0,3572082982
-1,5080221723	0,2797766921
-0,7161663179	-0,0179984964
4,0757547516	4,8378209339
0,4396957798	-0,6709276467
4,9743294916	4,8362120792
4,9689554893	-4,6954199114
4,7430221842	5,0110620800
2,7905196645	-4,9873877704
4,3136786403	4,7623443086
0,7981207296	0,1452674234
0,7199096375	0,0118818872
0,1926249338	0,6326867767
4,8142304300	-5,4549550727
3,1165092164	-4,7334808329
6,5927566402	4,3016951685
1,0455467596	0,0988736914
4,5791655670	4,9476740498
0,1377407109	0,9004110641
3,7744368467	-5,2767370264
3,9392780556	-4,9643254389
-0,5631233872	0,0989616884
4,0910524709	4,7164596332
1,5710899673	0,0403150136
6,0543865153	5,2290357596
-0,1229136063	1,2936639017
5,3569503285	5,2557139396
-1,9059318777	-0,1319603489
4,6846793336	-5,4768671502
3,2818549364	-4,8464896074
6,2357969461	5,5739568192
4,3327185876	4,7170026530
4,9770677321	-5,1571729198
3,5477777256	-5,2232179288
3,2995031076	5,0813067627
3,8372723980	-4,8900391116
3,5142078192	-4,5617257814
4,2919036120	5,3888110593
-0,3480630815	0,0683485810
0,1221304022	0,3829188578
3,2396794466	-4,8174955757
-0,4567835918	0,3593793582
2,5515698028	-5,2112528289
4,8629950728	5,2064537120
3,1031186975	-5,5968869953
4,6892331858	-5,2756946829
5,7795507285	-5,0770461185
-1,5463922909	0,1228250022
4,7953272268	5,2841990213
3,9687415446	-5,0520612543
1,4864007131	-0,0964390419
4,7490800677	-5,0169899447
5,9336648871	5,5251202606
4,2242716244	5,4563570434
4,9335572542	-5,8841058099
0,0767789758	0,1942274571
3,9492742091	5,4291812660
0,6533925615	-0,1248726576
1,1102024325	-0,1989136641
3,3801741911	-4,7876335210
0,3101531406	-0,3279506929
3,4883323695	-5,8384099653
0,8243631705	-0,1167899678
3,1101600045	-5,0926986912
3,9689327462	4,0363906302
5,8084991599	4,1396347620
5,0963027992	-5,0942449918
4,6708706646	4,1993822458
4,4054701677	5,2355801523
1,3330653597	-0,6638593537
3,2821779263	-5,2202391487
3,8473428604	-5,2230009050
-0,6380560436	-0,3212545504
4,8898073718	-4,2642381421
4,6491052345	-5,1177786941
5,3687337599	5,1930703895
5,1670730884	-5,1818802749
4,3925383010	-4,9481990750
5,0929146975	-4,6360678176
1,6120504018	0,1159540923
3,2982839179	-5,2992281066
3,0687237304	-4,2023101540
2,5905175725	-5,2795873105
5,7999217948	4,7254321818
-1,0007930487	-0,2303934376
-0,9670647891	0,1052884786
-0,8270993512	-0,3654094315
4,1034386385	-4,6860987533
5,6869178621	4,6024794037
0,1716090702	0,8290754187
0,7349155337	-0,4366563420
5,4275678146	-5,2701104919
6,1082878772	5,1225181130
0,4719765909	-0,9248627414
3,7597425606	-5,1121424637
0,0668427447	0,2351942245
0,8134895488	0,6167656826
1,0199041246	-0,2898213111
4,3596962555	5,4193296668
5,0121685318	-4,9120662494
0,8311406451	0,0907253092
0,7752880319	0,0067825615
-0,7599175403	-0,5713605278
4,7985385730	5,0492127385
-0,2053497272	0,3871380324
4,3203316077	-5,0985106613
1,5905754189	0,1084099568
5,2947858526	5,2428907121
4,4500000865	-4,8151423348
4,9172551688	5,1142359563
4,5332507864	-5,2709272002
-0,4136315243	-0,2369276310
0,4687248100	0,0968228540
5,0372702411	-4,6179220748
0,3495900414	-0,7543000569
-0,4602397415	0,1879313187
4,5523050437	-5,4220575261
2,2411463314	-5,0474396691
4,0930461829	-6,5943508316
5,8327846385	5,5907499389
4,2020643286	5,2902090184
4,9610215917	4,8272791632
4,1906622736	4,1670213257
2,8331751686	-5,7610903362
3,1562677972	-4,8521079277
3,6055543363	-4,0323453783
-1,9643628347	-0,4892066828
2,9046978698	-4,9879473437
4,3660145940	4,5772115621
2,8138964549	-5,0242645396
5,2948914314	5,2055260687
3,5824987683	-4,7129294990
1,4768076416	-0,3293368175
-0,8236378349	-0,6913071645
3,0417261720	-5,6994306428
-0,8622503721	0,5002226467
5,4572381105	4,6755864522
0,1950572268	-0,9558405062
5,2413354172	5,4442676183
5,7751091617	4,6934498274
5,7913579136	4,1133438043
4,4068336104	5,2678003902
4,2703458244	-5,0966335537
5,4424911368	5,2052227425
0,1920869009	0,0808192963
6,3433767011	5,9059757627
4,5761739024	-5,3968060050
4,0819052785	-5,9176691088
3,7474441233	5,1608296205
5,0785950808	-4,3536827854
0,0810133229	-0,6214392347
0,4272449843	-0,0874999746
3,8455897859	-4,8757658363
1,1957502637	-0,0276252867
0,4139282747	0,6658989810
-0,2675054744	0,2428889487
2,7361599930	-5,3518403318
4,6409550345	4,9859206325
-0,1027262397	-0,9348110591
4,4586022215	-5,1144511849
-1,4275596005	-0,0839451118
1,0827574616	-0,4075201330
4,3458198411	5,0660667445
-0,2783043798	-0,1096483403
5,6399930387	5,2015451138
1,1962404502	0,1482198431
3,9255880226	4,4193516949
-0,9236026949	-0,6013392199
5,9935205052	5,4017891450
2,9370028843	-5,4143299561
1,7705972817	0,3535493109
6,7963929570	4,6779597270
3,7215868364	4,6017830782
3,1997497158	-5,4820073967
4,6706225828	5,0563618707
3,2661109076	-5,2387478081
-0,3702555473	0,0404067060
3,3248958533	5,8949628820
-0,0906792347	-0,9096696627
5,6375605278	-5,6289280993
5,8868714152	5,4757727400
1,3216325206	0,7026403781
4,2209371787	-4,9776018286
6,2218547202	5,7470926107
0,1933270328	0,9927199926
5,4064591561	5,3544934154
3,1377531194	-4,5770093622
5,2443565611	5,3848232775
4,0883745223	4,6472303164
-0,4708696588	-0,4609852931
6,0251042674	4,5913304033
1,3462949807	0,0094589971
6,2808519341	5,4439324376
5,6165212371	5,6672547255
4,9753708115	4,6243083478
3,0720237582	-4,6043305342
3,9377367614	5,3456775329
2,6896132023	-4,8141154856
4,2058605240	4,3112253354
-0,6243635330	-0,6734815857
3,7533333499	4,7946787760
3,4648767357	-5,4609315410
-0,9601202883	-0,2850673420
0,0080658166	0,6508324169
3,6500702019	5,1501613165
3,2188780032	-5,3825595157
0,0319844281	0,3146468987
6,2725450346	5,2206146032
5,5409167421	5,7423144011
2,8659852167	-4,5563364804
6,1184374345	5,2512143108
-0,5297840577	-0,1097024184
6,0501228091	4,8813034970
4,8091646829	5,1407437539
1,0528829970	-0,2548644785
6,7440769756	4,6393449319
4,8309714813	3,9717842434
0,4804978328	-0,5102487495
5,7430511903	5,0699203076
6,2761235953	5,3694812185
3,9245989538	5,1622256940
0,2248079191	-0,1295925610
0,1104464121	0,4401363407
3,5357117080	-4,3884307380
4,6851942853	5,2912430852
4,2652036037	-4,9840619438
1,4201965484	-0,4921158020
-0,1870792843	-0,3849503035
5,8986249056	3,6991121436
5,9695551558	5,8471606767
3,1328815853	-4,5513814585
3,2009140460	-4,9109148507
1,2571284963	0,1378740296
5,7982830606	5,0235682744
5,1422338271	4,9470693384
4,4664157142	5,2843330173
6,7351049674	4,9534650901
6,5758801371	3,8548832133
-0,6045153626	-0,3449825726
0,3953473985	0,4067032715
4,8075749229	-5,2672170837
3,8092736022	-4,7676216118
1,1123453624	-0,8116327292
2,7677211656	-5,4602942695
4,0929379752	-5,0219925526
3,5650306743	5,4247226415
1,5529722129	-0,3453761962
-0,7286193029	0,6638072640
-0,9938189436	0,2852760657
3,4500971355	-4,8266612551
-0,9320005006	0,0123223001
0,3874205618	0,1012418675
6,1730887894	4,4449497625
3,5747725282	-3,9158738686
-1,5802048527	-0,3665873494
3,9423794327	5,2318889158
5,1328905246	-4,7645754898
2,4378752381	-5,0008864013
3,5685800731	-5,1986807456
3,4125814251	-5,3273944027
6,5967500138	5,1452865420
4,1116348313	5,6343865226
4,9366136195	-5,0516050940
5,6058079997	5,4010563496
-0,7898033610	-0,2199794801
4,5466917242	4,6547695513
1,2831288621	-0,0410878999
4,5824809145	4,9684603957
5,5950197861	5,3577720230
3,0140353759	-4,6873658586
5,7323380479	-5,0380913407
-0,1189441730	0,3460288346
5,0839570179	4,5159166776
0,0959215291	-0,5894102386
3,4236051078	-4,9803976883
1,4488473692	0,2217808249
2,4923425667	-4,8740623948
-1,5096580322	-1,0181226041
6,8660794720	4,3385845320
0,0180379083	0,3396373367
5,2912951158	-5,1864558553
3,2589912746	-5,7293797941
4,9431482927	-5,9388665057
4,6593998221	-5,0935558500
-0,7682767189	-0,8419740182
2,5686706926	-5,4074048559
2,9492361275	-5,3621656340
3,5709430448	6,4674477885
-0,6023734711	-0,3186526115
5,2060570213	-5,2465661264
5,9717699651	4,6898648515
2,4319241110	-4,6802729851
4,7059429936	4,7795406268
3,4999093455	4,5270310572
0,4388706670	0,2674127092
0,4867014643	0,1581185568
-0,2447030674	-0,2722958619
5,2295039645	-4,8607395613
5,8470754357	5,9640616312
-1,4304912692	0,1802472480
4,0722704378	5,3024701516
5,8538270353	5,2611373907
5,4746943230	4,6451095897
5,1163629367	5,9154238970
2,9567408433	-6,1262547509
3,3687360687	4,7002811746
5,1620412163	-5,2021443509
-1,4742523180	0,1818579544
5,6279789585	4,2535614915
6,5777124507	4,5557363043
5,0247638820	5,9410383677
4,4987666881	4,2990828279
4,4578537231	-5,5822912152
6,0476468563	4,8100249758
0,7928064185	-0,5426319551
0,4251463495	-0,0958080622
1,4597189614	0,3205924796
5,1600704961	4,8133673501
5,7596451496	4,6763527310
0,2693493574	0,0195640491
3,9224637580	5,5956883455
4,0063357189	4,6896972231
6,4204105655	5,5371628690
-0,1823575812	0,3689817889
5,2913712238	4,8919617021
4,6488124714	4,4899447577
4,8755385265	-4,7676537713
5,3059646900	4,9133446215
6,0790319566	5,3352689054
-0,8167464159	0,3567861404
5,2948536910	-5,6643833783
5,1747345658	4,4845990171
-1,2709578118	-0,4393302264
5,0480675484	4,8959208686
2,5772282224	-5,4001132353
5,5159487112	4,9918697422
0,1088907020	-0,8351212173
0,0190727048	0,0421442002
5,4903818047	5,6205910632
6,7186183129	4,3426561144
4,9532488524	5,2400895047
-0,9263101860	0,5397336915
4,1942130467	4,5701996091
1,5364141008	0,6455882206
4,2437746351	5,2565463681
3,0742822621	-4,4748113327
6,3095066027	4,5231306406
0,4463419735	0,5886699648
0,0219679925	0,7196210366
-0,4702573400	-0,7428524718
6,7609600707	4,6130288211
4,5834205532	4,4427044087
3,8926166448	-5,4235675833
-1,0463579283	-0,1888728771
0,5356541300	-0,2083541196
3,7747710829	-4,5863967894
5,0041735316	-4,3108438484
3,8383278496	4,6460444195
-0,5659966999	0,1733862841
4,8832679876	5,5306785209
6,5441539222	4,0578008771
3,8644418582	-5,3462768948
4,7905847153	-5,2976959385
5,4432403256	-4,5321821505
3,7951344154	-4,3303641057
3,8681445629	4,0933175418
-0,4049877031	-0,9785888034
3,9427800310	4,5998282208
-0,9501363702	-0,6891408825
0,8609458269	-0,3832827317
4,6577335704	4,6551597415
5,9755144426	5,7921246483
3,2595408676	-5,4956965286
2,6586255049	-4,4673704071
2,9042013071	-5,6823843083
2,3197124344	-4,1382964734
4,3810541540	-5,5367441355
0,9234768435	0,0373387326
1,8884155625	0,6304904819
2,9098059765	-4,6814454345
4,5671380712	4,6617242713
3,2152720480	4,7606866755
2,3546301030	-4,7699742020
5,9321160536	4,5172091004
5,5427062139	5,1224333721
3,1981990983	5,1830869285
-0,4968636995	-0,1510711934
-0,9622443198	0,8015106229
4,3750758011	-4,7949101547
0,2327803670	-0,0484888450
0,2876900825	-0,3938064394
1,5178645664	-0,8652768159
5,8540019492	5,5491496826
0,0181753776	0,9303502040
0,9284022346	-0,6361597522
3,0335619929	-4,9874549860
0,6276568692	-0,6400783880
1,4049004709	0,1448861247
4,7490032408	5,1749696915
3,0804885312	-3,9235426616
-0,0467556020	-0,2704847817
6,2598937868	5,1106228502
3,1976063541	-4,7350513419
4,0649756625	4,8019629711
5,0826672514	-5,6432214486
5,3552102725	5,0036833269
4,1171083086	-4,5652886892
0,1992136568	-0,1994849884
6,0396841566	5,5467398873
2,6838653729	-5,2691313359
3,1655353538	-4,9617598096
3,6777548522	-4,9755854513
0,4676828814	0,6197596481
5,9347688094	5,6004671967
1,2812039444	-1,3019318613
6,5414505240	3,9545856223
3,7518517185	5,0421472282
4,7871764832	5,2633824329
-0,2436732346	0,2636297142
4,9015831084	6,3027201440
4,3951359067	-4,6899575998
-1,2136321887	-0,4302674007
4,7419799977	5,4057482206
-1,4913103436	0,5772415945
3,0480219084	-5,0001605541
-0,8216968569	-0,4873248398
1,2470390705	-0,4352693703
4,9636675371	-4,9209696330
4,7297315980	-4,4410316473
-0,8270982141	0,4375980350
-0,3397782719	0,8160632229
5,0705275576	5,1030665969
5,1464172688	-4,6645595520
2,6686506435	-4,2564843557
0,6695019652	0,1418550212
4,4029477155	4,6821545320
5,2112093381	4,8772794826
2,9660804821	-4,5755788580
4,6539394359	-4,7484116488
3,3331373686	-4,1206819768
0,1102569360	0,2062632649
1,8333004073	0,2032032390
6,5302376335	5,3462258474
4,4000778237	-4,0895293799
0,1480236226	0,5884169498
4,1827086052	4,5629022273
4,6148860091	5,4223446131
-0,2992376731	0,7512913426
-0,9009119311	-0,5152566295
2,5532090427	-5,1169609689
5,3496238143	5,6774902031
-0,6294536405	0,6387228934
-1,0613133720	0,3024329839
3,2618658524	-4,5939255592
4,7622350808	5,6635203340
2,6898916238	-5,4675238132
0,7074924315	0,0650674264
2,6469724434	-4,9070812023
3,3576760622	5,7078311994
0,2420946551	0,6565385842
0,2069249352	0,0171461417
-0,2980121693	0,0812895866
3,8836888434	4,4458276389
6,0714010980	4,9650105838
3,3038889158	-5,7848292673
0,2598154701	-0,4392148213
5,0007899336	-4,7702076507
5,9814840787	5,3717762593
1,0806278946	-0,0603304307
5,7841249382	5,2237745460
5,5834985762	-5,9074741640
5,6479290596	5,6411404228
-0,5925677685	-0,4554202061
0,2625753864	0,6482023864
3,2687952044	-4,7918261545
0,8894690762	-0,1172407021
4,6507682906	4,7115259783
3,4747633388	-5,2237574881
-0,9541628735	0,0161249602
-1,9634052307	-0,0364592608
4,0077949277	5,6948503382
-0,0411378350	0,6262776965
4,4470768605	-4,9613706969
-0,7847171891	0,3678141453
5,4892414949	5,2856761775
3,5472157909	-5,3225359282
4,2089056421	5,6288384049
-0,1888153271	0,5489690739
3,5815876598	-4,4545895859
3,4321732195	-5,4735687921
4,4942548230	6,2241889608
0,6192465703	-0,1899152289
5,7003397476	-5,6818854075
4,3087747816	-5,3092065108
5,5702238422	5,4300092865
-0,9287001193	-0,0885742540
4,8022948701	4,1975700510
3,6435201912	-4,6844230258
2,3300326511	-4,7560848499
5,2411451157	-4,7622432972
0,0189757601	0,9986209798
5,1992928096	5,6101735767
5,3844766840	5,6244908891
5,1794457670	-4,3743499559
-0,7826235310	0,2858140492
5,8476765496	-4,3280037198
4,7153657257	4,9574766693
4,4376007671	5,3353297980
-0,7263436583	0,1766380412
-0,4022101405	-0,2256694883
0,2610433952	-0,2363085062
4,1040513893	-4,2794050421
-0,5111169184	0,3861295139
3,8251394959	4,9909130841
5,2049171386	4,1054554514
4,9958475138	4,8998392171
3,4750328749	-4,8739758595
3,4157750854	-4,6789774493
4,2999912366	-4,8459841657
3,7658188485	-5,5428144518
5,5649662200	-5,2455265408
-1,0770966876	-0,4321717093
5,1559580507	-5,9423747401
3,7696175286	-5,0819279167
-0,3048087127	0,1257549878
2,8185982070	-4,8789323009
-0,0850008877	-0,6486728687
4,6820084370	-4,7828889758
-1,3388543433	0,1055262175
-0,4762863479	-0,1533002263
5,0869250818	-4,9373298329
2,8324818468	-4,6049307002
-1,4891328774	0,1520000848
3,3554810051	-4,6606461394
3,9852488363	-4,2462647459
4,5383508667	-5,1066206469
4,0650400466	-5,2384582818
-0,5927266625	0,1824477554
3,3390867885	-4,4954756081
4,1143946510	-5,6182314940
3,2752580018	-5,1928760412
6,4374930994	4,3359640729
5,3655244840	-3,8349963050
-1,2123344094	-0,6077418384
4,3063450700	4,8973942776
1,2555430629	-0,4624953656
6,1457689387	5,5083124350
6,1832989427	5,2333559152
3,4884974563	-5,2580295654
-1,2235079287	0,0651263712
4,2549616890	5,5090265960
5,5425398159	-4,5467223127
-0,2092632559	0,5880134707
0,9611597859	-0,0398348784
-0,4569603554	0,2130900026
-1,5236847424	-0,2478915400
2,6769194811	-5,7667526567
4,4181028002	5,1376818168
1,6239068220	0,1319957868
-0,6518110271	-0,4009736419
5,5255685405	4,9797277536
6,3044194608	5,8613801193
3,0480636243	-5,3710432311
3,3789940576	-5,0862422801
-0,1928190951	-0,5173760916
4,6509630062	-4,4908657216
5,0594135525	-5,2509830492
-0,5006495733	0,2578698357
4,4180194403	4,0524526374
5,4551433615	4,9657392607
6,3492645710	5,2511076848
4,3841968381	-4,2538107365
1,9755666206	-4,6835476279
4,8306609263	-4,7642190790
4,6463818727	5,4708946111
3,4477216489	-4,7483520272
4,5614232810	4,8320247604
4,5219768266	-4,0797744101
3,0977364162	-3,9401735681
5,3217688489	5,6380366919
4,6289090763	5,2421508395
5,7697963909	5,3141246796
5,5381151570	5,7063433220
5,6353697350	-4,7396498172
6,7628854762	4,7234659190
0,7396311384	0,6092864194
3,7711785551	-5,5103402370
5,0242702580	-5,8062717593
4,2832344247	4,6972103828
1,3679797067	-0,6037339679
0,5298129433	0,1122145138
5,1983330353	5,7553520804
0,6486257985	0,1838124274
2,1668107405	-5,0041279647
3,1176638049	-4,7874522205
3,9951274209	4,1734037888
0,9442862603	0,9213052108
5,4472779888	4,7839266336
-0,3968660102	-0,7074215121
4,8269893262	-5,8911255607
1,5062764222	0,0763836924
5,2931510137	-4,3446825350
-0,0490568244	0,7782103228
4,9385561776	5,8690794091
1,2659915290	-0,3314615864
-0,7184789545	-0,2970943367
4,8616597388	4,5761005136
5,0445954134	-5,1875552843
0,3360753573	0,8893243030
6,2788186092	4,4506206947
-0,8085162821	0,0453936994
-1,3937118162	-0,1221042990
4,5993005135	4,9742325776
0,5557609673	0,6509161792
-0,3099188574	-0,4326212712
0,6766348102	-0,3919892823
1,8904020161	-4,8453800304
0,8080308097	-0,1853199037
4,6806014790	5,1114160047
4,4038542486	-5,1909327187
-0,2543348797	-0,4992835562
2,7603514347	-5,6058160938
-1,7875116488	-0,3995724120
-0,6925891585	0,6277845870
5,4690168909	5,2656765289
-0,5959475499	0,1263427501
-0,8161417496	0,3695625700
4,7478688630	5,9564202510
4,4297656363	-4,9678503594
3,8785247886	5,2183405237
3,6973487682	-5,0179626581
1,0317001302	-0,1576093407
-1,0899950158	0,5689122024
0,7821679561	-0,2069028133
-0,4622131949	-0,0956717022
1,5654038881	0,9140689079
6,4391915800	5,8214755362
2,8868887085	-4,7771429035
3,1344603361	-5,6988582481
0,3764716329	0,5559929458
5,6444896623	4,4134631636
1,5366685357	0,0051509751
0,5868795292	-0,1202663414
5,0388326497	-5,0059575839
4,7323391683	-5,4160123267
4,9911857895	4,4100704446
-0,9125575863	-0,3570959165
4,6400106721	-5,0507245604
1,8641947461	0,3670541683
4,7326056526	4,0758561590
-1,1106980012	-1,0093437098
5,8810711448	4,7748430399
-0,6273467337	-0,0154766827
5,7753381815	4,9066722200
-0,8735805947	-0,0426931899
6,5995299811	6,0103204337
1,1890662335	0,0357943372
4,1617068678	-4,9555617932
5,8422879589	4,2367439189
5,9138359512	6,1435992373
3,2232163994	-6,0615742445
-1,0937785336	0,2501225263
5,6216618311	4,6823474745
4,0041696250	4,1291394199
5,8559958154	4,9831580147
4,5869258455	4,2091166624
5,2556856000	-4,4172903051
0,7787643932	-0,1904622128
-0,3918768806	-0,5226484774
5,7962236142	5,4599459987
5,5576506597	4,6321317222
-0,1236348509	0,7092004105
4,2904370073	-4,4204438761
-1,5641247677	-6,1484823544
6,4765890139	5,5154637080
-1,4184735444	-0,2578373066
0,7844079381	0,0680042808
6,3869913198	5,5181893685
0,3421446057	-0,3237086132
3,5857908254	4,7939681978
-0,2456184679	-0,7592347074
0,6250622596	0,2679667755
-0,0593071403	0,4071116319
3,6329015048	-4,6261744932
4,9521276876	-5,1509117706
4,4695992873	-4,9547863877
5,0425385342	-5,2720801275
3,7012709530	-5,3084314048
3,5993310656	4,7804645388
3,5579327551	-5,3179683348
5,2272686554	-4,6775079033
4,7004099940	-4,6991192525
5,0213293044	4,6649503961
0,2675793426	-0,1889100342
6,0447228058	5,2328658982
3,5528323327	4,4483697189
3,9752105560	-4,6539181960
3,8735377932	4,6026368438
-0,0846595329	0,5484641892
4,9962527706	5,5928521938
5,8059599562	5,1882397969
4,3449644537	-5,5655329607
-1,8539339470	0,0982528608
-0,1700627661	0,0734787157
2,7859959150	-6,1028630356
2,7118632693	-5,1740384659
4,7403907006	5,2096337039
4,8425013741	4,0543080575
4,4332206085	-5,3979652684
0,8629938077	-0,1304143252
0,4674569048	-0,3058506256
5,3302135835	5,5683415837
-0,6474650076	-1,0289867373
-0,5832557604	-0,5102453594
4,7712649016	4,7715086830
3,2491401817	5,5985446235
5,3491119725	4,9122899152
5,5015699256	-5,0368607981
0,4659524044	-0,2839604724
4,7288644700	4,8348407726
4,6903030649	4,6293685466
4,1277800742	4,0688102404
0,4569067926	0,4492101252
-0,0123485753	0,6319823087
1,6309143335	-0,4193421422
4,9077104119	-5,8394536405
0,5319553123	-0,2914071923
-0,0111613332	0,1157471493
6,0349171644	3,7051165956
4,2125941290	-4,5945639282
4,9737301575	3,7679889557
3,9567281400	-4,5757621046
4,1857469710	4,6929498093
4,3624413576	-5,3799305580
5,9795607995	5,2355096828
0,1274552940	-0,7432905776
0,2219140532	0,5203867538
1,2908829675	0,2006314188
5,6896869080	5,5499250820
2,5981432086	-5,0565447193
5,3681907396	5,5598413055
-0,1355228918	0,1768757376
2,8809296519	-5,2351540189
3,3752085943	-5,5456253757
6,2197668928	4,9682629468
1,2253137446	0,4498703169
2,9827034084	-4,9737864566
5,1198679124	-5,2568864075
-0,5001476619	0,4914856678
3,2446504675	-4,3695991725
3,7071363987	-4,8172670440
1,8714528745	-0,4138789806
0,6718833800	-0,5266446735
2,0384020859	0,5583348035
6,2633330446	4,6637835834
5,1264659978	4,9990008101
4,3104519182	4,9752646639
4,5316027161	-5,0659908870
4,4862862802	4,3428897762
5,8793683604	-4,8474806095
-1,3765505851	-0,7991527022
4,6544943206	5,1929994148
3,9589979339	-4,0877131534
1,0965307488	-0,4449329237
3,0637387210	-4,9276257949
6,2402537007	4,7190567743
3,0506385313	-5,7059215918
5,0486026241	4,4859522042
5,2442587843	4,8190571700
-0,7333482727	-0,2971450671
5,8602615599	4,6153298055
0,3109545853	-0,0739246695
5,9075066159	4,3634879221
6,2044698181	4,4589850428
5,0792544981	-4,5208135105
3,6259401316	-4,4299128140
1,3293484818	-0,3108526714
1,3439087322	0,4571672778
3,4132321691	-4,4934152449
3,8648587860	5,2038962390
0,5123429721	0,3963377353
5,9747626364	4,0291637339
4,5110972268	5,0225019466
2,8822399664	-4,8112439450
0,2814696183	0,5586106750
0,0438653569	-0,3863451433
-1,2749463791	-0,9817371944
-0,9354785131	0,4122527254
4,5570352720	-5,2613238323
-1,4298890943	0,2023921927
2,4448871655	-5,1013966282
4,6491037186	3,4930144024
4,3775704372	-5,8384126266
4,7436176242	5,3461612782
4,0957671996	5,8981093820
3,6233108300	-5,4586759770
0,8653562421	0,2429195437
0,3861518624	0,4874678482
0,3396105466	-0,6154977540
3,3414021295	-5,2016160138
3,8720128568	-5,9859249552
6,3534061432	5,4114589620
5,0093799484	-5,7548566173
4,0157654549	-5,4281929876
4,8065043842	-4,5598442700
4,6627348603	4,5192871340
-0,1905889757	0,2887058293
4,3366250069	5,0335430184
4,6182732313	4,7841071900
-1,4006921968	-0,0007021601
4,1777059411	-4,6570158872
-0,9506613960	-0,0292731209
3,8832166952	-5,5975981700
-1,9284751238	-0,3771189305
1,1342820853	-0,1256298838
0,2129741388	-0,2485516556
3,6197895458	4,5638176531
-0,3236283366	0,7388094681
5,3901503380	5,4907295469
5,2479420465	4,5808239982
-0,6532711259	0,3185401353
0,2191317837	-0,0833008722
0,6473046671	0,3120091999
1,4111705043	0,4215171547
3,1551891455	-3,7989713094
4,8953590346	5,3668063660
-0,7151736587	0,0281002178
5,3953502664	4,5354664885
-0,3353581358	-0,3849577161
1,5569835487	0,6716986371
3,9405591161	4,3813907654
4,8656836147	4,7096397436
4,8045607108	-5,1007383551
-0,5484397295	-0,1154570348
-0,8511907285	-0,0856193407
2,9847439949	-5,3531612126
5,1929447561	-5,6896490296
4,2449616413	-4,9271293761
2,5394262851	-5,1522766124
5,8079550201	4,5227050357
-0,1256665770	-0,2202248434
5,0429243191	-4,7067163770
5,4630969029	4,3500371558
4,2027616763	4,5835125488
3,8582213396	-5,5336167758
3,6694249496	5,8533534863
4,3772837047	5,5837174145
3,7516302246	4,7181742094
-0,6040984438	0,8484242245
3,4143751045	-5,2482764088
0,8086643724	-0,4391410642
0,0740970762	-0,0567798317
1,3228386131	-0,1222703573
5,1934462502	-4,8447101404
6,0168987450	5,6059803003
5,0897494867	4,6662153910
4,8504889263	5,1795318480
5,4753724973	-4,2511973961
0,5108133715	-0,4545001823
6,0071133441	4,5159715244
0,7560980353	0,2697299929
4,7524320994	-5,3408794502
-0,0213252598	-0,0739133998
1,6233542804	-0,0145109200
4,6029449735	4,2253352289
5,9023039379	5,1179302810
3,2534850372	-4,1136732331
4,4782391347	-5,2415704156
0,6470893855	-0,3726448011
-0,1440209860	0,7756087345
4,8852438341	-5,0738459246
0,5090152427	-1,1476313035
2,2017229969	0,1172829433
0,3954383049	0,6052598913
5,9181235423	5,0884734766
4,5689369854	-5,1894350953
5,7456097334	5,2765338624
-0,9229994215	-0,0718124781
4,9162965058	4,7910338026
0,1859789492	-0,0729189577
3,8336047016	-4,6584379487
4,8956367340	-5,3209650958
3,8770162850	5,4318272491
3,1070496933	-4,5216677031
4,8479306768	-4,6930819162
4,0885029579	-4,4859435860
3,9591066562	5,0806759421
4,5266785667	4,8171150701
4,8387193287	4,8594559541
-0,3392428871	1,4121185067
-0,0275544391	-0,2163131012
3,8076368092	-4,3506412851
2,5400247004	-4,4752319066
2,8746152962	-5,4894388664
5,3714339520	5,4217850061
5,2256340728	5,4985063352
-0,7159152490	1,0424043194
4,1066053735	-4,9869574206
4,6746384319	-5,2698488762
-1,0762152875	-0,2030295018
5,0647908628	5,0603652987
6,0386670915	4,3065173101
-2,0907519867	-0,4883207053
-0,8629713489	-0,3034205790
1,7873584540	0,3622100210
4,7850706536	5,7206157750
4,0232834643	-4,6756953084
6,5696780009	4,8395195448
5,3046112844	5,9363577490
3,8345638494	-4,9925854912
-0,5367380996	-0,2810660915
4,7193327893	-4,6309443658
-0,6009539983	0,2827839045
4,0909811546	4,6651099265
1,0978760193	0,4369649320
3,7102590460	5,3409656919
5,7733596272	5,1174796482
4,3386343330	-5,3268151770
4,4421471291	3,9721765000
3,7090179990	-5,0455661168
-1,3237886599	0,0655742252
6,2127139573	5,4426822919
-0,0877277381	0,8597556774
5,1581755181	-4,0987159437
4,5099864352	4,7401444246
3,6336297557	5,1105396216
1,6976467223	-0,2233920540
6,1083290729	4,8686254210
2,1064557830	-4,3306990814
2,8128406262	-3,9583020822
5,3380251385	5,2813460952
5,0811576105	-5,3626808988
-0,4421885214	0,0376338375
-0,6511636808	0,6809167421
3,2775976927	-5,0878104888
4,5064774862	-5,3626178797
5,0823364897	-4,8778929473
-1,0369628333	0,8595848936
4,2935800887	-5,1859661168
1,1602179718	-0,1395810883
6,2915874284	5,3442076559
4,3845139429	5,0212729297
5,3306633692	5,4721344048
6,8470790672	5,3492374595
3,7667082887	-4,6352604767
5,6349566451	-5,1540629065
4,0785046432	-5,4250696374
5,7684261201	5,1495481511
3,6115736970	5,7002061462
0,6603908548	0,3577013742
4,0115440311	4,6140181271
0,0651004884	0,0925687406
4,3649958763	4,9172856429
5,6039301044	5,7180080841
5,1804345764	5,1867874929
5,4898278817	-4,7267020839
-0,5380491297	-0,4977416494
5,3976827157	-4,9267684766
5,7791181474	-5,3854261788
3,7057474899	-4,1590387499
2,0863719456	0,3369785941
0,1408219739	0,4662645708
2,9484526944	-4,5724862221
-0,0924095201	0,7790647844
0,4886581537	0,0253139852
0,0296626740	-0,4217813566
0,6948530494	-0,2537295601
0,6455907488	-0,0084279192
4,9420651056	5,6511213650
-0,8314837075	-0,5112663584
4,4077774204	-5,5081082704
0,8556198079	0,1895823259
3,9639383580	-4,5195287600
-1,7261575446	-0,4911675665
4,8394319028	-4,8519474300
6,6942726906	5,1107413025
0,3474072003	-0,0265361061
-2,1303598036	0,4916168842
5,3095632694	-5,3649078590
5,3306285186	-4,9434541367
4,4870611191	-5,1261882682
3,7667287537	-3,4054198993
3,0381114033	-5,7128886036
1,2710737069	-0,4958032264
-0,0263892804	0,0667760582
-0,1092486728	0,3761360521
3,8520425171	4,6971639765
5,2213183638	4,7844016987
2,4497281370	-4,4874586197
2,7987848623	-5,6599311630
4,0674083171	-5,4325496082
2,4697566585	-4,9903792240
2,7786062363	-4,3075576092
0,3797126531	-0,1994370539
6,0243143414	4,8943756763
4,5102742189	5,0853975665
-0,6099112781	0,3723330424
4,8914477410	-4,7738173483
4,9780213413	4,7268532570
5,9385512853	4,7811768127
4,0243941050	-4,6791143486
3,2634273897	4,6560781434
-1,0253795401	-0,0474181562
5,6123249072	-5,2911169099
4,8318859937	-5,3111294683
-0,3988479972	0,0607054644
-0,4691969808	-0,6992662929
0,9264310686	0,8630151487
-0,6264516902	0,1766815635
4,3470822184	4,8365649316
0,5283025394	-0,4441288729
4,1117077465	-5,0387128759
4,9010253291	4,5466429471
5,9785285434	5,7074306594
5,8087850242	5,6889297399
-1,2264146272	-0,2651401842
-0,4565761989	-0,2201884702
0,1480568712	0,2184673046
1,1480217662	0,5656810039
4,9662406583	-5,7291802051
0,5118656831	1,0546930362
4,5931068514	4,5750031908
4,4457135050	-5,7331354960
5,3882205755	-5,3063655262
5,1794282445	-5,1104113181
3,5253701017	-4,5877848459
1,0043213077	0,1567855003
3,8579774541	4,5670935910
4,2703340950	5,0358616437
4,0820403884	-4,8037719129
1,7239094137	-5,0503851741
1,2938629809	-0,0877284430
3,2814914905	-4,8895819677
6,0664256385	5,3202558327
4,4922808073	4,2659011311
3,8557074616	-5,4122349287
0,2581106482	0,5042499099
-1,2602219143	0,2844280146
-0,3301980055	-1,2025705548
5,2173791560	-5,2409346514
5,6315843006	-5,2418152555
-0,8864677343	-0,8634441497
3,8827446257	-6,0898513081
4,4309857149	-5,2758717661
5,2105174111	5,8943414549
5,3635931879	-4,3238553237
6,2081110395	-4,3458306866
4,9914696662	5,0091377574
6,7011981478	5,4944522502
5,1442817871	-5,9310541791
3,8968869192	-5,2971490505
-0,8039710928	0,0119721197
3,6617139980	4,9411779583
3,4844966025	-4,6086192986
4,0446825969	4,7998847735
5,3502895811	-5,1815738334
2,7131816045	-4,7599960901
-0,1192258408	-0,6433580699
4,4333100159	4,1162871227
3,8987532560	-5,0230002061
3,7309064502	-4,6837209782
-0,0395244994	-0,4138016430
-0,8221533982	0,5370014617
5,7118993668	-4,8295446020
5,7658917855	4,9023083665
5,3585227019	5,4786142961
4,4905459847	4,4616927210
4,3883764196	4,5916262391
5,8940390488	-5,4333633045
0,1993042451	-0,2345797868
3,3112649859	5,1268038784
4,6275866006	4,4341453521
5,7075015936	4,9549510053
6,7022222916	5,5503145170
-1,0496419106	-0,4823490532
4,1737629347	4,9901056131
-0,6997119632	0,6782529354
3,0906670681	5,1058679949
4,7566797355	-4,8945488273
1,2690885840	-0,8190397946
2,0781407185	-4,2403278469
2,8386192816	-4,8516346032
4,9448259345	5,4086292342
5,0029530762	5,0989409273
7,1756237845	4,8207867480
4,5436708900	-4,7865849387
4,1962744568	-5,0753711712
-0,3672859120	0,3825550940
5,2522903568	3,1135722731
5,6371276833	4,8640427863
4,4657328972	4,7284076410
2,0365684041	0,1358325497
-0,1988972289	0,1401880962
-1,0457377324	0,9823728664
7,4998943883	5,7648583667
3,8933140897	5,8925410485
5,3907272549	-4,3441109741
-1,8486047472	-0,1603457300
0,8988043417	0,3419862102
-1,2619886507	0,5110497767
-1,0690756356	0,0399963997
3,6289047731	-5,1986082748
5,4457281906	-4,2297207506
4,9687234994	4,2031490593
3,6909695865	4,2287672488
3,7077499886	5,0208761308
0,9177017739	-0,2526316237
5,4088068026	-5,5136619656
4,6135501346	4,9100935760
-0,3535922283	-0,0295334411
2,7922214247	-5,0333840418
4,3372169808	5,1299716067
4,7583675396	5,0281889582
-0,0226647124	0,3617861362
4,8656993907	4,6227895714
4,0212819368	5,8379109773
-0,1426974823	0,3628556912
6,4060551923	5,3336876475
4,2866148003	-5,4455970559
4,6697864949	4,9983716771
6,2876852078	5,6601025053
-1,3176209534	0,8931124792
4,0960211720	-4,8634632333
4,8222452899	-4,5243045641
-0,1581988297	0,4752332214
5,4442371038	5,6566688923
-1,0381103526	-0,2843128026
6,0843621503	5,0186215330
0,3967127748	0,0500180725
5,7307478303	-4,6269942408
1,9845947605	-0,4681714454
-0,2696902573	-0,1855367828
4,2346767629	-4,4295310464
5,0123899458	-4,7466410646
6,0778829403	5,3351473619
4,1046784143	4,8739341050
0,5733178642	-0,1497553096
1,6121884655	0,0987001333
4,6656084394	5,1561108599
-1,0872795158	-0,1779190462
3,9999117015	5,2821251109
4,4118783128	-4,9367942913
3,3670247604	-5,0334103595
4,7526668248	-5,2630239644
6,2614330551	5,0754665406
4,6401252010	-5,2651368206
2,9391369406	-4,9116942546
1,0454586118	0,3617574739
-0,7338306666	-0,3978586662
0,8815106365	-0,0029181332
3,7753458329	4,7297793434
3,8637254460	-4,1922381236
5,6120415633	4,5068184839
4,0437535761	5,4005405083
0,3359994264	0,4742168189
4,3585209058	4,5923586696
6,7350401120	5,0663544199
5,0424858023	5,2733219235
-1,0203585610	0,5133492725
3,4824567625	-4,8394876425
6,9058762476	5,5817698534
-0,8985490511	0,2982444932
6,2330342687	4,5790455472
5,6299581935	4,2102331615
7,0363992712	4,3540780398
-0,7220406274	-0,8860617038
3,8767703744	-5,0458165502
-0,7087738803	0,5679206560
-0,2407800140	-0,1286138566
4,3281957659	5,7421585090
0,4298741668	0,9110797352
4,5641264445	4,5463059553
4,2996941397	5,2047615242
3,7898753463	-5,2048243223
5,3681955922	5,7927505506
6,8041354929	4,4159212165
1,4007940064	0,4879789547
3,1597925042	4,7054643994
2,2712976055	-5,5185019415
3,8467256134	4,8356242186
-1,5087540608	0,1196435526
5,6816738912	4,6554624794
4,4154959285	-4,5903893574
4,0624672233	4,6427138505
1,6431133516	0,0877079906
6,2769207262	5,0853650766
-1,7051171717	-0,2574218843
0,8294509584	0,1052238266
5,2342863635	-5,3690893504
-1,5466635627	0,2464570601
0,7272709133	0,5862014918
0,4989551771	0,0675845479
4,3657558395	5,6944564381
-0,8561365324	0,6340222388
3,9955932998	-4,7992750805
4,4431131165	-4,7979945883
4,4696453632	5,2207661733
1,0222817428	-0,2208297529
4,7339407652	5,2301195329
4,1265709549	-5,6454503996
3,2927606057	-5,9213725786
2,9753148139	-4,3832051091
4,6930035505	-4,9073474802
-0,7230461702	0,4914923447
3,8487070431	-4,5290457077
3,7518787452	-4,6149696301
5,0004192693	5,0292552334
-0,6087673026	0,8804147089
-0,9373240176	0,0615465156
0,7240463732	0,2399138876
5,1876807965	4,1585089924
6,1917416954	5,4116805591
0,3537937627	-1,0811465053
3,6035210598	-4,9261686670
4,5133348491	-5,0668807761
4,1253242016	-4,4101821483
4,3436601597	-5,1880129266
6,4829191317	4,4080013791
3,4658709745	-4,8751666361
3,5559327073	-5,0600416094
-0,3506613251	-0,4591459407
5,8955210890	4,8388660294
5,2151632161	3,8753459870
3,0554691372	-5,1291316745
0,8848637975	0,0807124739
0,3413146495	0,6354444625
4,1570254830	-5,3265292529
3,8623252551	-5,4025555684
4,1681119648	4,3362355318
4,1222789807	4,5574016835
5,1764926174	-4,8399178300
3,6705471257	-5,1554975657
4,8429465483	4,9343726228
0,0979651967	0,5317424064
0,6100548656	-0,3503773162
5,2615133246	4,7467834899
5,3779568905	5,7333548337
4,3489330684	5,4583623146
5,2891277453	5,3663567589
4,7528412559	-4,2942531735
-1,9286484436	-0,4087353891
3,8641117463	-5,6703376019
6,0028695182	4,5208972929
3,3930986230	-4,9532725617
4,3090415226	-5,1488194197
4,8969145874	4,4703976011
4,1312890806	4,5539970497
4,2999621228	-4,5208926964
0,3657237676	-0,3492655388
3,4783191561	-4,7270071060
6,1641163165	5,0534466665
6,3241451396	5,4396300343
6,0906809584	5,7538295846
5,6633258726	6,0821422601
0,6542097366	-0,1326275459
2,7953035872	-5,7931704620
4,3839103612	5,0384667665
5,0926549047	-6,0616345329
2,8993036785	-4,4705245565
3,8673300863	-4,3725285405
6,2411698266	4,9302395542
3,7240647227	-5,1636950000
3,8649622424	5,3327287352
0,1060291069	0,4466835954
-0,9004870904	-0,3374218525
3,6950479166	4,5804903039
5,0200656371	5,8826296109
0,6205179129	0,8351823544
0,8449804884	-0,7003273637
0,5721878405	0,0197989339
6,9572677491	5,3810738275
3,1310687316	-4,7566137237
3,6492914285	-5,6711901177
-0,6740197827	-0,3624090024
5,6745190092	4,6793528043
-0,0591735807	0,7932491150
4,7049229672	-4,5070962681
4,5455434652	5,8491896880
3,4781106389	-4,5356309171
5,7821330711	5,3520610897
0,4076125064	-0,2313230530
2,5102967008	-5,0403190130
4,6313577014	4,6617237702
5,5634126430	5,7909800722
3,2775592107	-4,8205222264
4,6434537276	-4,4796407204
3,8156602610	-5,3307703969
5,6625727942	4,8885893094
0,8990569145	0,4834300014
4,3107531075	-4,8776652687
4,2627880510	4,8297333834
5,1659246716	-4,1581122879
0,4684962273	0,5502396852
5,5138714745	5,5186344984
4,6107652930	-5,1667052058
5,2549964452	-5,4563658104
4,5280607922	-4,5343278365
0,2649559653	0,1321838580
6,1849202993	3,7302250259
2,5585146383	-4,5197441509
1,8273824975	-0,2194262408
4,1145352024	-5,3300992687
2,5386824681	-5,2932418909
0,2548683387	0,6181346822
5,2828396069	-5,3500454577
1,2834478428	-0,1576745456
-0,1594861846	0,5189452241
4,0475384326	-4,8318787151
-0,2954644417	0,1506082712
0,3049369501	0,2645138318
3,0665125321	5,5525154413
2,6197839061	-4,7828855966
5,3105969955	5,4029179107
5,6600291648	-4,2229751744
4,3624725262	4,8486028485
4,1466257319	4,9183825950
3,4410764125	-4,0678516758
3,9280944057	5,0071104770
-0,6045549125	-0,1174410298
3,6568844952	5,2500690555
1,3565460975	0,1639387107
4,1073292784	5,0568281045
3,1325214462	-4,8304147049
4,8907702319	-5,6249860316
1,5440478856	-0,1190745847
5,0208640488	-4,9092901037
4,7097325510	-4,5802128567
5,0497971129	-5,5701111314
-0,3453841931	0,4687927816
5,6127984936	4,5999045682
6,1572578742	4,8133534241
2,9171938248	-5,3739833500
0,2464324188	-0,3667634145
5,1822611069	-4,9578039024
-1,6759732551	-0,6955168381
0,1523544259	0,0705854739
4,0670096866	-4,4616102630
4,5119899476	5,0083476331
4,8940101343	4,6414587067
4,9215680603	4,7889873930
6,6762226899	4,3469716075
5,5477760624	-4,4960672528
3,0239057253	5,0329439064
2,6473530360	-5,1377549797
2,6559695859	-4,2336567590
0,4969404714	-0,6863620578
2,6997712459	-4,7301515479
5,3922262714	5,2209663859
4,5225056396	4,9518471252
4,7052677605	-5,4768237711
3,1030527225	-5,7864411908
5,0962296526	5,2845194164
1,6794057995	-0,1321883823
4,0967734769	-4,4050842375
-0,9083681766	-0,8285050439
4,8552721214	-4,7183651436
2,4716415466	-5,3462759628
-1,6665668173	0,3410316841
3,7361279344	5,5593618549
6,0572058447	4,9020897887
5,0027550549	5,3520339503
5,9625119069	5,1457589725
0,4090282709	0,6259842818
5,5365481980	4,9305559652
3,0933884989	-5,4833655607
3,2469654020	-5,6392487105
4,1912554808	5,2696866827
2,6849323499	-4,0288846965
5,5169880275	4,8866510313
5,5335510162	-4,6290681798
-1,6178296563	-0,6192047391
3,8029478857	-4,9642261333
-0,7099494959	-0,4771551703
-0,4836681156	0,4827560181
1,3358891505	-0,3808866375
-1,3167256806	-1,0676438532
3,8773097245	-4,9426963602
-0,4038327481	0,7950234037
1,1466233999	-0,5605411670
-0,3590245912	0,3391998780
-1,2481662811	0,9867031632
-1,4786498481	0,1191377391
3,6421398930	-4,7136234409
6,0534413318	4,3053362595
5,7503498227	4,5874619179
4,5530410445	-5,8145300974
3,9128292008	-4,5064517556
3,8817402206	-5,4597229951
3,9011673136	4,8754234456
1,7607345914	0,5898068979
4,5895301344	5,1393561128
4,5774171680	-4,7784673115
5,4179707732	-4,9613534770
3,7792807931	-4,7973695314
5,4281207190	-4,3823763731
5,7101936389	5,4654908717
-0,5450539600	-0,3673997187
3,5522989346	5,7552159228
4,0088661350	-4,5715750132
5,8466987762	5,3417294130
4,6717510769	-5,2189059450
3,7320525069	5,1266760492
3,5407228476	-4,5925946439
4,4473426914	-5,1540814082
4,7743966164	5,2347437487
5,0423327447	4,2951885953
5,2119458375	-5,8953527990
3,6378314678	-5,0823068738
2,1757645622	-5,1045633339
4,0121518579	-6,0766748868
5,6908130923	-4,6760012988
4,2981643172	-4,9229450669
-0,9652259613	-0,2692263629
0,0977271676	-0,4411623485
3,7692581814	5,0037153991
-1,6944700788	0,5619536166
6,4500990182	5,5349832448
6,4099112620	5,8727055043
4,7332912835	-4,3449771289
3,0321596992	-5,6903330806
2,3517723101	-5,0463593337
3,3914132353	-5,4094796015
1,2500739010	0,1323066146
-1,3557716770	0,6624876621
0,0578001045	0,0133574823
4,4133212308	-4,6724301623
4,4563004317	-4,8664132059
6,2575633545	4,9195866736
5,3772128841	4,6225987934
6,0009263502	5,1951436501
-0,8765334741	-0,0338721679
1,4099076419	-0,4566696548
2,9123564988	-3,9413191290
4,8141268680	5,2540871561
6,3327956669	5,1509467672
5,0447009931	5,2522621789
6,0488061019	-5,7319588589
3,9481567193	4,9726546435
4,3982593309	-4,5184690677
-1,1374224459	0,0208831911
1,4637142666	-0,5286459765
-1,4910149018	-1,0763751878
6,0681068966	4,9218164836
4,8128104718	5,2429814390
5,2668108780	5,2502809948
-0,0386991909	-0,0765433122
1,0344929978	-0,4492535433
0,4164086206	0,2757884887
4,1258099900	-5,2953629635
4,5936863616	4,2016456897
4,6487362082	5,4437892472
5,3052861803	-5,3545987309
6,1003406827	-5,3799714345
0,6438547807	-0,4534718778
6,0571751915	5,1610728594
3,7055939362	4,6700421122
5,1696717724	5,5450012216
-0,0934941260	-0,6549253813
4,7060116903	-4,6288908329
5,0411568348	5,2731492752
-0,6074220923	0,2853694053
3,2701841279	-4,7842113552
4,2147332358	-5,1467369243
4,6440421640	4,7913891901
0,6897517811	-0,8153287180
0,8997865461	0,5165097264
2,7079610770	-5,3766503503
5,1871329012	4,4063472935
-0,2616519350	0,1348704275
4,8073802860	-5,1076914151
5,1307886539	-5,3981984765
5,8187290468	4,4905401529
3,4091315243	-5,6210063999
5,5751684333	-5,1002461585
5,1402958645	4,4756966718
-0,5497730434	0,0511288365
4,9543610325	4,2371415273
3,2872802400	-5,6191006818
4,4064540749	-5,3435006500
-0,6159692999	-0,2578793657
5,7150068792	-4,8816129788
4,0250627906	-5,3529706921
5,0544862088	-4,7046429137
4,0582002271	6,3665575905
4,3315799498	-5,4576538302
-1,4986655876	-0,8397734100
-0,6908498568	0,6418857883
6,4501321429	4,8663737318
0,6556312099	-0,3132744630
0,3103010220	-0,2546106016
5,2288393222	5,3053552054
3,5116826999	5,9728869341
-1,5477310510	0,2382696608
4,5115690233	5,2357346707
5,0595238083	5,0029898692
-0,7135453032	-0,3870026961
0,9946380508	0,6437115450
1,0323925554	0,1678276353
4,6726663900	4,3085058048
4,4425203384	4,8924292628
3,1251869970	-5,0609980274
-0,3591008442	0,4270395651
5,9677354445	5,1530159025
5,0295990688	-5,0377632223
6,1105867067	5,3765567569
5,3147946162	4,5946066489
4,3046786032	-4,8093372267
3,7109574454	-5,5127644383
0,5673770838	0,3981254149
3,7564689157	4,2976362970
-0,3576941561	0,9732461911
4,1973672558	5,5380084596
2,0327451306	-5,1771500026
5,8587637218	5,7679145223
5,0930423978	5,7884257167
0,9058543526	0,3870096981
3,2233672432	5,2165280454
4,3049363584	5,3018326923
0,3330774171	0,7732273016
0,5229283235	0,2797439165
4,8882718485	5,0059897115
5,2769283394	-4,2761931618
4,5938045972	-4,2908089779
2,7208399949	-5,0016844713
0,0360813205	-0,7869025684
4,2593965795	5,1820392518
5,3396809512	5,8031460560
4,3836639222	5,1190137110
4,6333584253	-5,3080463573
3,9533948986	-4,1310066668
5,3929323140	5,3927697393
4,2328985603	5,7992087374
4,8077083293	-5,2073021156
3,0866192386	-4,5771043582
3,3618996666	-3,8738219809
4,9173790838	5,3198885986
1,5005725949	-0,4485214509
3,7765020225	5,3461890266
5,6671670964	5,3551295194
5,0285791468	5,2580111952
3,8785450087	4,9728076586
4,5594519654	-5,0221425978
3,5706173267	-5,0739667473
2,7484985635	-4,1566319692
0,3164012373	-0,5767078605
3,8848501143	4,6848176150
3,5011153660	4,9783891869
2,8790572415	-4,0111963181
4,2949689253	-5,2213812592
5,6629651407	5,4809895112
0,3605628982	-0,1348698823
-0,2664043677	-0,5724231020
-1,3777368052	0,2611172406
6,1100731346	4,7561018867
0,8880775322	0,1144155495
0,4958162715	1,1618653801
3,8208887919	-5,3638161086
3,0683543613	-4,6727225156
0,7278136789	-0,4424156090
1,0528749939	0,6108099616
5,5285560091	4,3831391579
4,7497009317	4,4233005183
6,2423978241	5,6244807409
4,5487648124	-4,4956418972
0,2560580926	-0,3055503180
6,1042761803	4,7350377345
4,5268069853	5,0132274595
4,8789265874	-5,3983916257
3,5078918383	-5,4650685326
4,7931410798	-5,4067709764
0,3024354601	-0,1765831421
3,0581459200	-4,4067646166
5,1326916522	-5,0512006059
6,5027551853	6,3884269268
0,1601607390	-0,2741170442
2,8021992126	-6,2545569090
4,6380708850	5,1899740307
4,9843199854	5,0722830663
4,8718769178	4,4756503147
3,7538868538	4,6560643443
-0,4917198613	-0,0732393499
1,2436508599	0,0129701057
4,7462214087	4,4576398028
-1,6730765468	-0,4146403681
-0,1182784968	1,1052280294
3,8932742856	-5,0667703109
5,0516933839	4,8470858991
4,0703416649	-5,0893193786
5,9838989257	5,0631517058
5,9643081224	5,0591833213
3,3942841323	5,8233458025
4,2704893292	5,4724778211
4,3643904817	-4,7001233015
3,6021860079	-4,1910950824
5,2572610531	-5,3226395526
5,7290250228	5,3742649106
4,4626762105	-5,5514532749
4,5638432413	5,7558298894
2,4892743243	-5,4425872930
0,7382750120	-0,5709362483
0,6554049942	0,8290913259
-0,1626710253	0,2899408980
6,3084673390	5,2746904373
0,2071593191	0,3889804843
5,1067044220	5,2605987771
6,6493128015	4,9979229751
-0,0838804346	0,4719863717
3,9267697738	-4,6338819341
1,4939039636	0,2309617182
4,6649014443	-4,3738808756
-0,1104845716	-0,0128696117
5,3647271890	4,7784329518
5,4367586186	4,7378102980
0,7359118136	0,9059191834
4,8205537166	4,4177565515
4,7769239657	5,2773884868
4,0547697889	4,2455443906
6,4263598881	4,5717726824
0,9592289135	-0,0135176313
5,4441706654	4,6148943042
3,2232614910	-5,5285918181
-1,2488602470	-0,5000511587
6,4236738973	4,9160541473
0,1781040101	0,7274211759
-0,8006123293	0,0921403673
0,4159195215	0,0317838892
4,2054594473	-4,9589739098
0,4502117799	-0,2148005058
5,1295079857	-5,6198295443
-0,3210462896	0,9031411653
5,2213205429	5,0991213417
3,0496587131	-6,2244633660
4,6386476001	-4,5923799919
0,6394979206	0,0875509684
0,8015193715	-0,4236153870
3,7395780225	-5,3439689413
-0,2394701352	-0,2665791507
-1,5843296073	0,2715763698
3,9546992093	4,9937727896
-1,6280905479	-0,9850059117
5,6576868361	5,1107975648
5,7207871312	-4,9941151617
4,1715026630	-5,1247942649
5,1052566018	-4,8285939120
6,6059641103	4,5436430483
3,6868859918	4,7393140778
6,9305630843	4,9726177448
5,3364347797	-4,5232503403
0,8833145961	1,0158874916
-1,6988610248	-0,4429666892
4,4391876728	-4,4341577718
2,7679614217	-4,8697664312
-0,9209589051	-0,2766807313
4,4320068382	-4,8589248360
3,1460138893	4,8097356984
0,5090213329	-0,2145764031
4,6854132136	-4,7648649230
-0,0531155526	0,2419262697
3,4420338430	4,2850646449
0,9773109174	0,0079669664
0,9010804669	0,5511219711
4,2512325933	4,6281209877
3,1941500670	4,6186615589
1,3701106962	-0,5532346279
4,0772073619	-5,1435834395
6,0456619014	4,8761926995
6,8491963489	4,6684859039
3,1693370479	5,1580195542
0,2915737729	-0,4967340009
5,4718751740	4,2704564761
5,3808246728	4,5338923963
4,1598557172	-4,7421758814
3,5302334080	-4,7203257828
4,3915761369	5,3492161536
-1,5603660562	-0,2709813468
5,3769746529	-5,0813221113
5,3144387958	-4,3739758784
3,8963980978	-5,6328109582
2,9748521638	-5,5135406407
1,0305773061	-0,4524804359
3,4068303282	-4,6691069782
6,4695045596	4,6967147803
-0,0667479785	-0,1924207815
4,8401433217	-6,1833227408
4,2451511026	-5,5999707764
2,6609104085	-5,0529988717
4,9848034427	-5,3949751444
4,9215616201	-4,8948604067
3,3039042967	-4,4572519727
4,9341615490	4,9646841985
1,0806546943	-0,2024418958
4,8179276593	-4,7732481389
0,8093683355	-0,3473040498
5,3615182743	4,6166931017
3,0722618918	-4,4971136400
1,0770460435	-0,1060460402
-1,6425592246	-0,2055412496
-0,7783084642	0,1727451087
-1,6813873744	-0,4841200857
5,2636865364	-5,6353741954
3,6834574904	-4,8648684331
4,3917654758	4,0169659460
4,3206018920	4,5058250173
-0,8705287797	-0,9678618536
3,3674921481	-5,5395615285
-0,9010450901	-0,3595897611
6,2668403317	-5,2267559152
5,0317759772	-6,1852039882
1,8663062520	0,9279902572
5,5260095023	4,2624906094
-0,2074449817	0,1328817727
1,2406344879	-0,1609955748
5,9298252590	5,9216637221
3,6839847818	-5,2173020149
6,4586988219	4,5049978479
5,0765176987	-4,8096174216
3,9383748406	-5,9219252669
6,4562214188	5,1542671449
6,3607283844	4,5720908020
4,9180538290	4,9563296281
3,9700062911	-4,7982064309
2,3109245410	-0,3785642945
3,0317793422	-5,2304564757
5,8836861168	-5,2105150464
-1,0182699861	-0,2790589916
1,2069691120	-0,2069014446
3,0540311228	4,9176901525
5,9254348557	-5,0775616596
4,4274067869	4,7695654877
5,2775174252	5,6002378233
3,3762577032	-5,8469272362
4,0269765985	4,4977135315
4,5147006677	5,7028405606
3,9591097763	-4,5660403151
5,8717402844	6,0895912874
-0,8821375437	0,2246428283
4,1334339246	-5,1145199598
2,5126037444	5,1659547730
5,5509075703	-5,7808423014
1,5735587869	-0,3974681735
3,7435296662	4,7306510872
3,6305794830	6,0062135631
-0,0425968393	0,1070949106
5,1552425942	-5,3283083316
-0,1111723965	0,3002666013
2,6108737690	-4,6219808615
5,3317221102	4,8785425085
6,4979283633	5,6677002127
-0,3961964521	0,1686978544
5,6329246319	4,8021408128
5,6046086141	5,6616641910
-0,7390062743	0,5733770577
5,3629066319	-4,7207457464
-1,1918424715	0,1942683465
4,2406070266	-4,7467215670
3,8062707663	-5,4638092985
0,5816874663	-0,1326786739
0,8663455892	0,1644972331
4,0217649319	5,6751323819
1,1208050405	0,2268227856
3,6438487036	-5,7341092039
4,0390937759	4,8389041907
-0,1286631750	-0,5605889974
5,8751803826	5,9116029686
0,7810452669	0,6375926316
0,6927909478	0,1555106867
4,9698546749	5,0735954520
-0,1134404374	1,0678094963
1,1036164919	-0,0727985202
5,9473941271	5,1897319163
4,4034153220	4,6894464500
4,9483816888	-5,4310130457
0,4137507564	0,7986817141
1,5687604414	0,2085054178
3,4480282566	4,6827792810
6,2052134025	5,7471351248
-1,0718708923	0,7441090976
-1,0551704097	-0,5998362192
3,7087584621	5,5538804990
-0,1352794973	0,0222441716
4,7723508726	4,7562274100
-1,3010611385	0,0741869129
2,8526622051	-5,5253873904
4,6478877944	5,1037862432
-0,6622722339	0,2849516451
-0,0810244547	-0,4907015786
0,2000600991	-0,0013414782
5,9161305058	4,8196347109
5,7203305524	4,6342911984
5,6300471180	5,0286503109
-1,9440345579	-0,0156539172
4,1228415585	-5,8956003672
1,3128935460	-0,0247575600
0,9721051206	0,1929164905
3,4815386086	4,9201554279
4,1903638798	-5,2144110273
-2,1698836025	-0,1852868674
4,9060597141	4,3774869467
4,6158558291	-5,5389477934
6,2582482024	4,8679590930
6,0745695809	5,3034497083
4,2828406538	-4,5166706711
1,4018170413	-0,2183599754
5,2493297188	5,0310900035
3,9941748794	-4,3222897862
4,7110398717	6,2657141500
1,1606316817	-0,1769329012
4,8526948153	5,4038121152
0,3814778932	0,2027758947
-0,6105429312	-0,0568227413
5,6295183815	4,0694616352
-1,0285561409	0,2122520539
-1,3408104966	0,3406899176
5,3629348200	-4,9926979249
2,3476464859	-4,7475904777
3,5697936177	4,7750979076
0,2859698946	0,5286307252
4,4085376609	4,6471302908
3,5350353093	-5,2416086770
3,9078340761	5,3257057675
4,9722688401	-5,6388064308
6,2481905750	-4,8550854891
-0,0342524944	0,1152822653
-0,3941154663	-0,0241070105
3,2947430352	5,8791561919
0,9733476823	-1,4096833229
4,6838738388	-5,0226221185
2,4652436164	-4,9776504201
5,4862356541	4,4296913435
0,9600081475	0,4023193846
-0,1900736679	1,6926083669
1,3969574498	0,0027107475
1,7521193108	-0,4822068294
6,7527089387	5,0387818813
1,9888603628	-5,6131407571
0,9677899522	0,5606516324
2,1358516553	-3,9571179121
5,8105367619	4,5266274111
4,7532141212	5,5245751412
5,5073598996	4,7418957771
4,2885872143	5,4337134080
4,0575286028	5,0906779916
4,3413158085	-4,9567597979
0,7399784161	0,0961920687
4,3174978559	5,4020784687
4,5855044122	-4,7446575200
6,1865515502	5,0030103758
-1,7371852678	-0,7655059193
4,6838846249	-5,7958211432
0,3890575313	0,1439927932
6,2512677534	4,8612440314
5,5137725146	-5,3774279712
0,3458152358	0,4711970003
0,1241810715	-0,5771347636
6,6591561928	5,1890000959
5,8304624931	5,7559993922
4,2539276479	-5,2872564154
0,5109972276	-0,6759933593
4,9813387986	5,3140646840
0,1099490824	-0,5737009281
-0,0887339363	-1,0268414319
3,6085568212	-5,2305314020
-0,9407426706	-0,9020584129
4,1610652103	4,0803491668
0,1918308321	-0,0970944910
2,8131733226	-5,7705929051
2,8000442434	-5,4602054936
-0,0709639530	0,8499083012
-0,2900583700	-0,7847540781
5,3695247848	5,2135182079
-1,7013028171	0,9663718711
-1,4092528127	-0,6997710236
4,5582788311	-4,6803827907
-1,0712027166	0,0380516372
6,0945801697	5,4800689890
2,9406326908	-5,5819143008
5,2229480443	4,3402927804
0,0851884242	-0,5375768746
-0,7406597189	-0,1874281582
4,1302467274	4,4591456972
-0,3748306237	0,0263888676
3,9352070360	5,3774398098
3,1396648598	-4,9062468457
5,4716867214	4,7053914925
4,1671711342	5,2397577902
-0,1049193540	-0,3724301504
4,2204907870	-4,3669411636
-0,0189042515	0,1198166263
-1,0468045264	0,0069883072
5,7038107277	-5,0071201219
3,9251511895	3,7738389812
5,0991113694	-5,5416136713
5,0977777691	-5,6582889584
1,2636553479	0,1344730858
5,0757567013	4,6089825068
-0,3182367539	-0,6422614499
5,8175461135	4,6866344567
3,9627323179	-5,5007287213
2,6628372575	-5,2355752702
-0,1647633995	-0,5156919895
5,3323848516	5,6086271174
5,5743133237	-4,5156129957
5,6326591981	5,0638886043
-1,0717395417	-0,5185047919
3,8187639662	4,4490780460
5,0414150002	-5,3300517857
6,7883075102	5,5023214332
1,7327773500	0,1132223384
1,6085652352	-0,3905081114
0,8272432962	0,1345169147
3,3489654639	-4,7717965012
1,1031823291	0,0839313872
3,0089696153	-4,6385799988
3,1270837236	-5,3727112823
4,6991172288	4,8830390462
2,8317164720	-5,2408854414
4,3866294128	4,9657951098
6,3403190905	4,6665511149
6,1595374097	4,8338689367
4,5329683293	4,9026136071
5,9859911306	5,7282717907
1,4165003070	0,8456283335
0,3270427629	0,2889165995
4,9779963560	-4,3672421063
5,3608805333	5,3011841887
-0,2130647202	1,0457788919
4,7789571968	5,4598411485
3,9102384308	-5,3440626863
6,3517358803	5,0684573550
2,1275329704	-0,0836973551
5,0352391553	-5,6239615637
-0,1633159627	-0,4383056452
-1,2348292074	1,0265755814
4,4588075360	5,3155077265
0,5459716850	0,3222397410
3,9364906425	5,5345545291
1,1184078171	1,1123672002
1,1025520598	-0,1469338679
3,2127225335	4,3782831910
0,3784468350	0,3489655275
2,8607083602	5,2266084822
3,1232647604	-4,8718370593
0,1309356455	-0,6645968582
-0,5236116735	0,9936074300
5,9671733102	5,6540709853
-0,6376012487	0,0647502167
3,4370292440	5,5248193280
2,7214617804	5,1601733882
2,7565765634	-4,4615690603
5,5348686910	4,8684220817
5,1994047141	4,8576327253
4,3038766974	4,1007436977
5,9880564822	5,6991567998
3,5219708050	-4,9500953711
5,5506391069	-5,2668523056
-0,5754730615	0,1507156713
4,5337180326	-5,4017770204
4,4674002887	5,2860157825
2,2505705794	-5,6367531224
4,5948809352	-4,2185183223
-0,1662678089	-0,4240669431
1,1065883952	-0,0811809937
-0,3246026852	-0,3708223373
-1,1418063004	0,2125598715
2,2665214399	-5,4191815073
2,9797271995	-4,7461247037
5,8319314010	5,0617598726
6,0695598831	4,8809182482
5,7829197075	4,8479676779
3,5775943663	5,5508055751
-0,6167264226	-0,5748500996
-0,9042004263	-0,0056717984
7,2632404456	4,2363172719
6,3404415821	4,2890592621
5,6621097248	4,8426890801
5,2886015020	4,6593635323
2,9647842737	-4,6312122911
4,7802968961	4,3667552570
1,2169737906	-0,4775578779
-1,2933235883	-0,0955635834
2,7789259361	-5,4709039106
-0,3278480923	0,9222713244
-1,1206928978	0,2339244473
-1,6953050438	0,7305247256
4,5069559020	-4,8798347920
5,8072395687	5,0936270168
-0,0618221317	1,0172452587
3,5348995849	-4,5205813536
2,4827541253	-4,5798932087
4,2383309114	-5,0042419326
-1,3705112505	0,2116293693
-1,1866084670	-0,3119748234
5,2000834297	5,0028681657
3,6160528288	5,6151538818
2,6791232417	-5,5332643991
5,6315540080	5,2260098685
-1,1576132135	0,2308741163
5,9535903318	4,5858358838
5,6306524477	-5,2084003265
4,9362609171	5,8551464380
3,7874322230	-5,2097679612
5,7644640289	-5,3665610330
0,1426421296	-0,4972936336
3,1754480179	4,9104227815
6,4510342855	5,1571674121
0,2813379318	0,5950723167
-0,9992084733	-0,2405328904
1,5940217252	0,0169466916
0,9771154874	-0,1590546046
1,0670179362	-0,0425420686
5,5520198924	4,4447075499
4,2986735843	4,7242577613
4,2723835577	-5,0917809559
0,1884867997	-0,7731433540
0,5790217367	0,8880410515
4,0261733995	5,0962606135
2,3608713335	-4,9934978254
1,1601297306	0,6502950407
3,5560691262	-5,8560530717
4,8932009604	-5,3650426377
3,8240646707	-5,3293397041
5,9599674084	5,4774249437
4,4391892231	5,7138394087
2,8955896372	-4,5552258213
-0,8406914233	0,5715095140
-1,0625479517	0,0775479609
3,6386307163	-5,2282480021
5,0237148376	-5,1886831243
0,6938411805	0,3307848792
-0,0488779527	0,9278224447
-0,9684116352	-0,2511391328
2,9429031201	-4,6915489212
3,6600196823	4,8139008663
-0,8262555056	0,7700926503
6,3149249263	4,2218141216
4,3825668654	-4,7444358536
4,8781343197	-3,9752963087
3,9698354046	5,3454882040
6,8622527990	4,8338733416
5,2762429087	-5,0391490409
0,9397948751	-0,6328737661
4,7033952799	4,6628653176
6,0322785471	4,4600204575
4,9928171366	-4,0704268433
-0,0508291272	-0,5420167825
6,1377381374	4,9231233678
2,3855282047	-4,9540723114
0,2297538274	-0,1658863351
-1,1324324108	-0,2729529814
1,4487204508	1,1193398178
-1,0846081274	0,7407225602
0,3313430294	-0,6043432740
6,0447475461	5,3406243122
3,9812402507	5,3811893875
2,9836418893	-5,1968745490
4,9499794744	-5,0250434481
6,2695781696	5,8404443061
3,1687760899	-5,0452559022
5,1611705704	-4,6431023337
5,6827299095	4,3195560578
4,6686714584	-4,6367565656
5,1934373913	-4,4399813648
6,2226228015	5,0648905254
4,9624386767	5,3236767883
3,2372738418	-4,4210109379
4,7056745765	-4,7254488441
2,7059812088	-5,0130252786
3,9946722175	4,8312462055
0,2930599439	0,6264641207
6,2230879200	5,0527821236
-0,7553140561	0,3185581593
5,0116449704	-4,5656280692
5,5781455354	5,1264535840
4,5627526234	-5,2704700431
6,6404608684	4,5869084661
1,4420698997	-0,2304218688
4,3816214783	4,0681433382
4,4921761283	-4,4306489660
4,8724143917	6,1091858415
3,1092350654	-5,9299080605
4,6689606339	4,3466791844
3,7008728262	-5,5092065483
6,1785189739	5,5566556876
4,5546946044	5,0399772794
3,7891134762	-5,0228508276
-0,9342728718	0,7545754723
4,0789063563	4,9116105899
4,6846179907	-5,0991252398
0,4673953312	0,1401674947
-0,8046969949	1,0249043832
-0,5860950453	-0,3086856555
6,1886271263	5,1528340326
-0,7962859854	-0,2322383077
4,0414436817	-4,8205129591
5,1473763989	-5,0685076932
-0,0543658697	-0,4206766253
5,4469800172	4,7455176460
-0,7521941744	0,3199537745
4,5724406883	4,3558022993
-1,6311450557	-0,1503653375
4,4127905902	-5,5899331074
0,1204146549	-0,2742342430
5,8024696658	4,5436095573
-0,4059211666	0,1589456075
-0,9809006183	-0,3276424470
4,0176617784	5,5698081611
4,6874654960	4,9527051007
4,8139833403	5,2417912274
3,9203743061	4,6299459182
5,0553793047	4,9949150727
5,9517095783	5,4287840463
-1,3973782019	0,0388008117
0,9317888938	0,3038554306
2,8531411868	-5,8515239259
4,3101484669	4,1603207943
5,3375922303	4,8692757321
3,3990160452	4,6854779704
2,9260137313	-4,8179011800
1,0972925950	0,3373949533
1,8000415735	0,0645015626
6,2787843207	-4,7944702893
3,1700979263	-5,3347163012
4,6738802769	-5,2571001440
5,6582748148	4,5875449518
3,4698363546	-4,6919607155
4,5957314654	4,8212048084
4,4124059511	-4,7937474065
6,1118774776	-4,7422220235
3,3070465197	-4,8132293707
1,1075161337	-0,1859792302
3,6988496697	-5,3764711680
-0,6970579304	-0,7728980719
5,6157544286	5,3537741657
3,7159181938	-5,6741213561
5,5950515887	5,8239558244
0,2681285443	0,2541591771
3,9135276565	-5,3808059057
3,7968591957	-5,5301399532
5,8838147612	5,1452944685
0,2529676959	0,5378658950
-1,3683685884	1,0212593902
6,5087555127	4,6191122774
6,0844733432	4,5251950253
5,5636905950	5,5576134718
0,1164753298	0,0338455218
3,3047450252	4,8595334382
-0,9106538663	-0,1921873536
4,8296035533	4,9825157843
5,7153898427	4,4771006917
3,1406648588	4,8101283135
3,9178493941	-5,2809483905
2,5290839118	-5,3426859295
1,4088992955	0,3719508735
4,8148261033	4,9136018450
2,8932632953	-5,6946713487
4,6093648593	4,6866219951
3,0804806464	-3,8594357326
4,6394901220	5,1413308647
0,9212976874	0,2857303375
1,0257058319	-0,2861601276
-2,0240225490	-0,2034933516
4,9201373615	-4,2913689235
0,6122642958	0,2552736820
-1,1239818487	0,4512231387
3,7748553851	-3,9851045876
5,1880944437	4,8487000828
2,3704142158	-3,4255926901
4,9561412512	-5,9048579486
-0,6182014680	-0,4264382194
2,2066598128	-5,0778106381
5,7085802701	-5,2974786171
1,1035671372	-0,0718344253
0,0295191032	-1,3902336821
4,5974059805	5,0493989737
4,1870431544	-5,4957855904
4,7513076492	-5,7597099963
5,3363977942	-5,2559781658
3,9544975505	-5,1248626847
0,6344344125	0,3030563287
3,7488870607	-4,8212053597
5,4062442328	4,4204777005
-1,7069032732	-0,2166640414
3,6453431211	5,0091027517
0,7793764367	-0,7593169791
3,7814129563	4,8308216990
0,9154510248	0,1369807648
1,5640674872	0,6251886383
0,7302920657	-0,8061157628
0,8845534683	-0,0546508553
0,1001518447	-0,1138883743
4,9022681866	4,4766204197
0,3526135489	-0,9703256492
5,0168050276	5,6267204488
0,0055531109	-0,1552200147
4,8644497519	-4,2669185925
4,8958049596	-5,0653260797
0,5522324855	0,6692655014
4,4604949944	-4,1072214845
0,0827008395	1,4836164027
4,5088716962	-4,8574906204
-1,6223675139	0,5182522870
0,6233000435	-0,0900510395
4,8603915148	4,6779739374
-0,2267599397	-0,1889343009
6,5323818239	5,2942485613
4,3456250814	-5,3693410320
6,5369065367	4,1713816033
3,1406881279	4,6104170387
4,8244790363	4,4982236070
-1,6579292679	-0,0354383733
3,9955319590	4,4656639709
0,0647310519	-0,6323702575
3,9434510899	-4,8476699040
4,3224526727	5,4073514014
4,8821292915	-5,3807977746
5,5610346268	-5,4908794228
6,0069774888	4,6293279365
3,6280917137	4,9665161157
-1,0871389013	0,3989790424
5,4334721615	-5,0988605767
4,4243406054	-5,8835636624
3,6128882927	-5,0438294668
5,5177139645	4,6362063947
2,6274968183	-4,9837440000
-0,5831999286	0,1696223494
5,4645761245	-5,8191692000
6,5788396709	4,7254961101
3,7816402856	-4,9265049240
5,6305497019	-5,5428315695
3,9336984754	-5,3279193224
4,2734145007	4,4620853350
-0,8245672717	-0,6935708295
-0,9397280589	0,5098556662
-1,2135432134	5,1236521564
-0,5740137210	-0,5941993880
6,3291215264	4,9394665148
5,3545008897	-5,3626707314
2,3265382858	-5,2507441005
3,5683612005	-4,3063136204
3,4282289025	4,7417929532
5,4538173722	-4,5599273720
-0,7833292117	0,4283875896
3,9786385219	4,5412654224
5,9715627957	5,5838215175
0,1049123443	0,1927825414
4,3290177924	5,1339204109
5,4266836741	-5,5919527385
-1,5503922768	1,0863358934
3,6204778819	5,2806602951
4,3268058324	5,3235504769
4,9165068688	5,9571515301
3,1333805406	4,5269680371
3,6819482047	-5,0203548646
-0,0514455289	0,3336429265
-0,3912956199	-0,1710241982
3,0394830032	-5,6746737932
6,3807614898	5,1258543477
5,3960499915	5,7318231609
5,0964869999	5,4072169657
3,8447330598	5,1002085008
3,1888757493	-6,0516204022
5,5882921154	4,3156496795
3,9674129277	4,5339823482
-0,6195442075	0,5022099323
-0,6187321405	0,7433277763
3,9832512121	-4,1615722271
0,9862610438	-0,5818631082
3,9917500195	4,8491032022
6,4095765993	5,1129290768
-0,7263913239	-0,3910535983
3,3139710484	5,4215670698
4,3976835958	5,8134768465
6,5311000785	4,9837920750
5,3174996142	6,1427395438
-0,1284110644	-0,5557342947
6,3170117675	5,2127981226
6,5210516471	5,0430749477
3,4212549332	-5,0530124491
2,4207426587	-5,5940047895
1,2652549516	-0,7019634803
5,9613413913	5,3148684847
0,9890649277	-0,0617950672
-0,3640019691	0,1557113872
1,4782530395	-0,0050653805
0,4153202177	0,1177864638
5,5495408368	5,1394067492
4,3704757056	5,0390998005
-1,3113311311	-0,3053271991
4,5480713494	4,9432255802
0,8920293186	-0,1274082870
3,7771009450	4,5658361359
0,5433529127	-0,0704030953
5,6805513186	4,9882135643
3,6321319868	-4,4254994580
5,1857767760	-4,8017227672
-0,9636430735	0,8053814259
4,3519286005	-5,1463910565
5,5757688830	-5,5421915727
5,3786134418	4,9293364199
1,5694979034	0,4220146903
4,4976816694	-5,2802290031
5,2060689628	5,6398081902
4,6267591143	5,2489380041
-1,3848543316	0,4616944414
1,6923684119	-0,2616574349
6,2313040633	4,5597190436
3,8254607250	-5,2487642805
4,7852885571	-4,2335449977
2,5262130132	-5,1127813946
0,8331778309	-0,3694653761
4,6573903965	4,3574131481
4,1986872403	5,3041639069
4,6280055335	-4,4576949526
3,8164894890	4,8527802156
4,5021596382	-4,0612772104
-0,7929578727	-0,0103206364
3,0780349695	-5,2650128827
4,0441385529	5,4365969437
5,5446656319	-4,4092778620
5,2472207308	4,7364592619
5,5554833947	-5,2057943561
6,0555210928	5,0227388354
-0,5984070056	-0,4163063693
5,0012296133	-4,8645991071
-0,3519921416	-0,1864868260
3,8320294957	-5,2210234644
-1,3027415720	0,9816676543
-0,0595717488	-0,2505946425
4,6271673780	5,1180016616
3,3793597524	-4,3212077057
-1,3348470762	-0,3316271660
2,2330311276	-4,9232425680
4,9035410530	-4,5518128758
4,0835393224	4,1470074057
0,4080722778	0,4767483333
4,8735614024	-5,8585222338
1,0526799105	-0,6320372684
-0,9159737914	-0,1546021376
4,0926689679	-5,0905187128
-0,3911668696	1,0565811559
5,2716726260	4,9903549498
-0,3884099631	-0,1675315071
5,8103475014	5,4138377180
1,6343027455	-0,3575714029
2,4095287402	-4,6976897831
5,5908854910	5,0892208474
0,6614576451	0,0116119921
1,8795007031	-0,7263206058
4,3283418744	-4,4153830946
4,3824775794	3,7536158076
-0,7249424207	0,1196082609
4,0206700196	-4,3752744980
2,5252616689	-4,7519525676
3,9262529002	5,1342414873
-1,6621140496	0,2400179345
5,1056820220	4,3857323591
3,7578628814	-4,3438736567
5,9590953930	5,2015326131
5,1536826282	4,8233056363
-0,2574608598	0,1962836843
3,1245299542	-4,1900111004
5,6206133371	-5,4084897338
4,3786205658	-4,8788337853
5,1219337466	4,6203927548
4,6839914489	-5,3997850752
4,0931577857	4,2190091793
6,5901660644	4,8288591266
5,2308275994	-4,8125303676
3,6391820629	-5,1480499582
0,5834971857	-0,6140222189
-1,5431671123	0,5625426634
5,4657468360	4,8969698630
3,7822545636	4,8383958077
5,3920405243	5,4430316624
2,9107101272	-5,2239362268
3,7591482595	4,5511811789
-1,4378651439	0,0510417385
1,0988399544	-0,4326597665
0,3006849535	0,0478696475
4,2936481680	-5,4155318313
3,1278823523	-5,3970471851
5,2937301287	4,9817810005
0,1181754275	0,3265793263
2,9058130059	-4,1634980984
5,3398689766	4,5625236219
6,0866573094	4,3004449598
5,4788333754	4,9192649537
3,8053148731	5,3289737004
4,8729538741	5,1032049167
4,6895353465	4,7504609143
0,6243391501	0,1336429991
4,7533346508	4,1522675044
2,7607907586	-4,6764296916
4,0383092915	-4,6345429416
0,1031609254	-1,3837317044
-0,9332701495	0,2337190357
0,0551746797	-1,2293063547
3,7485869199	5,6500160761
4,2388610307	6,1009119304
3,1803166178	-4,8123035711
2,6654908728	-4,8293099572
4,6319177423	5,3291146205
-1,1510922334	1,1003906926
2,9979905753	-5,2151306424
4,9478458454	4,3177894297
5,1455053501	4,0665822984
-0,1119141223	-0,5059435890
0,2884433440	-0,6713964315
6,5368070489	5,0384396675
6,2282394616	4,4920705329
3,8752350793	5,2016878740
0,9157016995	0,3556107233
5,0557808103	-5,5273678810
-0,3133127160	-0,3562559996
5,9048231419	4,0620171810
2,9506897915	-4,6993832142
-0,8631941679	-0,3285705838
-1,9741681337	0,1682498840
0,4539187479	-0,2342453527
5,1735200303	5,1107008609
1,2033518679	-0,2694027443
-1,6419763266	0,2378743148
1,1483194258	0,5765333184
-0,0542488892	-0,5030124374
4,4496036816	5,5568369050
4,1179362306	-4,6415851718
3,1436011849	-4,4116638779
0,0178416310	-0,1537545767
-1,0729890529	0,6326806840
-1,1505598008	-0,5880860898
4,3186174096	-5,3642134467
4,5764070406	4,9266809543
3,7106570861	-5,6990093288
-0,5945552579	-0,6283702298
6,0301115684	5,5493966605
3,4149275626	-5,3864452254
4,6548215966	-4,9195967630
3,3664545088	-4,4338393393
3,6062999434	4,3957624375
-0,2740053590	-0,2004002265
1,2019542292	-0,5120864833
5,3863878227	-5,6750658690
6,5063869153	4,0705209095
5,4511228571	4,8782273141
5,1500770899	-4,5467182549
5,6168231192	5,5002791395
-0,1401796759	0,0285152543
3,4325808084	-4,5682084222
5,9096623505	-5,6191032499
5,5760597649	4,3701601774
-2,0795806215	0,0921824403
4,0079718177	-5,4912194769
3,3548547482	5,2951592784
5,5985759328	-4,3060001398
2,6274931629	-5,2355317657
3,3434203013	-5,0547358501
4,9369047503	4,3681118622
0,1722744800	0,4480086344
3,6146903159	5,8819355095
5,3029892809	-4,4268141354
6,6026897374	5,2300601618
-1,4128783176	0,5277638150
2,7937923008	-4,3624029474
4,2782388043	5,4334002321
-1,1703269702	-0,2142502162
5,3225338523	4,7263256552
-1,0142103426	-0,4718383399
3,0816338563	-4,4314485419
3,6610024846	5,2374169991
1,0847355059	0,5345181413
-1,0722394001	-0,4119343458
-1,9178676523	-0,2810628313
1,3245444135	0,0685157122
4,6020368060	5,5384722524
0,5834342489	-0,7910250969
4,3193631145	-4,6189375630
4,4172966832	-5,5941751908
4,3264360798	4,6978120572
5,2823716465	-4,9243515848
-1,6424855668	0,2075780549
5,2550983500	-4,7641738854
5,8972191968	4,8053968201
-1,3737599824	0,8292238468
3,2044544006	4,5475396862
2,5659054696	-5,1898665970
5,2016017619	5,1103072527
3,9485745034	5,1355776858
-0,9727727209	0,8875759233
4,4195871187	-5,0812962200
1,0949653367	0,8104253613
6,9928438767	4,7191451595
1,1700661330	0,0215379689
2,8378869288	-4,7077211910
3,4081307534	5,1192560999
5,4435092052	5,3534925942
4,3953772282	4,7319172031
2,6123132433	-5,5599257662
5,0258404854	-4,0388587020
3,0818208052	-5,4826438004
4,1505925769	-5,2265318121
-0,6652412261	0,0234629800
-0,2655240106	0,2002696620
5,9982612197	5,3392458246
6,2504426062	4,0762614298
2,1811456843	-5,0101888879
5,2112529549	4,8907786861
0,8532814537	-0,1475961375
5,1517513425	-5,3276633026
4,4837437017	-4,7987413047
4,6591763385	5,2112144247
4,8145397487	5,6485533832
4,1301589805	4,5162339418
0,0089424630	0,5611681299
-0,3856430863	0,3858914658
2,6139563700	-6,0272195666
-0,6733642477	0,0611138107
4,7485460445	-4,4107661761
4,4929014003	-5,2129359410
2,7120986861	-5,5721427948
6,1398741289	5,0438520874
0,1823891480	-0,2345758687
1,2427087935	0,4462733384
4,5697107054	5,0373213633
-0,5747728214	-0,0551312292
3,8968181726	-5,3763753125
-1,4681048790	1,1105116476
3,2887636820	-4,5457331190
3,1688663165	-5,1895121946
-0,3680181951	0,0580930233
4,1368112988	5,3831813440
4,7540072981	-4,8307556008
4,5453535016	5,2161881829
1,2865179735	-0,0185063915
4,1054686360	4,5286646037
3,6214346065	4,9515379995
4,7888810184	4,7785413651
-0,3350387310	0,3283402308
3,3593778047	5,0797786443
5,0069149072	-4,6440557629
5,5561754173	-5,4673222316
2,6606833058	-5,3473143545
3,1080486240	-5,0839247567
5,8623710474	4,4259140176
4,2196520733	-4,9415907407
-0,9046182948	0,1084413284
3,8720361572	-4,7076075478
5,8045004696	5,1380757198
-0,8013421974	-0,2843160400
0,8696454894	-0,0042233832
-1,5675587897	-0,0913652837
5,2821872700	5,3124273422
3,9094885026	4,3220849503
5,2373279252	-5,5343498425
6,2334226925	5,5944349960
4,6390151469	-4,5867909390
0,9179951008	0,0548111169
6,1314888545	5,0656019069
3,6851629789	-4,8917973469
4,7088519247	4,5863644991
4,2869518910	-4,0125450083
5,3124171312	5,0185580889
-0,3545331164	-0,2114432030
0,6188860429	0,1475815065
4,5053488299	-4,5119265250
4,3432020678	-4,9529696096
4,4426275287	5,1844938293
5,1839492943	5,7485964766
3,3820693586	-5,5259781111
3,2859999712	-4,8538880126
4,4034488769	4,8121581349
3,9595362758	-4,8356962456
-0,6833721849	-0,3455452341
5,7777311322	4,2360084118
4,6797921660	-5,1065573158
3,2608885212	-3,8399986470
4,1223205920	-5,0955973498
0,1852892382	0,0110889357
0,5062171757	-0,1559525366
-1,3520245344	0,4953045273
5,3987670540	-5,0840112566
1,1676608852	0,0384349059
0,8006431144	1,0015933474
4,9079571037	-4,4003942459
6,6130212095	5,1794488822
-0,4118221496	-0,1309914103
5,8340911261	5,1248030772
-1,2824184660	0,4848555373
0,0753917587	0,3509827174
6,4091787844	5,3147977448
4,3250518430	-4,2868250851
5,0507759065	-5,4887388600
0,4189670968	-0,4938125105
5,3488645637	5,0134177975
-1,2790486566	-0,5791012403
3,9404681676	-5,1333062759
5,2266031352	-4,7200453377
4,9966972129	5,1667168383
3,0666080106	-5,0141521457
0,6003588432	0,3065394890
0,4561870140	0,2198351514
-1,7219740856	-0,4217347479
1,5361136508	-0,0978109350
4,1035012473	-5,0964090095
3,7490112105	5,8035155116
-1,1321631819	-0,4780643262
0,9275669266	0,6414720007
4,4001090016	5,2648135910
3,2806097418	-4,8031788582
5,3876112977	4,2743463565
3,9734924226	4,0756563516
0,5046176782	0,4150341999
6,0039502803	5,2136332725
5,7547543880	4,8138600906
2,0749477168	-4,5796793878
3,9106630065	4,4792084533
3,1657957438	-4,8778505803
3,8674222764	-5,2292204641
-0,6530913038	-0,1417807755
3,5838481820	5,2747084764
3,4502873401	-4,9627701553
3,6512514672	-4,8719952462
3,8528364945	5,3308585361
5,1655055750	5,1799628839
3,5459277558	-4,9167109170
4,5395758795	4,7186587909
4,2127943351	4,1924426582
6,1334408372	4,5203459890
2,6461049888	-5,6155567891
3,6294477454	4,5013632558
-1,5303408506	0,6335152989
-1,3077762050	-0,0333294399
-0,4802761255	0,2426908477
3,1289806888	-5,9237889336
4,1899589239	-5,3037182592
3,2218579213	-4,9569487210
0,1663692546	0,1120677723
0,2434151851	0,4232102502
4,0144189809	4,4323000516
5,7631781786	4,8415473425
6,9254794493	5,2133353566
5,1316775222	-5,3126316625
4,6031718200	-5,4310410888
4,2032786270	-6,0584022416
4,8392992357	3,9420780128
-0,2902629828	0,4732770169
3,6064287183	-5,8698856590
3,3312851187	-4,1326046139
3,7068514169	4,6897008898
7,0900126948	5,5101697768
5,2736504873	4,4521423735
4,9271245708	-5,2742863603
4,7191116515	-4,9371924260
4,2425582998	4,1014569264
5,3986311158	4,6710892290
0,6926118769	0,1765105803
0,7246073386	0,1184836167
1,5669772925	-0,0404998108
-1,4369549400	0,6953692447
3,1658638798	4,9262677999
4,6012885003	-5,0083171345
5,4699031806	4,5553668790
-0,4427893744	0,6048327488
5,1602551353	6,0474004901
4,5765537510	-4,6443880850
-0,2233900389	0,0998549206
3,8758394131	-4,5816375016
0,0721456547	-0,2411196780
4,2759693486	-4,6982186475
-0,7112610443	-0,3193909474
6,2382066409	4,9145756836
2,6572001701	-4,7592293777
4,0668305262	4,9700040920
-1,3890102428	0,2265098190
0,3270605242	-0,4852103009
0,0536026248	-0,5684708305
5,4691651157	5,0059223164
1,5601944221	-0,4300870928
-1,8306221904	0,2772456830
5,8329105974	4,2301292738
2,7363885452	-4,9672969291
2,7684333099	-5,3626875718
2,8442758556	-4,3114953609
5,0355398979	5,2143433090
4,8707592568	-4,7117406787
4,0628448181	-4,8524879753
0,0509340255	0,2332523387
5,4334555238	4,8170360059
4,0911959141	5,0978340987
4,5267396302	-6,3898369757
-0,1375631470	0,0757465145
5,9432690642	4,5010416069
3,8046490179	5,6384358249
0,5383369491	0,4213226990
6,6583986764	5,3858179686
6,0560629731	5,2642485101
6,0297046500	4,8026865318
3,1219759068	5,5186828936
5,6035147882	4,9936649662
3,0002044455	-5,4006756076
-1,1240548781	0,0752942528
-0,6713425102	-0,4530833833
0,9472549566	0,1266709971
4,4229365018	-5,3764075188
-0,4773050533	0,0060350642
0,5095169642	-0,1639338523
5,9753236640	5,0955038925
1,2131954677	0,7442914988
5,0177128637	-5,8181425596
0,2167269654	-0,0464470207
4,4522125888	-5,0863904224
3,4496911592	-4,1990373957
3,3880732043	-5,4848777356
-0,5157333901	-0,0612848977
5,3960625848	5,4410873989
3,8337263699	-5,2807286051
4,7933671729	5,5212047097
4,3990839576	-4,9531797409
0,0334197346	-0,0586002297
5,6527445397	-4,5083709822
4,6467598114	5,9468999789
4,2211332145	-4,2706189912
0,0995689535	0,4684344610
6,7643298245	4,9243430196
1,0833374126	0,4488013016
5,3211119679	5,6579839259
4,6910063820	4,9040047319
3,9557454104	-5,2210326344
3,8598417813	4,8437166556
3,4101081261	-5,0063831814
4,8875020748	-6,3578014967
4,7368088273	4,7832352075
0,8781924370	-0,2494192443
5,6700950159	-5,0414369905
-1,2576587500	-0,1670923679
4,9314962740	5,1174641701
0,6912622863	-0,5991816913
4,1586507094	5,8124921412
-0,8292384129	-0,2916069577
5,5549237409	4,1011477597
4,7142322514	-4,4516436112
-1,3790119351	-0,7941296215
-0,1958952980	-0,0462543651
0,8828568153	-0,2325625884
6,1832088236	4,6981220283
3,4794862143	4,6277797006
4,1926499070	4,6865103037
3,1766382128	-5,6562081567
3,4493156768	4,6888918018
0,3990877569	-1,1783385574
4,5958861827	5,5967071353
3,2956586320	-4,4360503992
4,2909115423	-4,8966396448
3,7601297906	5,5150471692
3,9059713129	-4,8805521247
0,5149868895	-0,4297729408
2,9139045092	-5,9849543802
3,2268810922	-4,9797528903
3,5327883880	-5,2778004090
0,7706120009	0,6114125168
1,8651738345	-5,1146087274
5,4585572673	4,8308699587
5,7874758298	4,5109474254
5,7030757110	5,5872146450
-0,4704776993	-0,3817108730
4,7635963994	-4,0228815693
5,7064869409	5,0421249377
0,1034161547	-0,6270920650
5,8096358260	5,2775740466
5,9827607749	4,4514124252
-0,2317008323	-0,0387947718
4,0243210892	-5,3147493863
2,6102129967	-4,7306980338
-0,0303061118	0,0587794774
3,7560762660	-4,8084731161
5,1568512089	-5,4478974810
-0,8848206999	1,0655705359
-1,6808635592	-0,1001885856
3,5160192348	5,2143485376
2,7278452203	-4,6628822715
4,2936983815	5,4161411861
-1,8282227281	-0,4072679595
4,7988703303	-4,3126144796
5,4031395039	4,9769727337
1,1595456659	0,4953784153
-0,3437176516	0,0764688252
4,6330004572	-4,8079210359
0,4330194219	-0,6127004822
4,5296739120	-5,3489903005
3,8661564503	4,5921663689
4,5646684116	4,3607279699
5,4511705848	4,2037148355
-1,3363261398	0,7727947706
5,5794450334	4,9245345132
3,0699299783	-6,2301549659
1,6799206925	-0,2858557509
5,6613459091	5,2815982629
4,9092503047	-5,2842445858
1,1241124085	0,4172769011
3,8571060506	-6,5106059343
6,2871947932	5,4552017902
-0,4888188822	-0,2908780268
-1,5049996089	-0,4288711366
6,6800283420	5,2451164462
0,5915583314	-0,4611182623
0,0715345600	0,1071330676
5,3024823925	4,6573688040
3,1940198587	-3,8698007725
3,1772608847	-5,2986763796
5,3730868883	-4,7356642671
1,1127038840	0,1401421586
-0,3215645911	-0,4483019211
1,0945020798	-0,3802558522
-1,9541908869	-0,0807291139
5,1578867378	-6,1916970495
-0,3436623468	-0,4689660493
5,0979620029	-4,9135992291
5,3177186168	-4,5050129699
0,5760101502	0,2465117595
5,5018505833	-4,8723634891
4,8732329350	-5,8528194458
5,9716414784	5,0997551253
4,1027447155	-5,2507414097
2,0374010318	-5,2544829453
1,0222869292	-0,2413364822
2,4712994293	-4,5240546033
-0,5727337779	0,8601921607
5,3758815813	5,7976412601
1,2421411693	0,4061342120
-0,6099565893	-0,1114402992
2,8395204935	-4,8859964728
5,0794816804	5,2504692893
3,5527450625	-4,3606585739
3,7501168350	-4,9466642583
5,7868600844	4,8449871980
4,6313866628	5,0446684247
4,3238526548	5,6742897934
3,2274119554	-4,8695762080
4,7371512010	-5,8379766277
0,4073509494	-0,1413953310
0,1789410768	-0,3291367261
5,6382156738	5,7692016154
3,5606771162	4,2807588902
5,8878681826	5,2378087640
2,9726087049	-5,6246619076
-0,7442542914	-0,1750266070
5,0615536763	-4,4731521357
6,3656604426	5,6801735279
4,3807028386	5,6030947611
2,5532344417	-4,8417635748
1,5419991279	-0,0487292119
1,3539155648	-0,1235016320
0,1059684579	0,0317987222
5,3902110952	5,2463111792
3,4338410045	3,8235328484
3,1158014403	-5,9619008274
-0,3849134550	-0,2294892013
3,8464808902	-4,8977564667
-0,6122459266	-0,9214466575
-0,1540160894	-1,0282170684
0,8207869133	0,2569229282
5,0674464843	4,4701998080
7,1269736356	5,0832121721
4,8599763840	-4,3345038108
4,0967064778	5,3794127261
5,0932784967	-4,4562867667
-0,1560219426	-0,2690733861
0,5518386120	-0,1058776349
4,3495043102	-4,3658251217
6,2660845389	4,7542493961
-1,7480086609	-0,4313472069
6,4319962809	5,0066929010
5,4463069953	4,8389933576
4,4008723895	5,1419214330
0,5516914318	-0,2209481899
1,9589457053	-4,7586080195
5,5158005154	-4,8468666470
1,9723827290	-0,1108800452
5,1953233039	-4,3960729871
0,4650809982	-0,3208007424
3,3446788639	-4,5664585485
3,7494144786	5,0792523933
2,5966565301	-5,5802410457
-0,4569940898	-0,5548105962
2,4085192623	-5,4168985647
5,9386749352	-5,4875249904
6,1346743980	6,0847776081
3,2402783181	-4,4402304190
3,6586428116	5,3207207995
5,9802299824	5,4569716411
5,7032721126	5,5700418683
1,0742958259	-0,3136505677
3,3735433227	-3,6932778686
1,9957776341	-0,1449065063
-1,0172768072	-0,1183966953
4,1043228416	-4,7073123420
-1,2501977815	0,2107552312
3,0298693531	-4,3618360612
1,3066370377	-0,7046884422
2,4798295656	-5,6703474978
5,9000605353	4,8875549361
4,2669128416	-4,2490657977
-0,8995622012	0,5788396498
4,1175303186	5,9378074409
5,8670611617	5,6751143859
-2,0265222525	0,0949438340
1,3558571575	-0,8477023459
-1,2743790219	0,6845193914
2,6471938911	-5,4525136445
-0,6555155534	-0,5555486178
4,7558127766	-4,5630292585
5,9778106724	4,5417427257
2,4225883954	-5,2931354201
3,8421881861	-4,2255723393
3,3537432001	5,3168731007
3,3871379628	-5,0751614080
-0,1933303320	-0,3205503733
3,3082850114	-5,0192531886
4,5333774407	-5,7380158805
-1,4443936552	0,0471159241
3,4626507367	-5,0176188261
5,3889767423	-4,9022005663
5,2128616460	-4,9862631358
4,2931077893	4,0871613929
-0,5221643517	-0,3338324708
3,4262694013	-4,0980917908
5,9141219541	5,0301648993
6,9998173982	4,9221136984
5,8976539123	5,4349878810
4,6251170255	-4,0076354780
6,4925636890	4,8053096691
1,2235496327	0,0821452652
5,6620198399	4,7142808035
5,4745278695	-4,2307002644
4,7962646314	-4,4799319495
5,4853869793	4,9159968787
6,2137983673	4,5091598319
-0,7996876373	0,4707829760
-0,8705667022	-0,6836473457
4,3212480367	-4,4563283721
0,3471134794	-0,5832297647
0,9367468651	0,7495291397
-0,4882489830	0,3168932023
3,2516932811	-5,4416955551
6,2953677556	-4,0419212481
-0,2481051716	-0,4581495303
-1,5135419947	-0,2256558243
3,8586078471	-4,5863573771
5,0507239255	-5,5462219733
4,9326963589	5,4099642171
3,7358561349	-5,2551389508
0,3597601651	0,4631984543
6,5348739862	5,1782418696
5,1686338372	-5,1458046615
3,7189940814	4,6481103991
5,8009985316	4,5531881410
-1,7686587468	0,5992581974
4,3127059355	-5,6509429175
4,0859120218	-4,6408041934
3,5881048226	-4,7759976828
4,5957246192	-4,7726955773
3,6955440906	-4,8014509831
3,0375484062	4,7474371054
6,0501011159	4,5435491689
2,8286587063	-5,5680913091
4,3779592236	5,2573964024
0,2348197425	0,4923499370
4,7158416919	-4,5067770933
4,9140678334	4,1753902112
2,7845557540	-5,0118529319
0,6453904164	0,3381624233
0,3647697010	0,0297397568
2,9957065148	4,3219929187
2,1343227490	-0,7437690235
1,4168790095	-0,6296398368
2,1235562634	-0,2295443693
3,2192108669	-4,3977816067
4,6479732927	-4,5613962023
2,5221939268	-5,5902791014
0,7299319874	-0,7896591295
0,9417730940	-1,2080883365
5,6738659551	4,6304502232
4,0080492852	4,3592602908
4,2231798016	4,9467266911
4,8015812755	5,1315977919
2,4575527899	-4,9413375758
5,0658657285	4,9803788395
6,5310850767	4,8409009199
-0,0216481979	-0,4933585092
1,2462986406	0,9200723167
5,3207606010	-5,5920678947
-0,4746115031	-0,3213489619
0,9839670148	0,3578989081
4,7019645112	-5,0307559187
5,0033585582	4,8300606634
4,5086732521	-5,2722046727
3,3948710437	-6,3277573573
0,7051414196	1,1112162788
-1,0235478962	-0,0511112340
-2,1782970146	1,0159143381
0,5208852323	-0,5921971080
1,3563452410	-0,3092361237
0,0295734698	0,6423464124
0,3513756930	0,3961872625
5,8884789782	4,8038228975
4,1900298057	-4,7682324885
5,3203303256	5,3592399016
2,3999055051	-5,1101849056
-0,4348899471	0,2258400598
4,6271397894	-5,1388067282
6,2333077718	5,6902264214
3,8265947998	-4,8122890888
4,5727850046	-4,8955939846
4,5371284620	-5,5689976983
-1,1063977379	-0,5255752422
3,3183350605	-4,4382220636
-0,3118094308	-0,1074688833
-0,2056171369	0,3923182160
4,6524541732	-5,7553101412
-1,3588108017	0,6350744197
0,1583387477	0,4945708336
4,5356050172	-4,7839872540
5,0212999495	4,7505590341
3,3126393235	4,9312712563
2,9557992621	-5,4699526418
-1,2451772363	0,0364052832
6,1831630465	5,1697927801
3,9405754210	5,1516377163
5,7585623226	5,3797780528
5,8561625151	5,1037970610
2,5088959892	-5,2292090740
5,9445534963	5,3258005531
5,2407190095	5,3254369028
3,6847902617	-4,9880629337
-0,8690517960	0,3136339430
3,3596349863	-5,6376993117
0,2559321742	-0,6911964258
4,2351903065	5,3872563138
1,3558814082	0,4486782022
4,3775100813	-5,1926697331
1,8098486288	-0,2693053048
5,8305078368	5,6252771564
4,9310852407	-5,4014027136
4,4663753419	-4,5424401227
4,5634784747	4,7413159131
0,0935342304	-0,3096641014
4,1496325270	-4,1930702165
7,0964512045	5,0871990487
3,6584199498	4,6429815142
5,0497683392	-4,7545462867
5,0237585364	5,4051415950
4,1641269072	4,3613688901
-1,0934102227	0,1773774501
5,2109976807	-4,8979156094
3,3210998388	4,2381173791
4,5437374094	-4,6522434484
4,1497625430	-5,2146036480
5,2357502008	5,0399211563
3,2881885460	-5,3894236094
4,7621055387	5,5142683451
4,1712949876	5,2867763665
4,5117976748	-4,5310041156
3,9595231889	-5,1024804618
-1,4009712710	-0,3742887034
4,8868086860	-4,7310472706
1,1797488060	-0,4679358884
1,8238217944	-4,5851698093
0,7051629553	0,5804072911
1,2125966912	0,8316173850
4,4305007875	4,5931980679
1,0479653409	-0,3083494553
5,8256422750	5,7422832782
-0,0215186201	-0,0352645683
-1,4506598128	-0,1202389982
3,2611067829	-5,2579590199
2,4289296025	-4,5791687849
4,7846950270	5,2709654828
3,0281120502	-5,3269387493
4,8822273562	-4,2277865187
-0,6468096088	0,8696585097
-1,5726945647	-0,3507054195
-1,8719974606	0,3189393055
5,1645952938	-5,0925355759
0,5351890842	-0,3391891966
3,9838356802	-5,1623641853
0,9081936327	-0,3465857502
0,5874718889	0,4405148967
5,0927849526	-5,5670629644
-1,2238708951	0,6730852172
3,7082254777	5,0321427785
3,7361754587	4,4577135622
5,4428017704	-5,1173733773
3,6895753297	-4,4400847494
5,5842566507	4,4006097902
1,0776497798	0,4354451995
-0,7715392399	0,8709784434
5,7227649371	5,8772854631
3,1190597484	-5,2943804152
-0,2749003719	-0,1462562617
4,6892745940	-4,2436413326
0,5361540963	-0,1998765249
0,1232387904	0,1781209189
3,7458751785	4,7486302579
5,7227357675	5,3204283827
-0,3798588285	-0,4262723748
1,2633981848	0,1946062557
3,4285502076	-5,2192038054
3,1912674366	-5,6291939304
0,6895281824	-0,1266445463
0,0708199791	-0,7575798588
3,5896738292	-3,9976193764
5,5627114066	4,9481490891
4,9708120959	-4,7736897212
3,1912698141	4,6734805225
-1,0159889900	-0,4057716016
3,5480801198	5,0740571580
1,5556208992	0,7456545559
4,4406873771	4,6645573403
4,5808374172	-5,1264126332
5,8876112923	5,3236334023
-1,0953923640	-0,1555761740
6,5346753855	5,6802386985
2,4937726463	-5,3586140199
5,5294238674	5,2107674205
1,5278552130	0,8620234197
-1,0029988260	-0,3553577874
3,7899006575	-5,3183392185
4,1926970042	-4,9137147836
4,2129270338	-4,9148950266
1,2629255327	0,1851380255
0,8842345650	-0,0868092983
2,8769689175	-6,2561846891
3,6045150860	-4,2536280308
-0,6623375183	-0,8254615548
3,3987163783	-5,2966561677
4,1158074727	6,1337174093
-0,0810207222	0,1872473264
5,0016202044	4,8441887041
0,9295391733	0,1128989037
3,9666537890	-5,1682236990
1,9056524184	0,0497955746
6,1854894542	4,7702686243
-0,6264019873	-0,6885503230
1,2354623313	-0,0033765550
5,6228481609	4,3471769104
3,2556489714	5,0282844228
2,9851988555	-4,5967317350
3,3824483184	-5,3600819073
4,9879578632	4,7079279759
2,6690914587	-5,4388253736
4,8634044479	-5,6603530174
0,2045077496	0,2437719713
-0,4372069845	-0,7600163467
5,2167538006	4,2132379073
-0,7973988315	-0,6034628790
3,9985345464	-4,8527134892
3,8097004386	-5,7241339702
-1,2192544493	-0,6085098742
3,1360680244	-5,5740637196
5,8718093780	5,1766070466
4,7276240209	4,0613875674
1,2982287805	-0,8698283940
-0,0171889034	-0,4900905250
6,1252120344	5,3003537299
-1,6277963837	-0,6743140973
6,6671353182	5,4611074365
4,4264042448	5,2713323793
4,1867818483	4,2894752661
4,4813956574	4,3491890935
4,9429142033	4,4811328170
4,2938903538	4,7522123810
4,4406321808	5,2314995120
-0,0512343069	0,1169177896
0,0175604743	0,0528149541
3,7578512634	-4,9889381022
4,6783065404	4,8282322341
2,9187197236	-5,8266217545
3,8044972377	-4,1641452353
0,3522507463	0,1706713762
4,1320560897	-4,4802529530
0,6767172468	0,0864402833
5,8233682769	4,5952000576
0,4028707594	-0,5435998475
-1,2895994884	0,0264452622
0,0274987453	-0,7518543910
3,4478731805	-5,1079556366
5,5052756514	5,2860958945
4,1132502211	-4,9537212821
4,7408098490	-3,6362305387
1,3520790744	0,3748893364
4,7143758049	-5,7851385770
5,4317120105	-4,9978153744
0,9677996948	0,0997386980
2,8977711418	5,7752841665
3,5191598488	-5,2325433555
-1,1535353219	0,1630723413
1,4034140110	-0,7222825904
0,4941308978	-0,1890342751
4,0779967173	-4,6463796758
4,1950167782	-5,3958823463
3,7976737066	-4,5681410373
3,8344357194	-4,6324238177
3,7387805286	5,3504503818
3,3557118394	-4,9019132424
0,6582641737	0,3077424425
-0,8220511104	-0,4492183307
0,7027549977	0,3801906752
4,7420747359	5,4138862330
-1,2215048980	0,3779321257
5,7403935892	-5,2004269791
5,5495731676	5,1804140523
-0,6923567627	-0,6182367120
5,0696368000	-5,1830250525
4,7984065747	5,4239775682
-0,5597857664	-0,0411208833
4,1635435490	-5,0984007472
1,3303447264	-0,0968972557
3,2141003090	-5,7492921231
3,4415204773	-4,5891381228
-0,3095294139	0,3764614360
4,7388318782	-5,7213606582
-0,3294249570	-0,2427305310
-1,1465721297	0,0174616605
6,4619256887	5,2550868199
6,5167890118	5,2366493405
3,9385286854	4,6580698050
0,0866676209	-0,5081778629
3,0198060712	-5,0561672597
1,4602847488	-0,4639630670
5,8532057155	5,2062304561
1,7504404658	-0,6048421621
-0,0608664916	-0,0988165818
3,7855142264	4,7181046961
4,5649238450	4,3347547528
1,1733840039	0,4400540070
-0,9715549224	0,0697950233
2,0227574361	-5,3929956559
3,3799578955	-5,4056894462
-1,2044083990	0,6870405954
4,0669603759	5,1122090970
4,8530995121	4,5627432327
5,2637035007	5,5889601947
4,6958271990	5,3578077818
2,2815076413	-5,1381845889
4,6934712158	5,0174687178
4,3744231040	-4,8191798146
0,9783584478	0,2391431938
4,6723108488	-5,2765483785
5,8915469374	6,0052245440
5,6049393788	-5,2564439563
0,5428218138	0,3611386818
2,0890654876	-4,2344118974
4,2045000130	4,9152614990
2,9705808181	-4,8548439129
-1,1051006642	-0,8406452475
3,1015203896	5,1411181931
5,8960564644	5,0041963926
5,6481582487	5,1667536049
3,5227711979	-4,6753817972
4,4221651111	-5,4399468544
0,7112190147	0,1118371384
5,8843565138	-5,2891785212
3,8153153811	-4,2871649533
0,7044540891	0,8208019835
0,9654474355	0,1818583051
-1,7099820887	-0,6585665161
0,4564418309	-0,0882215316
3,4980892033	4,7791065732
4,5350984708	-5,9561170894
4,5600160684	4,7196499673
5,3318673491	-5,6145463746
3,6375473180	-5,2774751424
5,7258955599	5,5318733134
2,2555541249	-4,5068655841
3,9783919114	-5,3126918804
0,3318190984	0,4361883669
1,3008685161	-0,7268979222
4,2205533968	3,7800492575
4,1840705030	4,3922896725
3,9089949699	4,8576095619
5,6180681534	5,2297514601
-1,4196298561	0,4304595425
4,8314732917	4,9817024944
4,1574468536	6,0608619533
-0,2886952683	-0,7027098831
2,7985005016	-5,3065253757
-0,7927751066	-0,6166256690
0,5817437216	0,9620541380
4,9491794129	-4,1899298939
-0,3999219079	-0,1378460198
-1,3090255362	-0,0973990886
3,6570837921	4,6793380901
6,7376901058	5,5047355869
1,6726707370	-0,1447702993
5,0901160457	5,8326923630
0,7181240992	-0,0576339776
-0,0695651803	0,4153416092
0,0094957506	-0,2435786831
1,1177014195	0,3501691731
5,6252740374	-5,3189956037
5,5329670662	4,1755847849
-1,1485774056	0,2180286769
4,6184487383	4,3102408361
1,2899879212	-0,2432050385
4,5647620961	5,8695082890
1,1189639381	0,0127320846
-1,6705018362	-0,2571294649
6,3251162160	5,0248735315
0,2421994378	0,1714359555
-0,5903879210	0,2660704237
3,8058687323	5,9624911103
4,2683211777	-4,5205996634
4,1813697661	4,5963136392
4,9212830665	4,2363162612
6,2681809457	4,3753149037
1,3625093025	-0,2297691285
-1,5689478033	0,0870465526
2,0597848961	-5,0283566185
4,7104016406	-5,2032792528
0,8469944358	1,0388706758
2,2646042400	-4,8243123746
6,5678162992	4,4716355908
3,2164625755	-5,5645745986
3,6403166890	4,8182276304
0,7182857328	-0,1064596729
0,5527223537	-0,7254563778
5,2146146422	5,6737919069
4,3492006993	5,2811933925
2,9303215630	-5,0985790815
4,6206891319	4,5775753538
6,1513363541	4,4891116703
5,7977178635	4,7417768715
5,3582283708	-4,4816556518
5,5981321332	5,0319729396
3,9374938922	4,7312345048
4,2345058036	-4,1485752145
5,7205000195	4,7852055589
-1,0885073376	0,8635011540
4,4791786648	-4,4310186149
-1,0113528020	0,2292945137
3,3707244655	-5,1251728268
4,5964462909	4,6390678257
5,7142153247	-4,4551695996
4,3311005373	4,9422335047
0,4944825939	0,5716913297
4,5485484834	4,9521830619
6,6511610148	5,1160464587
0,7247855473	0,2237631196
-1,7611846916	-0,8006618188
5,8159623844	4,2997354784
5,4089701978	4,7731678987
0,7717343742	0,3478285178
-0,4638786825	0,8140602427
6,3970698696	5,2266158466
0,2705089719	0,1230580296
5,9276441656	4,7489715620
0,7276160278	0,3680322949
4,0556554811	5,2574670818
4,8630977249	5,6246536430
4,4661944763	-5,0256723367
3,8501419862	-4,6586899615
-1,1386247282	-1,0249397991
6,3856800999	4,9878704398
3,5542416207	-5,2244511916
3,7969898460	5,2051589893
4,6360593682	-5,3567530960
0,0795198410	0,2505683331
-0,2055293858	-0,8269303109
0,4164967997	-0,8508867435
5,9332512553	4,4459016416
5,7206328310	-4,8198491074
3,9676635305	-4,7632696051
5,5942383588	4,6919721232
0,8187841411	0,9018741601
1,9249045564	0,4140966772
0,6941352876	-0,2585761679
4,6881750441	-5,2576202772
4,9146358876	5,4660196387
4,2911684703	4,9496072157
2,7731486295	-4,8307077186
3,0833721034	-5,0496009301
6,2827421294	4,7048368128
0,2874165376	-1,3033419272
6,4098029811	5,6911080432
5,8371528717	5,1947556966
5,5600389794	-3,9934915395
3,1547940558	-4,9663798328
5,4811027031	-5,1163014627
4,3663984382	5,1103717949
4,0425393275	-4,5834829966
4,8751459088	-4,4766512454
-0,9301278496	0,3258363005
0,6382794877	-0,2453734971
4,0322137771	5,0504120818
-0,5018910598	-0,2953670108
4,6864307488	4,6692139045
3,7723878157	-4,7509868463
3,6418039254	-4,8982955514
4,8466610238	-4,7446117972
-0,3812302637	0,0774203482
6,0680521999	4,5831674121
5,9083032637	5,2964423650
2,6028798080	-4,7741628389
4,7984405073	-5,4989156901
3,6217036838	-5,7423317190
0,2084122306	-0,6709537593
-0,8535298353	0,0799032036
5,3326345123	-5,9727741001
3,5870833963	-4,2508866845
4,1920641843	-5,7395636966
5,1356792912	-5,1586654276
-0,1071867274	-0,2697581338
3,1335546693	-4,2565705196
6,9654956171	5,0590902066
3,7652232590	4,7004067615
4,0039364243	-5,3501362118
6,1842275246	4,9547796965
0,0858173245	0,1817300149
6,0117776202	-5,0735071083
3,5478614648	4,7628215800
3,1536690842	6,1644821243
3,7218995521	-4,6338076569
5,4776683166	5,4460617112
5,3727758498	-5,0338027234
5,1364502996	5,1790171822
-1,1078402709	-1,0597463225
4,9303140065	-5,4731950946
4,2942619511	-4,7850072653
-1,4304130269	0,0534153516
-0,9916061659	-0,3728292288
3,8047003375	-4,5052919282
-0,2566976528	0,0068680387
5,1788734954	5,4614383891
-0,9810592379	0,0428401943
6,2261280220	5,0989663996
3,8820473449	-5,6935337124
3,3459356748	-4,6617273226
6,7635043017	5,6080537734
0,3535497361	-0,4719177736
0,4457625092	-0,5574975450
4,1636052677	4,7404000020
0,0397476189	0,0009678185
1,0341552843	0,4176546888
-1,2543382234	-0,5082196635
-0,0549660739	0,0862138050
0,8521411263	-0,0110384924
3,8774478182	-5,4490829865
3,8320956517	-4,7937762387
0,1218164512	0,8798324957
-0,6762481005	-0,6522538004
5,8731483080	4,1284514254
1,2358293540	-0,8058202554
4,4954890357	4,8438022795
0,0067574042	0,4166195567
-0,2145334039	0,3730454284
1,0416794545	-0,9099106844
5,1883148236	-5,4511838716
3,8782624282	-5,5683466828
-1,1718144578	0,2933190012
-1,4159437561	-0,3410265476
4,3218311260	5,1643351922
3,2859826368	-4,9401680348
3,9390523608	5,9662964576
-0,1335064014	0,0449431930
3,5690131439	4,3846828883
4,2149176479	4,6256099379
4,3756696646	-5,1411452926
5,4980929033	-4,7218334189
4,0913730347	-5,1311053065
3,8549792946	-4,4047097892
0,2212164764	0,1651513523
5,6424104238	-4,5038351755
5,9833356524	4,5938444932
1,3518632189	0,2869717100
4,2817560404	5,3165910805
5,0464373674	-5,0316236452
5,4633520454	5,4715374764
7,1369471103	5,8525996378
3,9125674795	-5,0876608462
4,8596096807	-4,9315532671
4,8266191140	-5,3741844709
4,5952355283	5,3433091504
6,7094073795	5,8070610663
3,9151951148	-4,4923512041
3,9319395200	5,9305235696
1,7484710166	-0,5439812810
4,5169050067	5,5403343906
-0,5931145949	0,9308569773
4,4573047781	-4,0931305720
0,2680278716	0,5258880789
6,5326006537	4,7544624397
0,7318984852	0,2225628199
4,0032179783	-4,4646741413
5,0248155575	-5,1966998795
0,1175503822	0,7840055344
3,9705250782	-5,2485282433
4,1188641169	4,3436842552
-0,7666867530	0,7584454399
0,5949191610	-0,1693762374
0,3172788138	-0,0775227269
0,4391828319	0,4594677852
7,0547378488	5,5228355722
5,1646571509	5,3983330312
3,9738080440	4,9604071954
5,0912328375	-5,2118324020
5,6463902615	4,8559165517
3,7747429224	-6,1855380428
2,4226487427	-4,6822556094
-0,4312844148	0,0468073831
4,1371498064	4,7582506150
4,3653093952	-5,7434035381
3,7205872379	5,4695714174
-0,6051694850	0,6373425290
-0,2219502729	-0,5382759625
-1,1722886956	-0,5427897818
-0,9174110464	0,0826037796
3,9770862958	-5,9441943415
5,3499245845	3,9022009221
4,0629861964	-4,2669182933
2,4189288147	-4,3262419539
2,8346589227	-4,4385016587
5,5687742620	5,0561707054
6,6257060261	4,8478644528
4,4505377261	4,9673587069
4,4311977784	-5,4694212491
0,8363242035	-0,0372082466
6,3774953630	4,5155217864
4,7713817193	-4,1096895573
3,7440433478	-5,0734061602
0,1492606916	0,1947552074
3,7864828176	4,3790049267
5,0600934045	-5,4589517398
4,3593798455	5,3250866833
4,8575007905	5,6489157860
0,5787291159	-0,1397034716
0,5432296253	0,6673137120
3,9614531076	-5,3802732130
4,0051712212	4,9727527248
4,2484789527	-5,0985207797
3,1353791353	-4,5350120942
0,2982096301	-0,4417975337
3,5853088065	4,4377349124
-0,8423142413	0,4155013644
6,1354740435	-5,0946862742
5,0333610168	4,9979893537
4,8150295639	-4,7569347310
4,5095565423	-4,5590292179
5,1493562352	-4,0887636287
4,1372686843	-5,3380543671
4,2397622686	-6,0625933798
3,9327319760	5,2554394572
-1,4974755750	-0,1754909706
-0,2108870642	-0,1962309436
4,1502428598	-4,9964979681
3,0043546641	4,3439144109
0,2388740218	1,3066986100
5,0346478675	5,5686969756
2,6518252115	-5,6945693095
0,2345583746	0,3232760510
0,7053125440	-0,0602111172
1,5680732729	-1,1063232767
6,9656424259	5,3223822832
2,7440659165	-5,7920734893
-0,0568997327	0,0454457392
0,1463854185	0,7736641289
1,0056216610	-0,4279154109
0,6295894894	-0,5675880333
2,6621914968	-5,5505805299
2,4506427918	-5,2587918268
4,1156268646	5,4973326795
0,0107412167	-0,1094285942
4,2646681041	4,4272065551
4,7205180808	4,0455334917
5,8004103652	4,9324262790
0,0775559828	0,0660449085
3,4570226586	4,1917280523
0,1773945276	-0,3124072665
4,9709166377	5,9061519546
3,7552910277	-4,8529970395
2,7232448598	-5,6389387375
0,6463027036	0,4679780028
5,0203286732	-5,3610902246
6,3057154539	5,1405716945
1,4695886886	0,2625770097
-1,5189964975	0,2279226565
3,1650467671	-4,0005087050
4,1776699500	5,1907669348
-2,0856398932	-1,1637795286
4,8048526840	4,7587650393
4,4657394207	4,7482687863
0,8389036667	0,3285610731
4,8128020173	5,0575543845
4,2065277861	-4,4717849329
4,7336925310	-5,0985617679
-0,0338526828	0,4701419443
0,4924452125	-0,3830943472
2,6469231741	-4,3383972862
1,4978655889	0,8473090940
5,4024118812	-4,7436894596
3,1998871925	4,6388594370
3,8451626213	5,4363942135
3,5506926441	-5,4598348266
0,6043418238	-0,1167724108
5,6518639061	5,5220861800
-0,9040015891	0,8007570974
3,2842687054	-4,4785098870
4,7574530697	4,6268861427
5,1352605853	5,0701511771
4,4226668563	-4,4535133585
3,7920389234	5,0142487597
2,8849407470	-5,4011192834
6,6289422914	4,6260813202
4,3912689460	-4,8841480922
0,6943446138	0,1994360115
4,4206784078	4,7588364530
6,5119676954	4,5785146312
0,9318699027	0,3068410806
5,2937658382	4,1856887095
4,7172657907	5,7231332753
5,0096473074	3,3839218050
1,3754655289	-0,5984449561
4,9867103713	5,7024625391
1,1779644835	-0,2169462223
4,4825462317	-5,2531476214
4,9428178995	-5,1963803341
-0,6155241726	-0,4889250298
4,1475848251	4,8703226584
5,0076451636	5,6282127717
5,3628340659	4,2630485038
5,0412063976	4,6782102251
0,9444648016	-0,5453203417
2,6266312561	-5,8432491340
4,2232281276	-4,4893673520
2,2293955646	-4,8232169001
2,8352424866	-5,8123241981
4,2167856717	-4,9838554223
0,6158117050	-0,4002540432
2,9537307576	-4,8679497422
-1,3921875983	-0,1506138728
0,7024389330	0,1708330631
3,2032149653	-4,7230826471
5,3669391907	5,2389663511
5,4105849464	-4,6408335308
-0,6220823629	-0,8410212720
2,6734892364	-5,1405460062
1,2094500762	-0,2936816489
4,5231700217	5,1643515550
-0,1571645212	0,5518894938
4,3688246889	-4,7400266281
2,0872022381	-4,4492963258
0,1514392366	0,2555369014
6,5410919898	5,1193912370
5,1025236031	5,2660406530
1,1942496132	-0,1563809392
4,9119225936	-5,5093282410
4,5140427542	4,9135633518
0,7788589484	0,1548595476
5,5786723758	4,9431550078
4,4451346186	-5,6135158957
4,0356926793	5,3285384369
3,0735477819	-4,1192076162
4,9085678870	-3,6969817363
1,0217745273	0,3511767733
5,4425970112	4,9341728912
5,6854814868	5,2572545761
6,2857714652	4,8978209077
1,4113094913	0,3314603537
5,5678449376	-5,1656937498
4,9928889053	5,1930887045
0,1890665011	-1,3012368270
3,9596626489	-5,0676365382
6,9364002039	4,4593391021
-0,2563821828	-0,7515982892
-1,0478963050	0,7502283619
5,5936647747	5,8125056929
3,6146783357	4,6583308362
3,0679111405	-4,0498742265
-0,8802065256	-0,2538509547
4,7431939912	4,0670265638
1,1319266363	0,9513473942
2,5352872459	-4,4751948720
5,5485537895	4,9638955199
4,0338030359	5,6193902794
5,1905255575	4,6867561444
5,2832535394	-5,0854696179
1,4239319902	-0,3774736584
0,7581007897	0,5713605436
4,2187685185	5,3251500743
4,1771116521	-4,9361132593
6,7279176453	5,0784244631
3,8789050602	-5,5239895814
-0,0309566030	-0,2133531196
5,3875917503	4,9563106905
4,7339903386	5,3389221481
4,7608218490	-4,6271876662
1,2229280322	0,2044077131
-0,7411004371	0,3657099491
1,2343382513	0,4751727187
-0,2876649502	0,0596175667
4,4708639118	4,9848784707
0,9749619177	0,4093258954
1,2926530429	0,3651748734
2,9660577638	-4,2866299974
2,4973720800	-4,7315515366
4,9728304101	-5,1613665472
5,0077445640	5,4582568207
0,8702526080	-0,5422771674
4,7251510162	-5,5615381735
2,8049378586	-3,9399257651
3,3325393476	-5,3911163219
6,1073753925	5,4174763194
5,6940105259	4,9959353467
4,3270031815	5,1709124713
0,2204029074	0,3047833115
-1,6535985478	-0,4862008964
4,9029157598	5,0621137567
4,9167231569	-5,4281250804
5,8303538313	5,3048873727
5,0612175585	4,1161652027
-1,1962647987	0,1030585835
4,9969233374	5,2516051096
0,8206866526	0,3417297225
-0,1113008920	-0,1792940261
1,2555945932	-0,3666713886
-0,6585521656	-0,1561924161
4,4765369681	4,2605707224
0,8800139916	0,4417526006
0,5136640335	-0,7999654859
0,3606603381	0,0923240567
0,6239597628	0,3200092084
4,5332982132	4,8808293803
-1,3741460797	0,2561367338
5,1874018869	-5,4916120273
6,3451324817	5,2686594208
-1,1579295159	0,6541458704
0,5018951055	-0,0392302509
4,5405954500	4,7784036499
6,5532643545	4,8858090737
-0,8443302957	0,4065573197
3,7838193528	5,7551237480
5,6039394977	-5,9497202250
5,3616675715	4,7811625237
0,8854959860	-0,6123268612
4,9739474635	-5,3432178485
0,3786168768	-0,9458924608
-0,2008752098	0,5250569127
0,0428900356	-0,8024348282
4,7792056174	-5,0189514212
-0,2842185895	0,2984952154
3,4620222981	4,7049896942
5,0295105646	4,6384772517
3,8260731600	4,8130051137
-1,5679245096	0,6906635684
4,9810770044	4,9667721430
-0,1013327392	0,1975360863
4,0792614941	4,1091614472
0,2065319398	0,6600011819
5,7996963467	5,0334339333
3,5050727063	-3,9207032708
5,8698072218	5,1457310948
3,0868622331	-4,8476710336
0,6186895196	-0,7613442211
3,8351332951	4,4784733404
6,7488896517	5,5148746246
0,3403124207	0,2509869822
0,5331392022	0,4108947649
6,0578198989	5,7502534919
6,9200863122	4,2694704887
0,6653409721	-0,2279111039
5,2501015175	-3,6928198674
3,5935933146	4,9527123181
5,5852642921	5,4829719119
4,3823674958	-4,9036896138
5,4293574209	-5,5380951373
-0,6259328291	-0,3141579099
6,0206821980	5,4870946028
1,0444298995	-1,0801941394
5,9374374059	5,3478514256
6,2025623024	4,5701101336
3,4225419532	-4,8667166063
1,3766036704	-0,5104814471
3,3990770465	-4,9698744496
-0,4572632969	0,0977488909
4,9244966044	-5,3352965007
3,1336540612	-4,8897725092
4,8791232923	5,0952841564
1,4619207075	0,3427972893
-0,8770000831	-0,1579451036
0,9889659003	-0,3365897167
-1,2966797295	0,5639376480
5,6395032710	-4,5035090120
-0,0768082992	-0,6280276288
5,7906223976	4,5804348324
6,0084624543	4,8298922813
0,1647919975	0,6174922906
-0,0058275943	-0,2091965273
0,1701375150	-0,1187616846
1,1027016751	0,1309364998
2,1658272489	-4,2879545330
0,5950229219	0,6136368052
-0,0584759930	-0,3002446710
2,5200844341	-4,4352955857
6,0834579136	4,3243486945
4,9478152664	5,2428801144
6,2237914099	5,4998915339
1,7519224354	0,3625166397
4,0135406548	5,3579623337
5,2675060564	-5,0783229628
5,1263234914	5,1894612396
5,0972512325	4,3691273262
4,7111479336	5,1502389669
4,9258346087	4,8605748954
3,4902055480	4,8018051961
-0,0580993684	-0,2972542347
4,7544759376	-5,2426839546
3,7962318253	-5,3461310774
1,1192442464	0,6905582759
2,5691320798	-5,7910725517
-0,2578162923	-0,0680341500
5,1900732271	-4,6077485224
5,0456261041	4,5358576397
-1,4954368592	-1,1125635103
-0,1974822994	-0,0709895165
-0,5037020061	0,5212007205
5,3883829340	5,5761152062
5,2347471318	-5,2283723604
4,2966163798	-4,7074859330
0,1370412625	-0,6425647171
4,7191166419	6,1554619857
5,4937683046	5,0544260775
-0,5104311117	0,0602689153
3,9619301629	-4,5445354941
3,6993907196	-4,6663091133
4,9209723183	-4,9340199408
1,0434042746	-0,0161561451
2,8813118703	-4,7979106462
5,1634433770	-6,4661460097
-1,6094701523	-0,2676798211
-1,6336413928	-0,0185817064
5,5197422892	4,0351090841
0,9266074540	0,2284273634
0,7250231064	0,3825037050
4,5994336225	-4,9711364744
6,5508027708	5,2283628121
2,0554824844	0,1328683337
3,3905997415	-5,4460477719
-0,1768743759	0,3258008607
4,6579973120	-4,2162274755
1,3073392157	-0,4969050360
6,5880242938	3,4725327651
3,2767081052	-4,9318249236
3,0691978640	-4,9668792940
5,2444992572	4,8057431105
3,9169588727	-4,5243239939
4,9012002281	5,2315799130
3,4796492648	-5,2718124559
4,1332260991	5,7450120267
0,4992313536	-0,7543654113
4,2300863128	3,9615383311
1,4826382759	-0,0840200412
0,6481080075	-0,4992238816
5,1809591702	5,3230227461
4,0467515375	5,1954605707
5,4350081206	3,9782435640
5,0619196820	-4,9113249490
-1,3379244698	-0,6805220026
3,3570015532	5,4253556948
0,9507123958	-0,1622569588
0,7552383070	-0,4424038687
2,7572611318	-4,4013262717
-0,4636315260	0,3476341647
4,9366837715	-5,2189168777
1,8913392160	-0,7867225872
3,7787223726	-5,6521773675
1,6420457118	0,0044997734
6,4423386730	5,1204024418
0,4787161828	0,8808839479
0,3419797848	0,7049446456
5,6311853814	5,3289422756
4,5812377120	4,4442398315
-0,1771396380	0,4167918833
-0,4126377746	-0,0433590742
6,3778379003	4,3484938258
1,0377014197	0,3584448343
3,4624876449	-5,5231609217
-1,0207045272	-0,0834381496
3,5315131832	-5,7101518293
6,0222474948	5,4531661615
1,7569367429	0,5726629718
-0,2233024301	0,2086057637
1,5903901216	-0,2626779090
3,9029085638	4,9422523077
5,1985176572	-4,6035854158
5,1955462063	5,0288483168
4,1544384663	-5,0550526813
4,0699818020	-4,0028313555
0,4359777180	-0,4650988433
4,1714778573	4,6283208203
0,5494171014	-0,1615083755
2,9232757015	-4,6857069564
-1,3827654618	-0,1555073595
4,1441071121	4,7690106349
-0,9643147512	-0,0943941952
4,2003571574	5,4761223523
-0,9383966525	-0,7663223046
4,6697867786	-4,7177827487
3,8257417303	5,2190161076
0,3343625687	-0,4029592847
5,0267500990	5,2866761565
3,0882098308	-5,1492759661
6,0164795319	4,7890116513
5,4326833518	-5,5447012934
3,6819123077	-4,5437434803
4,7106429386	-5,2863180530
3,1947062465	-4,9847164984
5,9872670510	4,9440928164
3,1976638577	-4,7547438867
2,8909253355	-4,9219416550
3,5850825728	4,6749083247
0,2032433232	0,2554350178
6,2051090279	5,7920555259
4,2764703050	-5,3918010893
3,0413227139	-4,8171221084
4,8305053739	-4,1959266796
4,8434989723	4,3919801823
5,1546668036	5,8843524201
2,9008556124	-4,9594676338
-1,0085312614	0,6888642627
0,9198133858	0,9953135340
4,6815305107	4,7428207170
-0,3791213074	0,9459509335
0,4719262014	0,5133432615
5,8604192099	5,0299022737
4,0283303782	4,9240962504
4,6400884398	5,5232179224
-0,1611805197	-0,2029466149
2,8853984284	-4,5314320637
-1,3902401679	0,5414624698
0,6775146196	-0,1088364413
-0,1625020912	0,1964208074
1,5574786672	0,4542165986
3,0756295748	-4,8476647631
4,4248545100	5,3084742649
4,8556812349	4,7903519829
4,2807406034	5,4256919715
4,6732281181	5,1629952178
3,7918140261	4,8226809348
4,3091098875	-4,3162045410
1,3293987346	0,3190700987
1,0970226944	-0,2479379371
0,9310369057	1,1388083837
2,9036970995	-6,1570318122
3,8200658592	5,0705448809
5,2219994021	-4,7444864231
3,5941208763	4,7983332807
3,9535003040	4,8891494666
-0,3348762564	-0,3516370264
4,9636128968	4,2466268380
3,8641406426	-5,3350154659
3,5275224908	-4,9130210884
4,4178601405	-4,6680373177
4,2996057630	-5,2222381578
5,0224177028	5,2158780394
3,1672631928	5,2017106077
-1,2041719258	0,2160995970
0,0050676849	-0,4406441936
5,0402718143	5,2359986404
-0,3759499608	0,6385198647
3,7020399997	-4,7500932886
0,4607295903	-0,1160876679
6,5614448420	5,2544050982
5,9850693853	3,8318004030
1,4436017989	0,6073548375
4,3040608074	-4,6884490073
3,6925538858	-5,6051120387
3,9420428914	-4,4774419007
4,2233447861	-4,7689756004
5,0089493615	-6,0244995499
4,2893110308	4,5717097078
0,1550269362	-0,4597186029
3,4232325699	-5,3428297584
5,9623273802	5,0832020752
2,5143975736	-4,7186722001
0,5338684635	-0,3600996113
3,7734713773	-5,1955034416
3,1660417532	-4,8376213858
3,5888023879	-4,5074102968
5,7974985273	4,3648968463
4,9144080335	-4,7814998498
2,4878767520	-5,5524432138
0,1772561096	0,5706066290
3,9492380833	-5,3064334898
0,6749629010	0,5320530873
-1,0264027128	-0,0440087763
5,7277530339	-4,2811811655
4,1756372236	-4,8617793034
3,6038748191	-5,0193230090
0,7255061892	0,3674915578
4,8890424973	-4,5990203723
-1,2108689360	0,5710515801
5,1138525032	4,7882791587
1,1248028688	-0,8960834352
4,4946365699	4,6988003145
0,5074514210	-0,6845621944
4,6207596187	5,9373132110
1,8295395136	-5,5597493056
4,0239328944	5,1119785792
3,6762468813	-5,2133944575
-0,5756251686	0,4575265628
1,5876868097	0,5308478749
5,3956912699	4,7407055738
4,9851421385	5,4112059667
6,7557208800	5,0082810625
0,1140359263	0,0880885029
1,6973617858	0,3380065253
3,8756268674	5,6002553690
5,0393711254	5,5926566486
1,7882357982	0,0406132526
4,3687523820	4,9096800939
-0,0237893741	-0,3628707539
3,1987247799	-4,9648377274
2,0972807168	-4,6883546912
4,7839492841	4,9787352748
2,6239827232	-5,4209565398
3,5263870535	-5,6138566893
4,9685840977	-4,9455599138
3,3777755671	-4,9185769691
4,1230511247	4,3894213158
6,1155913872	4,1477629339
-1,5102459266	-0,1160188974
5,9675562250	5,2981901076
-1,0992159301	0,5690700111
0,0562324711	-0,0166016995
4,3827713716	4,7425743393
5,0901755419	-4,8382693713
-0,1176581776	-0,7420583267
3,4769957004	-5,1296355984
-0,7994260380	0,9171100350
3,8053206935	-5,7474267432
0,5562834740	-0,2900552421
4,6048703353	4,7540471890
-0,0707755236	0,5490125031
-0,4883249794	-0,1465840765
3,1524038728	-4,7632347018
2,7123234027	-4,8351114411
3,7741667114	-5,5251915285
1,3211941063	-0,3043341056
3,8179415039	-4,1537784310
1,4644469266	-0,4355888926
6,0019259509	5,8348913322
0,2642239668	0,0272861536
4,6698588864	-4,7650143201
3,0384463600	-5,5379282760
3,0526156403	-4,2312786415
3,0085050111	-4,7465062147
-0,5675266573	-0,3954052840
4,7676234723	5,5782192036
4,2260445782	-5,1323610903
5,8088233842	5,0182187942
-1,1391564422	0,2871525232
-0,3786503798	-0,2923750934
-1,3034269287	0,0543096732
-0,8468217889	-0,5034863449
3,8558691604	-4,8081421326
4,1187453397	-4,1834819256
2,7552109990	-4,6104956160
6,2755178763	4,5375360097
3,9764700094	-4,9940559500
5,4843192045	4,2138567559
3,0238220923	4,6730129569
6,7706127988	4,0308176527
4,0877508641	3,7954195792
-1,6908233185	-0,0663793166
4,5691148416	5,5064673581
4,7997510684	4,5126382114
2,6400863882	-4,9636954527
5,6489672995	4,9237528314
6,5025152013	4,8595888652
0,3157171226	0,1907271499
3,1502077056	-5,9674692830
6,1067288836	4,4971284601
3,3846034404	-5,0138245816
3,0013733327	4,8152332409
-0,2825032221	0,0703732393
2,8661440048	-5,7180775454
5,3784954295	4,7873254010
3,4161794553	5,4815118906
4,9273658726	-4,6769292183
-1,4810085131	-0,1638683113
6,0373599014	5,3116882162
4,7395440764	-3,9226258438
5,0513083515	4,4215382897
0,4946333785	0,4634721586
2,5673445639	-4,5719114534
6,0351962341	5,3757001204
0,6873363247	0,5379553737
5,9531588186	4,7029257561
3,0416305067	-4,7545893179
4,0563972432	-5,5416384785
0,0546976506	-0,3890676894
5,2866514053	5,2638196508
0,0499294213	-0,7728866529
6,4373297784	4,5321507488
4,8665428639	-4,0757528096
1,5176441874	-0,0661322375
4,4852218667	4,9778341535
0,2718087905	-0,1305594564
-0,5545393510	0,1795029432
5,0708719717	-5,3549295171
1,1925089578	-0,9426164139
4,0120737399	-4,6545628509
3,5175172437	4,8667916493
0,4583867742	0,6629951311
6,2788408248	5,2716407026
-0,0797438659	-0,1854495474
0,6644096417	-0,1722174955
-1,3132993238	-0,8999805820
2,0196343754	-5,5439495431
5,6438986969	4,8877161767
4,0615232940	-5,8811057575
-0,5840969766	0,0892724495
6,7391779686	5,2496133964
4,1221004756	5,5138153673
-0,1258427649	-0,0973601538
4,5551114075	-4,8617755888
2,7553010890	-4,6135225028
-0,5572607745	-1,3268471818
5,3212156828	-5,1464213281
0,7976246628	-0,3253749348
4,4607283482	5,1410533999
3,5959132077	5,0911101960
3,4297514944	-4,6442399425
-0,6024428531	-0,2085619164
5,3003593027	4,2816549320
4,3675549448	4,1983950813
6,7188224897	4,9951376234
3,3246160375	-4,5812458556
6,4271390637	4,3068207853
2,8635222409	-4,9552411304
4,9229533949	5,3444193425
4,6278344969	-5,1671141949
-0,0077388710	-0,3322905159
5,3201924932	-5,0912295407
4,4592402559	5,3791770992
-0,3025336439	-0,3479260006
-0,3892821186	0,3181188941
5,4347098525	4,5522349617
4,6785296788	4,9818515575
3,4003787185	-5,4577119145
4,2013840728	4,1951107406
4,4139491389	4,5149981326
5,9760473886	4,8928524814
5,9362049639	5,3587862630
5,0141047795	4,8600029744
-1,4738762541	-0,5158957458
2,3997662081	-5,5332111304
3,6676702578	-5,0699356250
0,0486003106	-0,0306518107
0,9085904023	-0,2153019482
4,9804645676	4,3486579117
1,1275356354	-0,4011576149
5,7247535873	4,7470050862
4,3037335161	5,1156836668
0,4602855496	0,5152739953
0,2776929281	-0,1760746603
-1,6169945062	0,9366799866
3,9402154821	-4,4103444483
5,6149212228	4,9321200439
3,2912557410	-5,6059084439
1,4705318949	-1,3370029575
2,4248028852	-4,6493031311
3,1798474231	-5,7014585043
4,2840923000	5,4534661983
-0,6988713649	0,5458119829
0,9025292646	-0,3026174149
0,5277446446	0,0857998316
4,7844897962	5,3105398662
-0,7120815006	0,5767194623
5,8021794611	4,8948012077
4,5347544524	-5,0202294969
-0,1695444164	-1,2338916684
3,4207678164	5,3571241506
1,2125927433	-0,0322158093
0,3116501684	0,1037298915
3,6626954777	-3,7701942360
3,2684553299	-5,4384541913
4,8777561447	-4,8935483342
-0,8837131074	0,2448873190
4,2169031575	5,1691594370
-0,2655782073	-0,1150425007
4,2056529353	-5,0532684261
3,5948549149	-4,8807828200
5,1511040730	-4,8367179096
-0,4945010663	-0,0850010704
5,3050871323	5,6681997610
4,2812763243	6,0219675865
2,7994517676	-5,4474247614
4,2848202679	-4,8754720908
3,1925232077	-5,2841841876
3,1791109910	-4,8311155574
1,1892897296	-0,5367343120
1,0345281638	0,1231587838
4,6349543581	-4,5659452697
4,0075671771	-4,9838790455
3,4700491855	5,2169875906
3,4267606180	-5,4522746349
4,2990631984	4,8472819090
5,3664746043	-5,7403935745
-1,3713305665	-0,2844290765
5,7040477390	4,5175506645
4,0605506815	4,7234766543
0,9714126839	-0,1658656833
6,2373075449	4,9195427401
3,5004873705	4,9203445499
2,8668455269	-5,1402467866
-0,0398570745	-0,1191657016
4,0971198422	-5,3866792248
3,1797932265	-6,3205673645
-0,1558978101	-0,7721953957
2,8697270561	-6,1658135163
-0,3093258263	0,0546937523
0,6931889909	0,2274744791
0,2150344139	-0,3067743978
6,5191531163	5,1008230433
5,1787842525	4,7671836118
4,0581339022	-4,5265127405
3,3277140730	-4,7631601176
1,2777193547	0,6310739614
4,3087763238	-4,4220020054
-0,9565553859	0,2850401700
3,1158051414	-4,9936971199
3,7189950717	5,0506265442
-1,2588984803	-0,0408120878
-1,1683249665	0,6104737223
-1,1464243629	1,1163282451
0,4236586572	0,0201820959
1,3430602480	0,1090036291
6,1372167173	3,6616758854
0,2551361024	0,6940035173
0,8160101369	-0,0712070657
1,0954563217	0,1217178309
-0,3746051339	-0,0073031988
6,7175472715	5,1332440158
4,7860636474	4,6952566710
5,5063202838	-4,5422520203
2,9947977870	-4,6710987385
3,1677640104	4,8916603046
4,7288559735	-5,5058871320
3,6914298708	4,2439435034
6,5966662756	4,5927140360
1,1576670960	0,4514263124
3,9540059462	4,4481642827
2,8757436025	-5,0389085834
3,5018658053	-4,1111547906
0,1292933357	-0,2355065012
-0,1775707287	-0,2941909275
5,7317608300	3,9352226352
0,8424343883	0,5918168567
6,0349064517	5,5472230262
-1,4764222412	-0,1613873695
5,5434658437	-5,1418842417
0,3086646119	-0,5752413599
4,5852006669	5,6470506099
-1,3727072420	-0,6883786090
-0,4314077567	-0,6757704134
1,6976638225	-0,0169032601
2,7220187508	-5,6468860480
-0,5538475422	-0,2646329992
5,6034571498	5,0423221430
4,3359051666	-4,7225222309
4,6217334543	4,6872373135
0,2299834513	0,0220918579
3,1868730088	-5,1540329901
5,0473128866	5,4108372396
4,5930698698	-4,2808740653
5,5940471517	-4,7635811847
5,2090170956	-4,8786835690
1,8702268249	-0,1488874311
7,1373262443	5,2190120593
-0,0689269067	-0,0038601075
3,6829368517	-5,0507907665
5,0329807718	-4,4066396062
-0,1307192028	0,1892110533
-1,7440012546	0,7431868836
1,2033243975	-0,1362506308
5,8468480347	4,5318531760
4,1711796315	5,1947100614
3,9171308552	5,5412735983
4,6413621834	4,7438525519
6,0130231216	4,9260214434
-0,7422912799	-0,0302816177
-0,1156780601	-0,2976482546
4,7832643941	5,2171959324
6,0035491285	4,3133736960
3,4283745595	-5,6072920115
4,9865961807	5,5617839354
3,9104901910	-5,0362594558
-0,0185179953	0,2657866095
5,2831359293	4,8485642962
0,4425542378	0,3909712622
2,6137683298	-4,4563826060
4,7895383553	5,5017734949
4,7876816715	-4,9413148110
4,6338843452	-4,8029154249
-1,0943367108	0,1983763886
-0,5844648278	-0,3594060365
5,7176823572	4,9565914494
4,6798136712	4,5389164134
-0,8853839205	-0,1225828062
0,7866156494	0,2679481136
1,6995899425	-0,2195667265
5,4229287085	4,5973736007
-1,0338784419	0,2175678596
-0,1854742031	0,1132637854
3,0795254328	5,9573938840
2,1848815406	1,3178908197
-0,1581969306	-1,2007517666
-0,9533105612	0,5391467988
0,2466687088	0,2788304661
1,9371040014	-0,6746484913
4,5904614611	4,6296193671
0,7902427679	0,6364283402
3,9686106763	4,4039253379
5,6228651889	3,8084538321
3,7322335671	4,5053499987
3,4360086597	4,0170777735
0,4603964995	-0,1871338480
2,8558038958	-5,2640075193
3,7672370079	-4,6744682628
5,0225582541	5,0916382625
2,7149736986	-5,8279905073
5,1309718422	5,1387506763
5,7747631786	5,2777619430
3,2879106928	4,7048251761
5,0249255378	-4,8977442094
2,9362688633	-4,8647366571
4,0375877182	-3,7991547224
1,7903516042	-0,5910041126
5,8743319105	5,0858322885
4,4096489504	5,1027542872
4,0993747924	-4,4559643433
2,4311886172	-5,4334649922
1,3082649651	-0,3152901132
5,5085779826	5,5798671115
5,0983318615	-5,4837887801
4,6353536135	-5,0654064123
1,4224323139	-0,6506106221
-0,1462399038	0,9924118104
5,2899326393	-4,3113746370
2,9730595811	-5,0196648860
0,6328401201	-0,2628423279
4,5225144806	4,6509680225
4,4979607391	4,4226336082
3,4125744108	-5,4025109972
0,5855200880	-0,0925117272
1,3596784989	0,2750228706
3,1207684241	-5,2374616138
0,6137290220	0,0441856268
1,7109947578	-0,0591810050
3,2891950992	-5,6832977707
0,5828240095	0,3021510325
5,9094967343	5,3008463222
2,9339844756	-4,7506931169
5,8306113549	5,3116194588
5,0061678488	-4,8010608287
5,0866248661	4,8315358345
4,3656802255	4,9619148540
3,3526285263	5,2637746335
0,6236949733	0,3322925033
-0,9887044665	0,0874743073
4,2479172851	-5,8237340824
5,2825783245	5,2801216534
0,5835367785	-0,6963708475
-0,8281613415	0,3165035173
-0,1067907030	0,5171382006
5,6046474454	-4,8138128821
-1,5599383003	-0,1944926744
-0,6463728199	-0,2921247583
0,2748236365	-0,7266440137
4,7870524031	-5,0227788977
5,8844968840	-6,1390028703
0,8090058076	0,6163667705
-0,8702504344	-0,5617433170
-0,5140893461	-0,7131003464
-0,9792091971	-0,7897602470
3,0576739260	-4,3725042627
2,8358295040	-5,4599930379
5,5694901533	4,9000981715
-0,0467700213	-0,2913755475
4,3609058164	-4,9798594985
5,3266297697	4,5658340685
5,1822939248	-5,3976072467
5,5546842064	5,4926862483
3,1886252199	-4,0988855569
2,2812461219	-5,0643459731
4,4735513308	-5,0951753234
5,2020448778	-4,3537827332
-0,7152655397	0,7563463931
3,3277812341	-5,3773929497
-0,6923466028	-0,7047771627
4,1736710432	5,5988343793
5,9333480164	5,5886789162
0,2819066341	-0,0679257497
4,8673466588	4,6222583760
4,1682826391	4,8145432691
-0,7021941958	0,9305699215
4,3761888682	5,1075565231
5,0859991515	4,5150790518
5,6245427598	4,1909648367
5,5624846039	5,2835467063
4,2789972021	-6,1308959349
0,8271522685	0,0616486870
5,3077040036	4,2053353593
3,2872302076	4,3175399855
4,8739651124	5,2133929780
1,3391829566	-0,3368191742
2,5742048383	-5,1203822457
5,2240937708	4,5193846022
-0,5479005058	-0,2484784484
5,3675380104	-4,7845412224
4,3987624365	-5,4475071570
4,2933435501	-5,1712187207
-0,7064697898	-0,4838528986
0,9904320539	-0,9365469738
5,3672087266	4,6362071281
2,4640411543	-4,3157215384
3,9027940096	3,7968299168
-0,2008872182	-0,5581338351
3,7369633952	5,5084419837
6,3452772628	4,3718919963
4,1640330274	-5,2419321405
3,1752059560	-4,7639701193
4,4394363578	5,6238145669
4,9153576504	-5,4885515599
5,2037385421	5,5098419359
3,3267037963	-4,7959417865
-0,2627932780	-0,1670665089
0,1262603360	0,4800900101
-0,1802550126	-0,8727886078
-0,7055183332	0,2127985891
-0,5546685066	-0,6714630572
4,1788753696	4,8419682398
5,8843567926	4,4465764980
0,0542113608	0,2152323930
4,5910457844	-5,9086782733
-0,9310725646	-0,4272396342
0,6486579347	-0,8498650245
-1,2627911752	0,3808123804
0,2867692059	0,2833596779
5,0720419529	-5,1641287431
4,3494967837	4,7724403631
0,1621345484	-0,1993954914
-0,7098355962	0,2955307345
1,2513002450	0,1824714249
6,5472930760	4,5446183813
4,5647532133	-5,3723864581
6,5748657909	4,7352601328
4,2745825535	4,7122291064
4,4411330723	-4,9759048869
0,3029264042	0,3419835070
4,5144144313	-4,6349190025
3,9824529677	-3,8330418975
5,5860258045	-5,0391071565
4,6127084851	5,2608733390
5,5471970142	5,1943839254
5,0309309578	3,9599745856
5,0998820550	-4,6870051897
0,1236836471	-0,4739401657
4,2576815621	4,8719698873
0,9358063810	-0,4144683942
4,1397655866	6,3219058708
3,3343697557	-5,6383644449
4,9276415556	-4,7658106396
6,1190281089	5,6034949371
-0,4722015261	-0,3557175964
3,0443982758	-5,0677295382
5,3975783161	4,8627880496
3,3792779063	-5,1137227791
5,2403096504	5,2622397916
5,0526874482	4,4004357097
0,7613708114	-0,1268626934
5,3844718713	-4,9914025123
3,4028238244	4,2040326099
5,9832451990	4,5245104891
4,2426637375	-5,3023953796
3,4069152333	-4,4373863362
5,9956721933	4,4791814379
0,4408911474	-0,2547903239
3,8276266870	-5,2544953210
0,1145907974	-0,1585334700
0,0744954762	0,1091729261
4,1751898647	5,3660378759
5,4145132063	4,0109296776
4,6829298266	-5,2306113595
4,2441210378	-4,4583561637
3,5335235944	-5,2720666863
0,1019765078	0,1685712869
0,9799937931	-0,1093620642
4,2401780580	6,4111529518
3,3028113898	4,9249473635
-0,8136716527	-0,2642684340
4,1139948608	-5,4961711789
-1,0199911190	0,1737494447
1,1089193603	1,0807142779
0,6601690869	0,0580061628
4,5612767434	-4,9040393686
-0,8359430091	-0,5337405384
1,3938083677	0,3656117498
5,5319875409	5,2231181052
4,2368782056	5,0082213832
0,2672710450	-0,0003735187
4,2750759049	4,6163811676
4,5876037961	-5,7193686967
6,0843822039	-4,9688940226
5,8442205190	4,4249612942
5,6199496807	5,8694077648
-1,2077165792	-0,6256731916
4,4214520822	4,4761007459
5,4605587772	-3,7286559407
-0,9941593593	-0,0630643003
5,3636774706	4,9667707353
5,0207401463	4,7915837255
1,8402098187	-0,6091503207
-0,3541255428	0,2134606654
1,8619012322	0,3445546637
5,2746950949	-5,4681909940
-0,5227771442	-0,0476011977
5,4829693030	6,2681519195
4,7986355621	5,2866201022
1,1039683057	0,0990571151
3,1530537837	-4,8125470313
4,3950566564	-4,5413522155
4,4192749088	-4,9406859349
5,6086807569	4,7880314192
6,1808786578	5,2586513999
3,8023728678	5,7684902792
2,9016583559	-4,8279949600
4,0868182021	-4,7041413039
3,5907995781	-4,3747718811
0,7068284158	0,8871674945
3,6544996176	-4,1222036126
5,5346856058	4,3931704818
3,5878002896	-5,1955960434
6,0491980099	-5,2015269443
3,5633941420	-5,8497723604
4,2948841876	4,6450264123
5,0541159060	-5,0455020175
6,3645372279	5,8615244942
4,8629171981	5,0801423937
4,9695484816	-5,6108815360
-0,2297543615	0,6063827944
4,8282461175	5,1325913179
5,2559038227	-5,1658906183
3,3531017128	5,2637253056
-1,5138441614	-0,1139860928
3,7311995640	-5,2962019232
3,9439214349	5,3712855581
2,6460075512	-5,5653226422
3,5874198386	-5,0050083481
0,2361962664	-0,8063398679
-0,1527121610	-0,6557595061
1,1479154246	0,0713474272
0,5846767088	0,3239426650
-0,0737039439	-0,0492562349
4,9859246069	5,0779923361
0,5828498461	-0,0794745085
3,7440591661	-5,5597745251
-0,9669179370	0,1902015947
5,0133638148	5,0999575965
4,1274161677	-5,3259815924
3,8379807901	5,0423299081
0,4610732581	0,6146164504
0,9985590359	-0,1419540921
4,2519766635	4,6855827211
1,0045382876	-0,2156747596
3,9073264992	-4,7282339065
3,5996115916	-5,1242505717
4,9514001613	4,1096323637
3,3186798122	4,8749068188
5,1161486757	5,6224154827
5,8697304095	4,8930273940
2,6653556283	-4,9539213775
2,4844587972	-4,9682045002
-1,3756829865	0,3179309399
0,4787092748	0,7024082195
4,9259298205	4,2003521592
-1,4038377689	0,0434075538
6,1818120590	5,4555863629
-1,5041629257	-0,5710029698
3,4708760911	4,8401847022
5,2415743798	5,7023040503
1,5481264191	-0,3364584867
-0,8897038098	0,7520613407
-1,3060790055	-0,6160194554
3,4653475341	-3,9259549357
1,0998905522	0,5569360843
5,2111033100	4,8613084147
6,5418553131	5,4072411330
4,3635828741	-4,5996621007
-1,6921110968	0,1982347652
5,7154703229	-4,8969973065
3,2877571718	-5,0106858048
4,1403104338	-4,3138445769
3,8153108703	5,1218434826
-1,3302193039	-0,7666987524
6,3119708232	4,5970079639
4,0519400427	-4,4882907380
3,6107881429	-4,8704426977
3,3484826021	4,9766026016
0,5687955563	-0,5417062617
4,7855523863	4,8938471628
1,6628252108	-0,1019858821
3,9336669468	-5,4801549760
-1,0363638621	-0,5293014230
1,2277265679	-0,4732069303
3,7199511166	4,8103287553
1,1548603259	-0,5380417087
5,9540549659	-5,7522752238
3,6783645791	5,0447624705
0,6148635063	0,8201201888
-0,6673296432	0,6202719224
4,6539005378	-4,7738838234
1,6730343351	-5,0398391194
-0,6808323083	-0,3889063676
5,6460187525	4,2904806919
0,4245272595	0,3227349582
2,5738075491	-5,2851084675
1,3244480224	0,8672078166
6,4305269747	5,6950609565
2,4768840920	-4,4519865569
-0,2466136997	-0,1497847365
4,1693367345	5,4890051066
-1,4387691426	-0,7028762272
6,2118802407	4,5709184670
-0,1072889585	-0,2363250836
3,6921080034	4,5695632053
0,9516095091	0,1344445258
4,6302889579	5,3347665271
4,5134712832	4,7395515177
5,4358101354	5,2346829499
-1,5681745517	-0,4329424736
0,8870185156	0,5628974652
2,8604776954	-4,8478438469
5,8155512065	5,7960328313
3,3293249067	5,2399178361
3,2396115247	-4,8336546240
4,2950260613	4,9268740207
4,7694154242	-5,1892025674
5,0964161916	4,7046053609
4,0807378407	5,1234415753
5,1157011707	-4,6272626180
3,9326013557	5,4479742341
3,5619355280	4,9340981161
4,9343194112	5,1308814310
6,3793353530	4,8656130087
0,7085509696	-0,4050771538
3,1581476759	-4,5608167857
7,3040322819	5,1498610763
4,5971949557	5,2269332225
-1,0964317251	-0,3058065604
3,0498654230	-4,9669660051
0,7510837144	-0,9893607540
4,1035671899	-4,8721600771
-1,0266249477	0,1586579431
3,1600908539	-5,2805660584
0,7692809395	-0,5869804182
0,8318774329	-0,0394682137
4,5115151185	5,9912521512
3,1402521629	-4,3781401189
1,1963256511	0,1427214513
4,2442096081	-4,6987113080
1,4441027899	-0,3419802864
1,1124225597	-0,2726747593
-1,2528732643	-0,0821548699
0,0285462856	0,3561606580
4,6936577427	-5,3845081813
4,0697710488	5,1061073930
1,6989729560	0,3123874446
4,9740350331	4,8072226926
1,1061044992	-0,3317990313
3,4769048788	-5,2165699832
2,2417643681	-5,1509570132
3,8574184576	-4,5369511247
3,0724070974	-5,3805398396
5,4284319078	4,2375495396
4,7379130171	5,0284084651
-1,0036778104	0,1982065945
6,1297052665	4,8110130374
4,3536009057	5,0835979512
4,4422367578	-5,2175823209
5,1117839575	-5,0376008735
3,3249308160	-4,6709082437
3,6267514340	4,9346366738
3,0583386079	-5,0180962063
-0,8550491625	0,0848169218
6,1240409113	3,9200784512
3,8766820600	-4,8613119691
4,7467800370	4,9857432974
1,3111201906	-0,6922724088
5,4420903453	5,1981515153
4,9868211518	-4,8960772697
6,6246034358	4,6595215932
5,3844345049	-4,7239797736
5,5392236281	5,2247393917
4,8155786488	5,2219925289
5,3339849022	-4,4863047085
5,4364028742	-6,2396725126
1,0461545437	-0,4076724249
0,1629599606	1,2793589742
1,0107772776	-0,7442680713
4,2676718249	-5,4886582472
-1,7049596326	-0,0991171130
0,4134796935	-0,8684295631
4,0804376682	4,4489707759
3,2685389091	-4,8056309728
5,0435318443	4,7909590464
4,4812872587	4,1856093654
-0,2622910944	-0,7062859301
-1,8610947609	0,5723032234
4,4346607332	-5,4878052243
-1,3905907128	-0,7511910645
-1,6630638920	-0,1060105807
0,8587696274	0,2184773663
0,8623833767	0,0781102437
0,0030109454	0,7955068228
2,6243980155	-4,5824129130
0,8452923931	-0,0438513859
2,5267283912	-4,8960129455
4,3815509222	-4,4202139351
0,0539098900	-0,6704959662
2,8572964472	-5,0914693285
5,1631318939	4,5232317264
1,7175240780	-0,4216432417
3,5776078894	-4,7755417307
4,5873061760	5,0382811565
0,6947511443	0,3044203169
5,2766248996	5,1607947967
4,0890399020	4,8497624323
0,2355227673	0,1796600171
2,7889752784	-5,2114064305
-0,0757773758	-0,1382610495
1,1905501133	0,5139608903
0,6884087163	0,2227204018
4,2029427451	5,2419528302
5,1810259333	4,2657791074
3,8966931338	-5,3975773143
4,8104781847	-5,0729997030
0,8468790832	0,5281778355
2,5863366837	-4,7603917103
-0,8788214989	0,3872576510
3,8995701318	4,8347517194
0,9302143034	0,4183041324
0,1541218989	0,1720701237
7,1181181073	4,1327062045
4,1179069237	-4,9914820943
3,5684219979	-5,7671479813
0,0496176813	-0,0354982714
2,8103179411	5,6886711362
0,9783951005	-1,3111806871
2,7775809163	-4,2868544077
5,4656584395	4,2452307975
4,6274210735	-5,6977659036
-0,6309441093	0,3318950569
4,8549554914	4,4942729499
4,8340115552	-5,3244069596
5,0451148314	-5,5981043094
5,3849217953	-5,1393579444
5,0603505239	4,6632631983
-0,6186902125	-0,4183290175
2,7585850652	-5,3608324542
3,8343347588	-4,7123454761
0,6275435018	0,0762885844
4,9810373525	-4,5730323217
4,4761899323	-4,5899240439
3,3255312502	-5,0049234424
3,9115536622	4,5817156806
5,4483622697	5,0512929152
4,3939082690	4,4951650778
2,9660434896	-5,4117911562
5,2740105717	-5,2355304882
1,0444316833	0,3024059781
6,0144167136	4,5451420427
0,5052201163	0,5161642041
3,6145090592	-3,6036946664
5,3877027373	-5,3974056158
1,4390924669	-0,1088478615
3,3635931091	5,0539396484
-1,5004884537	0,1261788621
-0,7673357307	0,6436451054
3,1432149466	-4,7179216545
0,6936156137	0,4867758460
5,8980809792	5,5109752239
0,3894988574	-0,3619533733
6,0218164811	5,8486281896
-0,0959011790	-0,4772915979
1,0946825709	-0,2658705901
4,9426984445	-4,3895216260
4,3721765685	4,9086881524
3,6665972183	-5,0211338649
3,3380066104	5,5994872887
-1,3096260748	0,9769500254
5,8680141677	5,7526057036
-1,3838774842	0,3544608035
4,3786833789	4,9996430804
5,2551794432	-5,4329369748
1,4751132671	-0,5304364531
0,3845409688	-0,0115645982
5,3733027869	-4,7260432458
3,6727545583	4,7760922141
-1,9226072307	-0,4428221210
2,9600904492	-4,2806386297
5,4896349919	-4,7434651933
0,8104950166	1,6212502659
5,5344306705	5,8025880050
3,3809192251	4,7741939741
1,1666250870	-0,3256937196
4,8374087970	5,7416622024
3,7185925262	4,9452048106
5,6394054985	-4,6056272378
3,4117811714	-5,2852561577
-0,3713590915	-0,9887533707
3,4787298409	-5,4995453965
3,4999064504	4,5267085097
-0,3509009564	-1,5100591246
4,1474197696	-5,0697624176
-0,7284216036	-0,0497451918
5,6692176138	4,7646311973
3,8956095683	5,4210232657
0,0515913856	-0,5902146026
3,6972809518	-4,3845544211
0,9689023572	0,1469019150
0,4586917421	0,3433634829
3,8908478948	-4,7464506216
5,1827408319	5,3898214517
4,9444152622	5,1430198356
4,9742783902	4,7416783762
3,4194676371	-5,6836162901
-0,0506174298	0,8956752548
4,6716421041	4,9995569139
5,0372138322	-5,2066602400
-0,7882785060	-0,9459994854
4,4461038769	4,2456666140
4,5008163373	6,0640161567
4,4466175893	4,6815012690
1,3099823789	0,3529706024
5,1147703231	-5,3954159770
2,9187955888	-4,1835204592
0,9867757380	-0,5973990810
2,8425045714	-5,3403920516
3,1885073940	-4,5073730718
5,4795382636	4,9095448409
0,3157354439	0,1259433282
-0,3059090315	0,4764531663
3,1702423083	-4,5234258115
0,6709183322	-0,3774116556
-0,6483371631	0,2002439596
2,4987080430	-4,6387866026
4,1949767848	-4,6006475539
-0,6947107776	-0,0013146678
5,3840150085	-4,5961260411
4,1490540652	5,4445241033
-1,2206002933	-0,0402511206
4,9249623654	-5,8843257734
6,0146901046	4,4947209485
-0,9444441851	-0,2765423101
4,3151906531	4,3616251342
4,1152062348	5,8358300375
4,1431792503	-5,2639409775
0,1289560385	-0,1441739480
4,6224793650	5,6782653272
0,4041353061	0,1256719927
-0,5180567448	0,0504019888
5,3501599826	5,1538839113
1,0845183358	0,6900034809
3,8606459101	-4,0086501245
3,8829170436	5,0062722965
-0,4528167987	-0,7472681950
5,9957122239	-5,4272278667
4,1783259944	5,7271051601
4,3060859906	4,6780722371
0,1114867868	0,5740425066
3,5882783464	-5,4241779634
4,8150085554	4,5743404978
3,8427449765	-4,7197833271
5,4186306217	4,9489286520
-0,9886802153	-0,9049270676
4,0465236113	4,9791273658
0,8134626030	-1,0669254872
5,3346918935	-5,1461904528
4,0502727901	-4,8552817262
4,9358765699	-4,7706894703
2,9116687347	-4,0355628618
6,4110922256	5,1854432431
5,0304773827	-4,8560836156
0,6761419204	-1,0458260706
3,2626867825	-3,9568919308
4,4518299999	-4,6682756053
1,3104976800	0,2988521855
3,4801222592	5,4242986189
3,3281565137	6,0014471736
4,3404299977	5,0441329399
6,2589714091	6,1826003135
4,2455868946	5,6588145444
-0,1509220413	0,4865722403
5,8782069343	5,3079371520
-0,4599902215	-0,9392733845
0,4046137700	-0,1901099914
4,0285971494	4,7588539998
-0,1675875224	0,6057992895
3,1169476900	-4,4363073244
3,6758711910	6,1728387400
4,8396083109	-4,3787231597
5,9866396376	4,7989195386
1,5415332511	0,8090220053
-1,7817203042	-0,9494694025
3,1667578062	-4,0084587665
4,6033163529	-4,5670225466
6,0323680512	-5,5203500290
5,4366454082	-5,0565346024
3,6417361785	4,9859581541
4,2363963942	5,3968978630
3,4359146094	-5,4243488864
-1,3736947490	0,3378329678
0,3717873454	-0,0896002931
4,3581198087	4,3277132023
-0,1479388073	0,4127383114
5,1853010803	4,0043203247
-0,0262474595	0,3463367079
4,2150719374	-5,0831492034
4,6304584163	-5,2307999420
4,1385244179	4,1370551628
4,4770720326	-5,1615708030
4,9921167180	4,9466630389
2,1032781123	-5,0610341567
-1,6282767808	0,9518041750
0,2790182194	0,4239150758
2,6252549165	-4,5319092163
-0,6541658810	-0,5056622526
0,7317203203	0,5406413040
4,8744215012	5,0855749358
3,8178780414	5,0160070884
5,1318305309	-4,6837834201
6,1775467358	5,1594942503
-0,4187556324	-0,3293850385
-1,4355757332	0,3020938758
-0,6673113567	0,2184746599
3,6705802253	-5,0596800528
3,1339900352	-4,2383585356
5,2729964043	-5,3996860381
4,2538652499	4,4108852150
-0,9150177967	0,7482850395
4,1903557886	-5,4100273690
-1,1334210191	0,2060209197
2,7195861994	-5,2784616563
2,5012681909	-4,9450407838
0,2497321547	0,3643317148
4,6278739525	4,7730156408
3,9669440428	-5,4268357508
3,8266861405	5,4925416502
-1,1367801334	0,4656313201
6,0129661168	4,5033984055
-1,6326018108	-0,0856464979
5,2033863692	-5,8676693243
5,5382759394	-5,0215158579
3,9807490370	5,1802741412
-0,1312934111	-0,8201049277
5,2686340945	-4,8479895325
4,9051383798	5,0203431023
6,0830971267	4,8195239078
5,3706722410	4,4847431032
4,4169068085	-5,2565553385
3,3977675529	-4,6616673557
5,2556200793	5,5507602681
4,3734970183	-4,9499328689
4,5089531182	-5,0100275184
2,8307108562	-5,9586889232
2,8189465614	-4,8639920392
3,4217998648	6,0899110773
2,8435425648	-5,4156459069
4,4469396117	-4,2667202504
3,9445400222	5,3481546720
5,7210093532	4,3537968644
4,8200002233	5,2692041060
1,7037760739	0,2298556982
4,4180020958	5,2623014451
4,7020583990	-5,0803232408
-0,7894081114	-0,7024150404
1,3680535663	0,3101230228
3,8019749463	-4,7949841400
4,0475004973	-4,7865518451
-0,9601234494	0,2933574210
5,1223852612	-5,3118917169
2,4786569852	-5,0290497320
3,5685009732	4,7626910473
4,3142225816	-5,2096528164
3,9444794202	-5,4551052640
3,6578087160	-5,6718417672
3,7729464882	-6,1406164042
-0,7679969437	0,2676473703
0,7788000766	-0,5396996808
5,5913135248	5,2117760508
3,8979029305	5,0418536619
4,6322151499	5,3219721313
4,1688094589	-4,3359942181
3,8890163774	-5,8728731624
5,2574048223	-4,8677322050
0,0458750854	0,4861440471
-0,5742636238	-0,8413272625
1,4988004955	0,8131406665
-0,4434368645	0,7736605764
5,9136772404	5,2263197626
4,6389106413	5,1151741115
2,7701643010	-5,3902391041
4,9935807531	-5,2177647831
4,6487601692	-4,9940432363
2,9160532024	5,1108446492
5,1746264394	-4,9165341669
2,9991835755	-5,3292829970
2,6693501851	-4,0903229281
-0,5685481128	-0,0760286917
3,6376237917	-4,7640390714
5,5786538848	4,8401838911
4,7290644862	-4,1133801835
4,2004755553	4,9750015183
-0,6816449608	-1,1598357891
0,2361621435	0,3961951986
5,1707635808	-4,7055766155
5,4209886172	-5,0172568813
1,8213992943	-0,2391888723
3,2698632252	4,6754361481
4,4004726738	-5,1470268175
3,7545105208	-4,8265370373
5,7045630850	-5,3192679236
4,0155497894	-4,8306502288
0,9190120964	0,2675356701
3,7583870176	4,6635409964
4,0490996328	5,9203369737
5,4535547787	4,4913647645
6,5380873651	4,4172583131
5,9433203099	5,1904114970
1,2707247438	-0,1761020060
5,8127266308	6,0666771861
4,0445747899	-5,0223681513
3,5723667542	4,9434468487
3,7388554561	5,5925818905
-1,4045887655	-0,0011345397
-0,8135986832	-0,2301482016
5,4102646105	6,3331758882
-0,8570413355	-0,1470828000
2,8178233996	-5,9757908063
0,4484783175	0,9812348111
6,2716653725	5,3581966074
5,5976073953	4,9535234359
2,1372052146	-5,5394487112
0,6575221220	0,8426956792
2,9303901780	-6,3299079463
4,0328563377	5,6601066612
-0,0893152025	0,1973527854
3,2445541431	-5,1172334911
3,5000223012	5,3612988925
4,3918560127	-5,4222975365
-1,4360270460	-0,0871554288
5,9269891688	4,7188100607
-0,5198745184	-0,0250502716
5,0714814721	5,7759126352
5,8363466497	-4,8249674515
4,8285589693	4,7768076914
0,9671250422	-0,2326651241
2,3173225966	-4,6794382231
4,5844073463	-4,9669971088
-0,6750980674	0,0871575105
3,9271391073	4,6753172710
5,4910914914	5,5207267705
4,3313898337	4,3603047252
3,4772967479	5,2122185535
5,1986538031	5,3477958988
6,0006110147	4,5118757567
2,2640357395	-5,1274493063
0,9941293654	0,1916094056
-0,8376516275	0,1230577979
-2,2222858323	0,2757159533
0,0268785052	0,9811644812
5,0478206519	-4,5278899530
-0,6785626551	1,4097062605
1,0092655319	-0,0892912592
5,0179185299	5,2280251408
2,7657701249	-5,1548648212
5,8538285778	4,8216750477
1,3913355551	0,0095297659
1,1452696644	0,3526152911
1,0617763422	0,1423184201
6,3326806061	5,1213894216
4,7589922555	5,2536950395
4,1448487814	4,1078598081
3,6018598102	-5,0690675157
1,3467683413	-0,2697051688
-0,8878929372	0,0233484844
-0,3078011127	0,8208977428
5,6953000412	5,5054249134
6,0279483813	5,1489793589
5,6193774124	5,0355475784
5,6008689247	4,3962512000
2,4620369110	-4,5702210494
-0,8942316270	0,4664099858
2,9372411394	-4,4322735625
3,3051574235	-4,8669077844
4,2674634342	-5,6600684944
4,5230766202	-6,0533927290
4,3185475532	5,2617999525
4,9378621205	5,3411662284
2,2216362873	-6,2919189118
4,6291740958	5,8145873014
5,0934215252	4,7665155492
1,4992397977	0,5584633828
-0,3223076412	0,1612983533
0,8208240116	-0,2496568445
3,2921392243	-4,8696098911
4,6804044098	-4,6680470466
1,0301611352	-0,8037596457
1,1658142608	0,1281604550
5,9165572419	4,8457230404
-1,2287155662	0,6505161700
2,6179039348	-5,0710130010
3,7049439427	5,2117915304
3,6721218534	-4,8946337860
1,3018903842	0,6102665200
5,7704019957	5,4839230384
