-5,3037455968	9,6227043062
-5,2668912850	8,8028045007
15,4381997529	14,8436047631
-5,0108716046	8,8506150017
-3,1371626787	8,7571558235
9,0448070870	25,0501953877
8,1273603305	25,7454656154
-2,1550419881	8,9463347052
5,7110966572	25,2243258398
5,4127560244	24,4549481502
-3,8748316774	8,5170140850
-3,5059054596	9,3760859387
6,8667528298	24,6725523476
6,7121823374	24,7377040854
7,2690851323	24,6771791937
14,1550421380	14,8707663372
13,5396212017	14,8297634440
8,3001717196	24,2420851096
-5,6624399672	9,8413784571
5,9469315582	24,7134817195
7,9491386873	25,7482949080
15,3062655279	14,1472383807
-3,4189396397	9,8452422581
-2,7300189606	9,8287048772
5,9054191801	25,0974803636
15,1638079049	15,4841679452
5,1274153740	24,7571091493
5,8705804675	24,7979761366
14,3442284763	14,6559436448
14,2978412935	16,3261444653
7,2308118285	24,4936828299
8,2432404289	24,8020789347
13,2913912270	14,8158711604
15,0577700600	14,8242709964
-3,7759535872	9,6333913874
15,6375517913	15,3717120298
13,9180512840	14,8553611002
7,2624635780	24,9868744796
16,3653029374	15,0123843738
16,2076624386	15,2742339253
8,3290285495	24,6789947749
4,5958335887	25,4229631055
-5,1469555182	8,7291481183
14,5507556653	15,9835232137
13,7075541404	15,3700998441
-3,1807419599	8,3162802022
5,9362969602	24,9465439811
-1,8918285499	8,1840904175
16,4359090723	15,4474982732
7,4933220585	25,1050930179
16,1386255895	14,6964449099
-4,1023824807	9,2162660876
14,3531767740	14,2484237505
5,5747516114	24,9621903474
14,3419675612	15,0371496735
6,2990500008	25,0786307216
15,4690726724	13,8302894847
-2,9456524831	9,8076699477
-3,5340329513	8,7621036951
15,5878262944	14,3822105949
14,6562465842	14,5999175125
-3,4625116050	9,0871546757
-3,2257691214	9,5564884595
6,4396556288	24,7341044188
7,9686618319	24,1312963484
5,3274602240	25,7283259918
6,3233022200	25,2578561951
14,7424193344	15,0747677883
-3,3758694734	9,3774563929
6,1929187987	24,9400087730
6,5265545073	24,7738989067
7,5204740874	24,6574185866
5,9024761802	24,9490108313
-4,9855124367	8,8352015061
-2,4609585279	9,5782021416
8,1442526673	25,5028532086
14,8509481754	14,5708203161
7,9888969677	25,6857915315
6,5204031922	24,7827462928
-4,8979255580	9,4976122146
7,0025227417	24,4953548639
8,2808096939	25,5697632317
14,0264555599	15,3132587190
14,1380891473	15,3380434716
14,7203963310	14,8703127483
14,1294902890	14,6999218502
8,3006543728	25,3514257632
15,1468028596	14,5554790970
-4,0175005265	8,9270147025
-5,9246731695	8,6463384437
14,4190927697	15,1501326371
14,4267078156	14,3902757572
5,8826546271	25,7060406701
-2,9960619928	9,5662463904
14,8032323764	14,9309995143
-4,0960995432	8,9276606954
-5,4787866088	9,7420865522
-3,8857354166	8,4486316581
-5,0761218542	8,7894560626
-3,8423233973	9,6378624385
6,5916311502	24,9953950196
15,9955767913	13,6669640427
15,3048252205	14,9452774262
8,1524653812	25,0128578534
15,7049109676	14,8973132137
14,9657883577	15,0802370109
-2,8875234850	10,0653149843
13,1338008835	15,3807975250
5,9637040816	24,9948858849
13,5826778977	14,5967560077
-2,8370635956	9,1008605542
-4,2459580718	8,7930449910
14,5807372454	14,8797121729
15,5915718276	15,0604479211
7,3988371691	25,5671912987
7,2288139475	24,6943989239
5,2915315193	24,6320829745
5,8265512682	25,2751912670
16,0577747986	14,9679345053
-3,1484189051	9,0115417554
6,4835687461	25,8107797571
-3,1578728971	8,7063247838
13,9010587771	14,0430558886
7,9766581745	24,9172434871
13,8673367347	15,1600928292
14,1740208217	14,6728134938
14,4834815127	15,7239525540
15,6845149458	15,2628721895
13,9839586359	15,5721388201
8,8782661279	24,2613622928
-3,6631410547	9,0646977546
7,1268455529	24,0398864748
-4,2896056432	8,4573595971
7,6059301683	25,1421764103
7,8188980481	25,3251152268
15,3829363719	14,5885718677
5,8378567788	24,2453421984
13,5764381163	15,0667717364
-2,6098021693	9,9260816636
16,6712782454	14,9478920470
7,8832071217	24,6328698499
14,4836882784	14,6069969612
16,0002244167	14,6647719037
-3,3004411401	8,7959640398
-4,0327503606	8,7826656863
-5,4936410201	9,0621501808
7,5043454740	24,5872999039
16,5247945655	14,4667002826
6,5830594644	24,7073266021
16,5516464446	14,4343174290
-3,6829808516	8,7781316651
16,2210697355	15,6053057661
16,3996435286	14,3984686896
7,0718416617	25,1139450072
7,3286093254	24,3375898721
5,3196957353	25,1120863993
5,9265374421	25,3638201395
6,8802658741	25,4160736384
-3,7718353568	8,0430179580
7,3888525541	24,6559293887
14,1014986115	15,1883156756
8,2881536466	24,5183733850
5,9008378640	25,5716278587
-3,9024283968	9,3714923931
6,6165725631	25,1887893294
13,7080758970	14,8241265311
14,6600707413	14,9614779095
5,1847961617	25,9910581897
7,7735064814	25,2531067347
-4,9997416226	9,0517763849
6,2209579472	25,2421212387
8,4757728737	25,1214115707
5,8785099501	24,6505910294
14,7949024714	16,0831188859
6,9887217373	25,1483560671
15,2880198116	15,6138632055
16,4116683579	15,0247903520
7,0431996494	25,2085602081
14,0355633143	15,0401222623
4,7979718669	24,9664749623
-3,4534716944	9,2346158399
-4,5740205438	9,3104424231
-4,7431438536	9,2314964120
16,0181274847	14,4732906736
-3,0565729292	7,7550604361
7,2160605889	24,4656199408
15,5023623920	15,9067858886
16,2600522513	13,4259315380
15,3215281136	14,7809082669
13,2420612033	15,5478067995
-4,6585608415	8,7165727036
8,3810885054	24,7191710013
13,8390484984	16,0650253437
13,4542597355	15,1612048875
15,9978673356	15,2375683753
-3,9206740774	10,1190451147
8,3390586225	24,5888743545
-3,2554871132	8,9241454359
-2,6826442044	8,2440815489
15,4499391984	14,5130571996
-4,6965388020	8,7618956924
-5,3775433160	9,2916004271
16,1369571340	15,6706390803
6,9111252810	24,6594860696
5,5187814547	24,6446966267
5,9371294394	25,5467437896
-5,0818535326	9,1392074308
-5,5881202197	9,3365598579
14,1084906879	15,1964440322
-4,0536347210	9,1451897469
15,4048550838	14,8921633555
-5,4508245699	9,2055739457
-2,2912062850	9,2899294669
16,1523003448	14,6294998842
14,1663701017	15,6223292202
13,8381681878	15,4519105583
14,2907584905	14,5899422692
6,9019905864	25,6845451607
16,1366355599	15,7141202636
-2,7058473789	9,2133246636
14,7132840210	14,2069182618
8,5037497972	25,4368757711
7,3641473047	25,2127133572
-2,3300272598	10,2990924511
6,8939116792	25,8709208547
6,0492414720	25,7430027740
16,6394843902	14,8301507708
-4,4185403347	8,6570029389
5,8649680405	25,0652941621
-4,0987692134	9,3028448280
16,0628811716	15,1799960918
5,5453300693	24,6777088935
-2,5643542567	9,0651654576
-2,6318256209	8,4033127491
15,6344899655	16,0559835507
-6,2051837863	9,0291063927
8,2087810492	25,0295733956
14,8940938178	15,0267561708
-4,4982509868	9,3425291298
14,6319676034	14,1340456174
6,1779681373	23,8745353636
6,2230306628	24,8862551353
-4,3519700653	9,9302275279
8,3555210223	25,5981362939
16,9251457134	15,0089711779
16,0524555278	15,1849992166
8,3461056298	24,5817223781
-2,6440564245	8,8108270627
-5,1383431655	9,3124499603
8,2379295540	24,9689050762
7,6729987808	25,0548349379
-2,5449605119	8,7708095401
14,6776958182	15,3444716862
15,1798287098	15,6058379775
5,9520561764	25,4097919335
-4,3948522904	9,1272145610
13,9797680770	14,0884073335
-3,0245632304	8,5876660563
7,2324031736	24,9873487979
15,0889448875	15,0562414917
6,2557074718	25,4781390877
6,4782689444	25,1806957633
-3,6956609028	8,7268258969
16,8487131542	15,5844950603
-3,4701543217	8,8336808040
14,0276313530	15,2431930815
14,8276488574	15,3822037347
7,9087274978	25,0720925159
-2,5219941817	8,9568637210
14,4834339316	15,2702241627
16,1145246145	14,7508807990
7,9160966643	24,5629675529
15,7552469936	15,2353308426
-3,6964978237	10,0225064142
-5,1308637546	9,2485546505
15,6246113819	14,5378512454
5,6568491343	25,0987001080
-3,0128755567	8,7127519700
-3,0504519944	10,0546520664
16,7012623095	15,1133588940
15,8427046966	14,8276313332
14,3213886199	15,7971259271
14,7558962831	15,3633157372
15,6829925544	14,7036692508
6,7207870591	24,5094617577
5,7192830562	25,6434088945
14,4158384685	14,5535873601
-4,8676230000	9,6826842774
7,9031998434	24,8565605166
14,8056887644	14,4499838171
15,3209072280	15,2512781584
6,7844135493	24,4247179245
15,1346356759	15,6336304523
7,8474382731	24,6208861851
-3,4577438227	8,5950680403
-5,9240430986	8,0397496989
14,7006039658	15,0002027983
7,6165332429	25,7934175185
-4,4287196875	8,5590566228
-3,8154411596	8,6819626916
7,8212161372	25,0037873446
15,1992749106	14,6252457252
-2,9297948049	8,8725601611
-3,4239398375	8,7518636369
-4,4123220780	8,3936149356
16,0434397326	14,7500059492
16,0223709651	14,4835303815
-4,6834100147	9,3550633669
5,7830956531	24,2095053408
15,6152584094	14,4046523235
-5,0843508518	8,8660187704
-2,1391505538	9,4259077082
-2,7708878140	8,6786900143
13,0729919171	15,3473070101
14,4794939405	14,1744522139
15,4345108866	15,4108051294
-4,8065584209	8,4988376424
-5,1412752445	8,1666938249
-2,9583112817	8,8507404520
5,7827695906	25,5415841285
5,4785679131	25,3459733100
7,1873136518	24,7364995618
8,4481931866	24,1230660725
6,8846378434	24,2589473319
14,9926638820	15,3649508852
15,2132892014	14,4651533471
5,4998970801	25,4193790286
16,9297646048	15,3459974335
6,7220296279	24,6125680335
14,7723763694	14,3135716484
-3,8698387343	9,5768177852
14,1417930057	15,4055411152
6,8355472027	24,2665343266
-5,0438434696	8,8302341192
-5,6867096078	9,0290186492
-4,8217870052	9,5401144065
8,2056773408	25,1399047556
-4,5523949429	9,5883775086
5,7230759931	25,2096354814
6,0740543143	24,6128147730
-5,2088767654	8,7487130404
-2,7811285668	9,3189168187
14,7755690936	14,9190737153
6,9795517312	24,1484678555
-3,1801158398	9,4539409550
8,0355558775	24,3724892643
13,3838071256	14,6622344476
16,3343846529	14,4118767914
6,9397764292	26,1476262952
7,3595568799	23,5874720767
-3,7483998684	9,3181985107
16,4596103950	15,5896055735
16,1767791929	14,6381235011
7,1785455012	25,0504338539
7,4963638735	24,7661222847
15,4632467362	15,1601147242
13,3999114328	14,3678302307
15,7860503237	15,0419508020
14,8226616479	15,4832788030
16,7488531087	14,8852584084
15,5792450805	14,7184392707
7,1664557961	24,8471112296
-5,7284179291	8,7210647047
15,2014436971	14,2360455488
16,5407436394	15,1469045180
6,8041070653	25,4188239120
-2,5599406279	9,1049261514
8,1625413521	24,0839359950
5,7114566419	24,1770925202
13,9274926566	15,0182454040
-5,7399202033	8,8471340566
5,6976083211	24,6511486075
13,5206515027	14,7003727185
9,0181208628	24,5789454764
-3,8845749804	9,5557705453
7,0589384493	25,6955379744
7,0077635934	24,7661148687
14,5326625626	15,4369116188
14,2480647380	14,8086605851
-4,1183465741	9,4462290357
7,8823381459	25,5449680335
7,4810435360	24,8499476983
15,2353609639	14,4221852523
7,3571895257	24,9775226457
-3,0684936841	8,8471408578
7,5270004795	24,2297190991
14,1391078817	14,6336578740
13,8149296237	15,8210478455
-5,5962199777	8,9184465478
8,4148912502	24,3629512900
15,0361771627	15,0363597098
-4,3340981526	9,3383932903
5,0953892050	25,2737826123
-4,2176950422	8,4683029891
14,4854664284	15,2313241093
15,0284431263	14,6665740987
-2,3060963701	8,6164918150
8,1294945667	25,0033284949
-4,3212392812	8,4231609876
16,4562292948	14,9647616140
-4,9120995238	8,9766786016
7,4350452340	25,0863508392
-4,5640682809	8,5250815347
15,5055090944	14,6663270804
14,6411832387	14,6953338469
5,3226356308	24,6091217203
6,3240282257	24,9161146354
15,6764596811	15,1699179400
-5,0481380291	9,1240627821
-2,4547262538	8,8176427364
14,1569986344	15,4874654425
7,9103779804	25,0402930221
14,3202163469	14,6464102687
-3,0859365040	9,2512173454
16,4053070324	15,0271950946
16,0733792396	15,7938122519
13,8335629947	14,2211670966
14,0882601374	15,2359300831
7,7130764848	24,8418617794
-5,3416693492	8,9460051112
15,7861396252	14,9214783664
14,2829591091	14,9793894248
15,5060271289	14,4689728500
7,3370153933	23,6344901110
7,3755633944	25,7454698356
15,5894023890	14,9423709454
-4,7802734023	9,1555989576
-4,6060772216	9,0074038080
7,3402777162	24,8760304852
6,9089725065	24,5120236753
6,6167542008	25,2794123199
14,7491449580	14,3215206951
8,0776863689	25,3966802687
14,7818579489	13,4152911806
-3,0482150883	9,3560265149
-3,5522609560	9,0032735184
16,3172347884	15,2402464763
15,7407174203	15,4362982726
14,6234479456	15,1297840244
-5,1346726085	8,9885616015
-3,5829397836	8,7869192710
16,4290669082	14,6862545517
14,2899249530	14,8974542384
14,7465432380	14,5502330436
5,6315319063	25,2854794019
13,3347879035	14,7758863440
-3,7111297286	9,0129407316
5,1485549810	24,2611045091
-4,3013678970	8,9180202106
5,5932286558	23,2947717397
7,8112588140	23,8974175254
16,7722796073	15,2238519304
-4,7222793660	8,0154580829
-3,3702798058	8,5671813882
-4,3321348480	8,3277244427
15,0030432852	15,0534501832
-2,7108474370	7,7908416731
5,3693781891	25,1758664535
5,5584082503	25,6809923426
13,3943850530	14,3419216030
-2,9501813448	9,0353285929
-6,2102177632	8,5275685922
6,9356490542	25,0137348604
14,4258571085	15,3324121215
7,7189978523	25,9610483121
8,1874169018	25,1251738771
-3,8588740889	9,6307772922
8,0400924827	24,9677391564
14,8050563897	14,3219900962
6,6675564430	25,2154212982
15,2445175585	15,0828252013
14,1270782316	15,0387924395
-4,5362454083	9,5914650590
15,2193352756	15,9074257276
14,1231241917	15,1602976927
-3,7017885796	7,8907563001
-4,8225898920	9,2751878706
7,7954357700	24,7216037384
6,7901833097	24,7438631278
-5,5423830626	9,5143353336
14,7046670461	14,4384450920
-4,8274408965	9,1695531042
15,6834350208	14,5362572877
-5,8361418565	9,8075604274
13,9306268142	14,4049407832
-3,7314476404	10,0413679086
7,4448204684	25,1734034254
-4,7388419122	9,0551017949
-4,3411475352	9,4884572023
8,1815235896	24,0013840425
6,2838530671	25,4847856482
12,9762917807	14,6994993187
-5,5167764280	8,8934585017
-3,8784863143	9,9430863314
15,8248072043	14,7058368048
15,8248690935	15,5899511488
7,2549539036	25,4084519243
7,6713888565	25,2804441290
14,0955943120	14,7646120778
7,4795848518	24,4767236090
-4,9336581285	8,7959100329
5,4215152061	24,6340153812
7,0155110710	25,1574427789
8,0283809647	25,8014325407
-3,0596571201	8,9659643868
6,1215229721	24,5009054182
16,4042898592	15,1984227841
5,9821037411	24,9214415494
-5,4771167456	9,1671215177
14,9145791351	14,2824939396
-4,2838054599	9,6703645217
6,1652557085	24,3533683360
14,6331814621	14,6447598777
-5,2146973377	8,9776451700
6,7638050221	25,0419361194
7,7161991422	24,8192425243
-2,7760501791	9,6225499193
5,6480682410	25,2500449635
7,8044262201	25,0501365954
-3,4219010003	9,2609256976
6,0626566503	25,0426931829
8,3017565120	25,9940649856
7,2213973209	24,5879670301
6,3926480859	24,4950990632
-4,6637613842	8,5122962693
-4,6437418976	9,2472866859
8,0301570399	24,6378955526
-4,7331960073	9,5513430637
6,6056822822	24,5096428131
-5,3945886212	8,8920937538
14,1531363520	15,7423150268
-3,4844477794	8,9019468686
15,0609879281	14,1908309554
15,1438209416	15,1104364433
13,6863472668	14,3174591758
16,2507730902	14,4492464105
8,0808761704	25,3214177421
4,9250080776	25,0294908628
-1,8169106438	8,7460756916
-3,8000460788	9,1814410329
16,3398869479	14,8238137769
-3,4561315658	8,7012767599
-3,7658451370	8,8982339504
7,5704461655	24,8809024880
-2,7617905917	9,8952345114
-3,6361787369	9,1544409173
6,8540447101	24,9929042343
6,2082525654	24,2594951647
15,0885859311	14,6847444405
7,7160745186	25,0151768301
7,6427107798	24,7963377732
6,4123976871	24,5654876482
-3,1067432181	9,6587435434
-5,0123717304	8,5699359704
-3,1435120036	8,1462010940
13,8567806114	14,2883601408
8,0199988631	24,7341632144
-5,3598481832	9,8452963979
-4,1687400463	9,3789128798
7,2136212476	25,3809530927
14,6760924936	15,0118730772
14,6114627104	14,8857836902
5,7280043392	24,8918262934
15,4494923662	14,8727660041
13,3822846859	15,9342082609
7,0999662114	25,3509107362
14,2180800930	14,9932428155
14,9691936663	15,2294994969
13,9250357063	15,4800151798
7,1235962029	24,5835084983
7,5170564859	24,0169553970
15,9613410255	14,9649014219
14,7643635240	14,2823845030
15,9047180552	14,7322623191
-5,1554065376	8,3543359734
8,2582144849	24,0573828375
-2,7084483165	8,2075075770
-4,8325087127	8,6312248379
-2,9653150204	9,9004616322
14,9750832637	16,1408685487
13,6736064239	15,6010775850
13,5386109695	15,4735429521
6,1484544729	25,4878367383
-3,4687409304	8,3220876665
15,1509932545	15,2142139381
-3,7088600476	8,5185863316
-3,0035055680	9,5923741870
7,8459200030	25,2463081478
15,4060378560	15,3009358379
5,1516894031	24,8130273142
-2,0740220336	9,4029779247
6,0315555972	24,4402145121
-5,0304554106	8,8835480067
8,2805059721	25,2289817758
-3,0124313005	8,3496580787
-3,0686413688	8,2981304377
6,0619803044	25,9880124508
-2,3515736226	8,1049328884
7,4806598429	24,6826341599
14,0569622508	15,3787936504
6,1607060539	25,1225772927
-3,9858022646	9,0714919901
15,4696986236	15,0337019918
16,1045304937	14,4662326863
-2,9703648973	8,7666919771
6,7050216975	25,1723732161
6,6908363633	24,5262718528
6,3867288157	24,8156524370
6,6016271654	25,7200678159
13,6645669399	14,9070936695
-5,0764971176	9,2303829129
8,1981124304	24,6071618760
8,5633402022	25,2558422483
16,6482950981	14,8374252936
-5,2233984086	8,1623811987
6,7277582390	25,2420896344
-4,7902365459	9,4344433849
14,5884210874	15,7155192687
-4,2339852559	8,2168405015
-3,4980247897	9,0361009108
-2,7600104268	8,8707690616
7,7643228989	25,7981896154
16,5597081342	14,9243897541
6,5282723719	25,5541494195
7,1264354672	25,3072144736
14,0067103250	15,3977772108
6,0350200827	24,9947299916
5,6166024864	24,9210389697
14,4329884776	15,0422285744
5,7098206994	24,6603146210
7,4215588230	24,7509699732
8,5627555588	25,5358848421
-5,1841760539	9,1802137766
-3,0277597714	8,6253093150
-4,5756387086	9,2016727625
-2,5656982649	8,8244775248
8,0993698216	25,6561118309
5,8505054132	25,1098042366
14,9164722171	14,7621041111
6,2761408784	25,6086882795
7,5326523091	25,0878359424
14,7201599027	15,1549694667
14,9067985208	14,5212202330
7,5847056658	24,1260791089
16,6344622878	14,7736984610
-3,6304343860	9,2828283496
15,7926207838	13,9466352837
6,2596710250	25,0822060645
6,0555578006	25,2700749980
-5,2723853319	8,4685533884
-5,0591732483	9,7981483815
-4,0964279388	9,1054946565
6,0192061963	25,0542738176
5,4945687039	24,5440753654
-4,8692227872	8,2268490538
6,2751103820	25,6890483700
-3,6398323356	7,9783643092
-4,9244339158	8,9027478812
16,1194927446	14,8531593761
-2,6795418778	10,0130807687
-3,1095290134	9,2462531609
7,9285881747	24,9334470790
15,5403083629	15,6048903041
5,6089938282	25,3944814372
6,3350572789	24,4662421030
-4,0163112558	8,7700209103
14,9693072413	14,7624261180
5,6314129483	25,3552578068
-6,1527778167	9,5939711187
13,7450820604	15,5007549114
6,6535364027	25,0855396723
13,9487369174	15,5014325270
-4,0684703416	9,4564925192
14,0427838174	15,7240450943
14,3682537249	16,4153767397
14,1211369927	15,3974590902
16,3433674745	15,4729097838
-4,8088669473	8,9005646471
14,1478239431	14,7153221626
7,1860766022	25,1812485772
-5,5828742072	9,6190985009
15,6986224532	15,6193953002
-1,7937650066	9,5425701927
6,1876905381	24,8834415907
7,4566444506	24,8992478481
15,8091856805	14,5740613433
-3,9792159266	9,2880141762
5,7119209382	25,3497607634
-3,4651521608	9,3143191340
16,1072090580	16,1519158182
-5,4685689543	8,3834961120
7,2642289863	25,3356728907
13,8477061429	14,7597343058
15,6129888590	15,3354725508
-3,1690743846	8,8446308710
15,6210210968	15,6137834888
-3,1057072977	8,7207382067
7,6827265919	25,9001633501
15,7659209801	14,8728035691
14,2095984633	15,3646144342
-3,4453612100	9,1638394006
5,5863460410	25,2363151431
-4,4045119819	8,4712347798
-4,6254779581	8,5398517624
7,1479156050	25,7861331895
14,4844625675	14,0278184988
13,4900047681	13,6806867787
15,7031600240	15,1506543774
13,4230141978	14,9600995178
14,9442462434	15,5654581816
6,7800877135	25,4198938474
-5,7156100510	8,7958298088
-4,9748425920	8,8895385880
6,5797781250	24,5113278364
5,9494227528	25,5722435591
6,4434328001	25,2094284914
13,5990586740	14,5225302448
5,6530782498	24,6458141176
-5,2356150084	8,9006271989
14,9126830133	15,4187930162
6,9199660746	25,4266457477
15,8961730457	15,0623011082
-5,3973921965	9,1970071204
16,4391676913	15,4580436773
17,1757758350	14,7898029428
-3,8365741282	8,6396800565
6,5126787649	25,1828494111
5,4075423259	25,4538059486
7,2501825527	24,7632250553
14,1307886891	15,5039462579
7,3605482380	25,4919139761
-3,6186032258	10,1316832112
-4,2636851992	9,3210767622
6,9058984794	25,6372705992
5,7821720445	24,8215478919
15,2825905799	15,2255443683
13,7945515889	14,8919386160
15,8601965782	14,2545411941
6,3030851604	25,5736653358
-5,0651865544	9,4837108580
-5,2213611238	9,6771036276
6,6479347077	24,3641829178
13,9013413978	14,5556684340
6,6760565594	24,9413439169
5,9597730179	25,2831033643
-4,0659783929	10,1037664407
14,0228925690	15,4474311820
-5,7252002104	9,3333339303
6,4075248396	25,4306802209
6,4754265298	25,3611608312
14,5163282647	14,3687641745
-3,0975045470	9,7489787574
-3,5638538285	9,5668747589
5,6924008744	24,7198754829
8,2629109055	24,8414903753
-4,0572723878	8,0657259598
-4,7186603368	9,1783515516
5,2687238465	24,9036604554
15,4307220438	13,9539015703
-4,8898897883	8,5980550732
15,1995907391	14,9782184228
-2,0004338081	9,4751174693
6,5000601066	25,1582059394
14,5523266760	15,9639451218
-2,8876351758	7,6887962301
-2,0167530940	9,5235239975
8,3461973758	24,1291653613
-5,4736796347	8,9051035474
8,1184862895	24,6839436847
-3,9020935179	9,0405889911
6,8983919328	23,9916049432
-4,5677857973	7,9054693093
6,4409721406	24,3027152537
-4,7255518282	9,6883695099
8,0454378083	24,9211975424
-5,3872710244	9,2551551068
-5,3115254922	9,2842969794
5,5548415896	24,3448754583
-3,8937149834	9,4547794246
6,1441244448	24,9444312822
-3,6440939097	9,1371254625
-5,3334263823	9,5405656394
15,6728595688	15,3112459077
-4,4908540173	8,8483993683
15,6414251879	14,8224883316
15,8161283205	14,8775562582
16,2732693783	14,0237619343
6,2645758817	25,0812317621
-2,0354451275	8,6398051042
13,8945722675	15,3256319030
14,9522432282	15,1422784669
13,2069940082	14,7428277877
-5,2498857396	9,1885108290
8,8359288481	25,1860166884
-2,8388535584	9,4770044574
16,8214062210	15,3181071278
16,4168320656	15,0024857637
15,4875470913	15,4382874155
-4,0797236516	9,1610795989
13,7992178873	14,3559468244
6,9904855522	25,3675822728
-4,2847434714	9,2011729833
-3,6332488453	9,3440553936
7,0252828702	24,5850208597
13,4608242844	14,7034015528
6,8697793952	24,6541644162
8,1172819286	24,5612888192
5,9572057754	25,0197423734
15,4674075672	14,6574636854
13,5428232731	15,2858014821
7,6067481455	25,0713211602
-3,7912255833	9,7686397118
13,0823185846	14,8086611670
-2,2238561073	10,1299027388
5,9944327625	25,3345375622
-6,4107347710	9,1169983109
7,3064499322	24,6562342542
6,3989402026	25,0328493386
-2,7313088855	8,9226231303
-3,5146717100	8,6876417466
14,9339796239	15,2258644209
13,1109302606	14,5819160805
-4,0042657950	8,4263043697
-3,8267236280	8,6870825634
-3,7997714874	8,8236764830
13,2408143938	15,6086013123
-4,6479268360	9,1135566144
-5,2760775159	9,0880813081
7,3488050789	25,1278958559
-2,8366169361	9,0018197784
6,6602003699	25,2108690763
14,0477199393	15,4168105026
6,0194323796	25,7319575495
-3,8966948982	8,7732482989
14,0275831711	13,8027152424
-3,4819141850	8,9174208646
7,1009761907	24,8765081016
14,5703419211	14,7609517094
16,0794893325	14,7425098753
7,6057175291	25,0113061103
13,5854187548	15,4923263509
-4,7106110642	9,4670423756
-4,8775115947	9,9961933498
-5,3351125319	8,9880946243
16,2874068434	15,2788653328
7,5564535045	25,5978258871
15,5244384562	14,9277670444
14,0388547631	14,5299499209
6,3365769379	24,7688546630
-4,8160527881	8,8510062913
-4,7617662675	9,3084674297
7,4198307966	24,8400552945
-6,1251658795	8,2977334620
-4,2719141065	9,4398279952
15,0445475793	15,6291391437
14,9919992407	15,6017984392
-3,2800161301	9,8027006835
-4,5026336791	9,4054681291
6,9560657697	24,6572742873
-4,8037692499	9,1698837973
7,6761189495	25,2445669496
14,1139992855	15,1329288448
-4,5284384940	9,5269394015
-4,3966219260	8,5571190111
-3,7432241700	8,8139500766
15,7079197136	14,5233216393
-3,2290484125	9,3684529803
-3,0185119183	8,1390591370
5,6885901706	25,7227708523
15,6522932106	14,2038717829
15,3597367869	15,2469755317
-4,0805222743	8,5727751692
-4,5587574582	8,4427022828
14,3553160383	14,4698421664
-5,1508762551	9,0666188208
-3,3804630556	8,8622876812
8,5469729900	24,8443708760
7,9881761077	25,5060211046
14,8705578462	15,1033361453
-3,1455443878	9,1775069585
7,2392679018	25,4821793103
-5,0938362348	9,0687010545
-4,8818232468	9,3680741593
6,7720696540	24,9826514999
5,2084102550	24,2849483191
-3,6294110649	9,5563882951
13,2270296069	14,7558120036
15,4023856205	15,6011324893
15,2602593245	15,4817493504
6,4332732253	25,0488061067
-5,8514408908	8,8421447618
7,5658212208	24,4843499329
-3,2928740816	8,9089768887
14,9500805684	14,7027726682
14,9206532286	14,7123571101
6,6433768793	24,8038475527
5,3082908658	24,1121273882
8,5443364469	24,9352749623
8,0284426627	24,4423830209
7,9622855173	25,4666840869
15,5743387763	15,6207124171
6,5003881699	24,8627921442
-4,4398389044	8,7119613382
-4,7257292713	9,5360527552
14,6501931879	15,2385246225
-3,0981977258	9,0519109241
-2,9554053911	8,5248759220
13,6511107566	15,5363975181
15,9976483802	14,3249604022
5,1021247890	25,5000940702
6,6993438943	24,9857344468
7,9399336498	23,9187155269
-5,7809328649	8,7354383142
14,3530284937	14,4014706538
6,8045131192	25,5062483102
16,1888063736	15,3199164737
7,1481027468	25,5356998247
15,9126582945	15,2489771528
-5,7490305661	8,8514494672
14,6077646827	14,7932372336
4,6357557244	25,0577095387
7,3339321794	25,9893078744
15,1826488068	15,5803947978
15,2537159342	15,3067135786
6,9409070492	24,5515287974
-2,4504766192	10,3115659571
-4,4237625930	8,6144825913
15,2661782253	15,0759820270
8,2096357093	24,9713583422
14,2051572567	15,3752738376
-3,1299175501	8,9703219427
13,8539969716	14,7654929942
6,3350960825	25,1766669852
5,2469363716	24,7979429946
6,8964543097	25,2791908067
7,0321089377	24,9688611491
7,3175604656	25,2571569492
-4,6730638746	8,7796332266
15,8348711196	15,5432812547
-4,3608104223	8,4343229002
5,4755640337	25,2895177417
-5,3332660836	8,5668549768
13,8285300572	15,8826060395
14,6958421790	15,3384379763
5,9751215457	24,8418641078
5,8366180259	25,3763102396
7,1886768227	25,1879596743
-4,7368059467	9,3561946229
15,2863837824	14,2244999469
14,2624789742	15,4006180984
6,7203826582	25,5588659108
-3,8292891818	8,9404644686
-4,1911247467	8,9612406117
16,8352320848	14,3073336478
7,8236213898	25,5010493957
-3,6432159605	9,0698018805
-4,1238357715	8,7831035991
15,8988248757	15,3523834427
7,4569738959	26,5202385131
15,3268314115	14,2702621037
-3,7702634829	8,3132448211
15,0669528380	14,8905240224
-2,9368386195	8,8980226846
15,3327257640	15,3180420516
-4,4296609598	9,6605550127
12,9122204642	14,8159455738
13,6498666264	15,3515750448
-2,2579625800	9,4546736569
5,9886919951	25,2363943167
7,4717505323	24,9295146073
-3,1514337611	10,3231396766
6,5127944094	24,6341576926
6,8056507302	24,7204742579
5,3958770663	25,6602995884
5,8825313986	26,3001715096
-5,0060509769	8,6764294330
6,3091739115	24,2724355048
16,4722034563	14,5546235747
-3,8822444886	8,5731352162
15,8638669602	15,0636333468
8,2656006135	24,9181127952
16,3929779159	14,7025096423
13,9572407160	14,3487711642
15,2325466892	14,8185091553
14,1903724219	15,4129363317
-3,7027799760	8,7588814010
-3,9343137805	8,9869063160
14,1138687766	15,2677425437
-5,0346584626	8,2659479576
8,0751653589	25,0874532472
-3,3076487762	9,4443002998
14,8717627058	14,8689149038
4,6901806037	24,6891125320
14,6614375450	14,9402317447
5,8333062256	24,8468740643
-5,7192432130	9,4550070317
15,7358861947	15,2524995815
14,2267524955	15,1068473103
16,1730739896	14,8294652871
7,5877176449	24,4938453664
7,1327038652	23,9482880147
-4,8148427894	9,0900887120
15,0780947942	15,1114526422
5,9703811778	24,4784565612
8,3350294018	24,8147448666
5,9663107139	24,9429617360
8,1319422671	24,8812263394
7,4724676765	25,2192529645
7,3223163693	24,6801448618
6,2654175399	24,8920352072
7,2695469207	24,6789320335
14,2943562220	15,0732319052
6,1588534408	25,4884794748
8,0700865931	24,1574327831
15,8940316488	16,1295832835
7,6580534527	25,4670920381
-3,7720081844	8,8765278548
14,4826459814	14,1588701254
6,0090378297	24,4203475309
-3,0093062081	8,3635857016
8,2480739042	24,9139562451
7,8347929968	24,8357490168
-4,9147969671	9,3503257363
13,9434615380	14,8198243796
14,9904579469	14,9019748569
7,3878634992	26,0388724982
16,0876810665	15,4521073390
13,5950069661	15,1213291280
16,5926330145	14,6416535328
6,7479824659	24,5429055415
-3,8402467036	9,6009691498
15,2899899892	14,3380703857
-3,3191323394	9,2973028951
6,7582767780	25,1764380052
14,1484148249	14,6616207415
14,1712767308	15,6686505783
15,0000745647	15,4498653073
-3,4942341549	8,6024211266
16,3371185830	14,6618645916
16,5569642294	15,1839061261
-5,0168039402	8,8903716319
6,4414759205	24,2875712293
5,7739855673	24,5014568053
-4,9170333473	9,0707133255
14,9266381923	15,1210756670
6,5840218521	25,1285230076
-3,1988153928	8,5412950325
-3,5466480540	8,7910055069
-5,9061547792	9,2005239330
-3,8598893909	8,5481502927
15,4767804398	14,9387440957
-4,0862018752	9,7845005716
-5,3669589577	10,2190655248
5,9178260597	24,6881654049
-3,2621755247	9,4502077407
-5,5305930171	8,8577149135
-3,5215699148	8,8531436383
-3,4739092070	8,5830140126
15,8311857621	14,9237008649
-4,1937167481	8,1860153322
-5,1645161105	8,6800585819
-3,7960714237	9,6605087971
15,3800336210	15,7921746789
-5,3340277959	8,9472125121
14,4925322436	15,4566115796
7,9993722317	24,3594966589
16,1266453291	15,1357286298
5,5525784326	25,6027052280
-4,2828822423	9,1971122755
6,7893301071	25,3467949753
-4,2314268461	9,4545173180
6,3901683358	24,4475558906
14,4964208450	15,4631161988
-5,3217717474	8,9002257330
-3,7830737543	8,4376597485
7,6922146273	24,9376193120
16,5474645624	14,3924942324
6,2725253371	25,4706700182
13,6601444879	15,3128907830
6,9225049819	23,9085378036
16,1521508590	16,2165785211
-3,5696643134	8,8223394314
16,2656179725	14,6006859188
-5,1671605198	9,8604079339
-2,4799048321	9,1645551203
-5,1580199880	8,8654402969
16,5010510337	14,6866277431
7,7171602740	24,2717420305
8,2152806560	24,9796808580
-4,0551152216	9,0552122803
16,5705512958	14,3597594043
-2,7571512922	10,1632439699
16,3295850267	15,0382264452
7,6361950362	24,1342472682
5,9361441355	25,1189715369
7,1321761631	25,0109769271
6,7583352960	24,2746948461
6,2108392489	24,3071032709
15,9331757597	14,5496846406
-2,8292508933	8,9286363311
16,3540126113	15,0247710900
13,2438814801	15,0939477429
15,0997377354	14,1674777141
-5,5739772726	9,1687431197
6,4083444637	24,7417722170
-3,4930307484	8,8324740292
14,9349125877	14,5986590399
5,7197667199	25,0303976778
8,1029485466	24,3651871884
7,3689598997	24,9054794988
5,8578539286	25,0276074408
15,7487716290	15,2768937123
-4,8493472551	9,5379924073
7,8468742117	24,5744319362
13,4161150221	14,8880344738
14,9032987071	15,9402232454
13,9379613989	15,0898346464
-4,4361249424	10,0285236345
7,3648088511	24,3568465352
-3,2339517004	8,2865352915
-5,6467755080	8,8515150402
14,6883086144	15,3473082060
-2,6775655076	9,5973564638
5,8109906925	25,2188914477
7,5957570712	25,9951678345
14,1524472625	15,1229617928
7,0865968616	25,2630268433
7,6673243950	25,1992340483
-4,0535484050	8,5276401776
15,2075169566	14,9697590349
-4,2045600943	9,1160932974
-5,2412460763	9,0562479241
7,2296636646	24,8108344299
7,4216404100	24,3117398861
15,4178925789	14,8123954185
7,5150213441	24,3116115690
6,6929215868	24,2171595386
-3,1266372231	8,8973603128
-5,3807239139	8,9202465664
16,2882164609	15,9488666300
14,1540094634	15,3024080482
-2,3161243108	9,1114115357
15,2645633948	14,9391297820
-2,0961148792	9,2169444328
-5,3603331913	8,7297051093
15,7249011913	14,7758047707
4,8948161771	25,7072818820
16,3649978943	16,2879395014
7,1236711142	25,1463705692
14,0986597576	15,4535221287
15,7305471856	15,1074525335
8,3095239177	24,9976975318
7,5966637779	24,2579197189
-4,3598425271	8,7422415894
6,1272560061	24,7591620026
6,7348139657	25,7134936974
7,1318287329	24,7514213049
-4,6378243800	9,2801604927
15,7868299133	14,5706663345
15,4364564956	14,2669814067
6,1507767808	25,1246142798
15,2218305585	14,1823548020
15,7611207965	14,1889385170
-5,4071425732	8,5779943832
8,0483605956	25,3457947887
5,7583092070	24,7623859740
-4,5631357552	9,4707465982
-3,2196532709	10,6369732374
13,0616322884	15,0869570498
-2,2329905553	8,9348179608
5,7424780045	25,7182352596
8,3017990012	24,8430692288
-4,1672870622	8,5979186701
-4,7881060957	9,1438194096
-4,3759133377	9,4154484374
-4,5255577241	10,2215880907
13,7267219000	14,7659876403
15,2509385398	13,6836009831
16,1868446268	15,0001220875
-4,7182819858	9,2337893759
15,3183077095	15,2643647603
-3,5349671661	9,1259145090
-3,2501512496	8,8699144407
-3,2744972674	9,1062224798
16,0517788176	15,5462997275
14,9937490361	14,8074272468
-2,8240121868	8,8603447522
-4,4610455415	9,6324873013
-5,1393409937	9,6125780263
15,5476780382	15,1297105356
-5,4026479792	9,2034286721
8,6289647323	25,0295357776
7,9641045852	25,5488241481
-4,2973212216	9,3673180314
14,0858372047	15,1644973799
6,4662309593	25,1357988334
-4,9354809162	8,9702344594
6,0076907177	24,9449008376
5,8005789937	25,6920234744
16,6906265100	14,5600427141
7,0109383978	26,0685601558
7,1788830367	24,7604342664
-5,8781791808	9,6605855871
-3,5999683039	9,0505388065
6,0867971189	24,2627257075
-2,0864851394	9,3453278951
15,3159114567	14,6876758692
-4,2022935535	8,7900993982
-4,9509321341	8,2230211368
14,3493671262	15,0040304511
-3,4472511170	9,0285860891
-3,0432976075	8,8654327361
13,1293451756	15,6064360217
15,3035658683	14,9689170805
-3,9518571448	9,3586801660
6,1192155563	24,9438062909
14,3181503245	14,5841518818
-2,3208016827	9,3411626188
15,8799764725	14,8534710118
13,8222003852	14,9691538254
6,3746962509	24,3535893354
-3,9517152174	9,0321981470
-5,0029926238	8,4542168273
-3,6204957814	8,8420601246
7,1187566248	25,0194824357
15,8498576970	15,3708045875
8,9562047452	24,8879522807
14,7274897241	15,9413061737
5,7942492971	25,6268148487
6,9292500865	24,9760991971
15,0272987473	14,5748359106
6,1672726502	25,4026969843
6,4131639497	25,1824853162
14,7654696164	15,3323065545
15,1998640541	14,8786241964
5,6628891600	25,5103547060
-5,6160639229	9,5378538475
-2,5690898214	8,8462492124
14,7743848444	15,0809810180
5,8178068623	25,5161751391
-3,4340360683	8,9297150211
-2,9625012865	8,6773140875
14,6517308887	14,9776169870
7,6944662288	24,0633973257
14,5471133689	14,9665144674
7,0715069920	25,2412171534
14,8550845702	14,9390446219
14,3832507308	15,2915869628
-3,1508557956	8,7664711597
8,5294299492	24,7100191428
6,3115611090	25,6772162312
-5,6134269877	8,6163202039
7,8694902762	24,9712515772
5,4924134717	25,9775328854
-4,9876009904	8,8967198760
6,0531479242	24,7601232731
-3,9344533126	9,7297829118
16,6537446535	15,9619690324
7,6167215710	25,1929637301
7,4577039490	24,7034700142
-4,9661066413	9,6504100542
14,4852325777	14,9985256810
7,6920755703	24,8036788970
-5,3831988450	9,0905480433
14,2066725890	15,4351737486
-2,8983398246	9,7398623841
7,7328644490	24,7796170797
-3,3644905252	8,2186355949
6,0619792138	24,9473830494
-3,2759969861	8,6836900077
5,7105420034	25,2349380728
15,1014774514	15,0851149183
7,2091705412	25,4221364624
14,2153912721	14,8667041832
-5,2296528373	8,2690251084
8,1820199520	25,2282645598
5,7006704542	25,3419567499
7,8039734169	23,8708077497
15,0875689142	14,6217122082
6,7175318935	24,8172403539
6,0743712943	24,6852016743
-2,5996728086	9,7638687971
14,6502621880	15,2627261568
-4,0645344366	8,4682293479
14,4044785773	15,4080506978
15,6549525769	14,3607490358
15,4825426324	16,1146759876
-2,6768594427	9,6869006548
-3,5912666506	8,9100999970
-5,1398887860	8,6655351481
14,6816522922	14,5948601235
16,1362385383	15,6299417707
14,1044019655	15,4656859192
15,0790813937	14,1275488511
7,9738133465	25,0057763273
-3,7951904670	9,1966567972
-2,4842366801	9,7501070020
-4,2690448354	9,1394192933
-3,7699213950	8,9247807988
15,5968530612	14,9553784186
6,7514364751	24,8378181372
15,7531876747	15,6285016142
7,7642098267	25,1972776007
-5,3265955622	8,4729714079
-2,3213077774	10,0762670346
-4,5211819369	8,9084012424
6,0871970789	25,9990026434
8,3209429825	24,8722916787
15,3422388041	15,5778540860
5,6601451423	25,0047521543
7,4326785562	25,9744414698
5,3284319159	24,3563856324
7,0282338760	25,3075778744
7,2414935047	24,8849638587
7,1665624862	24,9001172147
13,9392295386	15,3460532584
-4,8740493485	9,1545878822
16,5005309007	14,8173615306
13,5802767239	14,9205527418
7,7970864830	25,6188337317
7,0911288046	24,7684047631
4,9963609147	25,2618823329
16,2799754522	14,5686828655
14,8442858771	14,8604878687
15,5747724465	14,7754516150
15,4765155424	16,4397853949
-5,3294102239	9,2255990440
-3,4640086731	9,1186063374
15,0142653147	15,1391143384
-3,1171813405	8,6696547220
13,6998210404	14,5900577329
16,5183323706	14,8478584598
-2,7394301479	8,0402969411
-3,0250655268	8,9383242221
7,9829145122	25,9556439398
-3,8440186723	8,9657939593
-4,1108117308	9,2595188134
13,7794618946	15,7761269099
6,3976322945	24,5068454816
15,2580592950	15,8464826925
7,9312012874	25,7822733897
14,3461795380	15,3879779226
-2,8451423472	8,5523981368
-5,2066452587	9,0172782468
15,8851196302	15,1446082477
14,0846464850	14,5991752766
5,5355786315	24,7363981523
5,6903623684	25,5696394995
7,7568200438	24,4227818354
14,7916021382	14,3540421303
7,1101555310	24,8388570506
8,4388953780	24,0300298569
5,7631357547	25,1476823739
14,1015902735	14,8193784905
-3,9747656156	8,8837635826
16,3846634187	15,4196041057
14,5438538465	14,7608873057
-4,2394904775	9,4575938159
5,6662882189	25,7599070417
12,8608430404	15,4349182607
14,0794036250	15,2654136771
14,8396517455	15,1133638513
-4,0171200009	8,4976683820
-5,2510319453	9,6229212526
-2,9927034477	9,5564771495
14,8921322619	14,7931003342
7,8953008008	25,2823520236
-5,0998743184	8,9977995243
-4,6448436967	8,6848158252
7,7932140706	24,4114473481
6,9036458088	24,7120688426
-5,0508170629	9,3202804710
13,2054406218	15,0116571609
-5,1189036166	9,7893421469
-4,4984643885	8,6650828941
14,8143582477	14,4994552842
5,5050879303	24,9283903771
-5,3437597477	9,4858771483
-3,5429050185	9,0056270388
-3,9250482602	7,5217352104
15,6269178756	14,7137136587
-5,0883789887	8,8150672350
15,8792296257	14,8690799524
15,4769007920	14,8779014545
-3,7355973690	9,4379577020
14,3023237687	15,2387106272
-5,1045275737	8,8598111746
-5,2593638261	8,5124311420
-4,1940395614	9,4764684081
-4,2111257752	8,5551703992
-4,2273746364	9,3284032498
8,8289628709	24,7784162781
-2,9608353064	9,0813358230
14,4514845981	14,8753292772
5,5908641666	25,0726037892
6,0271020397	24,5956506487
-4,6366981021	9,2757161593
-5,7276573645	8,5815799392
8,3540878414	24,8879837028
14,1072574817	15,1180994950
15,9928907049	14,6846424038
-5,3172715391	9,9380789198
15,6825346404	15,1632952377
6,3550064577	24,9200655506
6,3436853311	25,2929763295
8,8065696738	25,0591662487
7,5311134842	25,0290732230
5,8026238995	25,0047877335
8,4608417700	25,8436156446
7,0888541443	24,8365573998
14,2067644118	15,5972293674
-5,4998965048	9,1838282337
-4,6004679055	8,9934890699
13,6351904311	15,1553449935
-5,4522154034	9,0215513327
15,7767383241	14,4883734770
-4,4583960596	9,0454571161
14,3815106905	15,2857021123
15,1677757816	15,0451767914
13,2517005100	15,2674800935
-5,5244865975	9,4159757123
6,4797771611	24,8725291020
7,0239271353	25,5526745032
-5,6761656148	8,5203322509
7,0972561438	24,4107036283
6,9857527527	25,7601490242
-4,8543659523	9,0142382357
16,3768329182	15,1686042326
-3,2589093643	9,6779695013
-4,9297856773	9,2893886395
16,1233211128	15,1207450053
5,7085700932	25,1977125406
5,8209811691	24,5535373139
8,1660755489	25,1915830550
15,4358962940	15,0302895539
-4,8221622722	8,6839883074
7,4353309632	24,4905556622
-4,9918663654	9,2863382034
7,8806505961	25,8865206725
15,0306495706	15,0326243526
-3,5356604867	8,4469760439
8,2094515008	25,1380377119
-4,0834991907	9,7989890997
7,4775202495	24,5175326211
5,8111970606	25,4549852592
-2,5279372205	8,7188383902
-2,8166969901	8,6283615882
7,0827285714	25,1254330545
-3,6990185997	8,2375480290
-4,3364982684	9,5919096927
6,4881573988	25,1321464932
-4,5904719616	9,1406634606
13,7650493524	15,2159137406
5,8536919948	24,9469938967
13,6502302477	15,1336214238
16,0825558469	15,5356050947
-3,3601493646	9,4761620176
6,5038928861	24,3004313679
16,4689531837	14,3987928840
-2,3745678702	9,4961289847
7,1899082494	25,7259465155
14,3134290747	15,5414796683
8,2165049842	25,2756177401
15,3266187647	14,6277879729
16,2978209471	14,5129564531
13,4390863461	15,4387525876
14,8797975041	15,2381081868
7,0780796677	24,7020615359
-3,5625513368	9,4016581272
7,7222521733	24,3707636680
14,2857414415	14,8080074596
-3,4888124565	9,0721967895
7,2025750311	25,6176539865
8,2122710649	26,0237838735
-3,8788224734	9,2725490059
16,0400807267	15,2276769066
8,1006370868	24,2869711017
14,1607023873	14,9854608010
14,1061458309	15,3687672115
16,1131392345	15,1566659920
14,5812656164	15,7736324250
15,8780336927	14,5988855532
5,8544882813	24,8247888854
7,5998598738	24,8613806462
14,6139179919	14,9328128742
14,1961455847	15,0848451987
8,0250562659	24,7521150271
13,6452586872	15,0874372280
14,0180850052	14,2435032401
-5,2333489489	8,8977349268
-4,3580856271	8,2907218200
-3,6869659684	8,5207577835
5,6718878556	24,8689959426
14,2426328373	15,5143747361
16,3774884583	14,8643692212
6,5632127530	24,9988255673
13,8982154918	15,1866869666
14,7278059274	14,4361323490
7,5629018479	25,2830166194
5,5846512018	25,8451849879
14,5143095030	15,2050663521
15,3555967345	14,9627814868
6,3090103081	25,4318128817
-3,4191499972	9,1880098880
8,8530982775	25,2311849880
15,0966100876	14,0109227602
15,1074458653	14,7018293786
13,3562896953	14,2398069049
-5,3676098058	9,1347933900
6,9505400891	24,9677785288
6,9930376257	25,4218073130
14,9402231350	15,4946951398
-4,7984014845	9,2656180312
-3,9285998258	8,6983698934
-6,2639267583	9,2418656480
6,2906662973	24,7036573713
-4,7367891082	9,6567862171
7,1212293257	24,7024280396
5,9365959259	25,1929195333
16,2150304935	14,3583228603
16,2037711536	15,0545652826
-5,4009692318	9,8344825220
15,0079665352	14,7222110798
-4,0738469565	9,4623079822
-4,9063006998	8,1222349217
7,8060842077	24,6902470269
16,0433976693	15,4857218248
15,1364844078	15,0278437443
-3,8185660678	8,9158595182
15,8486802909	15,1119747321
6,0104939588	26,0552950241
-4,2817953737	9,0966208286
-4,3700603823	9,1540725696
-5,1163173257	9,1774831707
-3,1386434463	9,0739486251
7,9580968791	25,8127798174
5,0120087339	24,2889315310
14,2065658786	15,8200148699
8,7304208397	25,6668714350
-2,9714555923	9,2195260868
14,4978910243	15,1872473722
14,1069726271	13,7519691520
15,0936103438	14,7462892317
-3,1865130327	9,1311172587
-3,0052291293	8,5615012294
15,3382838494	14,7818215356
15,9202527458	15,5012230421
6,0430366143	24,6525015355
6,6283933663	25,4777896805
15,3736367525	14,6311342303
14,9396823322	15,1438604078
-4,6444451009	8,7381527738
-5,2299982233	9,5532772313
14,5614314985	15,4449722795
6,7440183669	25,3454275018
-4,3834176787	8,5280109737
5,9043740965	23,5752862829
8,2819773910	24,5787091195
6,3224439975	25,0133763298
13,8224399106	14,7501844144
6,6478925503	25,2052401593
7,1915221312	24,7433972306
-4,4715648916	9,0017721738
-3,7915601536	9,0719957815
6,7539828184	25,2836637329
14,9721223595	15,2115407559
-3,2221002078	9,6611964863
5,7923739787	25,2777510299
8,6526312269	24,6469396996
14,8813919600	15,7153155320
6,5244469809	25,0278593911
13,2841961378	14,6091833222
-4,3393900062	8,8389823173
-3,4932147526	8,5742958021
7,7413007495	24,8789553422
-3,9460596430	9,2198094202
9,0043161433	24,6210891193
15,1329490851	14,0549128700
7,8843104420	25,5091193899
-4,2077464383	10,0673905627
-2,3936119033	8,0513204364
15,9223794699	15,3319924912
-4,2812170474	9,0551198324
7,8667182476	24,5467237869
8,0722464415	24,7300825114
-2,7343989846	9,3082928821
14,1078516483	14,9901677301
6,4363453881	26,1953396023
8,7416093990	24,9280797946
8,7946719364	24,8502666363
8,3103027841	25,3586845470
7,9237102693	25,6068648956
-4,8395510745	8,9176806502
8,0378395070	24,9438641316
7,9018227991	24,4570827038
14,7719768794	14,9678365148
7,8315826238	24,7659912314
-3,0231444409	8,9789568137
14,5776010396	15,8632260123
14,7197877173	15,5138860625
-3,6311930669	9,3020427879
-3,3277937375	8,3906767758
-3,5257563016	9,6539687573
7,5656596002	24,6988272669
7,7307642424	25,5093800729
-3,6355343199	9,3415281043
-4,5051844192	8,7642433198
14,9846103072	14,5373544557
13,7946293205	15,1557710638
14,5383409235	14,4697590249
-4,3535802394	8,3362003538
7,9160504349	25,0561570790
15,0124580916	15,2138702781
-2,7308329648	9,2933198254
-4,5823440609	9,4779574627
-4,8698924330	9,2300585666
14,5770674521	14,9753746297
-4,1913561865	9,1423100635
-3,9390279428	8,5618151383
-3,8277218303	9,6290160701
-2,7194808976	9,3621507412
15,1220071609	14,8542432907
14,5932828070	14,4697138452
5,1420843971	25,2311418305
14,2953203668	14,6336495027
6,5065325524	25,3708007691
16,0474881581	14,7590054861
-5,3033481222	8,9799150096
-4,4170610155	8,3690780639
-3,8658887283	8,1456710522
-3,7893260417	9,1267372600
7,8350776894	24,7077481495
-2,1582418090	8,6774340334
15,4235398380	14,7454682767
8,0737860716	24,0816951073
15,6575687432	15,2161593220
7,1793394449	24,5535686933
-3,3256065776	8,4798281934
16,3343664411	15,6169726584
-4,7796959832	9,7494755612
5,6892035611	24,3549931906
13,6961852010	15,2000944494
-3,9589928995	8,6838011213
6,8554690181	25,0907871686
14,5434127483	14,9841466484
-5,0677722658	8,9054598319
7,6391683515	24,7225895084
14,2861441380	14,4016316530
7,2962195387	24,9369353313
15,4989925475	14,4438646128
-4,8496060791	9,2460641188
15,8661832055	14,9246704474
5,9918376269	25,3548573755
-3,5764536980	8,9628275973
8,5985218868	25,9375617134
14,2075654890	14,6869212570
15,8745371233	15,4032895981
6,5856687527	24,1943793562
6,4347710234	24,1170812463
14,3160356121	15,2115377380
14,7690155224	14,5759495229
15,6002533688	15,5309133159
14,5026773963	14,1933965330
6,9913398727	24,4459715515
13,6689429404	14,9290890522
-4,7102746016	9,3071194487
-2,2553863749	10,0454018016
-3,0182786595	8,5972381017
14,4428969163	15,5988284214
-4,3072832011	8,6935950225
14,9614704932	15,1416084317
13,2606063331	15,2842481148
-4,8788332826	7,5513100349
-4,7551456587	8,8753026436
5,6224114216	24,7621428326
15,2789682798	15,1877575489
-2,9142443785	8,7868217487
6,8748192804	25,2895397309
-5,9450727555	8,6831711792
7,4969916082	24,4124321195
14,1141080787	14,6386096166
7,4341085390	25,2646077003
5,9551900541	25,2214324939
-4,3524520321	9,7834497977
-2,8984289266	9,2591276671
-2,6210337367	9,8815426056
5,8409125044	24,2842631450
7,9320577439	24,7918366770
4,8244420766	25,4788103740
-5,4494713116	9,1329386237
15,0140127278	15,2745972730
-4,1732810357	9,4429759184
-4,7233235555	9,5312203530
8,1265689194	23,8177599138
-4,2564937895	8,7588632492
-2,9338497087	9,2801761315
-4,0573928490	8,8673971489
6,8039750083	25,1844649510
7,2421207542	25,3691711868
7,0891094539	24,4930582665
-2,9259762917	8,5859951405
8,0137849029	25,7131805179
-4,1810524288	8,4512711891
-4,9456838891	9,2304831848
14,1924259268	15,0904587967
16,5718130054	15,5002306693
-4,4424448966	9,2394701527
-6,2245243854	8,1269554918
16,1009564461	14,8161222330
-5,3291205051	9,0886711788
13,9421547671	14,6577642114
-5,1472500064	8,7435547615
15,0562880484	14,7810636724
7,5599274167	24,5230448322
-4,1850311081	9,4272823655
5,9037650660	25,2324492941
5,9556979785	24,7565509835
5,8830247969	24,8706814869
6,8905630591	24,9826922252
15,7775632929	15,2619469502
7,4278250346	25,2439473539
14,9264934675	14,9923945164
-4,2871900758	8,3524476380
5,9818587642	25,6456317153
15,5685618574	14,8474230635
6,3242750729	24,5829045350
-3,1927145132	10,0097846616
4,5549364927	24,8755772330
7,7770038468	24,8648532577
-4,5244053540	9,8719836244
8,5465727463	25,0739576383
-4,6268190338	9,1170961275
16,7658126494	14,8806876225
8,4334973836	24,6731832036
14,1768921643	14,5028298596
-4,7367611750	9,2130067089
14,9544616695	15,4945508391
14,7819159833	15,1150458085
-4,3190535589	8,8828738027
5,9270829260	24,9941804239
15,9638480364	14,5230777579
14,7105263779	14,7698290974
-2,0155666855	8,9713026036
14,8465704547	15,4612698036
15,5564341889	14,9363454761
16,1090421358	15,5816679730
14,3687007814	14,3004495824
-4,0944540665	9,0078908567
15,6292168144	14,9633151349
15,0750887157	15,0675889895
17,0688741851	14,5620049242
7,5630823853	25,9503402003
-5,3688509254	8,9935891262
7,7463012946	25,1814999305
-3,1100865713	9,2897191995
-4,3168515678	8,3003302198
8,7776599408	24,8543572827
14,2679668179	15,8208859133
13,0274004512	14,9836104611
7,4775693991	25,1908342525
13,6867877449	14,6370338643
16,3165544167	14,9533203208
15,5550605983	14,6542717099
15,3114834558	15,1373124591
-3,9053189283	8,8497620508
-4,9807722183	9,4657964780
-4,1161153707	9,5601580097
14,6434811709	14,9718257286
-5,0875507617	8,8557552282
-4,3498607408	9,8754206222
13,4610817992	15,1095482236
15,8498629642	13,5560782536
-3,8813225759	9,1026807215
-4,4114375149	8,6875082629
6,1239268498	25,6412490765
-5,1531175100	9,1600626644
15,9855480313	15,6591405916
14,6161124329	14,6021039015
14,5870584347	14,8472520058
6,3695390488	25,1367197070
6,8417311960	24,3621193797
-3,6049843192	9,1007606239
8,1300749841	24,9331710253
6,9977318412	25,3075572282
7,7809545529	25,2510162734
14,2114775352	15,1130739190
-2,4556821822	8,2586640616
14,7204831001	14,2520913997
-3,8922054611	8,9181360315
15,0641585737	14,6910887527
16,3100837448	14,7887507495
13,6076747334	14,4139674447
14,8966797673	15,0372583491
-3,4692473639	9,5821971180
-4,2941598534	9,4199185048
16,8981775182	14,7247164341
-4,8008968492	10,3495984760
14,9916925751	14,9206047317
5,5229245769	25,0747791935
-3,7706261580	8,4372525603
-3,6150317254	8,8745564934
6,7925347794	25,8075721481
5,8868462593	24,7540727121
6,7676758828	24,8095448645
-3,9761329814	9,4833649132
15,5576274345	15,0414764123
-3,9087686736	9,1356129748
-5,0533314863	8,8475119143
7,0891794902	25,0148066020
-4,3933454406	8,9069430147
-4,0244463283	8,7905151172
6,8287815166	24,3836873004
-2,8350368164	8,4179785890
-5,2624505558	9,0287326473
-4,4992566557	9,8491162377
-5,4040226016	9,0665636568
16,4910349817	14,5465283171
8,0627618517	24,2155160892
13,3416742194	15,1111278838
-4,6864053563	8,7439264405
-6,3357903418	8,6946497277
-2,9939979356	9,7111159670
-4,6694945790	9,0400279559
7,3916798650	24,3075046731
-3,4742832769	8,3511286720
6,8857639825	25,0820470942
-2,7919060052	8,2703807545
7,3895511326	25,5505446837
-3,2983290740	9,5876053190
15,7494401398	15,5601929157
14,1672833605	14,6306784036
8,4864685337	25,1619462761
7,7927630711	25,3721846584
15,0921149672	14,6877202229
6,2794258435	25,5471176303
-3,3284650222	8,3825523613
-3,9387707006	9,3608243953
-3,7040242984	8,6812939041
5,7349397150	24,5698900204
-2,8411299167	8,5744270255
14,6389917321	14,5578869575
13,8774809041	15,1728143096
13,7694491166	15,3633312162
8,0538769592	23,8692224869
15,1717982329	15,6785879331
-4,4798082835	9,3799808964
-5,1427491416	8,8168348228
7,4571164093	23,9541683836
-3,5360644577	7,9221317366
-3,4930984140	8,7719174379
6,0292783133	24,0201295815
14,2638150933	15,0589712124
15,4767392156	15,2655509136
6,4041652368	25,3825695417
15,6158553282	15,4257802827
8,2268852916	25,0946750556
5,1625625193	25,3022165262
7,7154802563	24,6185121288
-4,4831855827	8,3445905224
14,1552928665	15,7856085402
-4,1765740269	9,1898969233
14,5245172683	15,6842217139
14,7124567923	14,0253292656
-4,5611084286	8,9359930303
-4,0313381519	9,0278789654
-3,7368513749	9,0901553950
7,8213268540	24,4138419175
5,0805657334	24,0837627329
-4,1655153113	9,9117014981
14,2447970792	15,1548412581
7,2397850123	25,2735104974
6,8820212971	24,9268779437
16,0870448451	15,5137093631
7,8723977871	25,8746717311
-4,7670706888	8,9523153477
16,7065318182	13,9344747323
15,7429478903	16,3230679194
9,1798639600	23,8683503045
14,2134161389	15,2622642888
15,0247065592	14,8384735831
6,5498344776	25,1562615089
6,6767554772	24,5271379440
-3,8521074289	8,2743711399
15,0945995057	15,2027025592
7,8201064937	24,5965170327
6,4426219596	24,9937678693
5,9726567513	25,3721563251
-5,2185703070	9,5195021539
-3,8478235151	9,6066392680
-3,9651760593	7,9268258811
14,5514432628	15,2946785847
15,5730080233	15,2854706220
7,8644085503	25,4119971933
16,2119335529	15,2250129931
8,0975274398	25,2158780073
-3,7426978476	9,0859878898
-1,7983521075	9,2563624166
6,8914072108	25,4628009289
16,2770698465	14,3607021556
14,5056037292	15,4921971153
15,3343575740	14,3744965878
6,6227628387	25,3810900794
15,7743396990	14,8594281167
-3,1133127196	9,0812225704
-3,7307597365	9,7782047048
16,3330552277	15,1228830768
7,4633046067	25,1142366279
5,8198328761	25,4143374745
-5,0920684962	8,8095937523
16,2477584925	15,3098182606
14,3184735724	14,5115564253
15,9875697516	14,0284861941
7,9047233032	24,6607628619
-2,7928663614	8,7801452171
-5,8958342261	8,9032674622
14,9457754061	15,0018180831
5,3923929850	25,1084465427
15,4317129066	15,4896780653
14,7939413294	15,8478327672
-3,5895021546	9,8613769911
14,6033699426	15,1182472929
15,6260283060	14,7253447277
13,6357605199	14,3428230321
15,4054002580	15,0613481985
6,3553852101	25,4106916393
14,0538380071	14,9991058907
-3,3975378496	8,6693601578
13,6939946223	14,2566487585
-2,6802839656	9,8576238940
15,6497127738	14,3992602470
13,5456881197	14,5484196046
6,0477697642	24,2923491133
7,6483502537	24,6153550930
7,7891543662	24,0320719598
-4,3957619539	9,2676948165
-3,0899288043	9,0538571626
16,0835580932	14,5818417000
-4,3298192530	8,8539148850
5,7538597750	25,2343983622
14,3262615961	14,7705157711
13,6045100285	15,5024473853
-4,2854800450	8,2450895162
6,8567214262	23,8406729331
-4,0250065120	9,5683314748
14,6532579240	16,2540515548
14,6359496209	14,1945214382
15,0524832822	15,0363924834
-2,8338371262	8,5379508987
15,9089683827	15,2677360022
14,5136157418	16,0160742412
-5,0004972232	9,3690159627
5,9818368942	25,0302811173
13,2175222108	14,8257864941
8,2551295856	25,2722227564
15,3879614221	15,7651995336
-5,2680952365	9,7466879853
-3,7227863902	9,3421671938
7,8668406171	24,1622933165
13,5235360919	14,9494258069
-3,7780885490	7,8477098473
16,7324570397	15,3309790091
7,9359861251	25,3225699587
-3,5070597015	9,6063978632
-5,2131808678	8,6719227078
6,3284781503	25,1507561956
-3,6759940774	8,1723219577
-3,9607871144	8,4363293709
-3,7937990128	9,1149690456
-4,2016807644	9,0848823271
-4,5149907272	8,7214277322
7,8844541448	24,8570748556
15,2212654465	14,5830567967
-3,9933654508	9,6502345651
8,6598027459	25,9129401226
6,9933776550	25,6083824991
7,7509865151	24,8155027643
-2,4854651540	8,4537739442
-3,9175241010	8,8470783215
15,6934486565	15,5539736930
-4,6903874318	9,0392816433
13,8962254187	15,2014170592
6,5001949235	24,9510943778
-3,7590309842	9,5306419146
6,9105786804	24,4504830244
6,5798405318	25,4128324566
-3,4376549172	9,7340319059
-4,6611779124	9,4262551530
14,8165464635	14,3828455341
8,5017292548	26,1438344241
7,0026773810	25,7446194826
-4,8512139318	8,6085244715
8,1695608362	24,8064221264
15,0707283586	15,1294312600
7,2705486887	25,0599765592
-5,0572864200	8,0627627571
13,8440267123	14,3017828996
-2,4793630000	9,2123630417
13,4298245943	14,6307128753
-2,9797122423	9,5165318713
-2,3510109522	8,8774182445
6,4258347130	24,4342222405
14,5122794312	15,5788034048
-5,5616273586	8,8735364835
6,7160750607	25,2085899433
6,0254780970	24,5118532899
-3,1284473298	8,8531440427
5,2647199142	26,0066501159
6,2990831913	25,4171801848
-5,8792279032	8,3261230695
7,5890254123	24,1746383579
13,9437928230	15,3274115488
-4,4063506607	9,5062284684
-5,3398287506	9,3857822048
12,9858378684	14,9486436342
7,7510184453	24,4984218794
-4,2026930990	8,5278990050
7,3202763377	25,3630005833
16,1482691309	14,7071950808
-4,5918715851	9,0895775623
-3,0603153991	8,6587387756
5,6569455233	24,1452341056
-2,5017103849	8,4167764587
15,9274615953	15,4467029231
-4,7399166415	8,5648223387
16,6396847744	14,0437755456
7,9336785227	26,2382069580
15,8204249109	15,2107042848
15,7614396017	15,3004515144
16,1371646938	13,9121602393
6,4581707445	25,0568712786
6,9651921226	25,7207841393
-3,9418254843	9,4644475273
15,5961038110	15,7574255080
16,8376497480	15,3755062051
-2,3228104064	8,7523292300
15,0549429052	14,5851126607
9,1135937380	24,8814155475
-5,4047950532	9,2830575430
13,3774324913	14,9252998048
15,3976775001	15,3836489991
14,4839176074	15,6014857898
5,9214612602	25,4864716879
16,7567272681	13,9724572339
14,8448470508	14,4012841160
-4,0153959897	8,8888371596
7,0465423639	25,5427968828
6,2457993477	24,5329742528
-4,9524645072	8,9107153908
16,1276920297	14,1045960839
-2,6805106442	8,3645561224
-4,6144331679	9,2492468881
-4,8629337647	8,6120417633
-4,2783334009	9,1118023720
-5,1499405016	9,6108380771
5,9907844607	25,2263712291
6,2200128643	25,7414054302
15,2481876035	15,3351184553
6,7193869684	25,4615811259
-4,9426235316	9,2665024408
13,9856182007	14,3577296214
-4,9062671517	8,6664103127
13,4672724858	15,0540926055
7,8838866478	24,9581578833
6,0897553743	25,1864917129
15,1279545348	15,3528365513
6,4351797045	25,4044749434
5,8711420587	24,3853568236
-3,7343113482	9,3108373806
-2,9994565220	9,5139144455
7,4992334179	24,9399067878
15,5176848372	15,4555674090
6,2278448343	24,4244371454
6,9647151056	24,6280859561
8,1637530649	25,4504165259
-3,1674345284	8,9696497566
6,6694244165	24,5987950181
-3,9403304588	8,4588177899
-4,2771931040	8,7438869590
25,1231344451	16,1345345551
-5,2305708244	9,0456545999
-4,0818547146	8,5044181565
16,3963733125	14,7766581737
6,9382418181	25,2012135527
6,8740576252	24,4088110764
-3,6152397492	9,1376010448
13,8760331418	14,8635885803
6,8602703239	24,8650090552
8,0360627870	24,4617422818
16,1472282993	15,2268878219
16,1311586394	15,3584868060
13,7360977842	15,2482817263
-4,3656638788	9,2019821285
-3,0757374763	8,4994740069
-4,8485061359	9,5525505570
13,9673218190	14,5169152996
-4,5762677856	9,5152261961
14,1381939984	14,6803379965
15,0556369352	16,1797228713
16,4499639182	14,7316595399
15,6143193613	15,7248933413
7,6595446993	24,8816436953
8,0490132772	24,8927520316
15,4521429249	15,1344413177
5,9365161113	24,9927019083
6,2722357958	24,8960663271
8,2200772058	24,6071282327
-5,0097853778	8,5991134457
-2,3527188590	8,5814275241
6,2375636725	24,8886389016
-4,2529206658	8,9706828257
-4,0789171580	8,6696721422
-5,2819549339	9,6421509873
14,6901263152	14,9083233700
6,8567377532	25,4697379959
15,1636935366	15,1085763405
7,5980972557	25,5946079844
15,1652204523	15,3258485315
6,5038340436	25,3229600941
-3,9976547674	9,0619051264
15,6788017702	14,7213626244
15,7591373053	15,3671447140
-4,6805883707	9,6507524422
6,7044978482	24,8423742675
-4,8827657313	8,3347075751
16,7533019123	14,3595273629
-5,4073970044	9,4302732327
14,6401498279	15,1450069573
-2,8058252854	8,1535347263
7,7654847693	24,9904578622
14,6799636434	14,8979769834
8,9328639707	25,0218933889
13,5726234693	14,0852822434
-5,0431859405	9,6282991624
7,5469933668	25,5127682379
7,4550884676	24,4101505835
-3,3839949377	8,3452810492
6,8866546093	24,4587118272
-4,3855276657	8,9735848889
-1,7461920412	8,7734719801
7,5503452725	23,8967634496
6,3451278658	24,7664759045
13,8977249085	14,4205407894
-3,3105890358	9,3894536672
-3,5289940788	9,5162174609
-4,4032782796	9,0654584696
16,5439851537	14,7607091276
16,1197497768	15,0269803122
15,3948939624	15,1751469393
6,6331123539	25,1207771030
-5,6247568262	9,9177117529
5,4973816850	25,1119215897
-3,6621579880	8,9443378531
16,0120058619	15,6481559079
-3,2045568947	9,0344469017
15,9310076332	15,6218184639
-3,2385363741	9,0368608314
16,0778182803	14,6338431780
-2,8982372926	8,9877050909
16,6232238864	14,3685613783
7,0909793826	24,8196459189
6,6396568935	25,1390664068
8,7645220261	25,2123855347
-4,6733604683	8,5998978930
15,8052778753	14,7553484621
13,8136697800	15,2478785663
6,9370625001	24,4585868936
-4,5071831349	8,8280487115
14,1283439108	15,3786542984
15,1781291288	14,6534718841
-4,2867648222	8,9046528263
-3,5055473045	8,5889003974
6,2011806100	24,4833201541
-4,5447954765	9,0965764988
7,6654164937	24,8193434799
8,1447144658	25,2518190974
7,0257984850	24,5512019141
7,2660922366	25,0981894207
14,6200907456	14,2644058418
16,4463205252	15,0748852326
-5,8732026667	9,7335832705
13,3394442316	13,6394794311
-4,9936503433	9,5637398571
7,1916183162	24,7664659395
16,0356418542	14,4638183213
7,1052109451	25,0811197061
15,5113131854	14,6302577710
16,1733676274	15,1093336099
7,4006417573	24,3922259324
-3,7156221640	9,1374387340
16,3537336706	15,9715292978
-3,6804130456	8,9858213778
-4,8134361641	8,7893994907
7,2707194625	24,3705421810
15,8499041888	15,4212873418
7,7008852181	25,4522495782
13,7799955074	15,5574381745
13,3466085545	15,2113352157
7,1160761544	24,9592917983
15,3214100595	14,9677298153
14,7457146239	15,4076791998
6,7965541986	25,1309483327
15,8861659608	15,0676090843
6,2954833750	26,0179507243
-2,8426916106	9,2363739460
-2,4648184762	9,2792976523
14,3277428684	14,7983468256
-2,9955136004	8,7503411477
5,6396402578	24,7379640892
-3,6201612798	9,6750436909
-2,6744133570	9,0288994867
13,6484283501	14,8426252263
-5,0854929644	8,9172520645
-3,3831721602	8,2408187920
16,5260672296	14,8457150098
-5,2733651009	8,3331785323
13,6655631900	15,0672196575
-5,3687060747	8,7406798035
5,7262940310	25,0035324935
13,7533317141	15,1521167769
7,3634354978	25,5390046484
5,7853127254	25,2864681858
8,0116565753	25,0089084031
-4,8027130947	9,2059366785
6,8820155198	26,1171465470
15,4566563936	15,1519039769
14,1417318897	15,2016026658
6,5804610808	25,0497868059
-5,2717875375	8,3817310337
16,0076358823	15,3426163200
-3,6685453352	8,7079489433
-4,6077036330	8,5615585144
13,6169647697	14,4701497321
-4,6842376447	8,9497999928
16,1266641656	15,8585230700
-4,8703126080	9,0620641958
7,9831242943	25,2329462422
14,5648242476	14,9914790436
5,8709334408	24,9968510118
-4,8565428518	9,0436608287
13,6038940111	14,7396606942
-2,5254869157	8,3018818826
16,1549366964	14,2927317716
16,1091247401	14,5612242639
-3,2478439429	8,4822235999
14,6799298806	15,1446540181
13,8412654588	15,2184373659
-4,4329589637	9,0424677088
-3,1893418380	9,0236710711
6,2158973702	24,5427319665
8,5436228644	24,9881198802
16,9826541769	14,6888126070
15,7835791801	15,2349214348
-2,8089189898	8,9818659942
14,4865380731	14,9908837495
13,2788931221	14,1557652288
15,9037240281	15,7567740178
16,1951490775	16,0586905592
-5,2500119813	8,7983336247
-4,9643425136	9,1570640053
-3,9363573658	8,2634488786
-5,3778646355	8,9143980833
-4,6880849516	8,7635672452
-3,4712053083	8,6922320660
-2,7054437228	9,4947232788
-3,9776418475	8,7343237544
-4,5024547525	9,5942331194
8,0617399216	24,6772381428
14,5117244388	14,5953082959
-4,2533562939	9,0492836051
7,2928814578	24,6423012961
-5,2351715192	9,4567110153
16,8240926617	15,1910481117
16,2008152534	14,9086529652
14,9311743877	14,8886305899
15,7642119660	14,6851348437
-5,7425243105	8,1917069016
-4,2337309194	8,8895488289
7,2132102722	25,3974624217
7,0715169652	25,5872474245
14,5904768505	14,7078591032
8,0116869244	25,6329540365
16,0220631376	14,7002878571
8,5235867253	24,9240890643
-4,9342699153	9,4502156032
14,0972476327	15,3735298971
-3,1102576890	8,6705844843
-3,6264441884	8,9099284007
-4,0625533595	9,1077738431
14,1926142393	15,2506082960
-3,7336360161	9,0322945976
15,0044935341	15,6849261901
7,5178401753	25,4080499341
6,7718408229	24,3351695875
15,6639181242	15,1912970897
7,0914708659	25,2071996280
16,2787643275	15,1632791476
-3,9592496039	9,5694803902
17,3662098367	15,1530440748
8,3836763040	25,3207297820
7,5678068422	24,7393053879
7,9395158773	25,6416758617
5,7910075390	24,8805849814
15,4618871344	15,2592205342
8,0280522499	25,2977302703
-3,1616420411	7,5393459081
15,3762086249	15,9477856181
-4,1207427474	8,6468357540
14,0434333827	14,6866867009
15,9095272955	14,9267579878
-4,1298145923	8,7573957667
-4,0779782761	8,7716254227
-5,4368566590	8,7520292564
14,3147688092	15,4668949013
-5,3114234409	8,4698844142
-4,7037596688	9,2450154540
8,5233289555	25,3901755956
-4,0403959368	9,0094970597
5,7565842137	24,7029351550
6,0668634663	25,3938147616
14,7439047644	14,5819298935
15,9489539886	13,9434763596
-4,0632305919	8,6248663351
14,7504538238	15,0269566163
15,1428791825	15,0362545513
15,6332129311	14,9414346411
-5,0733718066	10,1571945261
7,2720851948	25,3212413147
-3,7656704638	8,9266776330
14,9532331738	15,2529035121
7,2035024505	25,0737314915
-4,5680398049	9,6131069095
5,7892858977	25,0664989038
15,2065298536	14,4817680286
15,6073448838	14,4569914915
5,0145079684	24,2771658023
6,7370702361	25,1941218700
15,6898953737	14,6979204474
16,2932313130	14,2468795025
-3,9948233817	8,5832799508
13,5436968186	15,6349956013
13,6198206639	14,6040210333
13,6282771239	15,6919991741
-5,0822215802	8,4803046441
15,9128815006	14,5965958552
7,2025729696	24,4878103434
14,1915092398	14,9885127960
7,1131272619	25,0110484689
15,8855580223	15,4360668038
14,1134795620	14,5123111403
16,8919709961	15,1305378707
6,3079536509	24,8679668079
5,9891454559	24,9711966114
16,6003002990	15,0241298128
-2,3530730664	8,9181512297
6,1359457828	25,4896732513
6,8854786214	25,4560854631
15,9919901843	14,7402295127
-2,6599076767	9,9506368618
-5,2819462826	10,4359438712
6,9471922340	24,5325505712
5,5238943601	24,9416569622
-4,7626626278	8,5484583405
-2,9390986106	8,3464470248
13,5117025898	15,5061897621
-4,7454654132	9,5623642502
8,2559876952	25,2598133712
-5,1060806313	8,4824816217
7,0350971608	24,6925036086
-5,6215245535	9,0409864514
7,9619262168	25,3269276294
5,3943978664	25,2653559426
7,5520298996	24,8337401445
-3,0034580266	9,4250100874
14,6483692429	14,8757000484
15,2477322110	14,9460183135
6,2405594679	24,3402447087
6,3260696743	24,9179905167
8,5718560707	25,8229485057
-2,2912167682	9,2158790976
7,3828335678	25,1741087113
-4,0100240876	9,7641524725
-3,0273606103	8,0540640734
14,3058130754	14,9349384047
16,0487299840	15,1845974755
7,2305566624	24,6242557451
13,4792801403	15,0604094120
-4,4823196461	9,9588141866
15,0026471638	15,0761851318
15,6501610386	15,5540212480
14,0159199601	15,0196370816
-3,2200492837	9,5209877378
14,4357645662	15,1923402371
-5,5857422760	9,2528163164
8,3795624974	24,2229339916
16,6868336965	14,5065087630
-3,1172446774	8,9945389444
-4,5190250975	8,1924648994
-4,8431421001	8,2197038192
8,5250885117	24,7360306967
12,9837748066	15,0598241858
-5,2728327458	9,4533182195
7,0648054373	25,2303065043
14,7243348632	14,9115076382
-4,3064733868	8,8668732435
-4,1263143957	8,5497672657
-3,8824219949	9,9184936425
-2,2534991401	9,7107389068
-4,6271362049	10,3000140830
6,8303569523	25,5435683253
-4,9675082898	9,1200756610
13,9212389992	14,8353129383
7,2569928608	25,1459749957
7,8751684560	25,2909400920
-3,9293251701	9,4873623734
7,2727013116	23,8068070174
-2,6700507299	9,0905121343
7,4965718428	25,2641801092
-3,7860334354	9,3906221478
-2,0827387834	9,3041404652
13,5350441329	14,8329798815
15,3638956463	15,4669166839
6,7325332941	24,5383735714
14,5578744384	15,5860531754
8,1900917161	24,7193443503
8,2299537141	24,8034814077
13,8375986142	14,6347125292
-4,6034653913	9,0563736097
8,1714032678	24,7761989301
-4,6728138014	9,2317849742
14,0302319704	14,9072168004
15,4446628068	15,0342480177
7,2033568802	25,1748414946
5,4539334309	24,7674052129
14,6778331907	15,8222076979
7,2568711888	24,5755354333
-5,5177439110	8,0191166369
7,5654607557	25,1327090211
13,9150600297	14,7287656198
-5,8859974960	8,1747852254
7,5777206231	24,4882365050
14,7700221922	14,8297261386
15,8315386436	14,7908157003
15,3928164888	15,0245823024
8,2305421108	24,2855850535
6,3056053023	24,7164304939
-2,6231361105	8,4741863877
-3,6529643606	8,4840203673
-4,5435849714	8,7392560739
5,8167325330	24,4099094599
5,9838688677	26,0201366215
7,8223067104	25,0594566625
14,7744967983	15,2645917655
14,3139344293	15,9439887799
5,9072281821	25,8975047170
7,4735182851	24,7635787479
14,6606262358	14,3794841853
16,0740875135	15,1051647405
14,6658048754	15,3752526524
-2,8800099368	9,2547095269
-4,1761516682	8,2749258929
7,0349265870	24,9638144707
7,3270566884	25,2751223210
-3,0491865401	9,0046086630
7,7541842389	25,8530224709
13,7521361896	14,8138156793
12,9809449601	15,3326961337
15,1889952324	15,0860376990
13,9603428578	15,3169350138
-3,3484673117	9,1742182047
14,4695563582	15,0080769568
-5,0030056565	9,1926814997
14,9097222006	15,7076969500
14,9741562379	14,7449249585
7,3058366672	24,8127168831
5,0369238030	23,7847313585
5,3409696039	25,7318079185
5,2665434128	24,4576781496
-4,6397760577	9,3294599599
-5,9816243933	9,4768637976
-3,6703514342	8,4561312693
16,1375209742	15,2641869796
-3,1384895724	9,2416895455
-5,3325585295	9,5778538890
13,4514001774	15,3241773869
17,1650552217	15,4824486205
5,7924792867	25,2660697286
-4,4942134058	9,0288518835
-4,6154822775	8,9326029543
15,2872700185	15,5996314544
15,5815664659	15,0396957133
15,3407712846	15,6553033867
6,3790334003	25,1705165871
14,0526039740	15,0809410859
-3,5179743411	9,1982071489
16,3132483896	15,0907012885
-2,7293510752	9,3954936566
-4,5239637428	7,7536839748
-4,6446644334	9,0714328081
7,6099076917	25,4321116754
-3,3940363677	9,1128732106
13,6070679188	14,8088254727
-2,3504221521	8,2220152172
8,5984264891	25,6562840475
15,4007389383	15,0994794220
8,8129808026	24,6246852850
-2,5428144191	9,5703887959
-3,0972529561	9,4034495672
7,0291897986	24,3900810668
13,9146664025	15,3327742519
15,4499622437	14,1604986083
-3,0505343275	9,4233503352
7,5357572472	25,0080827444
-4,6138705423	9,1128366328
5,8729884281	24,4555749888
8,0325856714	25,5689503010
7,8341234993	25,1139829740
6,2143288217	24,9532009648
15,7393890366	15,3216417589
-4,0396861969	8,2633968138
16,0220325427	15,4036980699
14,7044298935	14,1541790644
6,3705994144	24,6892546885
-3,9949522141	8,5406617919
5,8228518045	24,9555094721
13,7405131289	14,8831152764
7,9988619479	25,6103662537
-4,0817625150	7,8899716688
-4,9693312279	9,2888964641
-5,3576614479	9,2506251068
-2,0017504918	8,9928889853
-3,5360031417	8,6929993768
8,0029919187	24,9575692386
-5,5196119347	9,1535322059
-4,5919882673	8,4372477210
6,4199434467	24,9457080859
-4,0308454690	9,3768098587
-2,5919239727	9,1112003092
-3,9925238834	8,7444724759
15,8695109464	15,3347426040
6,5081097596	24,0402932606
-3,4471940910	9,4767644624
8,2890480136	25,0871500373
7,3154445248	24,5932607858
-5,0379416922	8,9407235272
-4,3280946813	8,9409773330
5,7642467417	24,9288659621
14,8590701055	15,2417150574
-3,2350185849	9,4737740059
-5,0716634177	8,7935688473
14,3288822789	15,0657829270
-3,9395943108	8,4866715205
7,7785892836	25,0742112483
-4,5482363288	8,6911471391
14,7579679844	15,6640982382
-5,3366893556	9,0385088193
-3,3335828022	8,0546405463
6,8399632983	24,7032930649
14,9127769809	15,0211643895
7,5452793629	25,6179111654
-3,1296202658	8,6888804239
-5,4011517286	8,7126151943
14,1834760690	14,8857060215
13,7055761264	14,3444640077
8,1924648686	25,0822405968
6,5865967475	24,4413258693
-6,1341378687	8,6473669306
14,8539307181	15,1708817522
8,0837297352	24,3987473611
5,3205687126	24,4728844492
14,8150426842	15,5634561689
8,2397679099	25,1755955262
16,2245421869	15,7936947591
-4,9842495989	8,5222146301
15,6843715946	14,9254859147
-3,7451142488	8,4061379308
-3,9015745802	9,3129402416
-2,9866232411	9,0491845545
-5,9058209045	9,3285881811
8,3265980193	25,4289631311
15,4648778453	14,9969735479
5,3340240424	24,9090091255
14,3716997090	15,2808257737
-5,1122726746	9,4355118851
6,4377034961	24,6804878650
15,1434282026	15,3609869921
-3,0857222692	8,8012503245
14,2593439863	15,8713300185
-3,2956252729	9,3412899919
14,4509750544	15,5082251560
13,7162802112	14,9571923614
8,1049399364	25,1241957639
6,4922339196	26,1500698694
-3,6822391958	10,1354764180
-5,4093535299	9,7057977484
5,8444367556	24,6862501946
6,2100216748	24,9581211978
-3,5072583164	9,0107559168
16,3802253257	15,2609434941
6,2395588422	24,0166874025
14,4590160625	14,5872061527
-5,2587583559	8,8584792606
6,5391039608	25,8749719597
-4,6577313202	8,8832549463
6,4810537840	26,6661321902
15,1871661137	14,9390771041
14,2167969923	15,7015738094
5,9319753355	24,8789387024
-5,8009365004	9,1976434641
6,0762868833	25,2155113020
6,0272670766	24,5777912655
7,0224368633	25,1003377666
7,7750321507	26,2915932261
6,5612051869	25,2745463276
14,3928983057	15,1111501909
7,2090223942	24,4525806133
14,0593440736	15,3424415525
14,4304349796	14,9589288046
7,6349214736	24,1664048269
-4,0682276003	8,9876933108
-3,0230306645	8,0811513355
6,1162387006	24,5687586378
7,3011878296	24,8396761780
6,3904386122	25,0016387739
-2,9357475443	8,4923318201
-4,4665331856	8,8309705222
13,8611193978	15,0964103988
7,8593508787	24,7017992887
15,5590245484	15,8339700131
14,1839853308	14,5911251609
14,0117428505	15,3386814534
6,7719013208	26,2542964157
14,8867121422	15,1446123709
-5,4404277416	9,1154523131
8,8617041127	24,5061458562
-5,5525778772	8,5188546207
14,3940163133	15,4264226373
14,3660304030	14,0970184480
-2,4050202532	9,4742554383
16,3591524896	14,6073090694
-3,8027790829	8,5334207609
7,2593645922	24,1800792650
13,1007845130	15,9795600792
-3,2659170209	9,1072466686
-5,3291334393	8,4679061524
6,7005588131	25,3958421269
-3,3155739994	8,6550090811
15,7371540526	15,9577881884
6,6209786282	25,6939289135
-4,3081561690	9,3724762786
7,0003565924	25,2613126032
-2,9484607811	9,8366444911
-2,5633280681	9,3180340383
-4,5420090689	8,7816902378
8,9484060154	25,3299364747
6,2127973506	24,6903030685
-5,6587681953	9,0265165901
13,3459689556	15,1074613935
-5,4056174757	7,9050074146
5,5514266940	24,5374265242
-3,3623965481	9,6572319840
6,1327791845	26,0696817015
-4,2982368407	8,2597344954
14,1662922442	14,6320894540
15,5632355617	15,4898269362
-5,0313975510	9,1857142865
14,9635543643	14,3992629064
13,8535210458	15,5672128516
6,3772147457	25,2280406801
-3,3087734257	8,8362582714
15,3181993892	15,0083482936
15,9256257707	14,9822564909
6,2425531339	24,8346428355
6,0013420795	24,5965551652
5,9347785111	25,3597610264
16,2791214435	14,2827933974
-4,5903783627	8,9787596822
7,7632724384	25,0562080233
8,7928477443	24,5800634867
-2,4244586251	8,0522662115
16,0248894735	14,6334260336
14,1987957717	14,9617291616
7,0540484693	24,1843030919
4,9558730142	24,8526955414
-4,4078872372	10,0851253004
-5,5444011681	7,9287436732
15,8851375858	14,8408669527
-5,6421115652	9,4987349256
14,4833677882	14,5634863110
6,0823784913	26,0484301796
7,4192669287	25,4185982623
14,7215409683	15,2069748370
13,4673367371	15,0463984073
8,6210415592	25,3895762522
-2,9528096683	9,1548140235
8,9306226296	25,7253450510
14,5237707833	14,7049054918
15,4513519515	15,4935096439
7,0226908612	25,1965188924
-4,3041154686	9,6012619311
14,1251988139	15,6375496389
14,5663552253	15,6842968151
6,8467419763	24,5047263215
-3,4428909110	9,6242054220
6,0783699434	25,6477932514
-3,6214375491	8,7912950217
6,6388571347	25,4996890084
16,1225994720	15,4077321799
-3,2521077079	9,3658798789
14,0776794789	15,8001860800
-4,4471845650	8,5721186281
-2,4981007120	9,0370816918
-4,1237461901	9,0952062070
15,8886067097	14,7722656360
-3,6409971634	8,7248435996
7,9464587186	24,4753389429
14,5592240771	14,6017386780
7,4225356384	25,4135608549
-1,7513567423	8,3781074900
15,3476484423	15,3446341154
5,7929312127	24,9407210859
13,8262222043	15,0975186456
15,3200800108	15,8670825827
-5,2113445519	9,3944882343
-2,5104170121	8,8440719239
6,4035236231	24,7174085768
13,6317305890	14,8611982651
15,6999875849	14,2687414069
-3,3026331801	9,6677289600
-3,9845697680	8,7732329605
6,1682618399	25,1823856835
-4,4905983904	9,3699122947
-4,5182627974	8,8462297131
15,7442232108	14,2246486577
-3,8198968336	8,3596201650
14,0641316651	15,4519919099
13,6150817043	14,4817941054
-3,4025930777	9,5187223991
-4,2384959497	10,3004152745
8,7247105123	25,8019723696
16,1595851736	15,2872186507
16,2115565620	15,1897379134
-4,2928468486	8,8715906308
5,6555811615	24,9175147182
7,2294634967	24,5096949974
-3,0591550003	9,1486244793
-4,9338921547	8,8599372803
15,3104790893	15,2110349497
16,2862769846	15,3192257069
7,6518887147	25,0712851895
13,4565603599	15,2913514650
15,6218149621	14,8879073328
-3,7672623738	9,0405564876
7,0791799565	24,3552198736
-4,9734187092	9,5855978926
17,0461339044	14,7800394603
15,2406714366	15,8510325337
-4,1038901222	8,3553799918
-5,6067669247	8,9200804911
8,4656460091	24,2085328160
-3,5441200578	8,4787835400
-2,8906383464	9,0631724852
6,5930718381	25,4619076455
6,5611784790	24,6504072558
-3,0915308697	7,8869486139
-3,2166645330	8,8334036786
8,2725487438	24,9432339201
6,9451774364	25,0317866057
-3,8214795474	10,1352377272
7,2558361636	25,4493723390
15,5778696188	13,2691231068
7,0767323921	24,6440785228
7,2248207248	24,7253372459
-3,3536547840	9,3100933329
-5,5868539997	8,8435028667
-4,3104573114	9,3897885339
15,5933096887	15,1867943306
-3,3471688765	8,7803469232
16,3066385744	14,6464472412
14,5109065475	15,1671611664
-3,9348174036	8,4662038497
14,0933717731	15,3285473800
6,9333460832	24,4291022267
8,2148054516	24,9102995489
15,8590142581	15,3237004582
-5,1962952905	9,2690273537
14,3946258977	14,7445704706
13,8459521183	14,7902957209
-3,5829325587	8,7169887636
14,1351004654	16,1774008009
14,8302699215	14,8810003674
7,2692047430	24,6118031977
6,9579025656	24,9378950468
-3,1519671619	8,9481652673
13,8905767767	15,6468404356
14,8576217784	15,4126621179
14,1128346393	15,4177455354
5,6326116421	23,9453812032
8,3064854121	24,7571814764
17,1564941982	14,8693301508
13,0380967468	14,6183794734
-4,5698289756	9,0352142020
5,3474050892	25,7954139068
5,8006334752	24,7808397203
13,3619883031	14,5597171305
7,5821814210	25,0402584118
7,3396359788	24,5296691650
7,1581103295	24,5979489195
9,0998156744	24,8718881191
-4,6597104680	9,3236671504
7,8891484433	24,6308320661
13,7279555279	15,4124438106
-4,4828427834	8,8720639735
-5,3764453738	8,1808462138
14,2602686003	14,4162909374
7,3694486428	25,1440526650
15,7290926185	14,1773698468
-6,0639308249	9,2527322547
-2,5588900937	9,0098421980
-2,4923450581	8,7402407216
15,3280225985	14,6598140524
-2,8449955450	9,7110324191
-2,7516901637	9,2129043457
13,8359161194	15,1337852506
16,5180426889	15,4631781955
6,9007331192	25,3419883829
5,9343495989	25,9100152362
16,5278088463	14,7819584589
15,4591259929	14,8414283490
7,2598295091	25,9907437876
-3,9067033242	8,7694230396
-2,7626401273	7,9443620216
5,3296345552	25,0906462259
8,6138939488	25,2420748312
13,0509781601	15,3940638354
14,7145658386	14,9700141390
14,1979963571	15,2112833998
5,9736167225	24,9611994197
15,8977047118	14,3826770697
6,6807338607	24,8539475683
14,1039830538	15,5092138075
16,9848495845	15,8079716492
-3,6947369748	8,8887369931
14,8754922177	15,0250442619
16,5866777721	15,4921036960
7,2411349930	24,2966227300
14,5834571100	14,5524879934
-4,8328863108	8,1900814964
-4,7097567876	7,8084472603
16,4962845669	14,8280982305
7,3807389104	25,2063308687
-4,0767995552	8,7847712442
5,8665369769	24,5601089747
-2,2033247609	8,2799236081
-4,0207270112	8,9768266328
7,1164259000	25,5746370516
16,0081941676	14,2216422482
-4,3965425009	8,2766526137
14,3126926237	14,8957216962
-2,5858258787	8,7687556384
-3,0231043381	8,7811930087
-3,3529060438	8,4799305987
6,0892809447	26,0149484327
-5,0091654502	9,1860717122
-4,9757976273	8,4586050371
6,5461571138	25,2503020237
13,8011669289	14,8083156309
-5,4096693936	8,5098655069
-4,2494757812	9,9246698352
-3,5560828665	9,2581178126
6,6503421387	25,3008557538
-1,9801181442	8,8422165252
-3,2148080513	8,2247931005
-5,4652503681	9,0120596711
14,5843106640	14,6834444762
-5,1971377662	8,9378161565
7,8493176930	25,6382079626
-4,9403385879	8,9549348653
13,6476884512	14,2658566037
-4,9697368250	8,6841210561
16,0021005208	16,0224038341
-4,9617978144	10,4718691279
14,4321470326	15,6844227958
-4,9782608549	8,5426035417
-5,4240686508	9,2762887128
14,8933514275	14,9526410414
14,8722921054	14,6368884981
5,8797156842	25,3894078047
-3,1193950733	8,7248102853
16,0147252911	15,1211526445
-4,6212208107	8,7319901455
-5,4263753975	9,5454850270
15,8265073203	14,8588327284
-4,4504857426	9,9843086133
15,7033683689	15,2192662690
15,7024215454	13,7955254325
14,2667777085	15,3099200913
-5,8280614294	8,7129203096
15,8223877269	15,4611957133
14,3169166734	14,4973816216
8,0635692411	24,5475610664
-2,3475995133	8,7309979345
15,9594109561	14,6720635475
15,4303513690	15,5747608101
-2,9425783280	9,1788772741
-3,4440795189	8,3247580290
13,9204694600	13,4137446949
-4,7216212376	9,0941407508
6,6742193727	25,4247585138
-2,0745613783	8,8376472270
15,3336872714	15,1322408384
5,0347934597	25,6098710659
8,0854431185	25,1285631858
-2,9263256381	8,3073833900
14,0757016596	15,0189366454
16,3777883729	14,8008313341
7,0198832985	24,8940832833
16,0358560503	14,7310091375
6,0227868088	24,3304298378
5,2143758395	24,8777635773
9,0588819808	25,1309939898
16,3108355177	14,7259967434
13,6994226410	14,6030757440
-5,2153455352	9,1350106175
-2,8685667406	8,7575022583
14,6704144388	15,1418711415
13,7316367715	15,1239413060
8,2874157687	25,5789036973
5,8201233778	25,3329406612
-5,1397233825	8,7295307284
-4,6101384210	8,9092530268
14,5394503584	15,6989266815
14,6732036768	14,5081348141
13,7821486067	15,2835076944
-2,6316721605	9,3736994649
-5,1464347842	8,7150002932
-5,9005952032	9,1143382723
8,4496796043	25,8418834535
-4,2561167222	9,0242064633
15,8863436260	14,8769039333
13,9794768039	14,6192946061
6,0002267878	23,6925768422
-4,7879022734	8,5832294588
-4,5924724703	8,8665389016
-2,5023780475	8,5224775300
-3,7828716184	9,1890039216
15,9160865387	15,5145979004
5,2660652362	24,8652413743
15,9884093967	14,4797518261
-3,2277193997	9,4135950382
8,3878993493	25,5223237211
15,9914228601	15,2643108487
6,6315766018	24,1294768352
14,0375237960	15,7771055922
-5,2361704924	9,1200785750
14,1353248479	13,9396185389
6,2409979201	24,8025220561
6,2435059309	25,5902185390
13,7329004292	14,9844623507
14,2149384816	14,4938958355
-5,0879599691	7,4588938229
16,2305996367	15,0257861549
6,1435708893	24,9494213753
-4,4380054399	8,2194290798
6,2701959961	25,2355802463
-4,7743160021	9,0308196816
7,0302123941	24,7662761310
8,5893393302	25,5891095973
6,6654600431	25,5807703058
-5,1340526647	8,9842288309
-5,6380207339	8,7315991118
15,8279340761	15,4889994365
16,6534420356	14,5455249616
14,2928888608	14,8191836849
7,0041719495	24,7228488753
6,3965810765	24,8657714604
-3,2651624116	9,4826424618
14,1211273784	15,0103623056
-2,9832918899	9,0422550175
7,1265789152	24,3304115804
14,0911868063	14,6960818344
15,4869611871	14,4799718054
-5,3463167216	8,8057759861
15,3387796919	15,0847060196
13,8610704102	14,8154134058
-3,6558755446	9,6094270669
-3,1309499609	8,7307826870
14,4997764583	15,6745901701
15,4101695647	15,5575653985
16,6528480545	15,2995457767
15,8354568716	14,7974836262
-3,1827927506	8,9155553775
-3,1989982241	8,5316048259
-5,9208096943	8,7699322654
7,2303103762	25,3986522603
4,2135432134	17,1236521564
14,3203822407	14,8894940268
14,3154684867	15,2602151154
-4,6368309598	8,3572370050
15,6718314819	14,7901673939
7,0531780895	24,7628833777
-3,9242544666	8,7908938699
14,6631719335	15,4436900687
7,8824430140	26,2449269750
-4,6325718509	9,5515089445
14,8252845502	14,8543267802
15,9288266696	14,8162493222
15,0785801390	14,8233335040
-2,2009086301	9,0349248170
13,3563575741	15,0939849751
14,7817218945	14,3930899785
-3,5346988638	9,0474668960
14,8689627008	15,4782869642
15,4646989047	15,0891360127
-3,1965902522	8,8036567186
7,2626067224	24,7019134224
5,5186364363	24,8433586842
-4,5470844182	9,1108773058
8,6051383406	24,8083071370
-4,6211574011	8,8478388352
-3,7526401820	8,6403447526
-4,0963423592	9,6547748491
13,7749927441	14,7105261327
-4,9180143493	9,2703717744
14,9965564727	13,9093810822
-5,1351944416	8,3426593426
-2,8047706359	8,5270703466
-2,6059395666	9,0488593850
16,0669534391	14,3447677524
-2,9035009424	8,2841745433
8,0849887854	25,7030933694
-4,4090420126	9,3913113068
13,7831088461	14,4929098604
-5,1265743380	9,7438952942
-3,4743923619	7,6713547053
-4,3415352996	8,4402400882
16,3726484836	14,8448162505
-5,3698219418	8,4075456847
6,4232355691	25,6000973773
7,5726371117	25,0229149341
15,0858812970	14,1889106810
14,2837443715	15,0190683067
8,0417491320	25,3105870658
6,2067993589	24,9898925626
15,3440152334	15,6424404950
-3,6369328187	9,2876702807
6,9769367948	25,0316646812
14,9366155111	15,1911150399
15,9950886429	14,4662362567
-3,7411424405	9,2980137205
14,7166117773	15,4189049054
7,9719511642	25,1179754982
15,1658165424	14,1591198366
14,6999556191	15,1434895214
14,8696892969	15,3347218897
14,1281024730	14,0341704887
-4,5564451488	9,4785863751
16,2233984321	15,7537274425
15,4938573177	14,1572074606
8,4698767927	25,1946563401
-5,3959440013	8,4594515294
7,9156093756	25,6822059598
13,9744920557	14,5089747743
8,4376522483	25,6513185238
15,6919794534	14,9669668131
6,5316691795	25,1301330832
15,9332671916	15,1740203510
6,2744753837	25,6518069155
8,3988374024	24,9133757215
13,4968353843	15,4418361556
-3,3224936847	8,4847099518
7,2739638940	24,6081110242
14,5586730831	14,9224640900
6,9737701712	25,0749295547
14,5692344815	14,4744289869
15,7026850984	14,7727679971
15,3499790699	15,7125752097
7,1898684786	25,2529459936
-4,3241913746	9,7036463619
15,5453091555	15,0744356317
7,6124817488	25,3959879112
-4,1542779160	9,3740542701
-3,0680781690	8,2563882534
14,8615820042	15,1034890923
-3,7895934759	8,8083861614
6,0403692029	24,5080335042
-4,0015227665	9,0987669274
8,8526001971	24,7396291385
14,4121648958	15,4851936588
14,6457618773	14,3454642340
6,2054549202	25,1384767788
-4,4130468028	9,1463555354
15,5910482795	14,0014622999
6,3441750562	24,1079945264
-5,0752844069	9,5686525792
7,0180680255	25,1306441529
-2,9620740650	9,5482844020
14,2010679637	14,7654587845
15,2649401504	14,7770806644
7,3967324566	25,2486553749
16,1180806230	14,2323940334
5,9625158163	25,5354426815
15,2162266432	15,1614910981
-4,7506112101	8,4352123998
6,6727078605	25,1261314520
-4,1012971247	9,1114765138
-2,8930688723	8,9652205069
15,7643110835	14,5766389735
-4,8807084343	9,5220766248
-4,6881317941	8,1702434323
14,9783629506	14,6969833806
13,8280484777	15,0455064768
5,7224012322	26,1385928247
7,8119175033	24,5419460205
-2,1748498141	9,0875999620
13,6999047687	14,0443839058
6,2116345771	25,4710175683
14,8100004989	14,9476798945
7,6264655084	26,3210533707
-2,9261244547	9,0292450785
15,7049097426	14,3442868000
-5,2739652957	8,6005958857
6,3890508093	25,0186879635
-4,2874731800	8,9769024092
15,5739734090	14,8158481468
-3,8845022751	8,5411963203
16,5827947367	14,8412435687
7,6829265630	23,8210841531
7,5504525837	25,6111647428
15,1873076025	15,5862954017
15,3183501729	14,3689549638
-3,0499117180	8,8871045736
14,1781623841	14,3493264665
6,4320087813	25,3538202614
-4,9226918619	8,4379567956
-4,0508802861	9,8798782492
-5,6684307219	9,4554180605
6,8282857390	25,1135673054
13,9457105399	14,8496255392
7,4992100720	25,3008929115
6,6847623220	24,7678432560
6,0057932339	24,2109193516
6,8137827086	25,8139534141
14,2364547136	15,3500151191
13,8318334085	14,8696531266
7,3804173261	24,6428703901
-3,0299672238	9,0214774731
15,3756870528	14,2417338057
-3,0632412531	9,4986927049
6,9725572641	25,1242071994
5,6238816549	24,7284766240
6,1815804725	25,2194586104
-4,4089264999	8,9111743864
14,2317282087	14,6624863555
15,3165059621	15,2113991687
7,1838078260	25,6217311829
14,6254836392	15,2751047204
14,0387800936	14,7756464897
14,6413725987	14,6976210640
-3,1074410128	8,7858273153
6,4271136619	24,9774312340
-4,8590531023	8,6141433713
16,0155287259	15,5980389459
7,7859017853	25,0557764129
-3,6608252062	9,7129674550
-2,7015651242	9,6100973332
13,4935505901	15,2907417643
14,5293517078	15,9307640188
14,9739036739	15,0695441939
13,9419958656	14,4298282523
-2,9313405969	8,7551244985
8,2256608591	24,9700962705
-5,3273023877	8,7961960236
16,1925300976	15,0782415445
-5,2750928573	8,7977441020
-6,0784614556	8,0764275645
16,4848778894	14,8912233715
15,5616670935	14,4607695295
6,3053897529	25,1783436164
14,6792276756	14,6068191379
-3,6120967464	9,1708577032
-5,1115297801	9,5832913649
15,7694735701	14,7604776931
5,6321092310	24,4741105264
16,5839701641	15,0465516163
7,6521321859	25,1466546134
-3,7162492852	8,8972754442
5,9203490702	25,0116289728
-3,9563642676	8,8521502845
7,1925955715	23,9534883163
-4,5883582499	9,3756226798
6,0316802463	24,6571784327
5,8752264363	25,3672532123
6,8792113885	25,2827930847
-2,8839950020	9,0758808723
6,8790019397	25,1351516573
6,5166557414	25,5472542012
6,8813274557	24,8024908549
6,1505889536	25,2011294758
6,4867124119	24,3484135561
15,2267292093	15,0508249300
15,4021879083	14,9998407658
6,2243140594	25,4472150462
-3,6537076272	8,8905932529
15,1038999752	15,1347966543
6,2819379619	25,9528541229
7,1303426522	25,2949062356
-3,9215221216	9,0289327673
8,4263297440	25,4561604317
-4,9372738806	9,0917472206
7,2255758139	25,1880483840
6,9570961169	25,2612926389
-3,0873087230	9,8584040372
7,9656105482	25,2822950817
15,9354548821	14,4169335549
13,8033837784	14,4737352213
13,6863457533	14,8470227999
-2,8006829291	8,2457499686
-3,5946784119	9,1278646908
14,4839449588	16,1835167649
8,0363146124	24,7818844737
15,3742159679	14,7767164209
-5,6949246429	9,6364653345
8,2724342026	25,4546393735
13,6712617112	14,8895249583
6,4551568888	24,8261161205
7,9847713799	24,6311543841
13,6860913946	13,9342403560
14,6285705390	14,0872607215
-5,4185022205	9,4356763679
7,4767988475	24,6870575230
-2,5337285672	9,6102169748
-4,4647270797	8,7061391219
14,7159750954	14,7176366500
16,7512621717	14,8156443297
15,8251967747	14,5389455120
7,3278425514	24,7631816123
-4,5677327287	8,8323696442
-3,9286745139	8,1857961775
-4,1878403565	8,5372572446
5,8743691124	25,0929233560
7,5783588309	24,8652551533
6,2024991201	24,2434977077
6,9848928143	24,0417813304
-2,9095240400	9,0439692072
16,6916920631	14,2590520471
5,5918194331	24,5927262933
-2,6254635687	8,3831173885
5,4867774521	25,6891774481
16,6800489299	14,9855385329
6,3599851261	25,4661548986
-4,6020627365	8,3956171550
14,3746489284	14,9060016336
7,9976313071	25,4150191345
-3,8117476593	8,9795266799
14,2183408890	15,2730402695
15,0462153363	15,3268728447
15,9808287127	15,3141075521
6,5143311715	25,0623388644
-4,5188012421	8,6989683667
7,3486699407	24,6020381334
5,9780970826	24,8891328983
14,5339673526	14,6918430495
-3,1637754011	8,1682340561
13,8885408362	15,0442194836
5,2464459739	25,1135741429
-5,1256461023	9,2796282335
14,3749480249	15,2101175264
6,8037033195	25,1653946992
15,9845290165	14,5050943766
6,1356179747	25,5112106552
-2,3338516396	8,7552791339
15,5218262363	15,1618873174
-3,8973516497	8,6874110906
-4,8590028855	9,1197722421
-4,1812829485	8,7861185222
-3,9149926930	8,8068791111
15,3853707237	15,0084465397
-5,6607526944	9,0718034317
14,5907741244	14,7330074401
8,1782225890	24,7564139610
15,8664538760	15,2757136292
-3,6212147285	8,9029559340
14,7554162849	14,7444009999
-4,1312961713	8,6622941572
7,9863624619	25,0827040456
7,0717792080	24,9240332585
-5,1047050688	8,7731991072
7,6727641518	25,2479498257
7,1428998997	25,1198135441
13,9873594554	14,5784780043
14,1341145908	14,5825271619
7,6534218489	24,0732230951
-3,4220829808	9,7510658621
13,9022230141	15,3831353515
-4,4834183117	10,3844726859
13,1609169281	14,2714744980
14,3911795416	14,7735548095
13,4341674074	15,4765138571
-4,7673759475	9,0760331940
-5,5120214952	9,4540967508
7,4523346992	24,1736968654
16,4448104506	14,6249078232
-5,0189596681	8,9551826161
13,2208349298	14,9379095751
14,9873922642	15,2303878521
-5,2467689297	8,6732184122
6,5263514950	25,5101226959
-3,2255495432	8,9115032814
14,0216480011	15,0538876430
7,7691276762	24,7183269303
6,9303247617	24,7688724514
14,0478545135	14,6013587453
15,1154947451	13,9001788656
-3,7794405993	8,4219925156
13,9919854355	14,8333231829
7,0705617719	25,4427436423
-5,9133736613	9,0405079775
-4,5583802500	8,9436498901
6,6485117942	25,0509637623
-4,0248791711	9,4865559783
7,7333941698	25,6877747090
13,7693703730	15,1299293802
-2,6508055938	8,7119979975
15,8663309729	15,5444452096
6,9845309719	24,4471496958
12,8779173606	16,7733084833
-4,2126984833	8,3917016992
-5,2537156305	8,6560216794
6,0643511840	24,3055363176
14,3246035417	15,4092636775
-4,6118273294	7,7981257628
-4,0656200142	9,2942220438
15,8559901440	15,2131610282
-3,4387325530	8,5013132042
14,8974576520	15,6897869930
13,7590372144	13,9034642704
6,3264076344	24,2994826851
13,4627042994	14,3443239981
15,0390792134	14,4739253386
-5,3492907825	9,9894344003
13,9716989543	14,6469160097
-3,4351239417	8,4506725164
7,0209758090	25,8504771984
-3,4676031947	8,7723963237
-4,8242908323	8,4375056147
-4,3512418548	8,2135235696
8,5523403011	24,8353053946
13,4076418782	15,3883233283
4,8116361132	25,0563155446
-4,4917193446	8,5809091285
-4,9098926297	9,3860614420
-3,9262051536	9,3884579258
-4,1093005455	9,6796679172
5,0847282594	25,1848752723
7,2532565364	24,8791966953
6,4881200064	24,2698110920
7,2267556389	25,2197340550
16,8205967246	15,3870456515
15,4095205861	15,5565969452
15,4624184387	14,1986629609
-3,8954223860	9,5937259434
5,8099098490	24,8168901812
-3,2942765314	9,0212244417
-4,8727909957	9,6317611309
14,2217525198	13,4863976175
14,2032492568	14,8321543625
12,5843134845	14,6940377028
15,6089624966	14,8922359060
8,2891210521	24,7848352695
13,2809328463	15,2464652398
16,7370014093	15,7052305527
5,1492730099	24,5600898187
7,3422922109	24,1137337952
-3,0575941529	8,6889510412
14,7686762007	15,1640563266
-3,3914821142	9,2180551790
-3,4747008250	8,8961481305
7,0424473895	24,5066256315
7,7370939010	25,3181558066
13,6329676200	14,1862785709
16,5077938538	15,3546174783
16,5398375206	13,4413086239
-4,7765811054	7,8153632540
7,0275287352	25,7773576053
7,5265902247	24,8253255889
13,7128842111	15,2314176591
-4,6957705119	8,8524844735
6,2243158856	25,7072703124
-4,4696000523	8,4114631002
14,4637280500	15,8926590126
7,7504383465	25,1568309901
8,8875987611	24,2845940799
7,3991650016	24,8321111283
14,5222624685	15,4928721906
7,8895974176	25,0236743963
7,1012210398	25,0550045036
-3,7193324383	9,0550709329
-3,5623284480	8,3383655069
6,6514892499	25,3029910271
14,9332185739	15,2382138802
13,6506628561	15,3786126317
-3,7584493592	8,4358663903
7,1141651365	25,7001104426
6,6566134699	24,8556090135
13,7002252781	14,5053086226
16,5773859438	14,5260147094
-2,6015356825	8,5134873883
13,1310844867	13,9038756388
6,1401206255	24,4866420777
16,6063843093	14,9036372804
15,4297210839	14,6100636589
7,6782367891	25,3629316318
14,9505211820	14,4907745781
8,7065488834	25,3020040397
6,1996474941	25,4443800370
14,2115619686	15,2218812711
-5,2241556696	9,4138112165
-4,4059069981	8,6301897099
-5,5646270328	8,8265196675
16,3337581129	14,6282293473
-3,6350658051	9,2487066873
5,6256558287	24,4934887666
-3,3766126855	9,3100713296
14,0682568869	14,6041559517
-3,7734879290	9,7843409036
-3,2857851923	8,8603905393
15,4780189623	15,3846968178
-4,0675557571	9,3884079168
-3,6764056109	8,6527383200
6,5903756670	26,0816170533
-3,3795940434	9,3816026845
8,5526030345	24,6930353430
15,8335217364	16,3682198969
15,8107455861	14,4856316692
5,0662527264	25,1643643896
7,2404291938	25,2506936550
-4,3260097008	9,2718126006
14,7661401647	14,9160757165
-5,0696414921	9,3479459950
8,3898425509	24,6338246810
14,6232299497	15,0712719091
6,5337935985	24,9007988326
13,8392062982	15,7947180909
15,1217413737	14,6776430090
-3,2501455677	8,7492581367
15,5826944412	13,9562130739
-3,5409479730	8,4843083620
14,6393406996	14,9599886870
-4,8958368918	8,2197327585
6,5343780442	24,7596289733
-4,4210662597	10,1596390460
14,4611974314	15,0223952373
-3,5244357771	8,5607073213
15,4132479537	14,8054451687
14,8230145630	15,0259987280
14,9565942369	15,2375469445
-2,7100755245	10,0393224816
16,1631148969	15,0889957932
5,4698832032	24,3319755142
6,8285059174	24,7586236100
-2,9145226348	8,6982916650
7,0943677125	24,4199744274
5,7960160632	25,0956561573
-3,7103611781	9,5387486767
-4,9827173435	8,4950598550
8,3823555913	25,2870464352
15,3566628066	14,4857202620
7,5035299258	24,6754403374
6,3581097512	24,6323398982
5,5747023572	25,2704426712
-2,7821099548	8,6706380312
13,8662520384	14,8264765845
15,2052156751	14,5176332894
16,5847449646	14,4904332909
-4,4357089687	9,3926279923
7,9405390361	24,6162922568
-4,3168810015	9,1166072808
-4,3191001093	8,6525065988
15,9542348781	15,2158782007
5,7295565964	24,7471894600
6,9913830597	25,1027053719
-2,6264531091	8,6188752812
6,5979775334	25,3055725933
5,9882995456	24,3950936920
-4,6839468004	9,7909978781
15,1873422960	14,7981964740
-3,4136083428	8,9837975292
-5,2334731246	9,1000821335
14,8522948726	14,6701224447
14,0896345738	14,5557501634
14,2897523739	15,3476755008
-5,0407815415	9,2155853745
8,1033580776	25,0359302891
-4,3626658733	8,9046703535
16,4038718855	15,9218537305
6,1802575928	25,4682818291
15,6594374184	14,4086747817
13,9750506000	15,3330752005
-3,0607302248	9,0266770938
5,5472082830	24,5670600057
14,9140356518	14,9479215375
-4,3851138073	9,1646141122
6,0542075893	25,0547186611
-2,9295302089	8,8582830425
6,1998858762	24,6473289774
15,2386275730	15,8610118556
15,4297540419	14,4308584801
14,2308751625	15,2730155830
-5,5515527593	8,1390246143
-3,3571080901	9,0097565583
8,4538638259	24,8567826860
-5,2437023004	8,3208529987
5,9676369257	25,1302573483
-5,4323071631	9,0127924605
-4,6568418074	9,1327015405
8,4249653206	25,1174787687
-3,6580866857	8,6556501518
-3,3341555584	9,1605773032
-5,7599519517	8,2260285352
7,1483806446	24,6798833128
6,3334130883	25,0262190214
13,7163602224	14,1364232822
-5,8461849509	10,2042054411
13,6686610729	14,5538937159
13,4349098950	14,8353674955
16,8867523626	14,4124276254
13,9155575615	15,1537586898
6,1646631051	25,5070962889
14,8104808311	15,3713433574
8,4647452317	24,8169360472
-5,3663846862	9,2015340761
-2,6353988866	8,9614430584
-4,5189576120	8,4366173743
15,4851309050	14,4438404627
5,7331504416	24,5948310018
-4,6266748427	9,2149872541
14,9889221016	15,4919851194
5,6737402249	25,2900791832
15,2245736511	14,3720314030
15,3591358065	14,3178401317
-4,8379189472	9,5418525937
6,7258259819	25,5231161473
14,5257882411	14,5835523051
15,2026540986	14,6345086472
-5,7099296701	8,5136529480
-2,6355271925	8,8315386140
7,1121437909	25,3554326142
4,6292152397	25,6270249860
15,4439868880	14,8018164106
6,5025492074	25,3306375987
-4,7781084605	9,5876797867
15,3774520210	15,2856841101
8,3750046843	25,3570012240
-3,9151007157	8,3294480281
8,3638073332	25,3293180024
-3,6104668958	8,8416953101
13,0870924119	15,3763919030
14,1450137313	14,7855441249
16,4189839408	14,0854705418
16,6826057000	14,6993983711
-5,7658846456	9,2101840670
15,8629496574	14,7665767203
-4,7215374385	9,1942398659
7,4490335127	25,5810906077
15,8398151242	15,4314650466
-4,2654835219	9,0560204732
16,5514175807	15,2846820839
6,2397660999	25,1835133879
-5,2380017540	9,3965140259
-3,1268595434	8,9819141261
5,9013994306	25,5914676147
6,6808959849	24,6550430968
6,3629814164	24,8668553272
14,0130378142	14,8492318430
-5,3434072638	9,9317207943
7,0304788818	25,5030876660
-3,0346784654	8,8129949311
15,0582911118	14,8931800474
15,7086122928	14,5344060133
-4,0163991063	9,1125672905
7,6260222663	24,8149020618
7,3047270808	25,2387689982
14,4325313845	15,8328709269
-4,5342107171	9,4919876762
6,7644642858	24,7402042725
-3,3858719507	9,0166696478
14,4984141143	15,5865847211
-3,9143552945	9,5049199151
7,2154391550	24,8858598653
7,5765212006	24,5922810567
-4,8949957275	9,1033812263
16,0852414560	14,7674672836
7,0313847550	25,0259145097
5,6012061925	24,6197109417
5,1155395402	24,9582536487
4,7130608601	25,6079395888
-2,9621611665	9,6171625235
7,7648960599	24,9129436424
6,5399704782	25,8758694618
6,7076128717	24,6330485599
7,1576666862	26,1409648482
15,3156952701	15,3695216156
5,8645151430	25,1567784434
15,9316505522	14,6988666394
8,4760765223	25,7495401251
-4,0315160095	8,4181216854
-5,0195074779	8,6079429941
13,7538527228	15,2522491367
16,7023989316	14,4758407673
-4,9840150911	9,8201104136
-5,2792868616	9,1264891216
15,5265339955	14,7234216664
-2,8640871710	8,2890047460
6,3766635796	24,8833364206
-4,1227066841	9,8385030110
14,4061376951	14,3928084131
6,4941510702	25,6402292859
6,4401085190	25,0445524389
6,7931980899	24,8672528902
-3,6720521956	8,7525573815
-3,7613369365	9,5015233885
14,8242752284	14,6502758008
6,0839578674	24,3755624708
-3,4006886413	8,6656008790
15,1991450843	14,4527316151
6,0717059128	24,6678043103
7,2361723986	25,7414544760
-3,4416090467	9,4802961629
15,0819170910	15,8455183210
14,3232344384	14,5718869747
5,7755184213	25,3770127284
6,9682429154	24,9756662414
6,2869705601	25,0857775705
-5,2692362814	9,3015448440
-2,6882295073	9,2505601536
14,6470497844	14,3365797360
7,2032848076	25,0789295355
16,0589270206	14,7198526083
6,5384419196	25,7595448280
8,2176182376	25,3794818908
16,1624548815	15,1576567794
-5,4333472953	8,6953760392
15,0275325343	15,3301256051
5,7557704320	25,0160731822
16,4818373888	15,5352705358
7,0252107550	25,0223368156
7,2098128873	25,7327878283
-4,4633911133	8,4222273044
7,2709511190	25,1098897882
8,3995484692	24,5218740908
15,9470085671	14,5015013322
-4,8912091436	8,8797160716
-3,1371333970	8,9194318432
15,2847105250	15,1902849037
15,6612010491	14,6229320841
8,2349119536	25,6892607708
14,0477213218	14,8798258790
-4,1961149302	8,1180548485
-1,5242391265	8,3737405607
15,4208305695	14,4890991277
-3,6231534733	9,3359955642
15,0137234041	15,1320134369
5,8150495963	24,0468519381
14,9083783161	14,5830862235
8,0051317639	25,0847655928
-3,5018471895	9,9458500663
-3,3668450647	9,4510938800
13,5922723652	14,8721623803
-4,7204098378	8,3367366287
13,4985026264	15,2610923853
14,5857631484	15,2581855362
6,3969733993	25,2793843445
14,9453728944	15,1993982885
-2,5988524017	8,8756817190
14,9912834194	14,0935676263
-5,4638739460	8,5601787414
16,1904088564	15,5007960889
6,0452790362	25,5209068916
9,0603887564	25,3447114632
15,3930692041	16,0614862586
8,3886263759	24,8618496694
15,6284306986	15,3218994056
7,7618378885	25,8384995430
14,1851018437	14,9171456955
6,0736739549	26,1584940797
-2,5857896724	8,6932322566
7,0692776055	24,4383357763
-1,8246997005	8,9936704078
16,6996538501	15,9984666215
15,7543263230	15,3533044586
8,2078161173	25,1786092925
-5,3298325240	9,5014826924
-3,9983642298	9,3195937767
-4,7227139458	7,8727673371
14,1080589121	14,5107731666
-2,3062069424	9,5684265998
14,1016841403	15,2388779756
15,0166677863	14,7011339022
-3,2639160172	8,4758249071
-4,8064853633	9,8672364116
16,9274476624	14,6051701457
15,2077439901	15,2631731736
-2,6399874895	7,9634974951
5,1420019070	24,3869332439
7,9304312954	24,5465655567
15,1408582841	14,2360658433
8,0576179297	24,7243053315
-4,7476744350	7,7139018132
-4,9806068069	8,9096394762
-4,0341894673	9,3865712100
-3,0727214108	8,6954780079
-4,1511105448	9,2740217339
13,9625889687	15,7557304313
15,3331147671	14,0424842251
15,8064447906	15,2602045047
15,5207245726	15,4859202693
13,4191772950	15,8937728868
8,2861931004	25,1022161191
-4,3339208420	8,9962819969
-2,6765477530	9,1918463228
-2,8731869354	8,9214639413
7,4447047320	24,3345700185
-2,8457185151	8,2427004403
8,0865901092	25,4628561222
13,0196162522	14,9405876172
6,3139459011	25,5034244117
7,9710580514	24,6854506938
13,9262518577	15,1864618113
15,2548505223	14,9700695819
7,5519214917	25,3005294093
-4,7054601790	9,0745205360
6,9841684947	25,1217076342
5,8526156728	23,9388336396
6,0346147580	24,9583044372
7,5256102813	25,5400437571
-4,7963626239	9,0739860677
-2,5297719210	7,8577261343
14,8802822548	14,9133734704
15,0958399646	15,0765340072
-3,9798746074	10,1787430399
-2,7747265045	8,8422941484
-4,1952707497	9,7012226352
16,7668164928	14,4793197483
-4,5926247175	8,8112977876
6,7435035219	24,9357455423
13,4469233212	14,4505819941
-5,5617243540	9,0637494075
8,1124559718	24,7060431503
6,3469004593	25,9270269842
6,8880870381	25,3664032664
6,1698917452	24,9901568224
-3,6814910475	8,5598009033
6,7615887381	24,3867301027
-4,7728678915	10,0709885888
-4,0698440786	9,6408414767
-2,9737628411	8,7938894134
-5,1382628393	9,3125466754
-4,4374698954	8,9719762830
14,3610441942	14,3868257605
6,2348767602	24,4299337113
-5,0413276901	8,7883991219
8,8722721322	24,6648398382
13,3116795672	15,7172030681
-3,8524851063	8,5557091007
14,1485407598	15,1824522133
-4,9433206813	8,6772848233
16,2707083787	15,3785161692
-3,1737142137	8,6223824826
-3,5220898924	7,8786467218
5,1538649460	24,6794533288
-3,0441618006	9,8214529359
-4,9639755693	7,9408341473
8,0914790503	24,8449649412
-3,6424434473	9,1057015165
16,2083476045	15,7967437463
14,6681944353	14,8412987559
14,5342265476	15,3619527328
14,8690033921	14,8462646149
13,9458188638	14,9821996570
5,7564389583	25,2956165315
-4,0034825909	9,2952108202
13,8961471466	15,3190617766
-5,0639875313	8,8858164905
8,0813518159	24,7238457655
-4,8878485144	9,0364580640
15,9417861306	14,9015695969
-4,6470086605	9,1609987789
-2,1234412459	8,6494180882
5,5644466855	25,4722741655
6,6609120976	24,9468113484
-4,2287133055	9,2343397942
7,3685193007	23,6866882497
-3,5250901568	9,4221178994
-3,7276093106	9,4926299964
7,6147352021	25,4666409434
6,3405288236	24,9633976201
15,9801323705	14,7047110282
7,0989443740	25,0982380163
14,2316737445	14,8467692484
14,3768833939	15,3070990440
6,8196873067	25,7960114695
14,9592442924	15,6255906285
5,8352436406	25,0340858516
15,7681263959	14,9081779867
-3,2924583612	7,8854949065
6,8457308087	24,7558198101
15,9885743694	15,0324818252
15,0780352216	14,9221715521
7,5290590954	24,7495909643
7,3175897857	25,7571308078
5,8810879180	25,4907636426
-5,2861810082	9,0849994521
8,4145241150	24,8107355749
14,3790362883	14,4182608792
14,4891211706	14,6313226981
14,8317020621	14,9532571132
16,4503118376	13,6077281628
14,4579354136	14,9801014395
7,9902727485	25,6401759139
16,1983567086	15,7937632940
7,7446782536	24,4624845616
-5,3233085506	8,9202541642
6,0564259696	24,5773389274
-3,8715443182	8,9229047458
16,2565004079	15,3685092967
-4,3980895956	8,0475113529
7,6357539849	25,2458276002
-5,3679090988	8,3423797676
-2,9739500937	8,9727991012
-2,7461717214	9,6338210546
13,7377913987	14,6581546883
16,0645756480	15,5181570127
-1,9949372927	8,0753345259
7,9155154811	24,9700342540
-4,7174116466	8,9155426095
-2,9807207844	8,4013526873
16,7582068910	15,3221830743
-3,9315143686	9,4497036281
5,9306322314	25,0005853291
7,1437201931	24,1442435380
5,4401217358	25,2271809122
-5,5821168476	9,4797134147
5,7074329000	24,8598403943
6,4889177863	25,9380581790
7,0173610743	24,6119828323
-4,6642849628	8,8016618388
-2,2274185023	9,5406086992
14,1723508328	14,4834723945
-4,3620024880	9,5318323362
14,5146050948	15,3333074090
-4,4646676339	8,5594609702
-2,6022798959	8,6901907233
15,1728567921	14,7093699860
-3,2043263780	9,7390793466
13,2173137223	15,1440161070
15,9272635256	14,5404760805
6,1057154786	24,6662060609
-4,8671271537	8,9859300793
7,7263584453	25,4685945621
-5,2195266942	9,0528342484
-4,4145201491	8,5448118271
-4,4281249079	9,1986491835
6,5674599694	24,8188355189
14,6246866656	15,6934340904
-2,8475616485	9,2071049092
6,6217201652	25,0987929490
14,4256539176	14,2338832540
15,6540494104	16,1753879418
14,3072261230	15,1720833648
7,2421553477	25,5622470467
7,2053482750	25,0195989684
13,8286822925	14,4269552002
8,4733600139	26,1150709614
-3,6891856460	9,3643707298
16,6696740089	14,8612559384
8,4646729786	25,5708821278
6,3259561858	25,6903179138
7,8954304276	25,8404199019
13,3027978437	14,5390275052
14,3769600788	14,6273584919
-5,0389549483	9,6770961064
7,5537251468	25,2180143156
-4,2343257642	8,8990051157
15,0854876944	14,3654018856
5,7641710434	25,3289348226
-3,6734859650	8,2746328268
-6,3062296848	9,3556792948
5,8119742651	25,4116366069
-3,5657290474	9,9192246425
-4,0344662300	8,9743681485
-3,3351517587	8,8094661778
7,0808242182	25,8586972727
5,8747701316	25,0309619461
-5,0010266191	9,8825189217
15,6551328565	14,5155816188
-5,3013333436	9,1306858035
7,8774239465	23,9094012968
14,6485149844	14,2650345710
14,8013078602	15,5127724036
-4,4384018546	8,6152668780
6,3193031140	24,9662176275
-5,1886645968	8,7017297011
14,3973299528	14,3759510525
16,4053405954	15,7339810008
14,8225723124	15,1229303830
-4,4181553288	8,4601116261
15,7653696289	14,9187470355
7,3706080639	24,2657779041
-2,4196248163	9,3680119028
15,0556105014	14,2683790135
-4,6572824292	8,7127772600
5,7082921753	25,8868791488
14,0444900697	13,9699037002
6,2432011219	25,4799350679
-5,3727829203	8,3674703166
13,6994317522	15,9723128004
-3,1251824454	8,1515408759
-4,6549726023	9,4471506772
8,3008046308	25,2862810551
14,3490830332	15,4212157951
-2,6204710664	9,6741427629
4,9999708210	24,3747442087
13,2384246848	14,9498951867
-4,8232780898	9,6452204621
15,6822603768	14,4755070905
-4,9526974980	8,9117786457
5,7072071241	25,1036987981
7,9423072955	25,0327242619
14,7361061136	14,7001895815
-4,6603277905	8,7735866235
7,7093660496	24,0334823819
7,9302944294	24,7336393645
6,5928307144	24,7993266462
8,7130936365	24,9602606389
7,8972769691	24,5396654643
13,6932362623	15,0492700051
-5,0396991122	8,6028944269
-4,8364936846	9,5073784945
6,4503500338	25,3177850423
14,2157774981	15,0046099691
-5,0576123668	9,9723254155
6,7855828070	25,6325322129
-4,1382281991	9,7813739785
13,1767734353	14,5563341233
-4,7854481562	9,3870885412
14,2999559020	14,6686422263
15,4611676043	15,8552577315
14,5927635616	15,5057203187
-3,3131894315	9,4895739438
7,1333191206	24,1699943075
15,4675260168	14,6282914127
-3,1242169977	8,4000910846
-2,7484550243	8,9111364331
-4,7485345849	9,5745225308
15,5448927955	14,7933128332
-5,4912482671	8,9316687792
-4,0138185888	9,2661873474
16,3744429141	15,3548962071
7,4331784005	24,4692430956
-4,7630813754	8,1674430370
13,3947682770	14,6872877943
8,0416699231	24,8101728527
-4,7582715950	9,0276545824
-2,2654935543	8,6857913522
5,6771710739	25,5438956015
-3,3222612417	8,5344311646
-4,7185935111	9,0536587653
-2,8478558718	9,1453819580
7,6529778687	25,1448681169
6,7920964846	25,2122165065
5,0446200619	23,7957837413
-3,1596097484	8,3010453596
15,6455616711	15,0870793818
-5,4676357790	9,3544407785
15,8360598946	16,5354541738
5,9659188462	26,0128582750
-3,3526235084	8,3547755020
8,0888529860	23,7057634894
15,6829782301	15,0471476373
-3,1563234407	8,2473236635
-4,0835165744	9,9580589700
14,0925348504	14,9264837013
14,4610588023	14,5392937132
14,8393469485	14,9849017521
-2,9285569653	8,6981701944
15,7614683330	14,8592960236
4,8866538784	24,8688428432
13,0078024916	15,0670527855
-4,4718606574	9,0399342624
6,7961243706	24,7934890907
-4,1264455663	8,4379989452
7,5877413374	24,3118128846
15,2996486787	15,3766021999
7,1049083492	25,2675150569
6,1773476247	24,6688430885
5,7393511159	25,4746033311
13,7994296671	15,4047812714
6,1903822771	25,0959231804
-5,4675247671	8,3951698092
-2,8825252335	8,8799431638
6,3734022298	24,9537573883
13,7546796114	13,5369616669
6,3598153807	25,0698027071
13,5511227093	14,3839434421
6,4782621206	24,6979239934
-5,2076253601	9,3923712838
8,4943347570	24,8859898305
5,4352757204	24,7879283727
-2,9881294309	8,4670422451
-3,5330402767	9,5339538024
-3,3790607231	8,5491826363
16,1063932672	15,8585960865
-3,9957082698	9,0281495148
-3,6457687043	9,4403141766
5,5445908486	24,2977038752
13,8628112608	15,6796162821
-4,1254123479	8,9474236755
14,9640154541	15,1135639889
7,1310317904	24,9257664991
9,0945048052	25,3107309957
14,1534490778	14,8314425351
-3,5025994788	8,8380510985
-4,1292115314	8,7289707433
15,7902372712	14,6415503024
15,0129178716	15,8637821627
-4,3660881105	8,7675757972
6,3831998566	25,4067677975
6,6805437882	24,7484728495
-5,3733202274	8,8477571287
14,9181643215	15,3932637126
5,4615872308	24,8310642616
12,8428942339	15,3648827595
8,5620024057	25,2904962791
6,9867947776	25,2438632683
6,2672288995	24,4453382730
7,1723963462	23,8920317457
7,4466445254	25,3563067103
7,0479825024	25,3857003724
16,3129721205	15,4656437083
7,4214222796	24,9591008629
-4,9481782406	7,8930847863
15,4461131888	14,4960198687
5,5315444928	24,6957375904
16,0383120623	15,0002821254
13,5393331767	14,9246455168
14,5530194625	13,9329398729
6,7018180960	25,8553136716
-4,0980230511	9,7631319513
6,1957190504	24,5518671486
-3,3054078468	9,4652379294
-6,1250494593	8,3045939644
-4,1891365551	9,0432984987
7,5472578810	25,1313377469
7,5744569571	24,0990503733
13,8626711695	14,2226368876
-3,1859256018	8,7602538925
14,5415071726	14,9494352640
13,4583850260	15,5607285369
-2,9082862328	9,1522803803
7,1774652592	25,5649524898
6,9302670157	25,4648073744
-3,9611522802	9,7488735226
15,2219446636	15,2692331348
-4,9522789280	9,1418206067
6,0854364555	24,4167563011
-4,2106832317	9,0852765649
-2,3244712185	8,5750942692
15,5307918305	15,5864693129
16,3726689713	14,4921438916
-4,3611313108	8,7009050253
17,1606500743	15,6798788365
-3,3302072823	9,1732518720
-5,5474722452	9,4884719414
15,0338298664	14,6246972172
-4,5728099763	8,7648546171
-5,1116141041	8,4639753089
-3,0847989270	8,5663156456
6,5325878533	25,1003694250
-3,7161412794	8,7219099983
13,6893167461	15,2816285081
-3,5170422919	9,6012718555
-3,8580864216	8,8553999105
6,8060331440	24,5191769553
16,2552896432	14,7491843516
-4,4184196875	9,4522834064
-4,4899301941	9,1669277651
7,1930007763	24,4290537802
6,5157288318	25,3576300621
-3,8592306068	8,7772938997
14,1572688532	15,7719929209
-4,0592289292	9,0410573079
6,1596968030	25,0320073336
15,3083410412	15,1777738795
7,1333158765	25,1686908293
-5,1771714566	8,5500002043
16,1208843401	15,2512244815
15,9917519488	14,8812602921
8,5920563276	25,7877114836
-3,4977835504	8,9510478312
-3,6305587715	8,8801786228
-4,5992106782	9,4470591650
14,6391561352	14,1615256032
7,6399584834	24,9245914001
-5,1354907780	8,9714042252
-1,8209037746	9,1454212879
-4,4243225014	8,5926186977
5,4711854752	25,0013262197
6,2324844827	25,9004900231
5,6820592265	24,7483515005
-6,1114241901	8,8963507093
-4,8805256560	8,2332211159
5,8197796269	25,2520472812
7,0130379662	25,3797342923
14,0993846581	14,7337817229
-3,2177568931	8,7184151185
14,9442361201	15,3032693202
14,6314871774	14,7265561825
6,3315291271	24,6569328855
-2,8875577900	9,2410981508
14,6756477951	15,0275461852
7,8116464518	25,9603026139
15,5885314103	14,4786362326
5,7319006949	25,1723126404
16,7375649759	15,7388972961
-3,2602063112	8,6886256954
7,3759916183	24,6787696116
6,5747576331	24,6470187380
7,5439329083	25,3077441908
14,5012719971	14,7868174493
-2,6040006515	8,1180757806
7,5539396524	23,7577632209
-3,1948817797	9,8300151931
14,8809031347	14,6006898464
-1,6243163420	9,1895455785
7,3799690158	25,4503422548
12,5685519723	14,7596728988
5,7559460689	24,8393258069
-3,4630904186	9,6244810478
6,1747138564	24,8792321216
14,8547283281	15,1879638994
-3,6177551002	9,6652003064
7,0078609012	24,0845126022
-4,0569960495	7,8274542372
-3,3566290868	8,9503761851
13,3800652123	14,9216831449
15,5833009422	15,0137494077
7,2487613100	25,2096946143
7,0688727313	25,8142785588
16,2542132428	15,1267801724
13,8086314866	14,8533280581
7,9213127185	25,1738814063
13,8713699674	15,2195457643
-3,1269754205	8,2959295217
15,1874834237	15,5177576451
-3,2355577744	9,3674193667
7,0114261133	24,8243057977
7,8554825557	24,9647130045
14,1057066551	14,1994731676
14,7870261828	15,3616014930
15,2775594133	13,8008153233
13,8911848913	15,4401746701
5,4952553642	24,7259012729
-3,4045186630	8,8299223593
6,8450676435	23,8790376388
5,6441216737	25,5722330119
15,4656328932	15,6005648495
-3,4951143724	8,9052987245
13,4416162512	15,8188260014
-2,7554982440	10,1246903112
-3,4503157370	9,8952373543
7,1910319873	24,7389986608
16,1314389763	14,9454614492
-3,5437501840	9,4765042990
-4,0780329281	8,9206604788
-5,1874978502	9,4178826292
8,2928374274	25,1946752602
14,1522322306	15,2665123969
-5,6601991833	8,7339640744
8,5142539544	25,1981153189
-2,5076256387	8,5322540085
6,0644151986	26,3095483763
13,9979148708	14,5916431961
8,4326795652	24,3850052048
8,1314486390	24,3894446669
8,0024382101	25,3025063296
8,2501097375	24,8726258928
7,4359863914	25,0601765541
-4,3925411788	9,3355947900
5,9372009182	25,4277483654
7,9276426576	25,5943616888
13,5878883835	15,2253165144
-4,3223236562	9,2681233385
15,2841034488	14,6277271516
13,7050819923	15,8695406934
5,7038014676	25,3311174135
13,5926789827	15,0615175339
8,0108242013	25,0248478511
-5,5239370549	9,3837114288
7,3332003747	24,8036372777
7,0173629213	25,1858129070
14,9347867427	14,9147336755
13,6368009114	14,6891814497
15,2264411662	14,7559364401
7,4324853996	24,4029132313
7,7626905973	24,7348032770
7,6235388039	25,0742874958
6,8652791252	24,4985845668
14,8678676815	14,7604406505
-3,6807178414	8,8146914654
7,9508580712	24,4382428118
-4,0738883163	9,6736299396
-4,8722010754	8,4517137422
15,1882214345	14,6119294995
-2,2148608566	9,4678104665
15,0196046477	15,2309292326
-4,6508226275	8,7905671816
-3,1168999969	9,2610001677
7,1453761747	24,7615704492
16,4237490759	15,7536588147
-3,3921119806	9,1735133508
8,3377744320	25,5895113844
15,4923212692	14,3028727869
-3,7772445680	8,6687316379
15,3958652951	14,9373377182
6,0846361763	25,1640784085
-2,9064422341	9,9051226721
-4,3563728389	9,7441191536
7,5805147183	25,1232008939
5,5383279241	24,1859123037
-4,1953774561	9,2523020357
16,5408152880	15,1026756427
-4,4710135411	9,1341048492
7,9695478811	25,2962496743
13,5783169115	14,5259899268
6,6251001199	25,0545545730
-3,3668076332	9,0216257783
6,8435249783	25,1687283358
-3,5772896260	8,6840932341
7,4640816189	25,3945136256
15,6946260403	15,3673832831
-4,7786704449	8,7059955037
7,4746201710	25,2830555787
-4,9588584115	9,6243849276
15,8558010874	13,8367656489
6,8386846476	24,8356363250
14,4909412075	14,4241066076
6,7870196820	26,1027254014
16,2097980954	14,9443453762
15,7664887776	14,1812806180
13,6082261388	14,7452486176
7,6779342521	23,6766335380
6,2940357849	25,5403412770
5,6929772579	24,8790841824
7,1936467879	25,5266936297
-4,2940607642	9,5682789909
15,3757241143	14,6905590075
13,4364952363	14,9926152428
-3,5162770712	9,2662537701
-3,5078276383	8,8700256097
5,8652525882	25,1665864851
-3,7419016808	8,3336460240
8,1061515789	25,4750430266
6,3383381992	25,9078532420
-5,4061964325	8,8461284697
14,8526107154	14,0043523290
13,4504669869	15,3044208028
-3,6303148195	8,2864354939
13,0905562172	14,3835131254
-3,0477983958	9,4217807044
-3,6651334243	9,0811131378
7,0821218716	25,2748392687
7,3123941588	24,3635998506
-4,7152938749	9,2844092049
-2,6323969226	9,7709529566
-5,7849728614	8,6536052903
-5,5974997660	9,6209496697
7,0226285153	25,4311147651
-5,3882837342	10,0666165726
-5,4700853379	8,8416914933
5,8973603842	24,4263443863
13,9252558525	15,0370196540
-1,9698843246	9,2862596599
-4,0860160131	8,9962730437
16,1062244842	15,0358995765
13,5750679178	14,9350459204
15,5184214286	14,9700327142
15,0054271145	15,3985818635
7,9822692693	25,5899636830
15,4847853170	14,0448728148
7,6725981062	24,6894250419
-5,4726361573	8,0241059051
-4,1016746129	8,5775509096
5,2166668805	24,9616755113
-3,6326878124	9,0935921406
-4,1282381865	8,6030125973
-3,6354410924	9,1425163671
-3,0150772710	9,0729699541
7,3981951535	25,4082275649
13,9417098216	14,6870577606
6,9072230787	25,2695161029
5,8785916331	23,9903959752
14,3944457145	15,0631720411
7,8649499134	25,2780978919
14,9303519328	16,1712340348
15,5109807482	15,4050349311
16,1002849697	14,6249733625
-1,7783105198	9,7557653782
-4,4960250431	9,3907501478
14,8355846623	15,0259973289
14,2978958502	14,0362718789
15,6825436484	15,0315025884
-4,4352688373	8,6649422803
17,2343298082	14,6202967833
-3,8500587881	7,6436286429
-4,9901231037	9,5540524874
5,7999942649	25,6497464117
-3,7075607578	9,4807345899
-2,2717551556	8,5048852387
-5,3181573448	9,2610941225
7,3917150420	24,9772731516
15,3927990201	15,3651234195
-5,7517776632	9,0835207211
16,1253436923	14,8968678369
5,7671907716	24,3437391386
-2,9671196919	7,8468316327
16,2310593525	15,4206362565
6,1067646484	24,9094258101
6,5102426844	25,1952065899
-3,1450017123	9,0094060408
-4,6121494545	9,4212392134
15,5605779239	14,8736659545
14,4639639228	15,3391183373
7,3775308711	25,2963564739
15,8911056198	15,6959496923
6,6640689541	25,2857387069
-2,5761031829	9,8889854183
7,9817860889	25,5842674163
-4,8370917438	8,6187875715
-2,8624570854	10,0121225395
6,7445082332	24,7524935123
-2,9548662897	9,7519937830
14,2875928571	15,7954899322
8,4133814995	24,6232789207
13,3749173996	15,2025725056
6,2798109921	25,1807804419
15,9360529162	15,8360459284
-4,1317989083	9,9138919512
5,4734178658	24,7004673216
-3,6229893340	9,8870416155
-5,3131831247	8,9981662917
-5,0998732896	9,9111483815
-2,6413899474	9,4412983169
-5,6049176449	8,1957734163
-2,7263265509	8,8919082892
-3,1018768197	9,0690386917
16,7131350185	13,8049922708
-2,3756776252	9,5237797082
14,0860832394	15,1600591255
-2,8413244163	8,9804227721
-5,0791973918	9,5375004260
15,0410748873	14,2305113668
15,7858444765	15,2165542600
7,1596580604	25,0938735634
-3,8216519708	9,4276177307
-3,8670141085	9,1277123617
16,4178121009	15,0871720587
-5,0323650139	9,3449884655
-4,4884329963	9,6917613903
7,3243061452	24,0326356660
-2,5135654856	8,7040350740
14,2325997637	15,1376655386
-5,5656788652	8,6238635671
-3,7350102806	9,5013584258
-3,5133271531	8,7607952283
-4,7108423532	8,9272578680
7,4379550720	25,1207383554
14,6723040498	15,2410334747
6,5044543633	24,8772899556
5,9660600348	24,5437878203
5,8687906386	25,3916368029
7,5726889768	24,6454620072
16,2361164671	14,6674654025
7,8304565623	24,8629025827
7,6279248799	25,2029552362
-4,7506697607	8,9225985927
7,9296048526	24,8964904031
6,2614125844	24,9388715691
15,1345331291	13,9264993039
7,4812754301	25,1197655400
16,1470969182	15,3062608048
13,7924191681	15,3322184890
6,3147965384	24,3023890845
5,3211502633	25,4320482661
-4,2256712693	9,2703511307
13,5997200649	15,0476716433
15,8918342636	15,5640794303
14,7199873724	14,5548021957
6,4597085030	24,9045921929
15,8891631005	15,5131583621
5,8329028215	24,2989002534
14,9047480564	15,5005422528
8,2194014490	25,2679895948
-3,9269491425	9,4033152026
-3,7916438784	8,9263561208
16,3794368036	15,1176805384
16,3867780153	15,7957299386
14,2889967889	15,4069213447
-2,5565552605	8,8294890101
5,8483071197	24,8364977924
-4,4081575029	9,0529542401
15,5861190203	14,5695948797
15,9650523230	14,4655320803
8,3443481192	24,2965692696
8,1883451303	24,1829986981
6,2553873500	25,3452752032
15,8784424763	15,1284119699
6,3153965611	25,1157731864
6,2984409670	25,6576071346
15,0064922413	15,1437650170
7,3595552739	24,9470509359
14,3142593368	14,6838855315
-2,8130693680	8,2494166348
14,6462319104	15,5436767665
-3,4283306615	9,3287179430
-4,4016184764	8,3110561230
-5,0166797501	9,2703635151
15,0557276039	15,4593769567
15,1720805389	14,9087246226
-3,9512257452	8,8477425935
13,1825452175	15,4001103318
8,3679682965	24,7056478832
7,9423083824	25,6589837815
-4,6718843865	9,7149414649
16,1880874136	15,1740555541
7,2718357030	25,1152735808
-2,9259575426	9,4212491616
6,5682291686	24,9409030874
7,5826567313	24,7800306040
-5,5199460011	8,5946644272
14,9141347784	15,4755258459
5,4863520747	24,8310580460
-2,5608972054	9,6660691389
7,8568977626	26,3360877393
15,9252915052	15,3053504612
7,4363597175	25,9617803232
13,2397258027	14,2261579777
7,6687757087	24,7531472976
-4,3972178705	8,8574118064
14,6210736696	15,1461784438
15,4508042592	14,4081658770
-4,5383683685	8,9138500991
7,8002810589	24,8426504206
14,7664467047	15,9834839830
-3,0551250566	7,9556404497
-2,7321936311	8,8784611768
-2,8722243505	9,0112615442
-3,9307051841	9,1097593748
-3,8626160828	9,3135491949
8,1452901213	25,4163986791
-4,6913483983	9,3495149889
14,3808837873	14,5077742274
5,5262476549	24,4786463881
13,1284073005	14,4217304814
7,6370306058	25,1581926315
6,5663315535	24,2295533458
5,9380301765	25,0564431665
-3,2561357792	9,6832598168
15,4626356073	15,7201889607
6,1104815353	24,6428731054
-3,6246386723	9,1214949803
14,6693782225	15,2657476718
15,7576724246	14,4374170650
-3,5651798805	9,2489886194
-4,7724187105	9,3305572383
7,3537660356	24,9796216611
14,9287813897	14,0270384974
7,9094148949	25,5631187994
6,4576365857	24,8357769223
5,7696518661	25,0996229262
6,6673627512	25,1345826605
5,4410476007	25,5321230282
16,5250323912	14,6136665810
6,6730550174	25,5979848130
-3,6599842552	8,7924902654
-4,4511716054	8,7414086535
14,0214384740	15,3473026199
16,0985997674	15,2100038733
14,5457366509	15,4369973765
6,7468454105	24,9123562739
16,1572402793	14,6447145504
14,1334394294	14,7635200819
14,1202357322	15,0027647822
-3,8100294205	8,0252145483
15,6467746055	15,5133912026
6,7741074508	25,5004123598
15,0372450723	14,7857668675
-3,7651076369	9,2795674727
6,8977490493	24,3811792199
5,5626809790	25,0281715554
16,3838914812	14,9938504327
5,6483427782	24,6005115501
8,1242648003	24,4727959206
15,0254564556	14,8485167039
-3,4380163885	8,4050631358
7,7958908373	24,6832076272
16,2407334378	15,5294425089
-4,7708669996	9,6869075759
15,6982898273	15,3439812337
8,1742639871	25,0030502062
7,0247707450	24,7897960887
15,6911139205	13,5209016788
5,4831826909	25,6277084440
-4,1511722864	9,1813824661
-2,5135911188	8,4365884039
8,0763279401	25,0977247064
-3,4025755983	8,8934738580
5,9440804648	24,1544180678
16,0925282731	14,7710624435
15,6759580622	14,9868242082
15,3742805518	14,7165836940
15,4960917942	15,0985301837
-2,9883101344	8,8737896409
16,3301010901	15,8411352736
15,5186465757	15,9565436212
13,9719293264	14,6890340712
-4,8026041611	9,2457261674
16,0262290304	14,7619775829
-4,7624338699	8,2780690455
8,0672735852	25,2576334832
-2,5386957335	8,5711309588
-4,2899885466	9,4572072631
-3,1835947917	9,2575052152
16,0499820903	15,1511339112
8,2105162532	24,8753569731
16,4525190618	15,0740164117
6,0952289177	25,5383006627
-5,0308319256	9,1618992957
-3,9871586265	9,5733943212
14,5713972589	15,1696925330
-4,2768374991	9,0807150383
14,7045639779	14,8108527263
-3,4735062014	8,6996416541
16,5322173241	15,3211231999
16,1178125123	14,0539346087
13,5781017643	15,6890167933
6,4883449195	24,9934788980
7,9585554295	24,6817497775
8,4664556789	24,2373211532
8,2178879736	24,9207051120
14,6010804861	15,4553905487
7,4821469703	24,4511397764
-4,4779862430	9,2824250445
14,5076705491	15,0451595675
-4,6379047544	9,1031569075
-3,4676319566	7,6900101498
-4,3919941390	8,5725691898
14,5366957788	15,3186364116
5,6003781385	25,4033274074
14,1503309030	14,8151515302
15,5175937829	15,1184587852
-3,7348973840	8,5564418863
-4,0272421725	10,0814281138
14,1600678788	14,9095697241
6,2985957926	25,5417003323
8,4978869019	24,3547353957
6,5937407694	26,6512306695
-3,4544684705	8,7044598756
15,5216003241	14,4532766936
15,6050349940	15,3380271493
-4,4863467870	8,4961067226
14,9492609339	14,6066489824
-5,6997557758	8,6733806806
6,1645637927	23,8035875102
-2,9634462351	8,9790090975
15,3793681047	14,5944698586
15,8871984180	14,6724481793
6,0521243004	24,9985727878
5,9521078098	24,9051543253
6,7185516400	24,5979594473
-3,1270814118	9,1040019928
-3,2523884630	8,9320497478
16,0284095643	14,7682058051
15,9265834348	15,3990307116
7,8689775076	24,6858701145
6,6990591300	25,4910925998
6,0693028057	24,7959479699
-3,7508502214	9,9459414259
6,4939523290	25,3813373387
-2,6485522554	8,9978635236
5,4882277414	24,4384004278
14,5016858397	14,5825676083
14,8793699748	15,0971719582
-3,5694526312	9,6461926686
16,5763569312	15,1838229404
13,1987532248	14,3291068461
4,9243155895	24,7517319815
-4,2837295171	8,4258057337
7,8487478521	25,9153340354
-5,7190544974	9,4119337394
5,6432126568	23,6473395922
-5,7149445997	9,4344069576
-2,6428239395	8,8565199469
16,0606654347	14,5489710791
-3,5420546552	9,8129943056
14,4773964572	14,5497305960
8,6624628250	24,9624524583
8,4360821605	25,1073063009
8,2536272548	24,7605965517
13,2245149592	15,9314042513
6,5170755958	25,0654644418
15,9489145371	15,1463450145
-4,9520354318	8,4088703749
-2,5108364216	8,2720393675
7,5789728681	25,6774722593
8,0635379523	24,0380438233
7,9501039345	25,2551935967
15,6332022251	14,2774091619
14,0688410914	14,8776046017
-4,2954240498	8,9958039714
-4,8284541308	7,8668303414
14,6528580483	14,6744435957
-5,2925367197	9,0274425071
6,0843813543	25,0995069155
-4,4510101342	9,0700635093
-5,6828912765	8,8926335899
7,6104006416	25,5620509406
-5,5475713458	8,1306536159
15,6701772854	14,3797491756
7,4731367690	24,2432830535
-3,0470391582	9,0029058598
15,6660922589	14,5941415388
15,9567477577	15,1682348517
14,8205567646	14,4774973658
6,1274987851	25,9053222242
5,4119172378	24,6051565356
14,7787155609	14,9649972232
15,7301952482	15,3227979892
14,6085355983	14,4437708002
-4,6616977991	8,1754833941
15,2983206376	15,5507351875
13,5018583346	15,2264987188
14,5086628841	14,9147209645
-3,3229868665	8,0526274617
-3,7841329176	8,7126546658
7,4904829565	25,4739952408
-5,2766179909	9,1887913844
-3,6562757429	8,0266763680
14,8534788387	14,7001541396
-3,7762697350	8,9843426898
16,2520754806	14,4917053157
14,9756757149	15,4561093968
5,1013676673	24,4529018612
15,1553089434	14,5851606523
5,0565076149	24,6716711541
16,1234234114	14,5419510388
16,2569338641	14,8278853167
-3,8393206117	9,4408421311
7,8303898745	25,4075230432
7,3721190911	24,5166266617
15,2681981021	14,9351699980
15,1217308237	14,5533277912
7,6360839192	25,0713136309
14,3948766218	14,5965978017
-5,0636497928	8,6156699193
16,3817053169	14,9332233420
-4,7900703885	8,6237749675
16,2522624088	15,4015260003
-3,1006483760	8,1577523491
-4,8243544536	9,0342806637
14,3558053650	15,9993390148
6,6223058562	25,0523649733
-2,4984591592	9,4280997562
14,4289575310	15,1087956353
7,7273168073	25,0713852389
15,8734856610	14,6128374689
-2,6411298067	8,3116728222
6,5273124173	24,2229312751
15,1894818276	14,6891741808
15,1835953208	14,8892520088
-4,2694498069	7,9766987638
6,5974664514	24,4797521330
-4,2769330331	8,5402208625
14,4853194134	14,5064371217
6,3074617461	25,2134589301
-1,8439248268	9,2856451130
-3,7388273608	9,8276279174
15,5012564987	15,2178823382
6,1264257346	25,0163033513
-3,5092830269	7,8978099878
7,2962920779	25,0189618423
13,7380325150	15,4356756547
-4,4171408203	8,6747050590
-3,2911396754	9,4614474352
15,4369344121	14,6170195834
-4,8641013425	9,0645577913
-3,2279330905	9,5836682946
7,0035033058	25,6917191646
16,7631020206	14,8340271891
-2,8518110565	9,3173735946
-3,8484081810	9,4750462199
-4,4659685014	8,4979320050
7,3322484099	25,0271820251
14,5621179634	14,6692311654
4,9271517541	24,8972009607
-4,5940361406	7,9552425042
6,7988465268	25,1470558379
15,5090083547	14,5315805097
-3,3162367743	8,8936486553
8,7143862243	24,7236162937
7,0254506906	25,1915823317
15,0334352048	15,7198528767
15,9080367938	15,5595537495
-2,5172513259	9,0064236435
14,6294459094	15,1174079395
6,5746515526	23,8193231351
5,7041331176	25,2107323017
5,9476004584	25,2390907252
15,9052867713	14,8629815118
-4,5819364260	8,8678616929
6,5102851694	25,1052717330
-4,8975217686	8,9420171854
-2,3780689640	9,0851432738
6,2008184910	25,3398612634
-4,3075845460	8,7280562218
-4,0816772787	8,9443786432
-4,0657686216	8,2567153006
-1,8359799864	8,5088801743
-3,7879128761	10,0343172689
8,1549567037	24,5653149269
-5,0251721827	9,5369046942
-3,0840361408	8,4440172129
-5,2501025797	9,2416238073
-5,8279428395	9,1889861422
8,1579315760	25,2164559755
6,7425171687	24,8470621581
14,5185312506	14,7222893254
5,6724258894	24,1914474003
7,4108641914	24,5026435863
7,5153643130	24,1316060730
-2,9387256126	8,6297915340
7,1729443455	24,5142186820
-2,8894327812	8,9684921171
-4,4718033392	8,3642571544
-4,7974064973	9,4215853737
5,6674284713	25,1452923165
6,4723965480	24,9027069079
6,4479216635	24,4220310086
-3,4868948555	8,5808416606
14,2713915778	13,8175326451
-4,2434377944	10,3130676053
16,1598260264	14,5098594874
-2,3033880099	9,5822262987
8,4300308406	24,9843831739
16,2941732060	15,0843701978
-3,7511506937	9,2336716263
13,9660626321	14,5844281520
-3,8359612082	9,2836507333
6,5792109372	25,2529311064
-4,7145311582	8,9687324524
16,2722871137	14,3846503625
5,9193976855	25,8670173116
15,8271202741	14,9488662609
-4,5441662443	9,8749641532
-3,5731458879	8,9779685630
6,5043403205	25,1119419733
-3,5104398839	8,4328324493
13,5312386405	15,1741877003
5,8105313456	25,2069337372
6,6299489061	24,9010228477
6,2263713550	24,1202810120
14,1555764820	14,7312625440
15,3781473204	14,8625297715
-2,5976767191	7,7854110829
6,1028710744	25,9627609831
16,6979532171	15,8236567449
6,0561805190	24,7671229829
7,3164958182	25,0168477940
14,7576557600	14,6424892588
-3,9070681509	8,4848915902
15,7781699295	14,4799191768
15,4761925647	14,6807226856
6,6971278452	24,5345072835
6,7547369534	26,0701148067
14,4364022636	14,3970219722
15,0605267892	14,6453280066
15,9568152208	15,0282437528
-2,3272709817	9,3877290578
6,5884520444	24,5282005539
7,5847078650	24,6240706936
-4,8747772914	10,8750243022
6,7181443309	25,5657046429
6,2423618299	25,0593345513
7,9637474991	25,2914200749
-2,8109122079	8,3646989102
-4,5682682198	9,4753799907
5,5400124527	24,6583795539
-5,1541391316	9,3298759320
-4,7807238408	9,2247840474
13,4872322225	14,3424622729
13,9734260982	15,3305736952
7,3557783106	25,3523844074
15,7895576307	14,1712433755
-2,0664629596	9,4147561129
7,4830042823	24,9881641594
7,9798283781	25,0580206861
13,3816398543	15,5542579555
6,7723343743	25,0641366934
13,3038193823	15,6606505365
7,0896084524	25,2419106648
-4,7004425313	9,5139176024
6,1194098335	24,7938489807
15,9542307172	13,9780562881
6,3425493323	25,8644372761
13,7679201307	15,4173306629
6,8824962555	24,9785235583
6,2544824800	24,5261426276
-3,0282965420	9,1541438021
7,8728645671	25,6909640097
13,6096955646	15,2531109511
-3,5241079474	9,5117599597
14,0515943367	14,9972194744
14,4038855047	14,4391369376
7,9896377962	24,9264514318
15,3879078189	15,1924168512
7,5696500595	24,1595843589
8,0855814308	24,9654268062
-3,7386842244	7,6635568803
8,9021693384	25,4327453194
14,4306062208	15,1233915798
-5,6895749559	9,1058025072
-2,5397922785	9,3378952512
14,4478623087	14,6113742392
-3,1236081281	8,4574199274
-5,0301459418	8,5337322754
15,1712440549	15,0547928519
6,1117385642	24,1496752695
6,1806426351	25,9568350927
-2,9613423005	9,6158095617
-4,9090353797	8,0185190593
16,4392463653	14,8950881832
-2,6749381186	9,8836334593
6,1510914406	24,9067896457
-4,4347636974	9,7342191589
-4,5543775188	9,0845717774
5,8358231375	24,9044092347
14,7810625046	15,1419413291
15,5660175216	15,4306570116
14,6343916968	14,8339184193
6,1278661954	25,9035728079
-4,3714118229	9,0398696935
-4,5540141286	8,9538346231
8,4507695451	25,0668241082
7,0090186772	25,1168581918
-4,7530954269	9,8030313686
13,9590042066	13,9389009849
-4,4628372160	8,5649380887
14,5884320374	15,1360124115
15,7003891979	15,2999022194
12,6439918872	14,7698074146
14,2425993992	14,3406593611
14,7475966514	15,7512417030
-5,4207458067	9,1723829650
-2,3042719436	9,4142306765
15,9999480651	15,1057096626
5,9781972053	25,3759884216
6,2446877948	24,9468105374
-3,5005714216	8,4980306212
6,9170311868	25,6652001372
-2,7529357144	9,9099960092
16,1427402807	14,6848266737
8,6213917928	24,9234841877
-3,8507343435	8,4880949091
14,2845204310	14,7902906359
-5,3630578327	8,8258091184
7,4087740972	25,1119627213
16,4302259877	14,7266282212
8,9846331735	25,7271402298
-5,2178819531	9,3713064828
6,1323662811	24,4627442148
13,2023514864	14,9375759748
8,9600682119	25,0532677212
15,9840324792	16,1696535153
14,7557430267	15,1040458914
13,4222975017	14,6889043153
16,3167375428	15,8510737776
16,5309487284	15,2256892591
7,6799900153	25,0474123141
14,0222867224	14,7174656132
7,3247716561	25,4568375774
6,0098436711	25,8245399673
16,6099174725	15,5045667573
-4,8112514308	9,7535262745
13,9461163124	15,1226777641
15,1055888981	13,7281421888
-5,4497451990	8,6543292668
-5,3527995852	8,8513745995
6,2337217584	25,6218833666
14,0014955213	15,8577573982
-4,3251015432	9,7164914752
14,5618565392	15,2992311765
-5,1428593165	9,7445833192
-4,7065915019	8,4697667204
14,5820112993	15,7400247192
6,7000907063	25,1516801023
14,2625500190	14,9278855947
-5,3623211981	9,2836375520
-3,5627494397	9,3151008006
6,1716174161	25,0872479052
-4,7953171616	10,1826168253
-3,2996284017	9,6625018635
-3,9370936578	9,0991110263
8,4888619417	25,0257487726
15,5978791414	15,2853734788
15,5659572626	15,6511719786
16,0927299874	15,4643538606
16,1240648531	14,9097276851
-5,9000749815	8,2591681616
14,5226370351	14,6886246563
15,2848803141	15,6922164512
8,0622179485	25,6267317755
-3,5234007045	9,0099212821
7,5728180282	24,9578476246
-4,2222371259	9,2429632974
-3,2309383294	9,4873221776
14,5975224793	14,3705179748
14,5346449355	15,2521340051
7,9399770814	24,4683121686
-4,1286432937	8,5587360222
-2,7617017572	8,9841714305
15,7640793895	15,0565467195
-5,3880751338	9,2170437029
6,1774946546	23,9922422686
13,4933152929	14,7901011852
7,5648844290	25,5517300358
8,2013027945	24,7902015839
-4,3172125117	8,3759494736
15,0995581046	15,5414872151
14,9692116118	15,4094815801
7,5758240329	24,8669054186
6,6673049340	24,8810238401
8,6589882967	25,1029007505
6,9978458899	24,6656233557
-3,8002561959	8,1965717825
6,7772367431	24,2321815716
-4,2496315945	10,1497922929
14,2708472495	14,5538968605
14,9488079126	14,2087835543
14,3669511260	14,9592942986
-5,2938702221	8,8252696264
14,1168810451	15,6570908070
5,4262742542	25,7394800459
-2,8200156213	9,0569996218
5,6451285701	25,4723611381
16,5691182093	15,1510980108
16,0785992638	14,2339885836
-4,5181694940	9,7245745265
-4,1577882102	9,9788542899
8,7885565519	24,2531579696
13,7147882083	15,0441467955
-3,2970946170	8,9243059014
-5,1443357135	9,3991234279
-2,9910741016	8,1085012305
-2,8450766216	8,9397931815
7,0777140649	25,4802528084
-4,0730154550	8,7955799627
-5,5700444524	9,4719428762
14,8118568219	15,2878546516
-5,0369259127	8,9556847575
13,8801109340	14,7704505812
7,6514235560	25,3016087877
14,9471127753	15,8561100199
14,1716568305	15,0541625479
8,2700130393	25,3542549528
-2,8207377576	9,2282409521
15,6195681410	14,5903788185
14,5768146907	15,2168452680
7,0590094561	24,8358034256
-4,1080578589	8,7710478670
16,3695179254	14,0938821610
15,0765402391	15,3531748301
-5,3066951561	10,0463120421
6,3921182129	24,7083490009
14,3289661021	15,0576627579
-4,6544791398	8,6117459770
-3,6287864882	8,6649587307
14,1824920273	14,2444758613
13,6944156701	16,1215439384
14,0371784066	15,1320865600
5,4526978013	24,4523169952
6,4832586286	24,9449040265
-4,0772207631	8,7743618203
-4,1798816282	9,3615766343
15,7903060821	14,4058883751
6,7876199799	25,8716037429
14,6045933499	14,6407680285
13,6291916769	15,5678581409
13,7112769935	15,7799851001
13,4032839707	15,2288046481
6,6651490228	24,9594819806
14,9491579970	14,9590242931
-4,3332947728	9,6196432847
-5,6736282712	9,4433792355
16,5389325291	14,3730391451
15,9663837474	15,1005842749
15,0141459295	15,0838089846
-3,6981071998	9,9540789473
-3,9933178853	8,7481621510
13,4994016099	15,6086874462
-4,2167775795	9,0284746469
7,8125458674	25,4328074957
14,7894484533	15,7683530080
7,6323244028	24,3879673254
15,3114987920	15,3687961192
7,5988320688	24,4413885673
14,5652504938	15,9038468884
15,5177603254	15,5236892631
-4,5619037386	9,1399546146
-2,0833351880	8,9471125469
16,3738767451	14,9123185822
14,0238301055	15,9534085395
7,5047692798	24,8369826935
7,3657012071	24,8343375325
16,7245007680	14,9909857644
14,2312320108	15,6859908735
-5,8627267104	8,6270997458
6,4426141235	25,2051198161
-6,1141439181	8,3109098862
14,6451743660	14,6475701133
14,9044651668	14,9207758268
16,2227187757	14,5581257801
14,9884786011	15,1012627403
-4,8959562521	9,0308313846
5,7305014851	24,5342909497
14,4888549280	14,7882059110
-3,0153031992	9,5660612200
16,2056524465	15,9454934946
7,0479380770	25,2985396483
6,5331354147	25,4008591440
16,5138943297	15,5829680870
5,1182009422	24,3842984394
8,2031598861	24,5918329115
8,1667470086	25,6194641873
14,9695356574	14,7904107172
6,7399589343	25,0176729769
-2,7437819770	9,1536636482
14,5526274796	15,3258372500
5,9842263411	25,4293030167
5,8651781300	24,7849745638
-3,8293766005	8,8942482664
8,0459227307	25,4134925563
-3,1467574071	9,2858810173
16,2618951911	14,9782116598
15,2486478398	14,3531888739
7,7496237686	25,2078964648
7,6680163657	24,9012217955
16,4706613908	15,4271357078
7,7068307361	24,8382285904
-2,7663230166	9,5930384868
7,3012454374	24,6197667110
7,1421079349	25,0244638405
9,4177169000	24,3827665224
-3,9834771955	9,0996704467
-3,7147983293	9,5061122911
-3,6080127171	8,7730833999
7,0751353058	25,1400870729
7,8420080873	24,9979163325
13,0549245610	15,4198179184
15,4154930161	14,8580689656
-4,7464479520	10,0431727521
16,2171430268	15,6417417607
7,4163101338	25,9222060731
15,2067810185	15,3769585998
-5,2378282371	7,8174625328
8,2910209824	25,0880107587
-3,6804676956	9,8544612819
7,8106222443	24,6217754245
-4,1041188474	8,4252097951
6,5119857512	24,4919019491
-2,8140782817	8,6459110030
-4,3328685064	9,4305011458
-2,8299581674	8,4934301939
15,3276218357	15,3451084802
9,1539418657	24,7018105378
7,4399101719	24,9919579615
6,1539920149	24,7140201117
5,9447251194	25,4632548685
-3,5211130005	8,4935057674
8,1789803488	24,8272495080
13,8335352684	15,2967745132
5,9080911329	24,4519625511
-2,7770430703	8,8082710785
7,6929443678	25,2940049018
6,7287429213	25,3950332850
5,2710168754	24,1192131307
-4,6977543432	8,0149782638
-2,8329291671	9,1496656108
15,7826369492	14,9988701970
7,1064849317	24,9373736308
6,7395264719	25,0516732621
-5,5513231690	8,1817526734
14,2284064674	14,5206354298
7,7550730814	25,4853359232
13,6419656495	15,5752380517
5,7684782037	25,7804375084
-2,3110978785	9,0879293051
15,4467308660	14,7805651799
5,9326336200	25,8815265679
-4,9655752831	9,1967357896
14,7155267002	16,1267481910
14,4553496987	16,0033396132
-2,8884874092	8,9323843470
-3,3860865889	9,6518923319
-2,4814855623	8,5572167636
8,6373587675	25,7720265777
15,1058730484	13,6047993853
-5,2434521574	8,6220233675
-2,8382117802	9,0222804002
-5,7945742215	8,8604519491
-4,9345994996	9,0057281752
15,8711019475	14,8227533069
5,7934673591	25,5817404424
-4,9537055199	8,9228673276
-4,3017208175	10,6515314719
15,6390442437	15,4801325871
13,9733625386	14,8461379426
-4,7819776491	9,1268818493
7,1578394109	24,6859326155
7,8101077175	24,9193499729
14,5575686950	15,2799859162
6,3357105071	24,5175515778
6,4726408912	24,0974700864
5,3102956799	25,1955050353
-5,8647608746	9,4165618475
-4,9018951478	9,1405127680
6,3489580594	24,9832354600
6,2678850236	25,0715865953
6,7157739760	25,3781909070
13,0348613198	15,0254338072
6,8743089053	24,9570656511
5,9097021935	24,4909953643
6,7649229244	25,0212059535
16,1526999632	14,8949237433
7,2527579240	25,3847874428
6,6394800719	24,3278591662
-4,5449921103	9,3901523543
-5,0420910432	9,7420175459
14,4291714214	15,9801813299
13,9137172779	14,8501943892
-3,4480121561	9,8129839682
13,7917344611	14,7569160199
6,9707715865	24,5689017007
-2,8623779690	8,9475374359
7,2325165497	24,8779320696
-3,4980109646	8,8303446511
5,4041572113	24,4295839162
13,9706443918	15,2011272415
15,4290753534	14,9956697500
-3,3981243726	9,6870581633
15,4553408714	15,0929766299
-3,7993797173	9,0706589160
-2,1763386747	8,2018950553
14,1587623162	15,1187066837
8,4251399914	25,3813475655
14,4288562891	15,1823466184
13,5588625716	15,0510926729
15,0028407990	14,4092914309
-3,9849505249	8,8114940912
7,7094265978	24,9243614923
15,4051981244	14,6266478323
15,4784338251	14,4563456423
-3,9578965119	9,2432328415
6,2596129564	24,3607924490
15,5763612749	15,0572037167
-3,7160789209	8,7408627710
15,6550828170	15,8504498512
15,8961111342	14,9527967455
-5,0812575688	9,0086872629
13,7592042050	14,6803754146
14,6150026018	14,5355719573
15,6043575188	15,5780381570
5,3081092269	25,1108781404
14,5180522808	15,4524144863
14,9335789117	14,9914538637
5,3317799903	24,6323597649
-4,2172604175	10,0086032030
15,9008401175	14,8289763508
-4,3928237611	8,8972537721
15,5329301713	14,3158705567
14,7535561264	14,8943785222
14,2715812223	15,3295577558
16,7470092954	14,3393333069
7,9759546977	24,5793285220
7,3199265985	25,0528987697
8,2232371991	24,7764083370
-4,8116203552	9,1674099381
15,5575331981	16,2011801641
15,7172687528	14,5126788178
5,7754002604	25,0727587519
14,3985449513	14,8328155507
6,6548049402	24,4569124347
14,4102514625	14,6855870264
15,0162675639	14,5437062384
-2,4461753842	9,3063478759
14,9137987701	14,8151228030
-5,7751776063	9,2958713099
6,4032225669	25,8228278843
-4,0648894667	8,3789638760
6,4193795097	25,5051944459
-3,7748381149	8,3189665540
8,4919384505	25,1508078984
14,4575694556	15,1819406229
6,7526380903	25,1570435437
5,4830215821	24,8727733967
-3,5415950545	8,9968459155
15,9888222152	14,8692773910
-2,8740853903	9,0357232846
14,7790428270	14,8681537192
14,3816273946	15,5275303871
7,0978792969	24,9885933324
7,3383163996	25,2659382173
15,7607930074	14,8425205642
7,8350192341	25,8385188820
14,1332869301	14,6521684708
-4,3232331501	8,8007876027
16,1411624902	15,7526775548
-2,4546243106	9,1083069245
14,1075755550	14,7252843748
14,1686653487	15,2200060605
13,7619917990	15,1206979981
16,4291451120	15,3956010813
-3,9850862111	9,3051508985
6,4411484211	24,7662819307
15,9651769419	15,6893936277
16,1748594190	14,6046226436
7,2056663776	24,0550277629
14,4480352551	14,1915031251
8,3079262274	25,0422857679
13,7838918953	14,3747877569
15,0129921447	16,1099179535
-4,4925715621	9,0096445272
8,0532850323	24,4311634473
-3,0095995849	8,7420388448
8,0198599452	24,9386362397
-3,5942750737	8,4934950560
-4,1750069832	9,3701874294
13,8215767009	14,0753915277
7,8445680464	25,7852161995
5,9660739591	25,2666219654
13,0895542532	15,4516094926
15,4301511598	14,8827531640
-4,9625299974	9,7466435237
-4,5179155629	8,2429183041
14,1969957849	15,1886712161
14,6776857746	14,1948293598
7,8096003885	24,4753199541
15,7187016227	15,9869872932
-4,2490820053	8,6655135969
7,3111285039	24,1305420365
7,4710165602	24,8770231468
-3,5665582803	8,1610950927
14,4101116613	16,2364177709
6,8350715638	25,8630854245
-5,0810838803	9,1311339313
-3,1814526482	9,0912021960
6,9529915925	25,0681534561
6,5060375526	24,5291844210
6,9133768081	24,1971762193
6,1155625787	26,0015601163
14,7074799569	14,3693491042
5,9778029739	25,1609161137
-5,1212076133	9,4275572379
-5,6730009839	9,0226183516
-4,8071423626	9,2595958177
7,5324211643	25,1350244851
14,9677051664	14,1760910517
7,7928140950	24,6590537642
-4,0522919632	8,7518426962
-4,4877138393	8,8740415054
7,1434269891	24,7830823335
-4,5676528708	9,7084973552
16,4572682199	15,4622320989
15,3915885457	14,2796024738
-5,2383670838	8,8513411602
16,3682279900	15,1357575329
-5,2295855642	9,4673173657
14,8097775331	15,0378148242
-3,6584376892	8,8956200626
14,7132005271	14,6056742025
15,0561095495	15,4527664489
-5,2978768344	9,1643470058
15,0377797355	15,8351449740
13,7401433207	15,1831442736
6,5272688114	24,5839756922
14,7313560197	14,0677721040
13,9817591157	15,1533443309
13,5808096799	14,4806429432
5,5685762349	26,0655482445
-4,8763716819	9,2218363699
13,8061688435	14,4447664634
-4,7487667817	9,2554581623
15,8500203364	15,3704964473
13,6317001168	14,4022510983
6,7050172485	24,1202545614
-3,6903502486	8,8547270803
13,1464324700	14,6502056650
7,1400686282	24,9454875110
14,5836804001	15,3206904827
8,4769356472	24,6987218688
-3,1090540392	9,1108692237
-4,4430250401	9,5617225186
14,0014981572	15,1213420812
6,0899084021	25,6758661496
15,2922404630	15,6454452666
7,2261157620	24,4468174855
14,4284938743	14,3099968977
17,2933337744	15,0425385117
14,1508044473	15,0917441376
8,0065214921	25,2895151746
13,4770320374	15,8211454529
-4,1157516761	9,8895219493
14,6689178114	14,4820889181
16,2291342954	15,2602334102
14,9910892328	14,1884149904
15,7131372424	15,2121938537
14,7645633624	13,5823610650
8,8241898597	25,1037589957
15,7588379370	15,3448163760
14,3566152364	15,1025272501
7,2357100937	25,5851248227
8,5002093160	24,1765869639
14,0102545280	14,3330993812
-3,1303016285	9,1063913310
7,7478541525	24,9178530582
7,5828774662	24,6642342955
15,1606553791	14,4620915991
7,8484008019	24,3448244774
-4,3362594768	9,0529421020
16,5118983661	14,8025631771
6,6439585873	25,3095174763
-4,1976878492	9,5932545153
-5,8038409730	9,6756322186
5,5513761453	24,4104070111
-4,4025036677	8,3092742559
6,5639653560	24,5542128794
-3,4381873370	9,3771947632
7,0779419637	25,5426513149
14,1060459746	15,3075856351
-3,7123827074	9,3850914443
15,7121232892	14,5519247170
7,5714204233	24,9207819128
-4,4131265387	8,7696576916
-3,5691791958	8,0849180970
8,3808431436	25,0444075519
-4,0642014831	9,0188855912
14,3582316435	14,5031864216
8,1806338253	24,8439006434
6,3651466305	25,0353734373
-5,2287501480	8,7373936053
7,9463995017	25,8970437780
-3,9255407689	9,5843738581
6,3989673814	23,9778210133
-4,0724774037	8,6790621622
5,9048661248	24,4487924305
15,5245556052	14,7589420602
8,4756988628	25,4291214617
14,7596047484	14,5353595899
14,9132898211	14,7709258699
-3,9012182288	8,9324750010
6,2995163674	26,0703024424
-4,1793481084	8,8845818024
-4,6953942260	9,5275091115
8,3386370838	25,5439322177
-2,0915552349	9,2994756414
-5,2031134467	7,9822046216
-4,8171203779	8,8541807037
6,9863766633	25,6219289537
7,1237783375	25,6425781840
-4,5785327376	8,2771353744
5,8671289641	24,1286863162
15,0011068507	15,2520945831
16,0057467891	14,1230801835
12,8382990858	15,0168449284
7,1364650744	25,1929093975
5,4249211556	25,7219245801
-3,0950047100	8,7780179285
7,0360310192	25,5356764530
14,7089302004	14,9789948315
4,6425711147	25,5411435804
6,7922391327	24,8845559811
7,8005851642	25,1092480261
-4,2643323928	8,9127587271
8,6988180002	25,4273775343
7,9186268371	25,4837176987
15,8910728664	14,7319571194
-4,5161126631	9,6750753547
-3,7755426141	8,2604133201
7,5078093080	24,8873054631
-3,8628052230	9,1337618505
13,3362025643	14,7108096725
16,2155272185	14,6815876362
8,6007364348	23,9620303809
7,1420627248	25,2953810241
14,5706459819	15,0647768848
7,3592807842	24,7092025318
8,3147778196	25,0402377247
-5,1645085467	8,8020062606
14,2298264548	14,4445028872
15,7756605823	14,9156228759
6,5938956944	25,1231867581
5,8876580955	24,2901582373
-4,7490076195	9,4754366310
-3,0685739913	9,0739191819
7,7020095097	23,9234815123
-1,7348373766	9,3425635877
7,9209308775	25,0408489261
13,2782474436	15,9466758215
15,1195913454	15,0931897016
15,6150009337	15,3355526133
-3,3789707027	9,3368017308
6,0429264320	24,8167496700
15,4885292189	14,8727393902
-4,2803523960	9,4835388217
-5,9808879764	8,5776702342
-3,1268234859	8,9735932739
6,1506362415	25,3946118000
-3,5257106843	9,4405360700
14,4539031050	14,6356028136
13,7481626475	15,1311979699
-3,6466968834	8,1990349355
-5,3343579017	9,8607381105
-2,2187217142	8,8099801328
5,7245275915	25,5003437398
16,5294684503	15,4503375830
8,8688383244	25,4459029313
5,9711781242	24,5474635483
-4,2943598499	9,3709397243
-4,7844767143	8,3372063291
-2,9892492451	9,4168591646
-3,9539371580	9,5516967574
16,3721810247	14,6401033133
5,6115471573	25,7962241996
-4,7422756846	10,0896893917
8,1303023760	24,1528994980
-5,3484203566	9,6602509679
-3,5147045940	8,1987444792
-3,2663102445	8,9642652060
13,9878504968	14,1531402240
-4,5745094782	9,7555391357
14,6109475853	15,1112081717
14,4004212681	14,8354354609
13,8621943821	14,8493815068
7,9323388889	24,4060815696
-5,3240907494	8,6848721044
5,8222234541	25,1171409161
15,7702642187	14,9796651659
14,6767052807	15,2063073248
-4,8454440985	8,2999458268
-4,3419749724	9,2375959356
7,2942766072	25,0619735769
-4,5058236817	9,3059172036
5,0991354088	25,8036876355
5,8538998431	25,2467300444
-2,7801405546	9,2122489067
14,8546023133	15,1754242925
13,9060969775	15,0491474676
13,3336070711	15,5050798920
15,3289653178	15,1380580625
5,3575615405	25,2368486668
-3,8189515102	9,0742321591
5,7872005504	25,1974179334
-3,0753752677	8,0214826050
6,2289451282	24,9004839144
6,7074156826	25,3263116388
-3,5013079741	8,6766711900
14,8573108565	15,3068574619
-2,9201878431	9,4264212665
6,5669702524	25,1893887849
5,5338786654	24,8397149604
15,0534105569	15,1524604723
7,7078866063	24,5495230510
14,7635353054	15,2173608286
6,3036064183	23,8154616069
15,2732291217	15,2827100708
6,7534571503	25,4212542229
7,7339413373	24,7041194191
16,4012696198	14,1387607543
5,8686697433	25,9441552528
7,1264991525	24,1458291288
15,1825326991	14,5194422824
14,0135691033	15,7420713788
14,5486075804	15,9409876059
7,1322582654	25,5435414349
7,6889276008	24,8909035769
-2,8366344251	9,3967927922
14,7755739729	15,5062741050
7,0562304233	25,0930028049
7,7954740621	25,8572878204
14,0135735066	15,1318702512
5,9263362927	24,3812614685
-2,7060231444	9,0985093426
-3,3932102254	7,8388188577
-5,5509549023	9,3497155391
8,3717823096	25,6310273905
7,2160532867	24,0986094408
14,0257771301	14,6285620251
13,4799159418	14,5572497415
8,3300178514	24,7846164287
7,9807744625	25,4151311937
15,1235920574	15,1266916061
13,8268975518	14,7913553650
13,6160121430	14,8304410628
7,9694470013	25,2295176254
7,0658672372	25,6626472595
6,0483777934	25,1464626629
-5,6120266569	9,5551733971
14,8706202155	14,9243663573
6,3862660168	24,3775902730
-3,0905689921	10,1678557396
-3,8462307191	9,3557958814
6,5203129008	25,3037100894
-3,0693537744	8,9413927866
8,3097819493	24,5157395765
16,4036920127	15,0294675970
-3,4754578865	8,0477239672
-3,0474653424	8,9140662057
13,8249956332	15,4294433545
16,0354869083	15,2954402907
7,5621439940	25,0633701547
6,9751494496	25,2794632111
-5,5539927416	9,1189815811
-5,3581722924	8,4566076654
13,5342932227	14,9029319819
-3,9409443389	9,2548072989
-2,7241538227	9,1922038948
5,6974924696	24,6472369578
15,0872374448	15,0931050808
16,6895068139	14,1984801054
8,1557587541	24,7792969228
14,9969119186	13,9080212696
-5,5947612257	8,0335111612
-5,1124601547	8,2190090875
-4,3638718191	8,9293430789
5,8891512910	24,6266165555
6,3397467079	24,4695605851
15,7587889585	14,9447621490
15,6488267999	14,9023636232
7,4432793994	24,9668700506
13,8639958474	14,4254134890
14,2520837286	15,5339549206
-4,5412392435	8,5427938148
16,5939664601	15,0523286443
-3,3386846204	9,8028915762
-2,9710030600	8,7247501262
14,6012673558	14,2166106536
-5,4513406978	10,6701234719
15,8126131210	15,7285884494
8,0028790255	24,5483031114
-2,5658190930	8,8861914101
-2,5591280068	9,0276681900
6,4359044095	25,1097852728
13,3805271461	15,5494892102
-3,9636895162	9,7030865622
14,7898273183	14,8043023607
-2,8654352807	9,2260295979
-5,5265211052	8,9613919545
7,7747920580	25,1406522168
7,8770226642	25,3511017831
16,2480998846	14,8302976098
16,6570463964	14,8435949258
-3,8500741455	9,4462638858
15,7127443534	15,0477315475
6,4887852384	24,9111262246
7,4581656520	24,9323475910
15,4496495227	15,1438232359
15,5827451111	15,1045673881
15,5344228412	15,1209361699
14,8913249347	13,8997652487
7,9806712278	24,4975248048
8,0133917162	23,7208576438
7,4805869290	24,5903639614
-4,8784356187	8,5743153757
5,9532432922	25,3540517242
14,8748923666	14,2010183152
6,0117757174	25,4808935997
-3,4776556706	9,1980059125
6,9556519841	24,9796352934
-3,0773353336	8,3580408724
14,4147153232	14,6525723300
16,2038647187	15,7296405780
-5,0682223866	8,8372954096
6,8805804349	25,3416025201
14,5159551905	13,6801660407
6,4772583435	24,7263664571
-2,9619109703	9,5993918778
13,7592680183	15,2595388674
8,5159249530	24,9730702157
14,7388145912	15,5433715336
15,0130795294	14,8866531339
6,7863096820	24,7614291707
6,5522923675	25,5569420943
-4,9969255826	8,6860684806
6,8264961067	25,6835189064
7,8550862212	25,6440158159
8,5808798347	23,5582226545
13,2199051354	13,8510692876
5,2015830193	25,3044932962
14,4808426209	14,2082607516
14,4570033982	15,2759077860
13,6003609015	14,8456508783
14,7733714556	15,4435283470
6,8235279644	24,3430375682
-3,2707385316	8,5933543510
8,9249188136	25,6878362059
5,8975219755	25,2358690836
-4,5150303389	8,6492255366
-4,4425615982	9,2777983272
14,7917874867	14,6380826371
15,6979281431	14,8474706083
13,6699528559	15,2307481817
14,7467115384	14,6605612851
-2,5807809280	8,9792290178
14,9019124295	15,5363439749
8,4824770150	24,8986584533
14,0246459524	14,3444376770
14,0046707027	15,5135845497
-4,7108283707	9,6923514426
-3,5671670472	9,4507055463
15,4539911249	15,3425852193
8,4720166131	24,8566510485
-3,2460146454	9,0365780983
8,3210775063	24,6465769115
6,1747064141	25,1351556971
8,1769995547	24,9712806809
16,9503480451	14,2557652929
13,8946340670	14,6109043481
15,2258599245	14,2554452960
5,6377904207	25,6906466925
6,9819073125	26,1318168109
15,3354526053	14,8304367799
-5,1734428575	9,6686127940
15,1226466719	15,5035929927
14,4083708262	15,1831086866
8,5706008364	25,0106152215
15,7057188263	14,9730597510
6,9685859213	24,9429126724
-1,8604443491	9,5951221398
6,6242455372	24,1800505448
5,5516203538	25,6534993228
-5,2376319482	8,9232465968
6,5578179043	24,3223448672
15,0206791206	15,2853238905
7,0832092501	25,5368644929
6,7804864084	23,2641575927
6,8969486274	24,8415301664
-3,1082207332	9,0879054828
16,5845629935	14,8703303286
7,7277826106	24,5349775245
6,2028969506	24,4604179621
15,7045844446	14,9901169291
14,3917094111	15,1852759667
5,2793571041	25,4552273009
13,8957210020	15,3040231050
7,2527995174	25,4394003853
-3,9004455727	9,3688671835
-4,6949062242	9,0759032904
6,4500928812	24,9667667081
-4,7884884309	10,0523940427
6,1915251942	26,3804195521
14,0659121433	15,0470526680
-3,3560724798	8,5299883702
15,8875643735	14,9781216562
-4,4546127116	9,2281727225
-3,4207812245	9,5834761865
8,0221081624	24,4242760611
-3,4402148026	9,6978257753
14,7793393653	15,0422197935
5,7395943632	24,6761474516
6,0734880777	24,7015371104
-4,0351369710	8,8830867401
7,4275064831	24,7292635798
8,3662246975	24,3329881987
7,5626782866	24,9008442473
6,4476254907	24,4744418222
-5,2258423707	9,0513951502
14,9392155947	16,4945399839
8,1078053002	25,5364811698
13,3516769014	15,4751648325
-4,3877557547	9,4267637466
13,9943555218	14,4860898090
6,8742885860	24,7498584493
6,9220095361	25,1753400986
14,3548868994	14,5158299079
16,0465750939	15,4921682096
7,9475536667	24,6541031026
-5,5770536111	8,8437131933
-2,6177539436	9,2270391699
17,0777131889	14,9392498031
-3,4326970762	8,4204550736
5,1845781042	24,6239919920
6,3917898215	25,4994202538
16,3449498228	15,4336971542
15,0687486210	15,8259642954
14,2127566278	15,1366799214
-4,5906953992	9,0743310699
-4,3055672197	8,4161810089
6,4299079737	24,6209585290
-3,2286794652	8,7224817300
-3,6900992696	9,7625123624
6,4796494255	24,6883615229
17,1134252688	15,9407699425
14,7642609808	15,7144408246
15,6976644445	14,8042091992
-2,7071445183	9,9725619889
7,7958560830	24,7824781257
7,1699642067	24,9891998385
-2,8112471243	8,5096200730
8,2361234935	25,4027723572
7,3061052976	25,0539957709
-4,7581100752	9,2889219199
-3,6132862343	9,3539184131
5,4027279267	25,6340210746
-4,3580339983	8,9253385548
6,2587027238	24,5756387874
14,8910752214	14,8246014112
6,7817129632	24,4513553732
-3,8188977628	8,7663915635
14,1914613159	15,1469346822
16,5453529141	15,2711981868
16,0957879466	15,6074239475
6,3397462522	24,6643971493
14,6115067272	15,0651344723
-3,1718876322	8,7266080058
15,2286410562	14,2233240562
15,4489185772	14,5653207720
-3,6482757490	9,0886278109
-2,8225932844	9,4257290723
8,2403590599	24,6832564416
15,0250209173	15,4954259459
5,9364620509	25,0571501812
7,0973714616	25,1389773099
16,3734442461	14,6412196261
6,9287966696	25,5825498154
5,8773627332	25,8895027929
5,9244307164	25,4703813508
6,6480014437	24,5446270193
5,7959899290	24,2426695122
5,7998342854	25,2325217021
-4,0482403805	9,5658021918
-3,9742798887	9,2446007947
-4,8333073208	8,8660951365
-4,4440029450	8,8933539462
-5,4073161319	8,2073699736
13,8363809925	14,9925937588
-4,9590669665	8,7662974829
6,9886240269	24,4203938660
-4,0470992854	9,0065818775
6,3902775408	25,8882525378
15,4533366337	14,9246920409
-3,5409576376	9,5769488536
-3,8803795069	8,1000062235
6,0076031516	24,9425914898
-4,2493577626	9,8940994080
-4,5974023505	9,5298721159
-2,2853434367	8,5799629298
6,9319133870	24,7848296297
-3,9631437332	9,0898910864
7,5724740906	25,0104277822
16,4265768912	14,3905898013
-3,2495505893	9,0249285158
5,3388921274	24,8472067095
6,6766336061	25,3905001200
-3,1288840584	8,8065817506
5,4877002444	25,1452872506
-2,6717645921	8,4636908195
15,3174368789	14,7580698247
15,1139892105	14,5158822997
-2,5928770161	9,2787243844
14,1599317753	14,9285502762
5,5508007932	24,9495299523
-4,0187024079	8,3018058301
-2,8535767039	9,6812504328
-4,6592784715	8,4682607381
-3,7917249528	9,4671543900
-6,2045700503	8,4435476743
-5,6754014931	10,0575794366
6,8809929461	24,1087553686
-4,7966867925	8,7506457387
6,2879992010	25,1044046137
6,0954576051	24,0808807459
14,4274143102	15,3458492566
7,8267012280	24,7783517732
15,0431879660	14,2769843476
-3,3102461102	9,3370811457
7,8037541851	25,1007573797
5,0123327769	25,6569333213
8,9280086847	24,8824457250
-3,7505669241	8,5742752384
15,4739482106	14,5012308300
-3,5395999244	9,5660176825
14,8813987001	15,6880512267
-3,6835449800	9,5188326976
-5,5405806968	8,9991989169
13,6364942998	14,4743313982
7,1480367900	24,5867494882
6,2537701225	25,3370375439
14,1958464336	15,4867686638
13,5379303999	14,4019934121
-5,0902919854	8,6981321353
6,9419942520	24,5012770915
-3,2411565662	9,1445495334
9,1671458780	24,0605833809
5,2855216019	24,8480941021
-4,3838681434	9,4691868219
7,7806109200	24,5851641090
-4,8789867484	9,0360552128
-4,7452531559	8,8111805471
14,2556276348	14,2816048823
15,3469401365	14,5592553022
15,5228576645	14,1716228337
8,4366089273	26,0762424020
6,6825577066	25,1882308526
5,7790304247	24,4412189392
14,5661285514	14,9884031788
14,0781254345	15,2115180236
7,2560287544	24,6758519824
8,2796684194	24,0452667643
-3,8051186440	9,1528869811
-3,8196247492	8,5747211885
-5,0266049173	9,2017141925
6,2755400580	24,8172420157
5,8856953035	25,1802607380
14,9896046587	15,3520874293
-4,1343805857	8,9968407523
5,3489681733	25,3809095310
7,7343412119	24,9117283210
15,8961898002	14,5668042393
-2,4908744489	9,7950047635
6,3328010142	24,4217871265
-4,7540188733	9,2502176190
15,8731890467	13,8464731395
16,2843467944	15,3246382848
5,9108979271	24,5166825362
14,4685791444	14,7713731056
6,2576069100	25,2918007224
5,9306033751	24,2199730163
14,3618627306	14,5446740356
7,7449921725	25,4104267105
-3,0269603058	9,6155049374
14,9943656929	15,1779632939
6,4676897202	24,6067307869
6,1564390039	25,5643325612
8,0125360578	24,6249916517
-3,8122826169	8,7041122452
15,2229900877	15,3177989054
15,5090980777	15,0999899037
14,1513378617	13,8930922017
13,9952692495	14,2643962457
-5,0465572598	9,6680426207
15,7850098172	15,6884290936
5,4563371999	25,0388015253
15,1882507976	14,6767157437
14,8338195270	15,2777327198
7,0006254836	24,9687249103
15,8452210981	15,6901390539
5,4596486415	25,2374478914
-4,9786155430	9,3151971305
7,4041509471	25,7547509293
-4,7455921115	8,7815007885
-4,7714554236	8,6148807582
-3,9541399319	8,5738552335
14,8378515047	14,5182700114
-3,0005097827	9,5035936528
16,1044815983	15,2918216302
-4,4365557795	9,5759875313
-3,8925213204	9,5592524749
6,3195564145	25,7197704130
7,3887436818	24,9978920288
14,7893466202	15,2323463665
-4,8010508354	9,3321213974
14,7167857420	15,4395748661
7,2032959247	24,9201573675
7,0716891288	24,8038788503
14,1971391741	14,1982395944
14,3384482389	15,1711855701
-5,1342363099	9,1182858512
6,1058353887	24,3044321523
7,3845254482	24,8227047287
8,0208788430	25,4744796810
5,6045518171	24,8674875751
14,6746705811	15,1374304553
7,6861274436	24,6969176873
16,4574972247	14,4982046693
6,6602687381	24,2768600173
14,6914378073	15,4147496290
-3,5076460361	9,0369686207
14,9146299186	15,2695943656
5,5356599408	24,9940240175
7,3537683393	24,8807785901
8,3476893074	25,7826551055
-3,3205678441	10,1161866587
-3,1010842357	9,5428372225
16,0781090836	15,9846412373
14,4827183343	14,9696630041
14,6499201685	15,3931556621
5,9393553526	23,9632244365
14,1712613912	15,0112650639
6,3222945531	24,6205986848
15,2898450157	14,8612159240
-4,7765744549	8,2323405815
5,2577261029	24,4688923836
-4,7484092730	8,8380863892
6,8647848461	24,4752928593
14,3689566140	14,7737062844
-5,1174933751	9,2025172786
8,6225039010	24,6254856523
6,6110405673	24,7919468932
-3,9880371485	8,7106186504
14,9335762408	14,9201705648
13,4899271855	15,7125809767
14,3795835748	15,2016756309
13,4505787385	15,6410959431
15,9756874245	15,0832546011
6,5537850287	24,5437016391
13,0446914746	14,5019940956
-4,3858132911	9,0236609534
13,7777345691	15,2690459344
16,4563171639	16,4294969001
-3,3730364344	8,8723418178
-2,9884295606	9,4433642042
-4,8821237413	9,2851734311
6,0025888271	24,7455230469
5,5032586898	25,3626201130
5,7897092212	24,6359159851
15,9941274941	14,6617531125
8,8681856655	24,1579620377
-3,2757658282	8,4556406097
6,0991863687	24,5963801590
8,0632455123	24,9123828670
5,2844968274	24,7617174849
5,4834855111	24,9299724241
-3,4145755321	8,7638977194
7,6968509714	25,5771510197
15,3289353880	13,9707012003
16,0622400317	14,9120725618
-5,0388876776	8,7799867014
-2,3182969426	8,9375752091
6,0798632991	24,9816449422
6,4540355406	24,7002381295
14,3738021886	15,0647347012
-4,7527806605	9,5163330235
8,8463884471	25,0968714528
13,7664154381	15,1202094501
6,3518083542	25,4745132488
8,0715740582	25,3363741979
14,2742285002	15,0133619599
16,5679218057	15,2098927997
15,2946797671	15,6689135302
6,9994186019	24,5839357609
-4,4677081012	9,7283773552
-4,0862191931	8,1404025910
-4,1067631147	8,8564397828
7,6720492134	26,0451547875
16,2835199184	15,1422087566
16,5235065095	15,4628386962
7,4967762246	24,9102527004
-4,3843214017	8,0064665220
7,2311455594	24,6240601345
-4,4629836043	8,8293938016
15,5482548700	15,1623495051
6,5560762341	25,8286223116
14,8652197876	15,4572676885
-4,2174879040	9,0247352344
-4,1033979017	9,4963780665
8,5725793498	25,5675465016
-4,7593043022	8,8772407735
7,7961811130	25,1153329574
6,5534798790	25,2896572195
14,2437719731	15,0587217061
-3,5491324970	8,5738654112
-5,7376100365	8,9050757910
5,9775118048	26,0712832794
6,6665247816	24,8649643350
-4,1547939299	9,2700497538
8,2726902989	24,5893195032
6,9105169932	24,8655374946
8,9660327349	24,3435200836
14,2575588854	14,8530400250
14,1223205417	15,4521871457
14,3927853360	14,8707456712
7,3367307577	24,9808782300
-5,6032439158	9,8908431130
6,8994812647	25,5154847049
-5,0731267232	9,8811883421
-4,2616553820	9,5266970071
16,2668704489	14,5377749837
5,4005525565	25,1714720142
15,6211844432	15,3583591638
-2,6295633582	8,5751229947
16,8941886683	15,9870064639
6,1929219127	24,8761873580
16,4794266074	14,2237193154
16,4629406133	14,3962544128
7,2571033621	25,6953216416
8,0461298817	26,0218452309
6,0188160091	24,6701290679
-3,2255817248	8,6897349967
-2,8250142918	8,8627521052
-3,3857555320	8,6474825772
-3,9342617275	8,3372473574
-2,4031146493	8,9797786094
-4,3034982596	9,0536061506
14,3547691128	14,3619856384
-2,4992189021	9,1233811158
13,8379468120	14,7260055416
7,7878798789	25,7780983270
7,7748528593	24,4989968354
6,1332663539	24,5836664076
13,8987538557	15,6079714249
-3,8699028112	8,5899393367
15,2312311787	15,8185053912
14,3767961540	14,7172583837
-3,2158001452	9,0838153747
14,3702996657	15,2434061983
7,5095143167	24,1840431733
15,7956685849	15,5507622011
14,5653018098	14,9174163086
-5,7464516274	8,7162707937
-5,0976083072	9,1087808452
14,7601980607	15,5452180045
5,3672944476	25,2264484024
8,0415601498	24,8019220771
5,3841900739	24,2547682822
14,7988514293	14,3629143120
-2,8712385872	8,8908745204
-4,6637103879	7,7685261271
7,7594917824	24,6252393171
14,1938102199	14,9899923716
-3,8251602350	8,7583533940
-4,9389112518	8,5227514310
6,1595762714	24,9166477673
-2,3824111824	8,8602544317
8,1875628582	25,0328345124
15,6111593052	14,9025314962
6,1668545550	26,2499858095
-3,3211535135	8,7028972035
-4,1799953404	8,6608949966
-4,2355145390	8,7302460781
8,4854520419	24,3905633358
5,7248892361	24,0419919826
6,5232758939	25,2950375432
8,0035317909	24,5213945853
14,6875334620	15,5784139142
6,4816567854	24,4298862670
16,3880844696	14,8027171764
-2,4395204016	8,3369141038
6,2108562587	24,5194459488
15,4125455177	15,1665387912
7,4021584911	24,6215562982
-3,3003750129	9,3655493453
-4,4040773303	8,3957684632
5,5579763211	24,8285449991
7,9369670035	24,6148626665
-5,1088887982	9,6769124531
6,9498342638	24,9183386625
14,6382227266	15,6954176958
16,0978892916	14,7898310356
-5,0786295121	9,4337792057
-3,5051063452	9,0167323333
-4,4482931509	9,3557509606
-5,5438305000	8,6722284889
-4,7172032785	8,7288031200
15,6738008520	15,1025907109
15,9709048162	14,7475055196
-4,3693766174	8,7069177732
7,2252918787	25,4048730167
-3,7451502107	8,2298696087
13,8753544481	15,3564555433
-2,6598670617	9,8508385976
-4,0150117861	9,1443706520
5,5756046094	24,2876375184
7,3482242293	24,4932595547
6,5247502853	25,2697259973
-4,2059557561	8,8633569589
13,7262198428	14,9313661753
15,4822321183	14,8551007607
5,7351491327	25,4466414873
7,9651433780	25,6865950599
14,5860922732	14,5537443506
8,2229398767	24,5843697451
5,5639509844	24,9271138588
6,0540272281	24,8722522537
14,0458956390	15,0851722513
8,3452366646	25,0973873889
-4,3556290825	8,5910760792
7,7089486414	25,0547261686
-5,4244520423	9,0047644247
-5,0852312430	9,0122755850
16,4591348104	15,7541482309
-2,6150678026	8,8600385562
8,3516008416	24,8366473628
13,8158737400	14,9504102626
-5,0991056447	8,9948465430
-3,1285288390	8,3426114391
8,0056817561	25,0382755016
-4,9171908161	8,9012915461
8,5897334415	24,4667355061
-5,4903016317	8,8556639415
-5,2881601042	9,4655456377
14,2369933747	15,2284020130
-4,3080092215	8,7240124471
8,3761975247	25,3988062737
15,7390105093	14,1460279467
15,9328651988	15,1369668048
16,1269554423	14,4761920760
15,2898715820	14,6005142262
15,6522627857	14,9704172232
-3,1422361421	9,2866024452
-4,9962700885	9,4573151860
16,0507271419	15,2420070355
-5,2418147770	9,2367440158
15,4932021686	14,6054247449
7,9192241231	25,4139213807
15,3012633612	15,0192321703
-4,1208522694	9,2161129291
15,6804648621	14,6913296373
7,1701287129	24,5303425896
13,8963033398	15,0319204573
7,4253317372	24,2381387827
-6,0308315369	9,6710706077
13,5914329535	15,5068984724
-4,4879739684	9,2130201843
16,2194157072	15,2806556792
15,0461550522	16,0941027504
-4,7016013967	8,6895468666
9,1051438440	24,8498738994
14,2291337956	15,3947836904
4,9082264731	25,6591621168
6,7750907958	24,2243369552
14,8491846556	14,5361161727
7,0822409656	25,6241286131
15,6348043408	14,4971776693
-2,8897941671	7,9825422072
6,1291326237	25,4660005474
5,8185402453	25,0201492089
7,1831632036	24,6565867248
7,1860254112	24,8595079828
-3,3933603634	9,0443844139
13,6975421714	15,3808177497
13,2098242506	15,1885694228
-5,9605356172	9,8578297136
15,8511500535	15,1275358703
7,5839413335	25,4463917397
7,2722770915	25,1453244744
-3,9819770004	8,3195496607
6,9920132212	24,2682023738
16,8562379657	15,4071889094
6,5764976972	24,3235725664
15,1424421418	14,7620877067
8,9853911047	24,8103411211
5,5659332169	24,5044500228
7,0641620299	25,2934777935
14,6785686640	15,3489168490
-5,0889869134	9,3904622334
-2,9519695999	8,9825227677
6,8803257835	25,4497344574
6,9443276629	25,0113000682
-4,7009732933	9,0992193993
7,1685620174	24,0857778657
8,3684924696	24,1553181694
15,7340795407	15,4427727289
7,0825131611	24,6982408761
5,9203738887	25,2461902984
-2,5680744427	9,8290703614
15,6893235867	14,6646430656
6,0465722943	25,9993301113
-3,5703965960	8,7374585340
-4,3557510933	9,1297962446
15,7618854603	15,4935209621
15,2247592232	15,6917223489
7,8252896983	25,6574218865
15,3874614609	14,8413436784
6,1745859547	23,6706529351
6,3993530624	24,7072067785
15,7531733451	14,6795253527
-4,7242493458	9,1454730361
15,7367541156	13,9235566454
16,2158648687	14,2201330942
14,4951753256	14,9711781678
5,7788788864	25,4666182501
6,0641929823	24,6814912595
13,8227915181	14,4332347825
-4,7669713071	8,8856147774
-3,2035788305	9,2148305973
14,9921209635	15,2677933009
15,6479486373	14,7442603183
15,1370325001	15,8718383209
8,7167959689	24,1771962042
8,4374635670	25,0714102883
-2,9839647066	8,5470685320
16,1420211875	15,5291801523
14,9723727599	15,3533173933
-4,2154959745	8,5965302301
-2,9603965431	8,5521183747
-4,6504900226	8,5231594407
-3,1386127417	9,6196576606
-2,5576884951	8,8447956076
-3,2794575620	9,5309215355
12,9054966007	15,4892642001
-4,4873723699	9,6767758684
6,4599050413	25,1302723661
7,4389823737	25,8872813004
14,5883423363	15,1557756084
6,3892143767	25,0059337255
7,5706641498	25,1442807855
8,1891534474	25,4481006259
16,2021727159	15,2040185029
6,3744917973	24,8879487258
14,0793609528	14,8810848601
15,2581297969	14,4809852469
5,3859080094	24,9006111137
15,2782660108	15,4379758951
16,2052940210	14,4150046375
-2,2145228443	9,0181186349
13,7018987111	15,0005658953
-3,4806217953	8,8471428995
14,1012742024	15,2941002149
7,9127071604	24,6608059575
14,9642479647	15,0481273487
5,9765587150	25,6302923203
8,7602720059	24,3619177214
15,2210388846	15,3047591178
15,8076302380	15,9450254573
13,3269946393	15,6761484321
7,3365603805	24,3280479722
15,2897397301	14,5088913819
15,6772803500	13,9950675395
15,9246067620	14,3517160105
15,0948357789	15,0592212686
-3,4371761973	9,0313393176
-5,2072531027	8,6042990004
14,3080214743	15,1559811967
7,0378936890	25,5590069696
14,8414235986	15,1220990231
5,9709064723	24,7532270806
8,0399866939	25,2484041412
14,9260567867	15,3024854001
6,1583666061	25,0536922574
-4,4307885275	10,1003698488
-4,1941424940	8,9379979427
-4,2182583305	9,1418139881
14,7237897586	15,0222317383
14,9704304434	14,7370402546
-5,2025753503	8,8085836460
-4,7451583409	8,8634040192
15,2495776820	15,9978530456
8,7407547832	24,1902063545
13,6680275764	15,5761579769
-2,6078924264	9,8234601412
-4,5362989419	9,5567037292
-4,6382406520	9,2283308876
8,4129096782	24,6013221826
14,4625924179	15,2218584661
8,0916597609	25,3909593869
15,3225542778	14,9842385539
6,6569410715	25,1314825198
14,9902963515	15,9559035314
-3,4821645348	8,0838148038
-4,5150177953	9,8620571133
-4,0411202731	9,2264377526
-4,5112491476	8,2711392688
16,1006816266	15,3287399713
14,9624712412	15,5419072970
15,6345345361	14,2395052845
-3,9647785334	8,2587027124
8,7626379051	25,1135851752
6,2329234117	25,1610602115
7,7199479018	24,5508856566
13,8024695943	15,2539273915
-2,9091463398	9,0121057553
6,3741227821	25,6588968510
8,2860570953	23,4544735786
15,7033742376	15,4902423281
5,8061742568	26,3421621569
-4,4678522189	9,0550679348
7,3367096195	24,8259591045
5,7106638200	24,7232688886
-4,2692686872	9,0723874401
16,4037674861	14,6174389840
-5,4498359109	8,6087538493
-3,0388130923	8,9836904035
14,3430541014	14,5056303023
15,7625438531	14,9883768492
14,3738326017	14,6414440993
15,5234518828	14,1273792762
16,1104609335	14,7206494188
16,0361993277	15,3054376720
-4,3820359116	9,8913017680
6,6334501184	24,4833093217
-3,9692551241	9,4557700577
-3,3563630160	9,1181835442
6,9573051404	24,5395579827
-3,4251151150	8,7616426005
13,3040575600	14,1611430003
14,4987351417	16,1091695691
7,5927138473	24,0345850827
5,8515838073	25,4786755173
-2,5726632253	7,6243580527
14,2621584070	15,0308965785
-4,7825959860	8,3009891854
-4,0266569967	7,9347226988
7,4269971815	25,1815014443
-5,4171011472	8,8558447916
9,0580208649	24,8965526181
-3,3499772474	8,7746315338
14,9898441416	15,0995832347
8,4323360292	24,8631950254
-3,2059676210	8,8177027963
5,9613946558	25,2973655673
6,0782917697	24,6822320022
14,6602697201	14,6326320243
-2,9850870975	8,4622488470
6,4963974124	26,2340536095
13,5885699575	14,7558521386
-3,5123531647	9,6666469515
13,5893384271	14,8201575948
5,7320040174	24,9397876703
13,3600872742	14,7355634542
-3,4708463975	9,1021543663
-5,1323631586	9,5915855474
14,0830478116	15,0183819227
13,8161701776	15,4913309609
-4,5770702564	9,0427749593
-4,5947165515	7,6350276413
13,5809338901	15,1799603984
14,7898784061	15,0854739458
7,0880029083	25,5922324467
-4,5190274820	8,3702645617
4,9087817242	24,4504992171
16,4451217025	14,6208978215
8,2414257181	24,3349767660
13,7271001389	14,4387187662
-5,0370920698	10,2465818122
13,9753645927	15,1739776915
6,5317400372	24,8297168829
7,4105364712	25,3360173398
15,0460167082	15,4393067450
-3,0862246956	9,4969815206
5,5855005877	24,6281807894
-4,4254347560	9,3433590063
7,2526202544	25,2031050470
-3,3344378830	9,7097215775
14,6571107414	14,8216209542
6,7967956200	24,0780727073
16,1695318308	14,4561189985
6,5598724453	24,5763174953
5,9648880855	24,3251871740
-2,9714161561	8,7316839121
16,0639305472	14,6593403688
15,3083881318	14,5567053445
15,1027754289	14,5662993518
-5,0610811075	8,3519089081
13,3778630250	15,3083445621
5,5442120221	25,7054705306
16,6455584953	15,1599660260
5,3163599720	25,1892207741
13,8670064206	14,8406528421
6,1593264069	25,4507688588
-2,9197076829	8,9743806921
15,2521858516	15,0128771548
6,7430617447	25,8327841879
-3,2106399469	8,7836758312
8,3553106300	24,2848530179
-3,4707251414	8,9868494198
16,2302866011	14,8120081891
6,8575561089	25,2065553865
-3,1406661303	9,0141235001
-5,1560551628	8,8447572108
-5,3016037986	8,4794685685
-5,0364904469	9,1272271483
14,3704459422	14,6885161692
-3,3056016092	9,1293886151
5,8260306911	24,3587357002
14,0124866184	15,5277344541
5,8213195855	23,4657851634
16,0517990457	15,6677261592
8,7288882137	25,0934137561
14,7596669104	15,2671428250
-2,8371339057	9,2935424634
8,6645661766	24,7119563734
6,1921785118	25,6069355440
13,5871307237	13,1702937597
-3,4715507780	8,7941594575
7,1985737351	25,5143673942
-3,1410676714	8,7008778934
5,7187332749	25,0718380737
-4,0867399860	9,1476903150
13,6851107076	15,6391121706
-3,4963083073	9,3267939157
-3,0402762809	9,4908190146
-4,9762938092	9,4975668554
16,0348485014	14,8717099945
16,0600898441	14,2713517589
15,1752332463	15,9356112386
8,8197911166	25,0433283628
16,1200004468	16,2006172141
-3,3257115345	9,1063232782
15,4830842571	15,4326457589
-4,6409600686	9,2128495799
-2,9270144642	8,1533416498
15,6465579793	15,5923521769
8,8258393807	24,7868613577
-3,7235752109	8,9228741971
6,6666084615	25,0003607349
15,2334573610	15,9569928978
8,7414558887	24,9804667451
-3,3031268018	9,1942947092
6,4273272037	25,2572987872
13,7708213979	14,9535264146
-5,7588095206	8,8513683608
-4,5620535937	9,6539706163
15,6182692430	14,2419926138
-4,8375994916	8,3664134355
-3,8891301233	9,8317496121
-4,4951527779	8,8876421381
7,4135505127	24,6391767113
-3,1967441733	9,4608490080
8,4650419827	25,2517188103
7,0569076657	24,1666240630
-3,0860655378	9,6864800942
-2,7081725644	9,0924465667
6,0184158229	25,6565611984
6,0906676429	24,6160133362
-2,9484500021	8,6133767344
-4,0354265504	9,3119823161
14,2330689307	14,7037941431
-3,4333872604	9,1573265337
15,4190997469	15,3344378346
-3,4303836189	8,7367196173
-2,6763397490	8,8883658190
7,5372122640	24,5901580718
-3,2797748564	9,5217778130
8,5145351739	24,1818645397
13,6186771872	14,9190091043
-2,7772559797	8,2343628111
14,6153676852	14,2286532965
7,1920163492	25,1781563549
-2,3137582155	9,0696154148
14,0668372001	15,1035707238
-5,3152082581	9,3850626015
5,8726350367	24,3857533433
-2,9272055415	9,7292749577
15,8108486732	15,4300783028
-3,0868949382	9,3831290774
-3,2516973284	9,5097312452
-2,9549421674	8,4159944352
-1,9202899027	9,2417244721
6,5431789167	25,2708107250
13,5399386142	15,4799964432
-4,9280567414	8,4919601903
7,3962634169	25,4168516694
-5,4584108365	8,9957092512
13,6081501356	15,2358592982
13,3788438858	14,9862260545
5,2314239939	24,8509059881
7,8455659037	24,1179856225
7,0482104507	25,0928988881
14,0577694465	14,1274001251
14,9143930842	14,5578885404
8,0732379266	24,6107005452
-2,4940298664	9,5693512833
-4,5716285157	9,4247048381
5,4477036612	24,6010312841
-4,7779412575	9,0956073876
7,1649230271	24,0660508617
15,4687527311	14,7635518461
5,3909118138	24,4621171132
-4,1060571967	9,2707614848
14,5248329909	14,4693704533
6,7274343171	25,1318685692
-4,8970115380	9,7934435546
14,0184459016	14,5098664281
14,7794749364	14,1257306247
15,9443160469	14,9693487973
-4,1433964334	9,5764921617
13,9565330238	14,9779667238
8,2593905284	23,8762726569
7,1891572579	24,9980862726
-5,0842252956	8,5953580708
15,5701852417	15,5497713996
14,9835372393	15,4256332342
14,9553402205	14,5354344804
-4,1475051332	9,4040148115
13,8427351862	15,7984803852
-1,9202619336	8,0321747068
-4,4383954880	10,2149063471
-4,5898504227	8,9845269049
13,9872735851	14,8554069219
-2,9086968689	9,6745707285
6,6552241331	25,3982648834
5,6764472700	24,7640828839
-2,7764387031	8,9558391061
14,2109382184	15,2450389427
14,6018756127	15,9055628971
13,6180934159	14,2034937403
-3,5104545290	8,8275258125
6,4773641530	24,5160176053
5,2859355649	24,8135670527
14,4650512547	15,2344980569
5,5766146827	24,7921785856
6,3390207880	24,7832077694
-5,1862956535	8,2634174502
-4,2981835648	8,9090441514
7,4192049326	24,9856927721
14,5344032108	14,7970002700
15,2415693938	15,0575360992
-4,2433041416	8,3953023213
8,5604918385	25,3450098578
15,0116610467	15,1366093963
7,7351373129	25,0620531888
14,7366070690	14,6640782125
-2,8278347793	9,0308626182
14,8975349990	15,3530021067
15,9889463306	15,7446206016
7,1091466742	25,6456500424
-1,9589859649	9,1304906118
-4,1941925517	8,7618490518
-3,5289257650	8,4894495480
14,6165542724	15,1125041844
5,2810731555	25,1440304270
8,1559324296	25,5006061369
15,5423985028	15,1227719886
15,1030795084	14,6634147617
15,4604494540	14,6923778650
5,3817359408	25,2776698911
15,1484683198	15,3179331738
6,4810968663	24,7946162526
14,8781733884	15,5599020664
6,2748614912	25,9815261618
-2,1851518581	9,4563389046
14,5096982001	15,1021655451
-2,9509793782	9,2526663928
14,1411072617	15,1539668238
7,0814847154	25,0820723828
-5,1676623962	9,6932739792
6,7475528650	24,6082822293
14,1878758411	14,8877079538
7,3536851000	24,5583434463
-3,8286941167	8,9567529517
6,8848055980	24,7433348065
6,5126800346	24,6012606351
15,6939250535	14,4477861007
13,0108513179	15,4488572986
-3,3730007732	9,2176916971
13,1766179153	14,9472507656
-4,5734937367	8,9268246196
-4,3131267301	9,9543257248
7,8148136425	25,8101162024
14,9246777099	16,0490942728
16,5201382438	15,1407510857
9,0316794151	24,1216074093
-4,6890059469	9,3310898055
12,7146966552	14,9164414399
15,4628677390	15,3802388576
8,3004318028	25,2791885775
15,9697090829	15,2407966185
-4,1244582939	8,1007563327
8,0548531378	25,1626779480
-2,2619389140	9,4729916599
5,8876235972	26,4030944454
8,3235837168	25,6254450991
7,6863768388	24,4431517097
8,1713968429	25,6042489265
5,8609370993	25,0682096759
14,9440762502	15,6660483566
7,3868478514	24,8212348180
14,0912863773	14,8779336937
6,4742146063	25,9418183959
14,6152006904	15,4891490337
13,9681690275	14,3290335138
13,2999499937	14,8586356590
-3,5134930550	9,5250407358
16,0829997681	14,0568875243
9,0237847895	24,8325179883
14,8164449645	14,4425207954
14,7970532139	14,5245654044
-3,9649996220	8,4326295948
14,1919906362	15,2140258824
14,0735521199	15,2496449817
13,6269709957	14,4474701381
14,8950677656	15,0242826358
-3,0240289050	8,5285278576
15,0148657126	15,1737804583
14,9536095548	15,9513982893
14,7972140115	15,4197774327
15,8202895307	14,6482804365
6,2685948108	24,7553127060
-5,6553861156	9,2042563066
13,9546350778	15,0446526677
-3,8270676181	8,5787040649
7,1355894290	25,4550922446
7,8884460195	25,3881371990
7,0677785863	24,9138014575
-2,1350997474	8,5789988837
16,3327133657	14,9676461520
-4,1337453746	9,4501737592
-2,3576373473	8,5919124298
-3,2592721005	9,2260916578
-3,0668215993	9,1371801607
8,0918950789	24,7288795460
14,4305168981	15,1253340029
-3,3657854871	9,0480954323
7,5028887695	24,4073923486
6,9696703131	24,8758406975
-3,1253814669	9,3000743185
-2,9514080263	8,8543679864
7,3318566278	24,7915936353
16,3978186187	14,2052040899
-3,2244780867	8,9356295208
-4,3582224543	9,3457267153
5,6159268270	25,3760707514
16,5908548112	14,7409090087
5,4544811087	25,2225038064
-3,3458644584	7,6287277823
13,3376829686	14,0830459512
15,8420824280	14,9072651850
15,9498174540	14,9009069358
6,6831666001	24,2397239869
-3,5719850914	9,4775588165
16,1655419296	14,8022122572
-3,7724311397	8,8865277247
-5,1357101779	8,6409159194
-4,0445415905	10,0470046147
7,6408165546	25,2283098745
-4,6761725311	9,5594403829
12,8682053267	14,8901691705
6,1668135771	24,8006725456
13,4689984021	14,9554794755
-4,4572922031	8,9249280638
15,7577036497	15,1419390736
14,9855193421	15,4986379041
-5,3763216233	8,3218664409
-4,2999227782	9,0346244678
5,9580501342	24,6772468212
5,9966551843	25,1094456140
14,6926528216	14,6474470600
14,0986720914	14,0760181393
8,3928322977	25,3156279735
-2,9394971300	9,6883257002
16,2708497065	14,8857859383
-5,0891729091	9,5725861812
15,9061722336	15,1000721069
6,4103163170	24,5805821806
-2,8264163503	9,7268108036
6,0291918142	25,5806382678
5,7579634585	25,2138936480
16,0899619740	14,5715915426
-5,3072769090	9,8493530612
6,0718908672	25,4321408778
8,0745129206	25,0674342838
8,5400295434	25,2643328902
15,1592286042	15,6292816674
5,8381337732	25,0008573740
-4,3241440494	9,7747790573
-2,8732926785	8,0482092059
5,4265680306	25,2127036260
-4,0718934477	9,3825185675
-3,8954176744	8,6779858062
-2,4735306993	8,4316561249
-2,9687209007	9,1342429401
-5,5550047613	10,2835366709
15,9324625146	14,4729101134
6,4230485337	24,6902039469
15,1698318645	15,4520548359
5,9879236839	25,1197514794
14,7122146930	15,0361828345
15,9485949622	14,9528863070
-2,9545319290	9,7924297185
5,5803437822	23,9335448225
6,7281777964	24,7880225815
16,6872732036	15,2324649401
-3,8160333066	8,8533542191
14,2468831090	15,8911800342
8,1642373060	25,3465151294
6,2448364366	24,2440405714
16,5714275719	15,0794522037
7,3240674776	24,4003870605
-3,6556937922	8,6116654613
-3,3478977162	9,1022807567
-3,6963212803	8,9058562072
14,1189811440	15,6161617462
16,7043768878	15,4827357677
8,2396696090	24,5397874556
14,6012242573	15,3145359866
-3,4526663875	8,2897115052
14,8533117043	15,0374992457
-3,1825155346	9,3873782771
-3,5297069686	9,0565843103
14,8407542999	14,2500937533
-3,6283974544	8,7449228485
5,6432791193	25,6965652871
-3,3970041220	9,3862447999
-3,7410144258	9,5406320882
15,8904590065	15,0686559644
-2,5882919462	8,4690463359
4,8037550782	25,2063928806
-1,9163283830	9,1995516528
14,8394800455	15,1716036709
15,7891268354	15,6478469232
16,1781156684	14,2113552244
14,1965115446	15,5408777984
6,8736165859	25,1895630526
8,3273247023	23,5664258273
15,3240169465	14,3902008593
-3,0177624427	8,2928614236
-5,5271724189	9,2017653532
-3,2198862878	9,3595640430
6,4393952790	25,4122959338
7,9150507271	25,0220045736
-4,3355114646	8,4705721908
14,3033475532	15,7012571970
7,3876184946	26,0396345231
-3,2233031633	8,3594450058
-3,3372058156	8,7144707855
15,8088430750	15,0283531117
-5,1370005421	8,7135754347
-4,1046074025	8,5296101510
6,9485968334	24,1578122297
14,8289717806	15,6526979114
-3,0828577332	9,7015959535
13,6121083941	14,9555054227
6,5451545038	25,4124102510
5,9708574274	25,2549297600
8,3432378739	24,5450917306
14,4749048977	14,8193104449
15,4459715010	14,8047649002
15,8735119733	14,7323252360
5,4976227101	24,7761376044
-4,9358579960	8,4256361385
-2,2980678870	9,4058834751
14,5274092520	14,9866044011
6,2874569843	24,7554840097
-2,2141102517	8,8933568363
-3,0288182414	9,0848826550
-2,8900625357	8,8239440523
-4,3675992320	9,2192721891
15,8788220860	15,4767999208
5,5173824213	25,4787854081
14,4092864126	15,4599952120
7,0038119569	24,0649451227
-2,0594809930	8,8564946038
16,2431390028	15,1764479011
15,5077982203	15,0701201160
15,7861443481	14,3685086745
-5,1588457012	7,9983507994
15,3152454413	15,6541955465
-5,9047551115	8,9142040791
13,0636761755	15,1746497630
8,4476120892	25,5321355223
7,1645313782	25,0200416754
-2,9988961274	8,9498570861
16,2621738541	14,5218581935
7,2357740315	25,1554736953
-4,4452345599	9,8144355901
15,1800583515	15,7327155508
14,4913209166	14,6129356081
16,2992115730	15,2440872487
6,8803190688	25,7372189606
7,1209281376	24,6918846478
6,0694619036	25,9231750476
-3,7140342811	8,8960482261
4,8310797529	25,9312337870
14,0109068553	14,2229892290
-3,6302090247	9,7149450622
-3,4809536141	9,4095786179
6,7807543937	24,3161642765
14,7951357292	14,7215755673
-3,4192168217	9,3605208057
-4,7853342200	8,7830833630
7,2924323967	24,4919272085
-5,4979358554	8,8166067844
13,1799528190	15,0634091671
-2,6738511906	7,9189156576
6,2377739892	25,1944576153
-5,1996141615	9,2138601951
14,3837104813	14,8228786531
15,4510920169	14,8724044575
8,1743240125	24,5223359497
15,6093776791	15,0776299251
14,1159146162	14,3081983014
15,0908020183	15,2561558286
7,4624669152	24,7423341126
-4,6223689946	8,9844467441
14,7269066956	14,6976350441
-3,7276924536	9,3645368601
7,1016264575	25,0690278944
14,0565425751	15,2422974676
14,7373321297	15,1899355312
14,8740732931	14,7973235203
7,3292181181	25,5323862265
7,5493683280	24,5191589125
13,9789412711	14,4384977267
6,8494961682	24,8367360237
-5,5359883555	9,7866683928
-3,7514917804	8,8995679750
9,4817462480	25,0655069061
13,7480860873	14,5916672132
16,0506542803	14,9289017483
5,7095859177	25,4690282032
14,8632601997	15,1794185238
14,8283939695	15,8328540166
6,1803630448	25,0012111637
13,3501203069	14,7101707579
6,9394434589	24,7819908451
7,6488636942	25,6829165868
6,6178019170	25,0324543117
16,7778206518	15,6992672990
14,7106244210	14,9549759042
-3,4124939457	8,0540507252
14,1780815957	15,0007264972
-3,9425022792	8,5229869961
-3,5041132705	8,9073705832
6,6324547121	24,5843529568
-3,9780879464	9,2512030606
14,9309698152	15,2643789541
7,4283546685	24,1743676981
-2,9769380109	8,4418486467
13,7671901825	15,1391887020
8,4966437296	24,7480545814
15,1677241563	15,3661476023
-3,7978882731	8,9157665905
14,5502137777	15,2998121071
-2,4507814538	9,0279865270
6,5542170768	23,8547264661
-4,4345753203	9,2693997429
-3,9946909862	8,7543935163
6,4324118660	24,1568486210
5,8044815254	25,7094572360
-5,6803562637	9,4813898656
-5,9712843672	8,0982446214
14,4942308483	16,2561266717
14,7914986358	15,1479105077
6,1526630974	25,1163213203
14,4004688547	15,1368455273
15,9532074740	15,0349485028
7,2465592457	24,0830490828
5,9330963628	25,4600484236
-3,0548088555	9,3016294760
-4,9107233058	9,8608327549
-3,2303738408	9,4838318591
8,2000981481	25,2130959090
13,0099740388	14,3155521340
-4,9573670758	8,9290310825
6,8386613448	25,3027897832
-5,4246895607	8,4652767852
8,2181409105	24,4099025748
-4,6164348755	9,5129638211
-5,5525992019	8,6591287906
8,6154526876	25,7148883869
7,5148354744	24,4853803461
-4,9290133802	7,8756688146
-3,6084236012	8,8667839994
7,5398433613	25,4225182708
-2,7733981146	8,9842452680
15,7511739868	14,1697239807
8,0202500517	24,1233830173
15,1216894331	15,1589110067
-4,8021782595	9,3626524233
7,7809117639	24,8641351782
-3,4453495987	9,3073737095
-4,3269845674	8,8489159960
7,9499817492	24,4973696662
6,8714848738	24,9213415725
14,4327421467	15,0910631478
13,4324228867	15,1982116332
7,3234936062	25,5301495029
-5,2355934156	9,2064239298
7,0430125480	25,3069348855
14,5426939630	14,4294562649
14,5545642441	14,7660334630
8,4677884748	24,2388265052
8,8399776875	24,6438545100
5,8660157458	24,3565426258
8,7743330707	24,2824909255
14,0007945830	14,8372920942
-4,3938886459	8,0954061122
6,4920565687	25,0621241355
-5,1134174185	9,3022999976
5,3732749257	25,5833843546
13,4691226909	14,8862142379
6,8471428122	25,5616452079
-4,7698670828	9,7711437173
-3,0352961816	10,3116298323
-4,7135103657	8,4080307560
-4,9440171565	8,9796637424
5,9912610302	25,4494489794
15,2441281770	14,4101430656
14,2304692125	15,2201786624
14,9064946712	16,0275533101
16,8894201700	15,6773324373
15,1901257820	14,4417496327
14,1300417177	15,6941939648
-3,2425145466	9,3251345276
-2,7568575751	9,1706402353
7,0405360257	24,5851044838
6,1040149836	24,9418295154
6,6012922669	25,1097284528
-5,7359503446	9,2819556316
-4,3497029251	8,5377606886
13,8945666085	14,9900619348
16,0007416970	14,8422999518
16,3904876151	15,2397378334
-3,4017501616	8,7189186719
15,4896936920	15,2052866192
13,4462194309	14,4093498003
6,5886514423	23,9911957795
7,4489643032	24,8675364931
15,5685893748	14,7063934712
-3,4609607979	9,4048028652
15,0114104370	14,8841149220
-3,2097156294	8,9047010868
14,4739205161	15,0385840743
-5,1546383477	9,1904658308
-3,6975548321	8,6828002981
7,9824789632	25,0214798736
-2,9702892736	8,1969602136
-2,6863528898	8,9544469663
7,7658190458	25,5598611463
13,7324761176	15,6777478988
-2,6943851309	8,8920447251
-5,0085086538	9,2320282482
14,5986403996	14,8347246058
-3,7655312700	7,8023122841
6,4271441960	25,8831471267
16,0960437480	14,9289825297
15,6307915407	15,1309399825
7,5464635689	24,7395284456
-2,9923463533	9,9240927460
7,4764867791	24,2268152808
7,2540329790	24,4414862824
5,5301546511	25,2540699505
-4,5536905698	9,0829128512
8,5374831860	24,3408712523
-2,9308520099	8,8581770196
15,5330495463	14,5509589814
-5,8704984516	8,4105141130
-3,5767129505	8,5647900274
13,2808034456	14,9085621848
7,0990425020	24,7038166654
-3,9808870246	9,6588267283
13,7680088207	14,5943376000
-2,6243592983	9,1997529200
14,0147211183	15,6480879458
-5,2262861769	8,7172659904
-2,5148242679	8,6418664887
-4,5739702675	8,4509175073
7,5922719975	25,4510552104
15,4254594004	15,4099902846
15,9076985206	15,5695837690
7,5393100114	25,4488989145
13,8366223784	14,6664085838
14,7492760133	15,6759158196
16,6347630721	14,8741558050
-3,5441415368	9,1655015960
-5,0224193606	8,3244973789
5,7564725952	25,5239552950
16,2117667970	14,8644154120
-3,8786128455	7,8835240174
15,6286428747	15,0692005130
-4,8329610327	9,0281446874
6,1215311997	24,3309978020
-3,8472014950	9,3301073638
-4,3370550235	8,7533390778
13,3762126677	15,1861823722
-3,2640340969	8,6758584110
-3,0957996972	9,3958163137
13,4246164696	15,1526930032
15,6276137870	14,1935100895
13,5762375507	15,1652650987
6,6452863922	24,8825929850
7,8260593357	24,2669515187
15,0672438858	15,3324242449
-2,0820125363	9,3500910191
16,6109445390	14,9849659266
8,9922909900	25,0711657745
-4,2836532182	9,3155796329
6,1232147332	23,9171456488
7,6297644777	25,0742684041
-5,4670971653	8,3560422643
13,9813963767	14,9757265059
-4,1944167860	8,6510896516
15,6103969295	14,8213370328
6,3002875754	25,0949374977
12,8619976970	15,0172620276
7,5771959942	24,3407507952
5,9480955993	25,2493268387
5,7661523894	25,3525330912
8,5476826887	24,4320090609
13,6868211359	15,0493196968
13,8674549635	14,3891129184
14,4569971395	15,7673430465
-5,1087001653	9,0621923683
15,8118189153	15,0721006155
7,7058554610	25,4932555824
7,9094731630	25,1829404471
-2,7737296189	9,3134292964
14,8967886963	15,4462190125
-3,4681507750	9,5312069832
8,3720253771	25,0602692251
-3,6949583791	9,6246985331
6,5506439317	24,7567109465
-5,8543793334	9,0652932932
14,9375354444	14,9215996429
7,6053024448	25,5165153797
14,2531283738	15,1198776021
6,2853602321	24,7296366439
-4,2571287496	8,5865967380
-3,9024988040	9,4472071568
13,8863173951	15,0810604620
15,4625577403	13,5843654995
8,6896951742	25,2483421356
15,7070785663	15,7239085532
-2,9383268123	8,3018687222
15,0906993686	15,2716979421
7,5356358705	25,6491692479
16,2862729598	15,5084243883
13,6913628225	14,5455559802
6,4326494068	25,2182171263
-4,2264114745	9,7152461338
5,6686640333	25,1199705730
-3,1716628161	9,7754747095
6,2083038772	24,6558725408
-3,1814549296	9,9699753210
-4,9456477150	7,8028361557
8,1010908871	25,2268162882
13,9717001798	14,6477233860
15,7917602837	15,6801494324
7,9208900211	24,1646903981
5,2335295941	25,1554315690
16,3580757715	13,8578972129
-3,9720269981	8,9181723427
7,3459439290	24,6432398591
13,3357799475	15,3094418133
15,9795096545	15,9501922132
13,1370602996	15,4192484454
7,7932345195	25,7951949496
-5,2251432187	9,4911352657
14,0329072677	15,0761411843
5,3501252544	25,6766501418
-4,9689410409	9,4933350866
7,2788746529	24,7268658663
6,2422924953	25,5747690030
6,4935414642	24,5941603635
-3,6126970395	9,0818054364
-3,2757999780	9,4892081351
8,7411626142	25,2197568998
7,8033056600	24,6458826367
14,8777602997	15,7006361473
13,7840192834	15,1775452649
6,6700702893	25,3451011254
7,3520094642	25,2111642873
-5,7951213785	9,4430422301
-3,7255527623	8,4523798750
-4,8760678669	8,6032157698
5,7527205380	24,9403486905
6,7532391987	24,7790780888
-3,3644423937	8,6014928507
-5,2674444077	9,0089562408
16,6495516779	15,4369164503
-3,9038701640	8,7215505285
-2,8327498905	7,9986328988
-4,8673765049	8,6863640548
7,8440882622	25,2867063621
14,9707950671	15,0385611446
5,8733048516	25,1919767764
6,3946598539	25,3680328320
-5,3887856041	8,6067075121
-4,7878648705	9,6030620541
15,5289325753	15,4742714792
6,7320131415	24,8198215936
7,6769712902	24,6268700157
-4,0042957385	9,2787869247
7,7154005567	25,1229938804
15,4207971136	14,9690626722
7,6396999406	25,3728295754
6,5964511306	24,9426065892
-5,0737673906	9,6216206796
14,1406826683	14,6902791270
7,6676818505	24,2262128844
-3,7530433303	8,8876438665
-5,5795019994	8,5516424706
5,3828316552	24,8587085170
14,9948097235	14,1628989102
13,7519431184	14,6954477433
8,3896369398	25,4785709653
-3,5256495945	8,6256342286
-2,8493910102	8,9468489707
8,6594246542	24,3865119312
16,1952174033	15,9479988764
6,3751703908	25,0998297623
6,5581504211	24,2826045359
-3,1396814281	9,8365744349
-4,9977575870	9,6433693437
5,4786039729	24,4900311638
-3,1176351350	8,7792403297
-3,3902237036	9,1097449433
14,7766286543	15,2823795145
14,4395516193	15,4517982338
5,7121547033	25,4327385085
15,1250049385	15,3046383218
14,0917489776	15,2216057250
-3,1001643986	9,4528728376
-3,7244821854	8,9208583168
-5,5774444795	8,3499758216
14,1261240624	15,0017176636
8,6063394578	25,5507279048
-2,5958234976	9,1864040396
6,7265873410	25,0957018932
13,8777316978	15,0024985884
-4,8473266124	8,9357138938
14,6390024147	15,1663969751
-5,2488242774	8,7904060330
-3,6226658632	9,2087760838
6,4373357885	24,8541863263
-4,8099765941	9,1638913071
15,4564096485	15,8742620235
-4,8032919022	8,5724723948
-4,1816301702	8,5340596228
8,3486271696	24,6267424788
7,6997170908	25,3252851405
16,1705173745	15,3066471539
14,1530007595	14,7880041594
-3,0651879228	8,8248923735
-5,0223811738	8,6482147199
-2,7245184267	8,3488835350
15,0692332016	15,4080461406
5,8953186552	25,0222412923
14,5829627069	14,5903754427
14,3299649681	15,0390224937
5,3880874207	25,0748781296
7,0268976911	24,7597509902
15,1847500646	15,4212917306
-4,7049923750	7,9731700097
-5,3603964057	9,4611426419
-5,2158204316	9,8953549534
-4,1829247374	8,7602088934
5,5277435745	26,0337396926
14,5915941413	15,6882177165
15,4710660539	15,4416261760
5,6651112137	24,6605054903
12,7323036599	15,0655114457
14,9483272166	14,9883706464
-4,2885823121	9,3714500432
8,3539268971	23,6994392318
7,0774343808	24,0256494463
8,5897660330	24,6160058900
14,4497766127	14,9489978457
6,7498697075	25,2014947867
-3,3233444173	8,2252710770
16,1335878672	15,0095008911
-4,5505633118	8,4551504273
15,3049755672	14,3422881783
14,1918861598	15,8064978525
-2,4363260497	8,2198511665
5,9857221560	24,9281117841
5,4343922110	24,5700601220
-4,6727071213	9,3201671295
15,5833151806	15,3560406946
9,0412702648	25,0988244107
13,8704079162	14,9651096161
5,1590428096	25,9703370213
7,7470735234	25,0247702218
15,9542900761	14,9725690631
6,5644576742	25,4015794564
-4,5399818914	8,6405871643
14,0229010691	15,2877662394
15,7742284277	15,4103169979
-4,0470347326	8,9694298943
-5,7367399993	8,8047102422
5,8536425529	24,9357566304
14,4751834982	15,2541580434
-5,1215625812	9,4642560969
-4,4352807344	8,8702978045
-4,1447676600	8,7038553473
-4,5633594659	9,0316535560
7,3312553338	24,7135539505
5,9400366118	25,3418887125
-4,4876446396	9,6916880913
7,8182274196	24,3724826188
-2,3192834519	7,9406716500
15,1767586290	15,1284612348
15,0172870523	15,1693339118
-3,9486842294	8,6653917670
15,1576559396	15,7956324108
15,5919013142	14,5306821305
15,0697984450	14,8137411270
-3,7843220624	7,9624379606
-3,7386283991	9,4785649791
7,7928102429	25,4291650836
16,2200531589	15,5282527729
-3,9253980498	9,3192037912
7,7329070517	24,8314063129
7,6230693475	25,0214869050
6,9070827630	24,2766079845
14,6518267319	14,3875020892
6,3775953873	24,8421636259
-4,1485632672	8,5902789918
-3,7891669831	8,7303595201
7,8173651958	25,1576768308
6,0202219593	24,7865103219
14,5666455809	14,8859236668
15,4968964457	14,5805110848
-3,6581884596	8,9970325825
8,7283837935	25,1593558916
5,8145131406	24,8853285529
-2,7470177972	10,1061434542
-4,7900401786	9,3212955250
-4,2952881436	9,1552026425
-3,4072066167	8,6748371704
14,5825577165	14,9460478890
14,2028897283	14,6348819246
8,1992190584	24,4532099598
-4,0523942478	8,9224131283
6,0533598641	25,6516471577
15,3217370902	14,2635415408
6,0616444320	24,9278961023
-2,6576799831	8,8513599796
7,7770440811	25,2836152419
16,1819482113	15,4125674763
6,0309425420	25,2631587675
7,7332904854	24,8728535010
5,5581143013	26,0721588324
5,0959302574	25,2153335365
-3,0288930506	8,7817128436
14,7805012763	15,0953041839
-2,5627941440	9,2311755210
7,8652551243	26,4302351253
6,8230251640	24,8885493121
-3,5868695501	9,6433917222
6,4310154764	25,8360666787
-4,1787434970	9,7957272084
15,9896449681	14,2531433695
6,4811548994	24,5601911743
13,9116339305	14,8957939934
-3,2553634551	8,8132968361
6,2961463762	24,9426034881
8,0406908127	25,2434401447
15,0696733642	14,9980537424
-4,0046577529	9,5715488146
14,4083897775	14,8656038618
5,5712819549	25,0865886688
5,3074474713	25,3586481683
-3,4397587994	8,0643829472
14,0212592701	15,0874833770
16,4725675370	14,8789448954
6,8153805495	24,8983005021
-4,3177570190	7,6786524805
16,0199313635	14,9917596123
13,9421206357	15,5399599824
-4,3979235994	9,3542454013
-4,7293889572	9,1699268971
6,4215677742	25,3668704422
14,4270218175	15,6199823896
8,5710950697	25,8299875213
5,8281577451	25,4720288831
6,9358381205	25,1883989035
-5,3964771701	8,5445437296
-5,3380373513	8,9130868868
7,5562816960	25,0834690330
15,5938068097	14,4060711339
5,7327408407	25,3339156699
16,2033407557	15,2552857467
-3,3389508898	8,4453689553
8,9103647653	24,4945162278
-4,6228230374	9,1168587716
13,9294882673	15,2272803973
14,1261446411	14,9406733609
6,2587699927	25,2526879081
7,2487267803	25,1409702014
14,9986824714	15,4254382581
-3,3128876645	9,5348448544
7,9425440661	25,7248644168
15,5749790835	15,5536658488
6,2244999189	25,1693344881
-4,0644927400	8,9941699237
13,8873790134	14,8527882721
13,9562467312	15,4462821716
15,1538357491	14,5070616612
5,7532982880	24,9122290385
14,6403537934	15,8011805642
15,7914049109	15,0613035225
6,1072779782	25,6834772889
14,1181403061	15,4913808372
-3,3342176122	7,9537866298
-4,5498873781	8,6170037684
-3,6710874764	9,1849828169
14,1830084890	15,8458186266
6,4438568458	24,6295722591
15,0038703062	15,6746289698
6,7367175152	25,0162856959
7,8381071749	24,8866894765
14,0634881778	14,7026774432
-2,8482147621	9,0055163091
16,4123324532	15,0490922267
7,7155018434	25,4677483993
7,2069627470	25,7887599680
15,2766648986	15,4045475372
15,1661879347	15,1262824236
8,0537649771	25,2488754187
16,3224335155	14,3158010327
14,7275184273	14,7872182503
7,9207557539	24,1211437622
8,5666141087	24,9616326188
15,7050810664	14,6607759262
15,9039748354	15,4204668238
-4,5590502702	9,2186878115
6,5854459499	25,1251752275
8,7655449893	24,6481251150
14,9044737756	15,4304015568
13,0316916995	14,7221480893
-3,5522532381	8,6432665164
7,9765838507	24,4804062165
6,3869587028	25,9368285778
14,2719873506	14,6682136970
8,0169572573	25,6913724361
14,6602343101	14,2952797084
-5,3992181263	8,4758636183
7,2464950325	24,9104523997
14,2466359566	14,6537320522
15,0687303210	15,0416704970
14,3188319216	15,1679533966
6,4458682981	25,0476599221
-3,7343357638	8,0890726264
-5,1770971208	7,9537722007
-4,0106518897	9,1897086469
5,9673159108	25,8023167538
15,2624350904	15,6345206926
-3,2159806192	9,2578087691
13,9948283770	15,3794736866
-3,6276526006	8,5200213323
8,7389172628	24,5640704874
5,5299471699	24,7785435552
-5,0588569827	8,6700788803
7,8829806687	24,9964735066
6,8308627075	24,9946430074
-4,3874095460	10,0628101187
-5,5503917406	9,2310412256
-2,9708835511	9,0523259360
6,6522469820	24,0691059421
14,5277661084	15,9339089511
6,4075983686	24,8917568835
6,9879176277	25,5560387646
8,0043167241	24,5605590374
-3,9376990786	7,7215990867
15,5493244034	15,6458751059
6,7292921160	25,7713043539
14,9432546189	15,2600844657
6,3878685110	25,2405327467
6,5386925433	24,7644163743
-3,7986796747	9,7304976391
7,5149453818	25,9262149297
5,4065570476	24,9951584652
13,7880302590	15,6181648578
6,2003326548	24,8351118972
15,4841371788	14,6985262309
8,4357040181	24,3022392932
-3,2051963967	9,6485220784
6,1426951091	24,5520540022
14,8288577196	14,4202761788
13,1740100764	14,4024562680
-5,6274369888	9,4402609180
-4,8043948439	8,8044178449
-2,8435678690	9,1188727733
14,2715882473	14,5939621847
6,0124553929	24,8990236761
-2,6074674505	8,6113535963
7,3924857364	25,0240815382
6,2869747495	25,6493851397
6,5160978357	24,6409019531
15,5828891031	15,2732305055
14,8867518402	15,8007432256
7,3260623377	24,8820663968
8,3437078822	24,4804834979
15,1491433636	14,6621977763
5,7691646241	25,0568129427
10,5641247677	3,1484823544
6,4918079186	25,4486971933
-3,6489821996	9,2208131048
14,5382719444	14,8047704603
7,0001904591	24,8112772307
14,5272881444	15,1644729870
-3,7127036531	9,1472227390
8,2820644376	25,1126871123
15,4668122793	14,6146448335
14,4582017367	14,7054469452
14,9643533863	14,7353593744
6,6729562073	24,6162714721
8,4568122462	24,6370671334
-3,4647572238	8,9075360845
14,8520841623	14,2804388101
12,8616000301	14,8644368310
7,3466839929	24,5165671385
7,3339392558	24,7151788029
-2,8152769715	8,9792860381
15,4977430269	14,3405969840
5,8364592811	24,8180928766
-4,6742976177	8,8700307463
-5,0468878506	9,7723900603
8,0932014500	25,2219054011
5,3415168699	23,9731298821
14,3669421334	14,6905323931
7,9245126136	24,7710649886
8,5927154673	25,5637480006
15,8948181766	15,0677571348
-4,3523190324	9,2317026904
6,1342782361	25,1311887926
-4,6965200481	10,3943743915
-2,8975225593	8,9010259326
15,0412079260	14,7983905118
8,4941643807	24,6484186062
-3,6564565895	8,5410968070
-5,2106786406	8,7785874929
7,2304659434	25,1527513063
6,0488587767	25,7147496068
7,3986009924	23,9875770403
5,6429079531	25,9339943935
-4,7438203366	9,0134290174
-3,4078139532	9,0219465443
15,6024795093	15,7292518789
6,9631417586	24,9215248468
-3,5637973439	9,8549513282
15,3757597900	14,9346513014
-3,2074811674	9,4539055994
14,7202579659	14,9172614730
-3,3021418623	8,9460732329
6,0113678929	24,5393358567
-5,2349235878	8,9747792951
-4,1948373205	8,9153405329
14,4308170628	14,9606371711
15,2307801023	14,9998884276
-4,0355481660	9,1232557887
14,8221423735	14,3583279577
-3,7713695237	9,1914247633
13,5192082699	15,4106935479
6,8709251352	24,9271007507
6,6809432417	24,5112100584
13,6654901666	14,7949902808
14,0322586089	14,4702618951
-5,3558221478	9,5916599417
7,4420302232	24,3111353637
5,4844387106	24,7175722038
-5,6478229233	8,8754354382
14,6609775839	14,7249087630
6,3638945477	25,4121738014
15,4780991286	15,1730895673
-3,2167356813	9,2919553883
16,1762913228	14,6660656897
5,9654325855	25,7954932163
-4,0627524203	9,1691412281
-3,9270368899	9,1351792841
13,5840689217	14,9630540746
14,4101601722	15,1726612991
-5,4139947037	9,1878068165
5,7363825696	25,8377615346
-5,0514025393	9,2944295454
16,4815095681	14,5019091770
14,2773208129	15,0715698490
16,2931525538	15,3225496038
7,4823969652	25,2655133793
14,6621524193	15,8206315552
-4,3545501107	8,7194750051
7,5806979138	26,2028219811
-3,4072115001	9,1488490802
8,0785340448	24,3730606956
-4,0275034975	8,7641256940
-2,4194655429	8,9930823676
14,8952175149	15,1839138502
-4,7803258004	9,4465478824
-3,6853534732	9,4177483937
-2,6060485814	8,8212781968
7,5538067084	24,2270732991
-5,0364774688	8,2540087707
8,0973958113	25,4413593431
6,8111859574	25,1402127281
14,8815360361	15,1375231328
14,6046768461	15,1478195616
-5,8500694277	8,5820746280
7,1026108397	24,1382661894
-5,6488565680	9,8095657042
8,5948170582	24,8852461792
-3,8205578462	9,3237548728
16,0077568515	14,8074758447
8,6579868515	25,2599764866
-3,5711949398	7,8525892263
8,0254224918	25,3925602981
-5,2055255780	8,9014327439
-4,9808480663	8,8133235942
6,8031031593	25,1008241614
5,6067643469	24,5026221400
-4,6853317064	10,0268954916
-4,1451548113	9,2519473954
5,4486135374	24,7496502556
14,8784009291	14,5316259457
8,3959287776	25,1162151391
5,9168124057	25,0831048887
-2,7706808263	9,4236915786
14,7756439214	15,0427112271
5,7215900037	25,0263535972
7,8285747545	24,6526774634
7,2009664964	25,3135651338
14,5689685102	14,7379506750
16,5345230969	14,2121740298
14,7653029061	15,3187386927
14,0962718567	14,6427350289
14,0051028153	15,5898207544
15,7722062078	14,1414307205
6,6246719157	25,0701940854
-2,6144915043	8,5297520148
13,7819053619	15,0027845383
5,7403263664	24,7320232198
13,7370034494	14,6939262721
7,3449979294	25,6495836643
13,8436973166	15,2591683765
-2,6333544452	9,0140485025
-3,8406975151	8,8265786620
13,5777597542	15,1947778497
8,1932087188	24,2290125429
15,0450439770	13,6993846838
6,8151977107	24,6285781487
7,2028560189	24,4768253536
5,6224722524	24,3656705127
6,8021625687	25,1312315736
-3,1613766479	8,2729239451
6,2042041771	25,1687247862
16,4612684598	14,7858326212
8,4219875065	25,3341845938
6,5285301334	25,5540022551
7,6214805515	25,6582901415
15,6469657509	14,7619100134
14,9981930030	15,4251227592
-5,2062768951	9,7535626911
-3,6053035956	9,6062347521
-4,4482757710	9,2216305642
13,8317720453	15,2861587641
13,6397862658	15,7123493660
-4,5856698418	9,3841352889
5,5326896936	24,5067294673
8,0957443427	25,4412028037
15,4943731961	14,5367633433
5,9481594542	25,5071542893
15,6539259764	15,2530836880
-3,9554480815	10,5889518883
16,1139155872	15,0627991920
7,4670500038	24,7568902791
7,9150054462	24,3925466175
7,1100413094	24,9476071264
5,4803553794	25,9749118302
-4,7016717404	8,6996863072
-5,5552351234	9,5984040037
5,8012745031	24,9378003398
16,2316491484	15,0083712013
8,8020459395	24,9985370951
6,9242608958	25,2087502600
5,8086502942	24,5296033576
-4,4415060187	9,1829343235
-3,5512843478	9,4063312918
12,8982679983	15,1984739189
-3,8996127123	8,5860637780
7,5756415157	25,1850223553
14,9856768929	14,5377059388
-3,2773584090	9,4749649772
16,7953175644	14,5395028771
5,8768399438	25,1402296575
6,4677489849	25,2846385765
13,5398657814	14,7527139533
7,9489100224	24,2985125532
7,8467168572	25,4553793029
14,1444716116	14,3832075261
15,5188622017	15,7388767560
-2,3539045756	8,7449400245
7,2029313215	24,2735383710
5,8725103783	25,3512171415
8,6480583126	25,1682859005
7,2528610925	25,0969488316
7,3703432783	25,3602885442
13,4126146065	14,6531694790
13,0297713303	14,2376222482
-3,7743260397	8,9148227168
6,1925503625	25,2949172967
7,0186858114	25,3336974751
-3,2000170922	9,0552219933
8,2603135648	25,1750151892
13,9927217435	15,9891390152
13,5338080667	15,4849407507
16,2933024090	15,3309425270
15,0463797236	14,5054150536
6,2301273873	25,5670156203
13,8432791747	14,7404603689
5,6763278238	24,9222309492
16,2034181969	14,4573196621
5,4441839691	24,3394942434
7,4999402082	25,7323772117
14,9587186512	15,3214460186
6,8693632259	24,9538082977
7,0197680129	25,5215808373
8,0815873943	25,4029872052
-4,6842303767	7,9976600739
-4,6983604456	8,3449145122
7,0133602422	24,0235356038
16,0128786788	14,9444450794
7,9920593033	25,3648406615
15,5822631979	15,2705591187
15,9157168683	14,9099241910
14,6900924953	15,1717450323
15,8518482054	15,4955556035
-3,6336612026	9,5854226569
7,8497268596	25,1416706091
15,8311915876	15,1070359400
14,3924077863	15,1019299853
15,2495777889	15,2941109470
-5,2359306317	9,2067365429
14,0588302383	14,8652348905
14,7013426192	15,5005085998
-2,9724663915	8,9567408669
-4,1936815012	9,2408396681
5,7779860721	25,3616395130
6,2398933119	24,9270275209
15,1088257113	14,7929833562
14,5921358481	13,5603683003
13,0747992748	14,7980505306
-5,1332734693	9,2341555688
14,9709083095	14,5312209578
13,2111579836	15,1061109637
-3,1183729333	8,6190050270
-4,2798544128	9,1436915921
6,9904339244	25,8591402564
-4,0237288359	8,6242852916
-4,8616798380	8,0038736507
-5,2183227227	9,1395453043
13,5617463895	14,8793911792
9,2895754105	24,4896928162
16,3138780788	14,9134330359
15,5530863981	14,6726725545
13,3310816511	15,1180044048
16,2836275309	14,6267763837
13,7498725364	14,8749647373
6,0202826252	24,3394359797
7,0460737788	25,0703462256
6,5464549629	24,1431673216
15,3850863717	14,9297880727
6,7755883122	24,4598716928
6,9613518568	25,0295860217
16,0291215784	14,9314749581
15,8680003652	14,7197077822
-6,0603905713	9,1129596938
6,7950514096	25,0468238049
15,6343489820	15,4876335072
-2,2440673563	9,8703699995
-3,0152477386	8,5986717345
-3,2447391651	8,7578229356
15,6595560365	15,3660704617
15,1002471737	14,8200877899
16,0554070579	14,6140666746
15,1396056035	15,4155536923
-3,0054074786	8,8053219503
6,1795693700	25,7104229440
14,3637779537	15,4716028968
16,1056587758	14,9681446672
7,5152050211	24,7269112762
6,2736948800	24,0818713768
17,0304367969	14,9291483352
-5,0369499019	9,0189643552
16,1019374725	15,0156113373
5,8274142007	24,7960352201
-4,4690536199	9,5245603247
8,2623189624	24,6328148915
-5,1082962422	9,1721318489
7,4954273907	25,8789926913
15,8503399601	15,1570738797
14,4707273898	14,1470858669
-4,0130451352	9,3321588964
13,8225224103	14,8619354129
7,7952443129	25,5856056900
13,9534820152	15,8700190361
13,8372056665	15,0628544361
5,0460537146	24,8107565640
6,5935319302	24,8407683542
16,2052363424	14,4747498485
15,2569594802	14,5434036536
13,6136984613	14,3974446972
8,2068904395	24,6093286760
-4,8679693168	9,4880879511
13,5070965091	16,3119421879
-5,7244125821	8,6369292272
6,5383378649	25,1061836686
-4,2067430245	8,8522748058
15,5837862011	15,5215179031
-3,3705055559	9,4186951957
13,9131404683	14,5454970639
-3,0420615102	9,8228267643
6,9842741646	25,0121344164
-3,9759424374	8,9848781193
7,5573966981	24,7680230149
14,8320871387	14,6861499821
6,5370575875	25,6286703138
-3,0056082704	9,6153639924
-3,2660006162	8,7100222063
14,5596460726	15,0625676829
-2,8059409264	9,5764875104
-3,8299909207	8,7747462044
15,2532224482	15,2427883819
8,2414012915	25,2782012278
-3,4749635102	8,1576935146
15,4310913815	14,0737439927
8,1390953416	25,4180026511
6,7065171004	25,0112579933
16,8189386973	15,7404084356
16,0227352129	15,0146504155
5,1710634013	24,7003892029
15,9268717321	16,0179352405
13,5345594014	14,7557170098
7,6602757796	25,3929311500
16,2845555729	14,9934719072
16,4248313315	16,1557524980
8,4111714277	25,4672712209
6,8104801274	24,9108821909
-2,7546720151	9,6123009756
-4,1676508868	8,4590431880
7,5901631645	25,4225920198
-4,1969205859	8,8138398254
-3,2368821071	10,5333544976
-4,0834620802	9,5145314896
5,8513173365	25,4083052049
16,1856633272	15,2234201386
15,4729983537	15,1930516908
7,7373994802	25,1912110023
14,8310522403	14,3794791128
13,8875924944	15,5679878846
7,3645382290	25,7775515163
14,5852955690	14,9298062454
8,4452009636	24,4518463490
14,7570329557	14,5998438871
-2,7365587414	9,1717822647
14,0860705418	15,5088821954
16,2276773779	14,2921019929
-2,9630256324	8,4402474404
-4,0808862008	8,7235118299
6,8493013400	24,8859680579
-3,2726535017	9,1543297161
-3,0511457772	9,3302793973
-4,3588470535	8,7000251068
7,8499098823	24,9301793147
13,8514747469	14,9318464067
-3,3898977665	8,9425929603
14,5860102597	15,7582732531
6,2332070205	25,0450605983
7,7877620220	25,1909755788
15,9688032054	15,3367055941
14,0079763091	14,9024215038
15,4624889173	14,6667492623
7,4792601881	25,4952392623
16,2381642802	15,4882294843
7,2254241373	25,2364500179
-3,1423330404	9,2985497773
4,9039567798	26,1002524486
15,1029867618	15,3006032144
-3,8343180597	9,0864238475
15,7460078990	14,7286181266
6,3169282018	25,2896976183
-4,2963161452	8,1085964205
13,7585489014	14,4806309276
14,9522599744	14,1224343545
-3,1149597440	8,8090553264
16,5089399699	15,4580953070
-4,0559365844	9,5112608542
13,5972570099	14,8543217316
-3,6602898113	8,5979626946
13,7595994688	14,3558929699
13,4673473027	14,1151490027
7,0967009664	24,2207044521
13,8868306382	14,5104465540
-3,5142399826	9,0101481868
-5,0362504110	8,1179469557
7,9231313295	25,2324732020
-2,8559877436	9,7488337499
16,9008501382	15,6765981163
-3,4204052020	9,9168309638
-3,5761388909	8,9599251871
13,4522111253	15,0035047634
-4,2436112391	9,1645844905
6,9450434293	24,5165188790
-2,2220917003	9,4270822268
8,6185575199	24,9230535613
7,2963193266	24,6949382136
7,0972318028	24,5407258276
14,9361046408	14,4815039462
-5,0672224626	8,9707045384
6,6510168262	26,8093278615
8,0450023062	24,7994400485
7,5959244320	25,0114258330
-6,0362245135	8,5810030287
12,9730406692	15,9276740725
13,8980497421	15,0843947276
13,7716760800	15,1853978900
5,7338029845	24,8412503439
-4,8721511744	9,2698329533
-4,4953813934	8,8016818563
14,2829974797	16,0914807643
-4,4433484115	8,7956195517
15,6597329780	15,2378094344
6,8734739086	24,1873676346
6,0078754176	25,7688092500
6,2695538820	23,9127789713
9,1330309972	24,8444139446
-3,8688706751	9,5132475083
15,4714346671	15,0033641706
-3,2923423966	7,9543792752
7,8136476374	25,2463011872
16,7073230009	14,7024257591
7,2302366724	25,7000257609
14,9666154683	14,4480870266
13,7396153021	14,5320152541
16,3968586252	14,4159050360
7,1504048445	25,4089906962
-5,0319724517	9,7377271121
-3,4949074256	9,1842710960
-2,3857527793	8,6525566895
-4,1057865962	9,3460240872
-2,6243586335	8,3141769629
-4,3600003579	10,0818325877
-5,1434810428	8,9341792549
8,2530347612	25,1887764807
-5,2743745616	8,1563348602
-5,0279640470	7,7812014259
-4,6094875358	8,3577718115
5,6984785339	25,2806055376
5,7754470892	24,7018135879
6,0806018503	25,2097140446
-5,0208364854	8,4607684353
-4,6779272637	8,6251540851
-5,1171534939	9,1400375314
-3,3176254924	8,3099536025
7,3895514241	24,5352008037
15,5483883178	15,0132541852
9,1405701401	24,7953122427
-4,4224353207	9,4297695902
15,3379450846	15,1697298876
13,5514796037	14,5953771334
-3,9424035456	9,0463734297
-4,8325003696	8,9381565796
-5,1079098833	9,2843915771
16,3172130715	14,1953195600
13,2161748391	14,5589803303
-2,8228926378	8,8761731370
-2,3885997171	8,8109080287
6,9428365225	25,7327151804
7,9843066751	25,5450570308
7,1073389864	25,8400902267
14,7061368407	15,0870261902
7,6616969563	25,0144551771
8,7487606379	24,9652603292
-4,0633477762	9,8091046321
-3,8210865345	9,1458117576
14,8772432185	15,1042468773
13,8362389088	15,3224430361
-2,1489848537	8,8189674893
7,0753113027	25,3786674559
6,9020209715	24,9237622017
7,0409111455	24,7896093564
6,1069202119	24,7115155251
14,6169500958	15,7546796337
-4,4516546944	9,2937081770
15,1080958470	15,1623215227
-4,1997626311	8,6352719161
7,3898594601	24,9921538043
14,1214768350	15,5012361127
15,1618018560	15,6775811385
5,7792100641	24,9854562719
16,4273432855	14,2078246104
-3,4131566250	8,4406393288
-3,4911979843	8,9256189342
-5,3541509357	8,9023233288
-4,2756851553	8,6290002945
13,7960368437	15,0606917787
14,1816012058	15,0889113870
13,5935256178	14,6616454125
13,9173601124	14,4927994372
-4,6458911402	8,2561756530
-3,6431870956	8,8985098951
14,8574583164	15,6535066409
-3,9418575413	8,5128293430
6,4020167236	24,8108987482
-4,6926821246	9,8185654361
6,4415925751	24,8944634521
6,6451655035	24,9626571596
8,7290346889	24,9830997583
8,4217305442	25,1335322191
6,4909368143	25,9132215388
15,0786111085	14,9736817038
-4,6564882058	8,4588811781
6,4390902234	25,7982942629
6,8646349024	24,4613045989
-3,1459433252	8,8985380292
8,1707434350	25,3437659377
-3,1719410830	8,2258810676
15,2383266393	14,6045211555
-4,9303089633	8,2574266089
8,0286384395	24,8209148118
-3,0329631922	9,3322244335
-3,3726627581	9,4946581453
-2,7370056390	9,4990673273
-4,5588882472	8,2369280354
13,9353931011	15,0556789505
-4,8507707826	9,1671084862
7,7201416239	24,5822730337
15,3272487632	15,1098705623
15,2341533228	14,8037296534
-3,2219361057	8,9525744228
-5,6563373168	8,6541116850
-3,3090024714	9,3928173092
14,9765620328	15,5864193770
-2,6020085722	8,5327647169
7,4316381618	25,7427643685
15,0256058655	15,1603451116
15,3551931017	14,4963161994
16,7932494383	14,7903650545
14,5775703590	15,1378429145
7,0029268696	25,0176837954
13,4914329404	15,3901251701
-4,6511943533	8,8955466723
14,9081870164	14,6973515279
7,1403684195	24,2282529166
-2,9656756782	8,7246113853
-3,1482700761	9,9181997804
14,2897072323	15,9101549481
15,6330169647	14,0651905932
15,1393777696	15,1661680719
-3,4530845683	8,9394914552
-3,8323151682	9,3156689587
-4,7220356548	9,8224612224
14,5436585481	14,8254501728
8,0449155705	24,4968902506
16,0137207262	15,0560863222
7,6926522444	24,7870789004
16,6618151906	14,5115804602
5,6416819132	24,4108003099
8,1270178796	24,6201525437
7,6694935096	24,7833538851
6,1136499797	25,1809115976
14,3179213249	14,7666912613
14,2772584357	14,8412420480
16,7911339777	15,3782553823
15,3375237683	14,8523121686
6,4198011357	25,1137436714
-5,1362578231	8,9714370110
8,5800940244	25,2252054046
-4,1944141480	9,4136890566
14,9071244903	15,1891664852
14,8342266278	15,0651535636
-4,5769327330	9,1176844032
-3,4797785031	9,1163403885
5,4275459179	23,9738365140
15,5329193994	14,9297079457
5,7358144078	24,9956460106
8,1897560623	25,6316599461
-3,1418520184	8,4305223447
-4,4054029484	9,0934459044
6,0398631879	24,4588429952
15,6590097860	15,1146240117
-3,7054244460	9,7801757664
-3,0040913273	9,5117173288
-4,7145116580	9,2879298571
14,9859535044	14,9520317347
6,8014980998	25,7701886993
13,8868685041	14,6550831688
6,6578251377	24,6388320315
15,8012197094	15,1592888067
5,3328424857	25,4655711464
16,1368363300	14,8854498890
-2,5940729227	8,6068045658
7,5768794866	24,8235522020
15,3373127260	15,1339673668
15,2423320972	14,5451070431
-3,7193505609	8,4923118384
5,8106722392	25,2701382028
16,2045168861	14,2156159472
16,3448221108	15,6595830091
7,2423494243	25,5278235495
6,5856428804	25,6569978967
-2,8865077652	9,1483137933
-1,8166105057	9,4513250420
-4,3292336841	8,4642602833
-2,0200764229	9,3125896005
-4,3786709732	9,3957320353
-4,7768251895	8,9629511339
13,5190007569	14,7767353057
6,3606500512	24,8289480753
-3,5777369760	9,1165573785
-3,1625027211	9,0516386779
-1,9707595374	8,6964762404
14,1883889558	15,6395101237
-4,2439072034	8,8719170771
-3,4436189752	9,0739370404
-3,1028307432	9,0486822633
7,4101339450	25,5920442717
8,8341068864	25,3927900085
7,3503628049	25,1510275725
-5,7468266504	9,5602609458
13,3126548948	15,0216197851
15,9785310773	14,3204601109
6,2508525308	24,7989112757
-3,2958360587	8,4059351191
14,0522859275	15,4109848320
-3,3175886683	10,0373846711
-5,6933682120	8,8548963031
15,9203468298	14,8077622627
8,4758693501	23,9310809117
15,5660058119	14,9003576710
14,9614506374	14,8076713317
6,0764991819	24,8964481481
-3,8699027646	8,4160764105
6,3418110106	25,0996105831
-2,5786429792	9,2128995015
15,7474963315	15,9819817650
14,5326145722	14,8333052373
-5,3167915885	8,8106462941
7,6771488389	25,0570673700
8,7375094844	25,3563801356
15,4652638305	15,1141796197
13,1558984332	15,3898737871
14,0058194152	14,5902509015
5,8555445983	26,0358439948
16,5064197608	14,0646671162
-4,6026066281	9,7581729315
8,1429588893	24,7438834239
7,1067814343	24,3546090752
-5,1438668618	9,0166912576
16,4919952038	15,0199059457
-5,2775786789	8,7495658252
-2,4989404115	9,4319475109
-3,4030849755	8,6927776568
15,5498346396	14,7984429579
6,5126930584	24,3359063336
-3,5293784028	9,2670460903
5,6054596350	25,3835947296
-2,3881871857	8,0068564911
15,5763896157	15,6680195656
14,5422497737	14,8204493890
-2,7676090751	8,3389249628
-2,7112007685	8,4895196449
16,0018998260	14,2412448669
-2,1509185920	8,7981402330
14,2714784023	15,3096582028
16,5349244433	15,1229720875
8,9040146859	25,0521837421
-1,8738544177	9,1883103013
-5,0831411633	10,0979336845
7,7285052606	25,2204751848
-5,0450550491	9,8473499141
7,3972858604	24,9801563698
7,4198743204	24,9845359123
-2,6790116697	9,3567355653
7,6906191595	24,7707863209
-5,2892836118	8,1816250506
-4,6264880686	9,8585544273
7,9794459823	25,7525689752
-3,0234171086	9,4639507226
-3,3394474697	8,5717627392
-2,7404595707	9,1494149797
6,9772407815	25,3259065648
-4,8173823589	8,8400712525
-5,8489186878	8,7891480876
16,9323003150	14,3324517510
8,7394961383	24,2425870143
-4,3925301868	8,8045899081
6,3312805629	24,8137691628
15,0457215815	14,6026644030
-4,0517727612	9,2579681418
14,9370011016	13,7784768765
8,0958020414	25,3245192914
-3,5220698248	9,3050043613
-3,5067906087	9,0351293450
5,9479875776	25,0631705770
6,2975187647	24,6634910144
-3,0665602097	8,9615144735
14,3303712569	14,3608192023
15,7371494614	15,5423265802
-3,1006564294	8,8962941249
-5,4044425961	8,9318128498
-4,8333768060	8,9020858592
6,0299576441	25,0947176778
13,4591259689	15,5933671884
5,1627593644	24,1000528490
6,3702882020	25,2690890741
-3,6242581720	9,4425302968
-2,8231909539	8,6345161773
-3,5774677081	7,9449324908
4,7159011948	24,9645855392
16,6098191625	15,4572352918
6,2385965193	25,8089144366
16,1242750144	14,9546655645
5,5930019039	24,5239747603
7,7671244682	25,2053081016
15,1819685355	15,2950826124
-2,8429654271	9,4720887866
-4,2369048104	9,2684344881
15,2633789622	14,5587302983
14,9364781740	15,1532346720
8,2232148343	24,7349748195
6,8425804874	24,6719471228
-5,5466815952	8,5879579748
14,2390635422	14,6734809859
-4,2134895562	8,8018348424
-5,3010759237	9,7660862027
7,8168820308	24,8936465980
-5,2088963608	10,0788988889
6,3614088614	25,5788513963
-3,3333147052	9,1351697693
5,8238071775	25,1221408543
-3,6069514487	8,9807336618
-4,8667474612	8,4109946604
13,7806811768	14,8016347139
16,0807071205	14,7510302587
13,5017586996	15,2188114112
6,3535342322	25,6300245318
5,9751256911	24,7771171785
15,5368725834	15,2724901406
5,9596536622	24,8451677488
-4,6531980970	9,2551254084
6,9009524876	24,1938197385
8,0905065907	24,8634269554
-2,7831555448	8,6427399565
5,3132276977	24,8259982777
-2,9190266625	9,7316335615
-4,3212000800	9,2827162242
7,0609418037	24,1452704033
7,3341776279	25,1697512403
6,5833122617	25,5673719300
14,3636965040	14,5974655871
14,4915242302	15,2613285383
6,7301678708	25,5913512223
-4,5396875651	8,9635913165
8,1448292495	25,9829884496
-4,3874397777	9,1811134837
7,5614075010	25,5404114084
6,3404482102	24,6667533929
8,4201278761	25,2884798790
-4,2696414535	8,9749919042
15,5497228512	14,3332107402
13,3153196857	14,5216879692
-4,5017154287	8,6192758899
8,2135307327	25,5098587669
6,0861729396	25,6344333599
15,9177613392	14,5163326750
-4,9087736901	8,4087879305
5,7623577290	24,9664011150
-3,8624158579	8,6566474981
5,8891370323	25,7432464243
7,7511581064	25,1842847689
13,9589643973	15,0918910448
15,8946641598	14,6869158378
5,9916058616	24,2266557866
-3,0872952551	9,0019048133
-4,7329014084	8,3987568710
-3,7526715857	9,3713192040
-3,8719436551	8,6934587616
16,5651086796	14,5976462215
-3,2816411751	8,7217980213
5,8742554819	24,8880723340
7,2019287075	25,6973165478
16,6902673889	14,7534213164
-4,2084427049	9,1752849757
13,3882881404	15,4713459605
7,3208834058	24,2144020781
15,1197074875	15,6018496019
-3,0748813673	9,6123259701
6,3201475039	24,9023158598
-3,3553496363	8,4154948282
15,1725556298	14,8858127755
-3,8326981044	9,3100863245
15,4383101425	15,0713680553
7,1827674720	25,1418676261
-5,6880632832	8,9980555343
7,6964133328	24,2475440955
13,8258482097	14,9904464669
7,6059649797	25,2649317921
-5,2304538276	9,3967988343
14,8149303644	15,5783040498
13,7400929329	14,5236787623
7,1157975411	26,4580948262
7,8195574044	26,2014191490
15,9642520366	15,6138133801
16,0665650085	15,2218545658
-3,7858225917	8,8975610212
-3,2404367141	9,2613716682
14,5660360724	14,8460193882
-2,9493132204	9,5974641875
6,9563035861	25,4108270628
-5,3055456345	9,2380601522
13,7597510490	14,7385668865
-3,5835415819	8,8413230447
13,8572005030	15,0358475349
-4,5944981644	9,8674993609
7,7245271225	25,6633104996
7,2958025158	24,9764968170
-5,1340515679	9,3702037520
-3,8492471689	9,6424198165
6,5163886534	24,8694361964
8,1479093037	25,2254963116
16,2245592689	15,5045460366
-3,1968125174	8,4410724425
-2,7319165483	8,5113602653
13,3060885721	14,2599526059
-2,7224600175	9,5071724335
16,0776471053	14,5140171018
-3,7551607131	9,4045213086
-4,7356442813	9,9139048711
-5,4417867242	8,8430513857
-5,2456846821	10,0832038415
15,5799022809	15,0666244485
14,0714387672	14,8921476656
7,0292429094	25,3903230891
14,1225015260	14,6090912829
13,4956109865	15,3156878976
-4,3841103542	9,2870409066
-4,9194673614	9,0120079974
-4,8132229294	9,4023807901
-4,6264773476	8,3350483252
-5,5631396260	8,8545863118
7,4938273338	25,1226743939
15,6328180489	15,6343647992
-4,2277400451	8,8566608694
-4,0109161721	9,4972231652
5,2703501166	25,5980151368
-1,7057564227	9,7290319623
6,9218529597	25,1376393865
8,4075646353	24,4024258414
5,8781238772	24,8652298562
7,5490109566	24,6444443162
7,7460434065	25,1216364493
-4,4334418491	8,7957031666
14,3935516784	14,8925572965
15,0551230261	14,8095287036
8,2862062233	24,8628911520
7,4694559518	25,2647257200
14,6256556314	15,5689991209
9,3097520054	24,9446003251
8,0931943843	24,8737942876
-3,1459862032	8,8267771129
8,2412150044	25,5259070818
-4,7755888722	9,1596519756
16,3082057076	16,0925153620
-3,1050466996	9,8386062345
15,8526967511	15,0881291304
8,1476671142	25,4657141829
5,5246276891	24,8557326822
7,4552223441	24,3967576890
14,6607174425	15,3709653269
15,0221417883	15,6167983207
6,8541341718	25,0488423538
-3,7766649410	9,5733210663
-2,1981950244	9,8121986234
16,0831413450	14,6529655688
14,2275913234	14,6739738131
13,3102957163	15,2014538117
16,7094342782	15,1088857370
-4,8038529945	8,6535079607
6,0365796990	25,0020516826
16,0518497022	14,4017323228
15,2077462314	14,7851787512
16,4463427088	14,3513496266
14,1542894547	14,9293347212
8,1537548446	24,6090107251
-4,4774117779	9,6008237567
-3,1715975355	9,1864911366
14,5458588959	15,3206279927
-5,4352284794	8,2638093480
6,4250364245	25,0352807955
6,6462119140	25,1725648149
7,8903828051	25,1137011206
13,2283892722	15,6059395030
7,1693378589	24,6236939565
8,3248727488	24,7378228994
7,3809694287	25,2185822416
5,9111820668	24,8662481976
-3,3547746456	8,6860837477
-4,1554068317	8,8075447168
14,5365778693	14,0004707988
-5,5163192858	8,8889809120
7,8940591844	25,4710747693
-2,4057784687	8,8908716851
16,2566429676	14,9185007773
8,4474599478	24,0887621215
15,9209392604	14,8516914421
8,2684070780	24,1358703713
14,6622423863	15,1510560282
14,5821166268	14,8097430210
-4,6546398538	9,2524930651
-3,7020070698	9,3380420956
14,2894650804	14,9049507170
-3,6838051246	9,0077918894
6,7504497451	25,2251528318
-5,1773571399	8,1652809852
5,3014596694	24,6864091915
14,1816620974	14,8587188835
13,9339534471	15,5076710135
8,3726459157	24,6730365478
7,7583133575	24,2397815216
-2,9678751630	9,0620393877
-4,3644059518	9,2221888632
15,8187094879	13,9598816275
6,9612513338	25,2263816582
15,8424351984	15,5248412807
16,1021801577	14,9447153212
14,5852811738	15,3208182910
7,9556797724	24,9636334356
-3,2023684782	8,2165310529
-4,7422764210	8,9115149342
14,7560660336	15,5536633141
16,2630398304	15,1644105299
15,0175146767	15,5363687469
-4,2081894810	9,5151472983
13,9031826234	14,6448863758
-2,9668810748	10,7570497923
15,3629525161	14,4496414525
13,5953653861	15,1320906647
13,6067697943	14,7094804439
6,3521941865	25,8056531538
16,8617651591	14,8819280433
-3,1537681896	8,9786957340
-4,9449042952	9,0257937634
6,5989027417	24,9167372508
15,2665128093	14,3679973049
13,7512777523	14,8244664490
15,3085982196	13,8673104010
15,0849066736	15,2076724080
-3,3843259914	9,5604721027
-5,4747011505	7,9465318818
-4,1883573420	9,4636976504
-3,5193796102	8,8815963837
15,7910213619	15,1359493796
-5,6785509751	8,8857724846
14,1344242567	15,0571377357
-5,0394027978	9,0404372723
13,7310827916	15,3524181579
-5,0134090714	9,0105817036
6,4758618235	24,8811183968
15,9525071421	15,1091813654
6,1249182235	25,3404656227
6,6162586750	24,7667008593
15,6696007927	14,9539863256
-5,9283326510	9,4306531245
-5,6431775484	8,2433760147
-3,4991522781	8,5679193622
7,2777882197	24,7632861122
7,0554618435	25,4069980153
13,0731442322	14,5914525475
8,0833014960	24,8160466142
-5,1220854197	9,0780905758
14,5443850904	15,2555908639
7,9117587085	24,9763160644
4,7135565103	25,6935729280
-5,2841449130	8,8844223195
15,9473703809	14,1168629589
8,1939239522	24,7100234580
14,5460874323	14,2226125857
6,1524723928	25,2810769376
-4,6697479533	8,3963823512
14,4568285078	15,7000650593
5,7910479523	24,7777067486
14,3590708430	15,0974673540
-3,7428998555	10,0204488730
7,8944735097	25,1969239975
-4,0153708304	9,1796304431
-3,7933778486	9,1152418283
-2,5433442705	9,2222287338
8,3860022077	26,2527243368
-3,5616222274	8,8563037355
8,6738991968	25,1513773894
6,3041037137	25,6958175277
-5,0189785938	8,7463094166
6,8535941565	25,1816849777
6,6271085344	25,3401609597
-3,6365140903	8,5539531881
-4,8717159450	7,2090383272
-4,9394532723	8,4259260385
-4,7316634438	9,7702213556
-2,7002602556	9,1254286819
6,2235428871	23,7891474019
14,4158388476	15,1197219106
-3,5428902914	8,7664364026
8,8232309471	25,2808487995
7,4343737741	25,7724577480
-4,2684918335	9,8669961817
-3,2780267899	8,7294910548
6,3892907828	25,4625876581
14,6073989483	14,9306399076
16,5288952372	15,1095710393
5,0863770239	24,8248227168
13,6361432794	14,6338609980
13,4217506387	14,3431472791
15,4038919839	14,1851382011
16,5582619486	14,5260313414
-5,0967250417	9,4386897026
-3,9461426150	8,5791824362
-3,0913133288	9,6432508763
15,7239369732	14,4985985146
6,3268911343	25,1329200182
-4,0233813262	9,3661255078
6,6322563501	25,0732798670
7,2713568395	25,4700585872
-3,5435362151	8,6628630633
-4,9837034194	8,7634008572
7,6326694355	24,8825891604
7,1542546516	24,8342076205
14,6498190495	15,1448215903
6,4533798335	24,1496732489
-5,1423595250	10,0232302759
-3,1549578559	9,1900690209
14,6033192644	14,3259589319
14,9472515353	14,5421878655
7,5593639314	25,1803129708
-4,4116538461	8,6857927981
15,6510942956	15,9502209031
13,9921826373	15,4712319641
7,8833885174	24,8754160034
6,5198123821	25,4575966600
13,9227258212	14,7023536626
-2,2920870376	8,7780460935
-4,5696281609	8,9301514356
-5,5586322984	8,3203655764
7,4046623399	24,8562521769
13,6329643603	15,6093244167
7,7765093554	25,7951294442
5,2907342472	25,7882124906
16,4407335001	14,9926168112
8,2387278067	25,0552527581
-3,9398752850	9,4463789179
14,7231852464	14,7064024109
15,7328925160	15,0477246688
7,4711658394	25,5765463475
7,6685618667	25,2357067025
-3,9582381850	9,4805738957
14,6285941073	15,1196458559
13,6128670142	15,1258743603
7,7944222394	24,6188950919
-4,8064508537	8,8730739963
7,5007865321	24,1446616812
6,1981714718	25,0800250063
5,1540391643	24,7921483742
16,1566133347	15,9248700044
5,3956237851	25,0374408846
-4,3656289178	8,8409250157
-5,2211502207	7,8971953189
14,3838585085	14,4834655633
15,2928130369	14,8396914819
-3,9451593338	9,3769201979
7,1354602504	25,7883303534
15,6879993950	14,2695994159
17,0704232090	15,5612292331
5,3439032951	24,8495750565
-4,0212419363	8,4749876193
7,2786761616	24,9327227014
-2,7466285758	9,2192367293
6,0244520255	25,6370218671
14,8942554411	14,9041173134
-3,5238939585	8,9140077181
13,5408855879	14,9005484988
5,4579293163	25,4446402297
14,8802246489	15,1535954676
7,5322135039	24,9711182094
6,9351092288	24,6010001147
14,7637078185	15,3894576412
6,2350162298	24,9840025983
7,2793411096	25,5919915202
6,2773927606	24,2928797967
15,0912358102	15,2068314799
-5,5446326443	9,0274024424
15,0752116867	14,4724936459
13,0876399022	15,3366429241
7,4341697666	25,8404779660
6,3838249111	25,6449136235
6,7047699421	25,0682421705
5,5425317093	25,5309124094
14,8792530711	14,9883999633
-4,4446001448	8,3006559038
-3,0995298925	8,9106577444
5,8693084497	25,3915419210
8,2324093766	24,7809689801
6,4221529496	24,8635068425
16,0294492542	15,1551682358
8,1971202292	23,9262699344
14,9835764113	15,5948793244
6,1685149469	26,4714092745
6,2677336494	25,6598748398
15,6673187237	15,0815445227
7,0420429391	25,4416102465
-2,7187413362	10,1514162857
-4,5874154976	8,7947547529
-6,2519654944	9,2732215064
6,9969124665	24,5679924361
-4,5935488635	9,0768951688
15,0498783855	14,5180565103
8,1425536099	25,6986444656
15,2462586785	16,1603545195
13,2678419234	14,1471794985
-4,4815381534	8,4989349758
15,4466896656	15,7939985423
15,0882306393	14,8701995465
15,9419214116	15,3615432334
6,2611422577	25,3123738973
-5,0728230780	8,8747695065
-5,0834792873	8,8291940535
8,3867231042	25,3175223265
6,5331936101	24,5805396899
7,2460520121	25,6825168699
-3,5099181539	7,9083283032
-4,3158950546	8,3965385423
-4,6644290437	8,8286485061
-5,2577119066	9,3176514319
15,4349301380	15,0569226142
14,5975406588	15,0774166940
7,5211981097	25,2077303867
-4,3842053448	9,1630979251
-2,9314661816	8,9672110043
-3,4461269849	9,6084220401
16,5167432515	13,9779097027
-3,2856391148	8,0779664159
8,4717220929	25,0469196711
-5,0245708765	8,7791721752
14,7769653422	15,1065437495
-3,3310071461	8,9848169221
15,2656912778	15,4334328718
14,7712872002	15,8846170446
16,2979132660	14,7587867071
15,8144690377	14,7633896466
7,9214993217	25,3308748151
-5,4358196062	8,7048597512
15,5835412624	14,6510010769
6,6398205598	24,6526803468
6,7879391102	24,7513578036
8,2486632513	24,7604676331
-4,0585895964	8,9210111723
-4,3466634998	9,2286234750
5,6651077747	24,3432332503
14,4270442552	15,1903982077
15,0082046991	14,9753206358
-4,1052517152	9,2700546134
5,9523254786	24,5411853002
16,1112936548	14,3973831612
14,7194113801	14,8515938365
-4,0210810011	8,4156659558
-3,7515514659	9,6385573242
7,5527742202	25,6066855098
8,3350719251	24,1095293856
-3,9295920864	8,9977475793
-5,3916717949	8,9827344544
8,3119842366	24,9866671641
14,6276766365	16,0182414076
-4,0023055468	8,6220620063
-2,6617939255	9,3664405577
7,2976892244	24,9909351444
14,7650724846	14,8823271797
6,7614625692	25,0729700425
14,0047398621	15,5013152281
8,3667745980	24,3081181293
6,8395602683	24,9723298997
-4,2718391300	8,7272334849
15,8192936637	15,0339726432
-2,9731536355	8,7531734192
8,0882057227	25,0869236307
-3,1236557771	9,1760050050
7,0713288205	24,8058815916
15,3003249804	15,2023187397
7,6328170783	24,6570222027
15,3247345105	14,1434868047
7,1748299057	25,1662066876
-3,8283723416	8,3711622662
-4,9088151798	8,8149532888
-5,0547539100	9,0360079148
-4,1590977189	8,9135739080
15,6796710082	14,4809054047
-4,8230611434	9,0505035396
14,7679583632	15,2719305107
6,1134541641	24,5104071265
14,8723289702	14,2622733318
8,3078463178	25,6238758037
6,7452980906	26,0680874738
5,9367568346	25,2330688890
-2,9562122732	8,7163151054
14,4449415233	14,7278477497
7,7968056061	24,5999535608
-5,6460577103	9,4200821435
15,9736383333	15,3284651239
-4,4651906887	9,6955756317
6,6830319654	24,6282199609
-3,5376082796	8,0241649559
16,3638205928	15,6525447675
5,9904879932	25,3231590480
-4,3720627383	9,9889680875
13,0659684643	14,9992640775
5,0734328958	24,8737045048
-2,6287805061	9,2760943133
-5,0324773504	8,6960379190
7,9373019573	24,2124690301
-5,3755648459	8,6674064505
-5,3077250831	7,9128466657
13,8387160043	14,7701650679
7,7132075706	24,8126410709
5,9987308995	25,3413142123
13,2156121311	15,3778981167
16,4972816252	15,0264841381
-4,1168923485	8,5347016469
-4,7337280085	8,5828005088
5,7527049181	24,7049809711
8,1114184356	24,8395461509
6,8746478186	24,8298728165
13,4297606659	15,0715281793
-3,8174377862	8,9612222943
-3,3229198246	8,8879220622
-4,5681254193	8,4607896116
5,8963448925	25,6908054109
-3,2758075517	9,0241884377
13,7310660573	15,6954092434
13,9613699711	15,8166467736
-4,4450261600	9,7772974097
-3,0935145726	9,0185102985
15,3955754647	14,1316595698
14,6885951055	14,1975122097
6,3250482052	23,6732352060
-2,6557972484	9,0167861140
14,2922872510	14,6809804875
14,6792199027	14,8070916580
13,5119123253	15,5621691069
-2,9184458109	9,0785518061
-3,8452541500	9,2561198409
-4,2298785858	8,8893251493
-5,7738291594	8,6251158769
7,4962053282	24,9536590872
-3,2987509935	8,7467933299
-5,0755930764	9,3583836794
-3,1055351058	9,3082741474
-3,8895708733	8,8405782804
-3,0053872503	9,0908035400
14,1918727181	15,2640897453
14,3658479069	14,9161762731
6,0585679711	24,6293239849
15,8854144290	14,6905350672
8,3720902784	23,8586976635
-3,2660479532	8,8511526997
15,2161935166	15,8232259858
13,9372064033	14,2202141481
14,8405016502	14,6752608653
6,0944030497	24,8665682669
13,9799697319	14,5334655657
-5,2684445261	9,3089068789
-3,8939132532	8,8333095591
13,1624132644	14,8654725514
-2,1880179397	8,8592621296
16,3815856410	14,4229049771
16,1401170000	15,3195783489
-3,3620521192	8,3283217690
6,9900958390	25,3574468372
13,5239211736	14,8741179051
-5,4089310876	9,9628718898
8,3148982887	25,7250728698
13,9720747206	13,9757841712
5,7029858103	25,8279307113
-4,5868099041	8,9522925188
15,4905961730	15,2786049470
-4,0183633825	9,5925814205
14,7469487812	15,1051197942
-3,3204570544	8,3687412726
16,0923095265	15,9684307399
5,1856361705	24,8807099965
6,6391323620	24,6598246485
15,7848223583	14,1924955387
14,1171423411	15,6349469363
-5,5834418612	9,4523051051
5,5238636914	24,7412019246
7,1528521690	24,8271962785
-3,3728053922	8,9392887825
16,2322046543	14,9563529081
8,4759728647	24,9639777407
14,2704058752	15,7069743546
17,0227064899	14,7523934777
15,5908483725	15,9712068384
-3,0743188207	9,0735157622
15,4356930076	15,5271334505
-2,8901940438	8,4402460665
-4,7544938285	9,2985285778
16,6138799342	15,4855931057
8,3803393852	26,2476398824
-3,0596042623	8,9924981901
8,3314077009	24,8310912099
-5,7360718574	8,9445768712
-4,9836750994	8,2215064261
15,0568050152	15,2756599994
-4,2461343475	9,0124647865
-4,9443191546	8,8650828166
15,1725152465	14,8026604438
6,7247460061	24,9191527759
8,2502689291	24,9864618675
5,7745483101	24,8109986275
15,5043672518	14,8199093553
7,8618572532	25,4715934593
6,3215612100	24,3676250378
9,0236998996	24,5523705237
6,9554166535	25,2430264020
6,7277753732	25,8420814678
-5,1702164134	9,0571585168
-2,6525468733	8,5622766665
6,7664800314	25,6126655357
-2,6288022472	8,3513271691
6,4151700998	24,6716548649
15,2030033669	15,2373040091
6,7983543975	25,1507779546
15,8184207881	15,8955552522
14,7678208762	14,1771642666
7,0987580185	24,4498193433
-3,4503594078	8,6090438309
-5,5396002604	10,0660020783
-4,9359875006	9,2112800104
-3,0453301744	9,3810875840
-3,2705936603	8,1740807904
5,3711069528	25,6168698605
13,7405208998	14,8648729138
7,3532166836	25,7290155202
6,5507324638	24,7140457895
-3,9298884287	8,1291786485
6,3508272867	26,2067805230
-6,0843921632	9,5232879451
14,8600402007	14,5163977690
14,6593740728	14,9542612434
16,2906782619	15,2479151101
13,3859712670	13,9021030666
-3,5886071155	8,9703306954
6,0613662655	24,9495660989
9,0165623981	25,2247507942
-4,5879950747	8,5485515235
-5,4127179142	9,7064700052
-2,4386120429	8,5761215439
-4,2685716891	10,0446850157
8,1608949363	24,8368085420
7,0568167614	25,4643712474
-4,4447196155	9,1722782964
14,2106657065	15,4294866756
-5,1974131956	9,3250807906
6,1581863671	24,9718713483
8,2669509182	24,9600560538
-3,3409807573	9,5354161071
8,4131173810	25,1380943390
7,3115828776	25,8369625551
-3,1592773264	9,4986373305
5,7580494194	25,6281975616
14,2997544095	14,3406312437
8,3937794456	24,9738317783
-2,5129424350	7,8748083700
-2,9294239744	9,2384302138
-4,6733040994	7,9424249204
7,4937406347	23,9513619011
15,7678976453	15,7935322084
6,7114382891	25,5930665353
15,1482034762	14,9249079548
16,5964774439	14,9825403523
4,6799625177	25,1292846657
15,5178420149	14,2720358947
13,4152263743	15,2467961085
15,3435070204	14,8025999083
5,7968786572	25,4983144531
14,1416614671	14,5124233847
7,0309326411	24,9746990886
7,1704486332	24,6925846529
6,5469087094	25,8083394836
5,4633489270	25,8759468044
-5,6503003088	8,8332257048
8,0720626206	25,4435689326
6,3151138919	24,1477472662
-4,0893731924	8,9238434308
5,9289809370	25,5664123568
-4,2637722677	9,1541817128
-2,2112403689	8,3277393383
16,3247347405	14,7860978265
6,9613686904	25,0645738542
6,9531449708	24,7929551181
5,9815048034	25,0417203111
15,8019762659	15,2263172347
13,8632594654	15,9588516029
8,7663075419	24,7292004855
15,1163102077	14,7017236713
6,8149064996	25,1509934070
-2,6963689321	9,6985018754
15,2096697066	14,7498490784
15,6507512800	13,9475240408
-4,5440074476	9,7130935329
5,1240596025	24,7285756425
14,1991793723	14,9193174698
7,3218901678	25,3598685612
-4,5093371600	8,7132765002
14,4092370669	15,2515799096
15,1107629834	15,5141632209
5,7672803950	25,6149915164
14,2679479466	15,1582977561
13,1074642996	14,5024028999
15,4096182306	13,9063661023
14,5595941684	14,9659658126
-2,5237212317	8,3543854450
-4,3379376888	9,8911284337
-4,2953815766	8,9206665288
16,6942320433	15,2188529324
-2,6100676667	8,5327774942
-5,1770136562	9,4878506369
-4,3065893847	9,3468830810
16,3485620015	14,9010462622
-5,2679536259	9,0831563442
-4,7560643652	9,5564566382
16,3576288477	14,8601306924
-4,9130925382	9,2429090485
8,7396598358	24,3949882720
15,6117900374	15,2973324215
-4,9242561213	7,8775537437
7,9262985817	25,2567459738
-2,6112470229	8,5576361173
6,2575703607	25,1170504325
7,4308399495	24,9406250682
7,5215730887	25,8459572445
-2,5909901385	8,6993708002
16,2506779557	15,3857309580
5,7605108344	24,3668279398
15,5273400816	13,8171152899
-4,0464775354	8,7332346274
6,7122460644	24,8413895916
-4,9492987222	9,2736738338
15,0289180547	15,1861396695
-3,0303361866	9,9572970039
-3,1595022187	9,0035196870
14,3143480959	14,0765850510
6,1875080153	25,7107662862
-3,6657689956	9,3935512877
-3,4552123826	8,4767069664
-2,4623573724	9,1578546276
7,1359538838	25,6195488750
-2,5049871013	9,4029664068
-3,7910552611	8,4783434857
15,8872318719	14,6454643863
-3,2679483362	8,9555309322
-2,7770962767	8,2322322664
6,1304008122	24,6339042753
13,8042767286	14,4703202457
-4,3211483326	8,7915387282
8,0866594015	25,2377327516
14,5628058558	15,6904458757
7,3695251319	24,4636834094
-4,9365538406	10,1477444183
-2,2892192650	8,7346800822
13,3729028095	14,3623596079
16,0660804872	14,8911887548
7,5590042122	24,1536136324
-3,7310793860	9,1548092704
14,8103671986	15,2441528261
14,3400794290	15,2842565116
-3,4660784601	8,9838555222
6,6204179125	24,9558084587
-3,5201171945	9,2973022842
16,4764174311	15,8265304364
6,0853880456	25,0542221521
-2,8248036761	8,7754279769
-3,6181881085	8,2844506558
14,9985282884	15,1891924740
14,8362362733	15,4809684652
-3,4424236366	9,1115882676
5,6961257561	25,5616327507
-4,7360009310	9,1511071727
-3,0095532988	9,3300186610
-2,0342516766	9,7310163312
-4,7864956416	8,4759209012
5,3603392812	25,1183352466
7,6096924393	25,1112378295
-3,2982304235	9,1415204774
7,6815520066	24,8474430658
6,0437867347	24,8870526837
15,8906758403	15,6915949211
5,8994112365	24,2267614181
15,9370165820	15,6778172804
16,0848130011	14,6078888864
7,0439027105	25,3436417678
15,4010972869	14,8424994189
7,7931160203	24,5660088895
-2,6844333131	9,2797227121
6,1655338265	25,0195094448
-4,8912745363	9,5087029507
-5,1041621256	9,1744238395
13,8153673735	14,9517970576
14,2852131715	14,6190978407
-3,7046309713	9,0323506138
16,5983749337	14,8195879186
-4,3931200753	9,4480236247
6,2211851793	24,7712307527
7,1232144996	26,3898960590
8,4279793034	24,1399695074
-3,7566205953	8,5543292092
5,7509395643	24,9940460551
-4,4275815784	9,7607628716
14,7205562357	14,7805564791
15,3175780861	14,9448975221
8,5392365022	24,7322196904
13,9290405279	15,0628170176
15,1961897233	14,8281288400
8,0720982300	24,8193195706
5,3657086538	25,1202554865
-4,3027648688	9,1348718031
-4,7012411093	9,7317632161
6,7287310435	24,0598889622
14,8099023647	15,7005953221
-2,7628208168	8,6867551151
7,1403995791	25,5447615711
-2,9007205135	8,4626005182
-4,9231657210	8,6176938305
15,1854252910	15,0161197788
14,3417823850	14,4033517184
14,8536814980	14,9157207939
5,6765706098	25,1855824149
7,3011592419	26,0740272547
7,1733043251	24,3388122978
7,8671188841	25,1635623640
16,5274420897	14,2935324195
7,6053357741	25,4315220536
15,5555891603	14,1031877460
14,8000545554	15,2823303591
15,0059133394	14,4984223084
14,3069439224	13,7793083657
7,1146633413	25,1035229720
-4,7453268047	8,9714250468
-3,3595930576	10,2904845970
7,0833389956	25,3008211340
-5,7025191548	8,8607255465
-2,7340411350	9,5004814715
-5,1894023432	8,6793208971
14,8082413222	14,7990226941
6,7420543627	25,3260461128
-4,0240926620	9,3784872447
7,2239353380	25,3795855472
-3,3860535403	9,4691979846
14,3656574204	14,7131026200
-3,5465670676	8,5655577372
16,4021955783	14,6310452806
6,5642762066	24,7328552311
6,2086501717	24,3382863807
-3,3616361690	8,6082908716
-3,4049252699	8,6027933488
-5,5112507149	9,4507921468
16,1329993629	15,7120983191
15,7066416514	15,3940316247
-6,0729837120	9,6298251592
7,1024781227	24,7888221633
-5,1961971303	9,7582735195
13,2044456936	15,9452340385
-5,0797268722	8,5521756697
7,4036861972	25,0801488873
14,4406853256	14,4190184317
5,5717834341	25,7763467141
6,8766496806	24,8950794659
5,9087005831	25,9342414482
7,7866545749	24,6902551323
-4,5257723643	9,7363540329
14,3922954629	14,9481198800
15,2634500735	15,2739793809
7,3677361767	25,0323134214
-3,2812484915	8,4088397115
-3,1115943278	9,7310554650
-2,8026487869	9,1498689402
15,8556403281	13,8220433508
12,9287925503	14,4454549652
7,1861039626	25,5403436652
7,5710335047	25,0011596425
16,1678492477	13,7965583671
7,4511679531	25,3496644251
-3,4656547434	9,6430417180
14,2935490434	14,4186995185
-5,8151253390	9,0881438665
6,6236093507	24,3116362662
6,8325120560	25,7879055700
-3,4762396808	8,8779100072
-4,7458042732	8,5135099264
-4,9006617667	8,5858572334
5,8832352566	24,8356379231
8,1782967271	25,7372212732
-3,8328360421	8,9991090818
14,3602981722	15,2230104296
14,2712187751	15,1476547121
8,1262344934	24,4898104432
-1,9277689793	9,2424727160
-4,3511158809	9,1015133182
8,0169256821	25,0300997045
7,7855899527	25,2845878872
-3,4451483015	8,5199274719
7,9421851699	25,8604351058
14,0012345937	14,5854643039
7,5411211584	24,6516369447
6,5411478806	24,3539552147
6,1094527417	25,3186221101
-2,7541115750	7,7307186297
13,6905208450	15,0310322148
16,0605377001	15,7122302054
-4,9641559145	8,8669349064
-4,8710322002	9,3437474444
15,2175402277	14,8668071011
7,4282168091	24,6603145111
7,8380561116	24,1885538172
14,8640441542	14,7657640701
13,6433079473	15,1499939286
7,6893460895	24,4606819989
-5,4328638201	8,4209207534
16,1812766261	14,4940633350
-3,6875558551	7,9774291583
5,7911206393	25,0246248514
15,7301811089	14,6755130533
-3,3477883600	9,0849468012
15,7689069624	14,3714139816
7,8792880325	24,9598122258
14,2273252830	14,4134533050
14,9863908969	15,2765485606
-4,7335666790	8,8574551379
7,5572544504	24,5661066195
7,1337307226	24,5842859294
5,4254416381	25,2482175737
16,9892832676	14,6380457050
5,5062493512	25,1522419565
-4,4874197355	8,4524893244
-2,5303623185	8,7383075544
-2,4612375921	9,3410477981
8,1856268698	24,9672675255
13,5689447191	14,9502816540
8,1962032892	25,5023423831
-4,3061452957	9,2479510209
13,4868446971	14,9846962676
6,1825117542	25,4473279193
14,8508064722	16,2357076913
16,3985450504	15,7239341464
-3,2232448724	8,2564411591
7,5473582420	24,7494577845
13,9554717527	14,5425000669
16,3614953011	15,4895731651
5,9211527536	24,8443021242
6,7945000867	24,7721606024
16,4017386785	14,9343299326
14,2027717837	14,6856891642
6,0561850570	25,0190058646
15,7773945130	15,2688578402
15,9929105070	14,4034448893
6,2645247946	25,2407376932
7,3984503196	25,2921087894
8,7709983455	24,9057005476
-3,8297514048	8,8992882072
7,2364472822	25,5560116888
14,1806919278	15,0546928203
15,9656159737	14,4131164586
-4,7940017932	8,8107403425
16,5224435580	15,6942704197
14,6451608330	14,6278300747
14,7206303112	14,1840223855
5,4607631318	24,3548224601
6,2698995551	24,9986998446
7,8718149635	23,9405773606
-3,2212821506	8,7705183403
16,0474319958	14,9069170583
5,8323124769	24,4689981209
14,9694020300	15,8963785877
9,0779168278	24,1480102338
-4,6848940866	9,5411249772
6,1696068931	25,2270346957
7,7495185796	24,7385539909
15,4887356605	15,0108677023
15,6027063064	14,7045125539
-3,2371180095	9,0906439934
13,7063672245	14,8422637129
14,9188293245	15,4812780233
7,0735911637	24,4383258724
-3,8487477819	8,9931055218
15,5085883513	14,8333028310
13,1149674655	15,3375495342
8,6732756641	25,2030390267
-4,4793889668	9,3924581122
-4,7075332825	8,5924992114
-4,8284161270	8,5650842165
-5,4217171032	9,0230712228
6,4573355578	25,4011661135
14,2230677443	14,8855300819
14,7334096862	15,9800129502
13,7978342856	15,3553075481
16,4119249559	14,6195505244
-2,0626844762	8,9624285355
-3,3239928009	9,3141577894
-4,1700346794	9,5821791385
13,6373887291	15,0028447629
5,7012613370	25,4862583175
-5,2577168910	9,1251559812
14,8485079090	15,3327053286
14,5284280099	15,4649571269
15,9866332765	16,2679056502
-3,8445757971	9,3584264587
-4,9362044073	8,4311175613
15,6765284150	14,8655332685
6,1383750585	24,5908915603
15,9439883515	15,3724533950
-3,4073956269	9,4662409772
-3,0631749298	9,8332841159
-3,0590984092	7,8027602987
13,7899440292	15,8047547508
16,4661379399	15,5529884236
-4,0418107144	10,4198721776
14,4447263593	13,8062125108
-2,4841115675	9,3879962641
-3,0592406744	9,3302438469
6,4474861142	24,7138146581
14,4374752357	15,4185626362
14,7442271885	15,1571728428
15,9327340467	13,9093304900
15,2032798659	15,3148811212
6,5403690450	25,3713741817
15,2733103271	15,1082188370
-2,9673770473	9,2763015998
6,2344947637	24,8513426723
7,3490845849	23,7432399414
16,2004002949	14,4484168001
6,5331848229	24,6072446305
-4,2786835125	8,7105009641
7,3197340312	25,3478465571
15,2992691559	15,2055707613
-4,0696307493	8,9918189619
-5,0881057344	9,0494136478
14,5064577440	14,9753482359
-5,7938299055	9,0182654735
13,7141571656	15,3424731229
5,9437372554	24,6184477175
6,8962505594	24,9541517250
16,0185548523	14,5472425977
-3,6152141081	9,5780265939
-5,4553687438	9,2207366621
7,0869122876	24,7092012629
7,0019827263	25,5584327964
7,2397959204	25,4693175735
13,9457683579	15,6718658366
-3,3198059244	8,3719931368
8,8589789919	25,2167214870
-2,7843688842	9,9180546096
13,8167503554	15,5477499342
7,2093795870	25,1428791268
5,8612150492	25,4867612127
-3,9541376265	8,7584722956
13,7230469511	15,6100026336
5,5313463909	26,0693376178
7,0532100689	24,6130517388
14,3267856602	15,3907931900
-4,3371777440	8,5368839119
-4,7324604265	8,5904288781
7,3188227687	25,3535564463
-4,6037483687	9,7140536128
-5,6001887651	8,6683968481
-3,2307081232	9,2573357093
6,1956848410	24,1137490939
-4,9378499328	9,0510751117
8,3268150410	24,6036165351
-4,2244346765	8,3757717308
6,2571509058	25,5227417138
7,1057058059	25,0663208261
14,9284416698	14,6554101432
14,7785431361	15,6081705024
8,9074176191	25,4774982466
6,6464142283	24,6233959438
15,0915740799	16,1847584136
13,7358525342	15,1290049553
7,3921243428	25,4830190191
7,2292119753	25,4376554883
13,4375726460	14,6924156528
13,9378801217	14,8761838554
-2,8421146730	9,7625432854
5,7664983173	24,1283295517
6,4405321344	25,0571901855
14,2112549706	15,1387840844
16,6542703486	14,6709266712
6,9257795135	23,9164738490
-2,6699157631	8,1692534361
-3,0788638138	9,0093693166
16,3133552359	15,0974557816
-4,4781282108	9,3215723046
-3,8336027521	10,1139551013
5,9874475310	25,1281190498
-4,0134531470	8,6342343129
15,1806309385	15,9211523438
15,0624352261	15,0712888366
8,3896948550	24,8606684494
14,1916132298	14,0594116935
-4,3361761612	9,2425351528
14,6372637812	15,6160622021
-3,9898256278	9,9430887343
-3,8115763466	8,9278070967
6,1759635739	25,3250436578
14,5078845951	15,3019227671
5,3437956932	24,6151350138
5,9306307963	24,9812619845
-5,0774010664	8,4803254393
15,9241565549	15,0982232144
6,6112665738	25,3767699807
7,9667437957	23,8869317388
6,0595711599	24,3414191505
-4,9064566345	8,0831148122
6,7878748558	24,5539300281
7,9847215444	25,2169312678
6,9838467828	25,1076665619
-4,6481108574	8,1490319086
5,6217774278	25,2874006669
13,6814408816	14,4197818379
-3,1408309515	8,4274104720
7,4948854921	25,4300403458
15,0427982564	15,8320921664
-4,6036717148	8,4043451261
14,3786434590	15,2551975061
13,9049994070	14,6166592651
7,8517604488	24,8422899244
-5,8816560554	9,6719334536
6,9364972558	25,3406630472
13,6122844328	15,6289122484
-3,9529481871	7,9595510385
14,1320548118	14,6585425839
14,1914970793	14,6515714036
8,9549994339	24,5356819706
15,2460199585	15,7926185658
16,7574050742	15,5999389274
7,6559951225	24,4171860636
6,2331423644	25,0028953209
13,6101743161	15,1877209922
15,7299829754	14,5319622097
-4,8846778410	8,4955517412
16,9268750361	15,1152458674
-2,8812853893	8,7674397592
15,5495195767	15,4811502881
-2,4649602727	9,7528827939
-3,7497418660	9,4507299325
7,1334497476	24,9328114438
15,8525746391	15,1819438865
13,3318838644	15,1195481775
-4,6199623421	9,1835649849
15,7585486907	15,0375671151
14,8643436264	15,3266829015
16,3934018926	15,6550392115
5,2102522924	24,4788399852
7,9049264959	24,9263474245
7,3124776044	24,3978800026
-2,2284045531	9,5472790362
15,4615727307	15,3948114638
15,4555213731	15,1035356878
14,4813897658	14,2412477294
-5,8213595292	8,7612539947
-5,3899055239	9,3963445649
-3,7460059459	9,6619714765
-4,8015710768	9,5337024156
-3,2964421983	8,4244222193
6,9154133300	26,0985214195
7,8560717252	25,1247146026
12,7570751921	14,8733079459
-4,8081591187	9,1226390685
5,6173581719	24,9249121595
14,4695134305	15,3245228090
14,0077310397	14,7685535366
16,0369998296	14,2383209192
14,8940369315	14,8439695841
6,7989309272	25,2611288159
6,8566885345	25,7369860704
15,0280907931	14,9625867442
-3,6836967879	9,8033077454
-5,0912703410	9,7311529194
7,1398544017	25,6083868384
8,2093671300	24,7850656525
-4,1966941421	8,8354735852
14,3120100910	14,9601161303
-4,9181873914	9,4114099010
7,2634289206	25,2341297367
15,9684688949	15,1879285005
14,1788118358	14,6932155988
4,9012630872	25,2644819589
-3,6275387056	9,0578184128
7,2805509114	25,1583263431
-4,9920369160	9,1326418724
-2,8488276909	8,7784000831
-3,1650739439	8,6257766203
13,7653365749	14,9792993954
15,9275856902	15,7164694106
7,5591208252	25,2769653090
9,1011917969	24,9346407028
6,3870059602	25,4764408160
5,7812489081	24,1264168004
-4,5898092162	7,3702139353
-3,6006112581	8,5395529990
-4,2266346298	7,9356890446
8,4859133428	25,4614607639
6,1660136032	25,0261266992
15,5766197784	15,0927223707
7,1332475881	25,0633336730
14,0118868377	15,2436350412
-2,1329658519	9,0327168429
-4,5310488287	10,2405717430
5,6008381607	25,1121960186
8,1290892414	24,3976497260
13,3027826799	14,5602615063
6,6503206172	24,6003416961
8,2707386228	24,7206834111
15,5951997550	15,5154106616
15,6024335390	14,0356416782
-5,6834268627	8,7869444035
5,7948319586	24,2897867488
-3,2171735960	9,8105116425
6,7394971030	26,1761989243
5,8435158703	24,6489426506
7,1630489843	24,0148081016
14,5989619403	14,7389269029
15,1779679779	14,8843344020
15,4920455058	16,2789822676
15,1512439585	15,7452569575
-4,3822372799	8,7797635470
16,1441269559	14,6074290493
-3,0369414274	8,0507347045
-3,5292241477	9,5153414428
-4,8683830284	8,0161199109
15,3405968273	14,6845527371
8,3361461860	25,8184984251
-4,3657224921	9,1779097878
7,9005598070	25,1428657676
5,4620760659	24,1984695863
7,9080651149	25,8784646519
-4,3083801045	9,7721472361
7,2898429299	25,3965724174
6,0218527198	25,4569419513
14,0547964085	14,7114247529
6,0659870359	25,5424715579
16,2855334314	15,2125918098
-5,0583446085	8,7993059056
6,1081968267	24,4306669485
7,1344477379	25,5285004399
7,6255787188	25,4490910403
8,3468350921	25,3082182924
-4,7943723345	9,2904801023
16,5843839555	14,8273468560
8,1174815963	25,1196557073
7,6561419419	24,3078233283
-5,8724117254	9,0065633735
14,5530565666	15,5134686020
15,0497448052	15,1138214611
15,0160237259	16,3277751604
7,3594565654	24,6936982426
-2,8489755203	8,7327745572
-4,3809621254	10,1235655689
-3,4959612260	9,0377743239
8,1954925623	24,5265746410
15,1315697745	14,5568744777
-4,6165844933	8,6807197761
-4,0040114591	9,2795373403
14,5500057736	14,1155982833
6,0805136685	24,0844440569
-4,4250389095	8,1695366331
6,6055604198	24,7592258708
16,7315154565	15,9657670393
6,4504212415	25,5661484741
15,5827997443	15,1303230508
-4,6344971807	9,2537554582
8,4505496658	25,2998751693
-2,1699045458	8,1862237379
8,0251606872	24,4360679403
13,6949771379	14,8598296105
14,6984906478	14,3470583855
7,6439392839	25,6252043752
-4,4937395532	8,8213157996
5,6504661909	24,3700204784
-3,9815579894	9,2129046555
-2,5795381692	9,0994118741
13,2269762287	15,0331587584
15,8523555584	14,4123292857
7,2911194527	24,7180092503
6,6646922770	24,5665769858
16,7701689474	14,5057683816
6,7704591185	24,3382947379
-5,3662740579	9,4522160225
-4,4721339984	9,4527117841
7,1682579203	24,2204482828
14,4631101449	14,9765195024
14,2745105332	14,6015892018
14,5131150266	15,3039288042
-5,0536276750	9,3595966428
14,8564973414	15,2927834272
14,1788643819	13,9041635231
6,2332224910	24,9584930225
8,0710418703	25,9336509372
-2,4151367458	9,0257247575
6,6627494161	25,5544771867
-3,9082813826	8,4659750590
-3,1396039652	9,3504949505
7,2547846574	25,1641513608
8,1292248868	25,7241069994
13,8750198713	14,8178564771
6,8443800687	25,2834262509
16,2882064994	14,1926926721
-3,1039541169	8,5256837695
-4,7036783703	9,1058771433
-3,7672360358	8,7510122768
15,5936077005	15,0600737026
6,9177837465	23,6963234568
-4,9960122764	8,3568428297
6,0807396786	25,3817762704
-4,0700820890	8,7023647113
16,5590225434	15,5936827205
-3,1789840544	9,1850244529
-4,5433019184	9,4897398992
16,0911650133	14,4112429284
-3,2178243159	8,6586326976
14,0203170901	15,6154113064
7,6109524273	24,5398316633
-3,2290462627	8,8818760498
15,1966355846	16,1457242685
-4,5880429713	9,7478514792
-3,4716123869	8,8565465250
15,6078826518	15,2550042383
6,6494186807	24,7163378998
5,7308861620	25,5642682906
13,8165301920	14,4919447015
-4,8689578887	8,2411634054
14,4272656801	14,8754485488
-3,1571590037	8,4516344071
13,4907684039	14,8190107542
14,7824459226	14,4074273652
-2,8537284594	8,8075725368
8,2189363098	24,2074365264
15,4816759866	15,1060576490
-4,2917135305	8,6135936921
13,8621468018	14,8968247249
-4,2019632113	8,1307926774
15,4040799028	15,0804185060
-3,1164332645	8,7587273286
15,8847079765	15,2820908418
7,5447089245	25,1504962243
-2,5799967900	8,3972219586
13,7138189310	14,6022832837
8,4686414084	24,6808174344
15,3079103930	15,4169006343
8,4825011524	25,4132250374
-3,3932765979	9,5924544189
15,7706679701	15,2909512623
14,6240833045	14,3474203277
-3,5579579779	8,6139126068
14,1261937001	15,0585656772
5,8177379501	24,3602361619
-5,9078835742	7,9189331078
12,9826589234	14,9005523319
-5,4328539830	9,1205432929
15,1698162696	14,4838591525
7,6457197677	25,1973101241
15,4068647801	15,1003785287
7,4496068045	24,4828469403
16,3713914679	14,7942787423
15,8552878445	15,2560845311
8,6282858576	24,8395340904
6,4019826304	25,6159651672
15,6767184918	14,5441627790
5,2351849506	24,9963218853
15,1656575858	14,9405336232
-3,3645980858	9,3227314167
5,7630490953	24,3079622512
-4,3578106915	9,2983508401
15,9788342029	15,6121665979
16,4449758857	14,0678687975
-2,6492038284	8,8766488353
-2,4766394947	7,9967727795
16,0361082527	14,6581585508
15,6543895898	14,7825750187
-3,2138727051	9,0348953469
-3,4266890011	8,5479147574
-3,4367294079	9,0902395766
6,7874557116	24,9571876225
6,9608702548	25,0065034284
15,9843938730	15,1446728046
14,3631691265	14,4473352133
-2,7233896712	9,6656896967
6,0633117414	24,3801212183
-3,6088193163	8,5367780269
14,6935221750	14,6544003755
-4,4024197608	8,8884204106
7,7789282510	26,3179518364
8,3194408044	25,1135981769
8,7434823700	25,3347190676
14,2348008653	15,1449185263
-2,2620385099	8,5436670512
16,0168390602	14,1180044965
16,7628859558	15,5245635560
15,9981442541	15,2225556557
-4,9583678241	9,0077741787
-3,2108450444	9,1596112703
7,5668171707	25,5295790090
13,9815926686	14,4119267752
5,5806388510	24,8723961310
15,5163842179	15,1904928457
16,9018919016	14,3932312378
5,7644709754	25,5354748006
14,8793557316	15,3746457633
15,1350260600	14,5525371814
5,9164028895	25,1017870439
15,9818917208	15,5759996199
-2,6961049227	9,3922270504
15,1928428475	14,9450806369
6,7579189691	25,0052981401
-3,9470539431	8,6969686489
8,2710552339	25,8521945969
15,4361429738	15,4585368906
14,4153904617	15,4456245782
-2,4020936805	9,9750598018
-5,1659100699	9,1334066387
-4,9143004757	8,7015814783
6,6740979036	25,4791976488
-5,1102197569	8,6388373054
-5,1051527594	9,5945351902
-4,0303342726	8,4058955523
14,7112388870	14,5882318240
8,3394680266	25,0099181213
-5,1834615954	9,2653338987
-2,4532071123	8,4749396074
7,0601160740	25,0548303146
15,9724953493	14,5777130069
-3,4443252919	9,5967761874
13,4580141089	15,6309674462
5,9780587911	25,4776339524
7,5229465392	24,5211817196
8,2487863784	25,7322288846
5,6780053163	24,4608735033
-3,5024441356	7,9751149942
15,7213732807	15,4918508822
-5,9431638060	8,6917517404
-3,7842968050	8,7065358121
-5,2747233436	8,6062422296
14,6225143749	15,5023984929
14,0633857285	15,0504750100
-3,9612503964	8,5774165458
-4,2412380190	9,1796676120
-2,9824314122	9,5697825734
13,8624007060	15,3787756363
15,5668619262	15,1406719437
-4,5173914340	9,1326023885
6,7877709758	25,0144678559
14,8309389222	14,0354138179
6,1937347359	24,9508699113
14,7938996561	15,6028287662
7,0551486774	25,2807656102
-4,8411930219	9,1067165772
6,1302948124	24,7501651452
-3,8514899725	8,8399281876
16,2843975020	15,7334682274
8,3161198645	25,2306337768
16,2318977312	15,0626251160
-2,8032890503	8,7841417005
6,8155997470	24,0360748594
7,0882877347	24,7905480868
15,8710633276	15,4997317163
-3,1285767455	8,6016545302
-4,3168635580	8,9996898525
-5,0864563476	9,0382698011
6,9024224474	24,9087712323
13,6167439552	15,1947936704
-3,3666657319	9,3793122861
-3,3902556938	8,9750121002
8,1326557702	24,7260529327
13,9186668759	15,0610888358
6,9381346207	23,8994907433
16,7878990471	14,7900238236
-4,4470770383	8,7412398666
14,6867675802	14,9793045933
14,6686809758	14,6411712349
14,4722881804	14,4077256503
8,9877781182	24,7121508064
6,3612299550	25,5967358448
-4,2790679678	9,7018232842
13,3130155460	15,3697679379
13,6042645668	15,0983627775
-2,8202929027	9,7706886542
14,2406862204	14,5139019159
5,6925280746	24,9869055027
6,1855166654	24,0852407535
13,8278008804	15,3328307407
6,4870970434	25,1874861156
-5,1044667520	8,4774355076
13,7482018174	16,1453601623
6,3983995943	24,7972107494
-3,1403139332	9,5932988824
5,8506967595	24,3816653014
-3,1193908350	8,4735104106
15,8950725287	14,5248678823
7,2605108987	25,4445693262
15,8566391605	14,4845710817
7,0615805071	24,7547667169
-6,1619443074	8,5867633300
7,4648816730	25,1863154314
-3,6836799433	9,6989600110
8,0938661120	24,2096541538
16,7975511185	14,8281754932
15,5435904534	15,8060808972
-4,3190896156	9,5502633564
8,1368622629	25,2648577501
7,9320184269	24,5291850784
-2,5248855540	9,2448386479
8,3839175859	25,2932910270
7,6639106932	24,6172261588
6,0229766562	25,3709532997
7,1575724823	24,8766637391
5,6305751715	25,0858638926
14,1467091447	14,8187874897
16,1319209929	15,4384505861
-3,4132845402	8,6180506927
-4,8592026296	8,9185632606
5,4723151546	24,6583394833
15,1793162187	15,5695959702
5,9453684065	24,4078934049
16,0859853886	15,9254174454
-3,0515264403	9,1431310358
6,8359025889	25,7429534516
8,3808039724	24,4256589115
16,2015684868	15,6509194524
-2,9331076322	9,3222087711
13,6298395340	15,0223961430
-2,6721771764	9,4493406939
-3,8658882230	8,5018307128
-2,6750875852	9,5418856136
-4,7242427616	8,7272086842
15,4640804948	14,6477894513
-3,0795829831	8,9107737830
6,6106570183	25,4491026942
-2,2666142702	9,0053883182
-2,7170018528	8,7180365588
15,8638292659	14,7388412113
6,9216788144	24,8133579054
-5,2047231172	9,1963457371
17,0719881495	15,1005619308
-5,3416567096	8,3576891816
-3,7258098291	9,6597314858
6,7605576788	24,5838776329
6,3473122659	25,3692999116
14,4594774426	15,2169956143
-3,5949139815	9,3067273323
13,9774493237	14,7696648201
16,7536137571	14,2206753424
-3,0164592461	9,0838697602
16,0746459419	14,4987771382
15,5797443194	15,5304650511
16,4510880517	14,4893828228
15,5456131231	14,3570150510
14,0667049520	15,4314422280
5,7654023578	25,3023470717
-3,0150789697	9,0228000418
-2,1195399225	8,3277409051
15,8390048266	14,7893158945
16,7874513631	15,1002250245
14,4847724967	14,0666351724
15,5089354432	15,4668772974
13,6023490314	14,6263584936
-3,2315837885	9,9846606773
-5,8809437550	9,1205620246
16,3480116635	15,7015191882
5,9185189312	24,9078371541
5,9886834899	25,3104590505
-3,7071604255	9,4911737980
7,8242454658	24,5446585331
7,2892070106	25,3220255434
7,4758235107	24,3931453374
-3,2434432779	9,4348022867
-4,0397802967	9,0591828684
15,4092135577	14,8527301599
8,0701840071	25,5532433528
14,2115957919	14,9241095118
-5,2890192844	8,6714068712
8,6479849520	25,4132269576
-4,6141616375	8,1126658876
-2,9802111291	8,1752432169
15,3869088074	15,1451365698
6,3785656634	24,6048520365
8,0165387081	25,2542160697
13,7379194305	15,3932582350
16,1878145534	15,7686776345
6,7088600413	24,2069898436
13,9840074853	14,1763569678
13,8278050891	14,9599833354
-4,6234053427	8,9890219123
15,4541942774	15,5018071824
7,2689683563	25,7010589294
-4,6650341683	9,5289208260
-4,6436732062	9,3280633467
7,1594908935	24,7886728380
7,3358231812	25,4301167508
15,2133806532	14,8830002614
-2,2080529289	8,2117290974
16,1244903324	15,0243052053
7,3490249903	25,3543261950
-2,2399781440	9,0063582979
-3,9078889675	9,1444093510
6,7168133914	25,1776989121
-3,3343569999	8,3380226020
-4,7154198521	9,2817522893
16,0058217229	14,3664315860
-2,3380825821	7,9282385298
5,8445975431	24,1055934157
14,2111186027	14,2819296895
17,0405054931	15,9559315740
-3,3740862080	9,5659634058
5,2094239797	25,0826872093
16,0899694570	14,7519103731
-3,5613566364	9,4094723898
6,1637092249	25,4013881285
14,2732976657	14,4328816395
7,0506343838	24,7087359560
7,8967937731	25,0594384539
14,3845102172	15,1897679054
6,6143473612	24,8237623742
15,2973978061	14,7038313886
-4,6260280638	8,8676386192
5,9173069530	25,4831820436
-3,6660360825	9,6403646494
-4,8079907531	8,6999469959
14,3408774806	13,9323236132
-4,0025857534	9,4840411942
14,1610082917	14,4574129672
6,8844627875	25,0803852637
7,0232157467	24,5109534096
13,3512664545	15,4371974839
16,0488100221	15,3407787878
13,9244735151	15,6454798123
6,2551029053	24,7149937144
6,0405469605	24,3040898418
14,4927655560	15,7262757957
6,3235823168	23,7535950100
-2,5873030141	10,0865131461
-3,4476093212	8,8792595647
6,3319976769	24,6627335748
-5,4997589088	9,0871102633
-2,6656501521	8,6675400969
8,6752042816	24,5596920895
-3,8024673680	8,8113139973
6,4241419261	26,2338810379
7,6495293557	25,0079551685
-4,8946114790	9,0454584025
6,5997371004	25,1650433510
14,6731282612	15,2535215461
7,3668710604	24,2427618567
-2,8236461906	9,0128269515
14,8260768255	15,0149817885
-5,2592840219	9,2787655515
7,7371407311	25,4806896872
15,6822211139	15,9917417998
5,7464264648	24,8465593827
16,7030361994	13,7577042675
16,7245249047	14,7615000042
-4,0024170618	8,6279824117
14,6982851186	14,5697790777
6,1539150493	26,4451182298
8,5914450935	24,6780416542
15,9781838125	15,1406282356
16,3791378078	14,8090726915
-2,7240767157	9,2063924169
6,7620382675	25,1304446757
-2,3388787901	8,7684898598
7,5437738040	25,1296015162
14,6058075225	14,9423953607
7,6267040573	24,7958702771
8,3470098174	24,1962680181
15,6016107617	14,7286035339
5,7767644311	24,5051025716
16,0277512329	14,9446446672
12,8573345163	15,1072248062
-2,7952551886	8,9093980824
16,6172157598	13,4362486848
14,3946352865	15,8314107325
5,2296473123	24,6790142381
6,3691509838	25,2012472765
-5,6394061754	8,9694556577
-5,6513811459	8,9426388184
6,3022957965	24,7729079036
16,7151793083	16,2223568688
-4,0084670705	9,2389274276
13,5615003669	14,4930131346
-2,3172313497	8,3793311678
-4,8833068217	8,6962060063
8,6659712575	25,1677206473
-4,5918356299	9,0592617140
16,4586529242	15,6957053552
6,0731489056	25,2617680846
8,7319630004	24,6313329065
7,3341567752	25,0605787839
14,6231457670	14,6557954866
6,1446381903	25,3222340921
16,4233636501	14,6283650108
-4,0302382928	9,0023803359
5,8584233203	24,6671372238
-5,2139473237	9,1000682613
5,2933799005	25,1227889000
-5,4185688197	9,1558491877
-2,3972471405	9,2147905532
14,9510675326	14,5377410325
-5,2667111605	9,8429393766
14,1762046046	15,3567945763
6,4208594492	25,6309455467
-4,5459825120	8,6983067972
15,0004861034	14,7451867363
-2,9630479984	8,7346503802
15,7038429032	15,4819914243
5,5735056018	25,1090403909
14,8744021350	15,7879911177
-5,4425793759	8,8733110366
13,8264435191	14,2519234618
6,1267691243	25,0136650389
14,4171757411	14,9781210397
-3,9331660078	8,7677248798
13,3401744414	15,0322069142
-5,4047207102	9,3134361414
-2,7917891213	9,0738034835
6,0942971240	25,5561808615
-4,8955953540	8,7893775401
-4,2429180992	8,9301592443
13,4942544273	14,3504400432
16,4437557942	13,7505445564
15,3730787090	15,1244279720
5,7020894712	25,5248906539
-4,9277542397	8,7618274196
6,1558000369	24,7666005683
