4,2026493083	-4,5930977887
5,2239124397	5,4569075165
5,2173310703	-4,5740873153
5,7462548406	5,7785962938
1,3251512908	0,3990458519
2,1545606533	-0,3224232732
1,9115029021	0,0336555719
2,6468724574	0,5722444029
4,9586957083	-4,4813652717
5,4736113686	-4,0501219194
0,8386267916	0,2420001682
2,4503255084	0,7364046330
6,8981311813	4,8087149190
5,2396927208	6,2558402940
5,3904608755	-3,8000832622
4,4915871269	-3,5848597305
4,7562170925	-5,2953834717
5,5395786688	-4,4561613776
5,8771754451	5,2875792836
5,6440971501	4,8484938599
2,5054841202	0,4941913611
2,4199943091	0,7326476261
2,7349703942	0,2569183820
2,4689298385	0,3710849293
1,9105706485	1,3359610862
5,9322908919	4,7103829438
5,5326336002	-5,1546837021
3,5035976795	-5,0206465215
4,7983643841	-4,0853571490
1,6620952986	0,2939316051
4,6799160585	-4,1871955194
4,7979208702	-4,9877119027
4,3055673916	-4,5508302866
5,7151817657	5,3455682191
5,5650704167	-4,5613682991
4,4418026858	-4,5135972034
5,7379029914	5,2220178189
1,5211138043	1,2719184774
5,5940062890	5,8185083497
4,9739071735	-4,7670222118
5,5718602156	-5,0255614453
2,3332755401	-0,9874173789
6,9415524230	5,2404069916
5,4354924468	-4,2241945120
5,8025367782	5,2148935561
5,9903563215	5,5966736262
4,8776255004	-4,5823758335
0,9665457200	0,9494539791
4,7006622486	-5,3246265781
1,6065204944	0,3260463685
1,3036371293	0,9409810510
1,5142750360	0,2558258898
5,8275316106	5,4583254564
1,5209672090	0,0064175454
5,2529553829	5,1766086916
6,7324064646	5,9923361864
5,4945126645	-4,0869267654
4,7031250608	-4,1105730163
5,6034742900	-4,6441622929
5,6452599796	-5,2038164674
1,5235614748	0,6609345369
5,3226716066	5,6595181414
4,8634408375	-4,4874821406
1,8499693838	0,2555282327
4,8541398018	-4,2592493492
5,1056740879	-5,1640680459
6,7757887305	6,4930537404
4,6077864055	-4,9716354233
4,7308651566	-4,8490924267
2,5038397860	0,0959587204
4,5250322221	6,3375227246
5,2125041387	-5,1893209643
2,8719348935	0,6582181147
6,9730153808	5,4063228313
4,3832382822	-3,9253398643
5,8289696073	-5,3579664967
2,4370974374	-0,1388588649
4,5712325565	-4,1245428914
6,0594842908	5,7355170821
2,2963497036	0,3354233049
5,1316783030	5,7631035642
2,0982716124	0,2751404131
5,2605381926	5,6448959848
2,3291276700	0,8449323750
6,6204196780	5,7281337219
6,9666367939	4,7586683488
2,3596777483	0,4191724294
6,5270281963	5,5692261753
5,2994829307	-4,5159373976
6,1702888709	5,2310470396
4,7290962592	-4,0972568866
4,6009370177	-4,3335713991
2,2706182611	0,0193086369
6,0183247053	4,8796498431
6,8042896169	5,9183678902
5,2022046146	5,7398314669
3,8908050973	-4,6520689237
4,9393590921	-4,3936781635
2,3072043861	0,7838217012
2,4565397582	1,3150532834
6,3247889907	5,9512664402
5,7829090294	5,1014768038
3,1193918290	-3,6767904620
6,2870593247	5,4949853514
1,8570482348	0,7956411662
5,0836191450	-3,4709717213
6,5781982863	5,1600483805
6,5338880265	5,9618002843
5,2558752581	-4,7552461760
5,9757042680	5,3587094976
1,9179420788	0,4368800070
6,2701101789	6,0911769532
3,1571799489	0,6289943222
4,9875043246	6,4753570489
5,2566258380	-4,4587439801
4,8659469576	6,0840858073
6,5454144611	5,3052379570
6,7105065862	5,4991799658
4,7025193118	-4,7959073546
4,3589858350	-4,1936000435
6,7106402355	6,0557210924
1,0028000930	0,7778030057
2,2190687794	0,0656962430
3,7433644662	-4,8947653008
6,0371057474	4,6035870837
2,1607437503	0,3665058690
4,2658759810	-3,4968563653
1,6539276946	-0,5173806881
5,0675031771	-4,3233524200
1,6878801651	1,1857140749
2,0668465715	0,3172679778
4,9969275800	-3,9508600099
1,5105359781	0,8072612869
3,8823389197	-4,9266020901
3,1925838358	4,6949003567
7,3773627215	4,8841585823
2,1897116523	0,6504721444
3,6886895118	0,4399432060
6,2624819857	5,7004474398
3,6020749773	-4,5799609979
4,9533696305	-4,6883435668
2,4164993594	0,4319489882
6,0759045481	4,8034762490
0,9611379310	0,3567130448
2,3050520251	1,1309429448
5,6678627759	-4,4726437899
6,2451824560	-4,1259874686
5,4099993536	-3,8454696913
2,6546034575	0,6689560292
5,4818146138	-4,9919696065
1,5548512128	0,4380754326
5,9524220944	-5,0858029034
5,9379038987	-4,4792694332
6,0794637189	5,6431707098
7,0250522051	5,7167793244
6,1340044496	5,9389563359
1,4681661262	0,6419583874
6,4373419834	5,5800985611
5,5417012488	-4,6203312520
0,7498981642	0,1787227605
6,0590674200	-4,8503726943
1,4147806062	0,0506073428
5,3196737985	-4,5964838004
1,5674017832	0,5089002575
2,0534641464	0,7687194212
2,4837001042	0,3490404140
5,5148228739	5,3876961469
3,9505772727	-4,2424613100
1,9658431405	0,3947096648
6,1746396984	-5,2082596592
5,5471113580	-4,0914923306
5,3003774025	5,6426339290
1,6245218348	0,7138511086
2,5141168354	1,3806911880
6,3818071014	5,2247905126
1,7007402229	0,0079605350
1,1273453654	0,1102693884
2,0513099588	0,0818471812
5,3520453971	5,4040904301
4,8668431242	-4,7212972928
5,7505815277	4,5023157359
5,7261486766	-4,3538015317
7,0531643540	5,2959983449
3,6896297312	-4,6869027460
5,3042185689	5,7443401867
5,4396327184	5,4654863606
6,7259322722	5,0912028570
6,7033525577	6,3632575719
5,9547462907	-4,3243813182
2,3845997390	0,5673151934
2,1514041422	0,3396503167
5,2533637259	-4,1695713454
1,8225809380	0,6004376722
5,0646252030	-4,6047541061
6,0160803855	4,9490445314
2,2629057749	0,3735554653
5,1877765493	-3,4208246695
5,2858957937	-4,7685250328
2,2034379734	0,4517336374
5,7666723321	5,5231984308
2,6656756402	0,7829488635
6,0315954209	-4,5882233312
2,9383794627	0,6236159294
5,2161951367	5,4619251291
5,0631135435	-3,6200116878
1,9446775790	0,6696640682
5,4922165499	5,1095733990
1,9323324131	0,8959917373
7,3091221911	6,1696976103
1,9793651967	1,2497023044
5,1644926145	-3,8074197613
6,5883171679	5,5080273835
4,5440434399	-4,5212833261
4,4455520486	-3,6405091216
1,2330306651	0,6670378427
5,7122421111	-4,3989987986
5,2791864687	6,0703916714
5,4379540628	-4,1625529251
5,5490610714	5,0189545499
3,1164421438	0,3872545686
6,8504632496	5,7063058050
1,5250595577	0,4207855207
1,5942178885	0,2189465711
3,8746139000	-4,2798278725
4,8549888711	-3,5919055821
5,4685888499	5,4498145760
4,0009413675	-3,7912729308
2,3825602489	0,6203702219
1,5685137962	0,0526532710
6,8992783485	5,1021969280
6,6063329233	5,9090368899
4,0487459085	-4,0947355182
3,6212910883	0,8616634323
5,8862774892	5,6757660848
6,4485746500	4,8311705367
1,3677221371	1,2294669532
1,4756037867	0,1945932858
5,9610780569	-3,7684171385
4,0405854824	-4,7379732730
5,4116483630	-4,7761248409
2,0123201072	1,6824130235
2,7790857688	-0,4276139510
4,7046086617	5,6610288121
4,0866000063	-3,9947689826
1,2660673322	0,4071318564
5,1137876448	-4,2613882761
5,6938142094	4,8297925543
1,7409351268	1,0278308330
5,9866132870	-4,8082039027
4,9949492399	-4,7183029824
5,5023287755	-4,7257428726
6,0161591689	4,8170007570
1,2038083431	0,3792963065
6,1703840629	6,1058411592
5,9027469376	5,7690509600
5,6275799710	6,0918706386
7,3225304331	6,0879478098
6,3563007646	6,1310530998
5,0073222809	5,2724136252
1,9438585642	-0,0016074529
5,6943859636	5,5746570429
5,6956911930	-3,7835260463
2,4410788912	0,0130980140
5,0370345359	5,5486894397
2,0718843572	0,4026967691
2,1304663772	0,7036023088
4,9167505031	-4,6091077733
5,7817188316	5,3056270389
2,3900870513	0,0088847689
4,8949377214	-5,2668157983
3,1514620355	0,9891819642
5,5615006441	-4,4190541379
5,7433953382	5,1969712089
1,0535050290	-0,4634590428
5,5477234757	-4,5592087414
2,1993648487	0,2580986241
1,9111666703	1,3617512584
6,1755408165	4,9058920833
4,3498720379	-4,9011120423
5,4582616743	5,4713133293
6,4061403251	6,3699954276
1,3651572740	0,8634183266
5,3009800739	-3,7742500068
2,9233293638	0,0941262489
5,9406550710	4,7678544958
4,8215623333	5,7363907328
6,9721413740	5,4015197515
1,2468152545	-0,3223429003
7,5008017609	4,8979690566
5,5978635409	-5,5701286644
6,5287804363	5,6999666794
6,0201015575	4,8411591422
5,6787227576	-4,4066157844
3,9912710140	5,3160215229
4,5180663604	-4,5167258985
3,6941380167	-4,8769432876
1,4724769717	0,6328732934
0,8155971409	0,3702650751
3,5088143436	0,9306149665
3,0198188246	0,3575710337
3,5339463354	-0,2806184430
4,4655182065	-4,6851213908
1,7803476544	1,2166077275
2,4059326504	0,5022874748
2,5083164565	0,7053796563
1,9517839436	0,2215594269
6,0438840190	5,2206230411
3,3433040240	0,3357991182
6,4269064805	5,4545492388
5,1586061616	-3,3965518938
1,5569197012	0,6737561799
1,2199889637	0,5757505338
5,8269827822	5,6849134906
1,5577219622	0,4054034840
5,5005970445	-4,2023002294
5,4743449164	5,5567519406
1,8409281620	0,7285624816
6,9637537808	5,4850550801
5,5060899578	-4,2432469901
4,8704194195	-4,5060572973
5,1328888702	5,8655511763
2,4597962788	0,1099585471
6,1040209967	5,2922797068
6,7616813663	5,7024521009
6,9127581762	4,4170048158
5,1779592657	5,2676845569
5,1815477053	5,4128697019
1,5296981151	0,5948470739
4,2676146863	-4,9716844212
4,2112219739	-4,4628691328
6,0848647794	-4,2740240145
7,3399449259	5,2423294821
5,7189459358	5,4671049809
6,1942104401	-4,0061566627
1,2296706393	0,4200599737
4,5829713530	5,4081753885
2,3658803452	1,2368946679
5,8856328061	6,2256383315
6,5527258786	5,6418952969
5,1381143895	-4,0129551993
4,6980213354	-4,2167329145
6,5986368154	4,8588828291
4,0299075277	-4,4300459466
5,2397693403	5,2939513039
5,8539178436	-4,6407401943
2,0729090309	0,8835637104
4,4724291864	-5,3000786698
4,9732743444	-4,3096190211
5,6912004343	-5,5017767971
4,8593719924	-4,0510335989
2,0724077771	0,4697267550
2,3360627173	0,1631891966
4,4133038055	-4,3583219099
5,4262842503	-4,8882270725
2,2258565839	0,8721236342
5,3143147488	-3,3459922846
2,5105217998	0,4299648008
6,6442747231	5,5765559251
1,8081646188	1,1473220918
2,8576378674	0,7178226914
2,2910582735	0,4143194882
6,6936567468	5,1779100704
6,3778793966	-5,1716359356
6,0723317173	-3,4028948509
6,8008760180	5,6765909998
5,1379890344	5,4915235416
5,2765243955	5,4482762843
5,8689657852	5,2258719170
1,3230358689	-0,3162528406
5,0817356573	-3,9233939661
1,7852243341	-0,2897598285
1,9467067647	0,7804337934
4,7565471372	-4,6074203602
4,8719620647	-3,8917968098
6,0238291453	-4,2329939496
1,5738216008	0,5546772248
2,8344125305	0,3854933079
4,8354019362	5,5227424687
5,1889703773	-4,4795605944
4,1775744229	-4,5206976436
6,1656500282	5,3094858884
5,6853812187	5,6164936954
6,9867250905	5,5058400034
1,2272172304	0,9990221253
2,1960948693	0,1782854569
3,3804093588	-4,5746037145
5,2257013848	5,9632647022
6,3349413807	6,4782174262
7,0456245972	5,3577448361
4,5737388169	-4,8069774635
2,2267538101	0,8714196558
4,1649657974	-4,8454769331
5,8101308938	-4,3765055825
1,2268004020	1,2598442683
1,6194658523	0,7646661539
1,6809018038	-0,3856570060
4,3986766663	-4,1426212159
1,9694256126	1,0071126670
1,5835404118	0,1877486919
2,7169469846	0,1326713661
3,0297047089	0,1007511758
2,4201228099	0,5684044123
2,2513090663	0,3580914075
5,2128135201	-5,3511509548
3,2013374599	0,8097169621
2,0346963526	1,2546865107
1,9147507736	0,0249146631
0,8835948572	0,4702270703
5,1006814253	-5,2885493584
4,8393362442	5,1464957006
6,6759348829	5,4176934371
5,4061523774	-5,2512405254
2,8814308530	0,5586779554
1,1950991831	0,0112271085
3,1501477220	0,4374647380
4,9374147723	5,3605461523
5,3391641498	5,4500389379
2,0221140214	0,9410710628
4,8842580474	-4,5849325345
5,5017683851	-4,5309012275
6,0381057485	4,8562355015
4,6750628626	5,9324023117
5,0716909251	-4,7737647032
4,9099726140	5,7952213107
5,9566975625	-4,8298901705
6,3458372069	5,1351199312
5,4839809538	5,3032756219
4,9326756589	4,9268554184
5,7680292061	-4,9740235160
2,5369162951	1,0135533079
2,6942048527	0,6043547033
4,5252611936	-4,8771097488
5,0266613612	-4,3510860493
7,6259203460	4,8987917246
3,7460309475	-3,5516725381
4,9395961487	4,8698970609
5,7116501160	5,3805322955
5,9117689084	5,3397475423
4,7842797806	6,2094833880
4,7796878667	-5,3375447838
1,8277263017	0,2572908063
2,3790044621	-0,1116131759
5,9462061700	5,9822570596
5,7355082555	5,3977571838
2,3864324192	0,9488309759
6,2987809708	5,0320010371
1,7938275662	0,7914353217
6,2286712758	5,2145970082
6,5999620586	-4,6996765427
6,1340231588	-4,7317227292
1,4339543474	0,5272909702
5,8346211136	5,3577626084
5,5096837104	5,3256844711
4,0881961883	-3,5161628144
5,1524712925	-4,5229844966
6,5195831726	5,9817956423
3,4411158234	0,9023775028
1,8528400460	0,6128781107
6,9396778646	5,8946277576
5,3738437334	5,8182342294
2,8043257226	-0,1731766466
2,6915964289	0,7644099310
3,2233543744	0,5070631077
6,6521400728	5,1075401669
5,0164688885	5,0701351676
5,9853339486	-4,1436106197
6,7499314637	5,5089721177
5,7784520228	5,5197556026
1,3898286636	1,0651869897
2,2232703688	0,7018073231
2,4286592856	0,6564568542
3,5223698893	-4,5407487876
5,5559574599	5,6554656091
1,6715871828	0,2405653816
4,8859084796	5,7220733825
3,0551306856	0,3057233831
6,6176484540	-4,3640143396
2,3685426112	0,8340073903
5,7528179401	5,4555922033
5,4354245873	-5,3826108516
3,0854908844	-0,2989410123
2,9087976321	0,2497298670
4,9545699930	-3,8702599050
5,7802135716	5,3526515086
4,7901178329	-4,0579255558
5,6115906025	-4,6216175614
5,0709033578	-4,8422752016
4,3216510412	-5,4580247196
6,1606037121	5,3743194411
2,0582533165	0,5623855359
6,2403597968	5,7868145361
5,9991308083	5,9654299358
2,4940513680	0,4497664670
5,7751400230	5,4584185493
2,6650039043	0,2467255540
3,8467000067	-4,7389788378
3,7231818798	-4,7527761503
4,6715329192	5,3251781402
5,7975415626	6,1418817147
5,4465481475	-4,3006631352
5,4223878427	-4,6983654546
5,3288869004	-4,3498991090
5,6185436435	6,1691454179
2,8175966367	-0,2897485320
2,0731643732	1,0260009852
4,5752972977	5,9843712065
4,2505838485	-4,1194377343
1,8834017981	0,3253123285
6,9511011493	5,8486795270
5,5327956035	-3,8762083794
1,6731146546	0,4045159999
6,5218299522	5,8218159025
7,1920038482	5,1334312961
1,9106995540	0,0907555245
7,1140752344	5,2860805531
5,9149665847	-4,8163394496
5,4710288504	-5,3467586905
6,4772819792	6,4233604905
5,5110399635	6,1200068106
5,3484625538	-5,2115449529
2,3381139266	0,0307312262
3,6875998317	-4,7655086469
4,6195776221	-4,6153719345
5,2926722305	5,4490842106
5,3238906177	-4,8607312003
5,3322045406	-4,7936677164
6,0393721127	5,6678707460
6,6730949610	5,6534704973
2,0868355578	1,0833127850
2,3499817525	0,2548980189
6,1591295558	5,5769192090
5,8104319694	5,4443671727
0,9559476404	1,3941526022
6,7918512568	6,0910536518
5,4069275841	-4,5375259772
6,0173233454	5,4854367237
5,1734257713	5,8144267355
4,5178701538	-4,8786926357
4,0749305046	-4,9128304982
5,8039574008	5,8404765617
1,9448574888	0,4056816926
5,4399335747	6,5540762794
1,9083945473	0,3020485781
6,3898371051	6,2477039090
1,3722336222	0,0444543069
5,5239536162	5,6544106455
1,9126308011	0,3614342135
4,1849435581	-4,0664618235
3,6490006850	-3,8542715007
4,6927795688	4,4977433931
2,7575579494	0,3827499757
2,2802111944	0,5701594903
2,1408037203	0,4807419562
2,3564810070	0,4277875744
2,3061175492	1,0080069607
2,4940713680	0,2420015582
5,1137994179	-5,2229698000
3,7757979911	-4,0859365522
6,9025573402	5,8171623289
1,1217939221	1,1737303793
5,6534400994	5,6673180542
2,9989244976	1,1472618144
4,8716013229	5,2322422319
6,4964444813	4,8520339030
6,7054346406	4,8186929636
6,0318447010	5,1828147442
2,5979786294	1,2301936120
5,6797100255	-4,6314013785
5,3809820433	6,1412391900
7,1045668550	4,3738209696
1,0502864482	0,4009214717
3,7012912895	-4,5345623686
2,0767911976	0,0047747010
5,1808186767	-4,8625242923
2,2276501384	0,6833776194
2,5049278889	0,4703305749
4,7457576470	-4,1322814909
1,6972381058	0,4879323535
2,3734000016	0,6051641515
1,4714939119	1,2470594616
5,5373216530	5,6839975710
5,6001116022	-4,5458271466
1,9398733798	-0,4822082249
4,4452083300	-4,7888984865
2,8054826538	0,1823385661
4,9101241325	-4,0348039204
4,8756165856	-4,3694921989
1,9042182880	0,6034582624
1,4743198777	0,3665053231
7,2131504617	5,2544190780
5,3849225862	-4,8250872012
7,2319874677	5,9045907537
1,6332563964	0,5341575893
6,1848043125	6,0773846255
7,3721073890	5,8091527714
5,9006109998	5,1900988181
7,1926067826	5,0978576858
2,0982687188	0,5858496592
0,9760432459	0,9230015575
6,7077293937	6,2211015942
3,8162296567	-4,2690943321
2,0551231674	0,3912758951
1,2346950198	0,9438715367
5,9687284609	5,2955335318
2,7535382114	0,6179239009
6,4723823905	6,4342274936
1,6583999865	0,8444742823
4,6954669506	-4,9677051957
1,8549554260	1,0935872694
5,3163921525	-5,0824505161
4,7735474427	-4,2992345506
1,4431571290	1,3823223761
6,4722289514	5,1555248436
6,3966655831	5,1106195882
2,3748088656	1,2836764871
4,6714078533	5,7899869238
6,9704448844	-5,1096470367
5,0149973277	-4,1307893971
5,9417047275	5,4602825617
1,8753192789	-0,0742959978
7,2863551667	4,9354969898
6,6706789765	5,7562551394
4,8268751704	5,6526303199
2,0113218807	0,7359402087
4,9613658235	-3,6874832353
1,0508593026	0,2116886635
5,1066136775	-4,7979915730
5,8290158560	5,1019307426
5,8889596846	-4,6614871348
6,6977381458	5,4321208444
5,8108166048	-5,2059222496
5,8855332940	-4,3277100473
4,7995823318	-4,2744891683
1,2573855944	0,0860253235
5,8032715987	5,3627994602
4,1981888616	-4,7688366438
4,7642500926	5,4663086825
3,3916421521	0,8658320128
1,4352097451	0,1222385381
5,4096391311	5,5294478002
6,3863568962	5,8639603468
1,5671399521	0,7841773712
2,2788785204	0,8414624050
4,6555572129	-3,5309777830
5,7403333511	-4,6778770541
1,7307211698	0,7221100848
5,7442035407	-3,8043642606
2,3997084344	0,3369679717
7,2266704478	5,2168654091
4,2904213390	-4,2989108360
6,7868282148	5,4998169813
2,3289897646	-0,4466235921
5,4311450441	5,5778735413
1,5225179961	0,5121723317
6,2798607416	5,8127754675
6,4155669829	5,3909760050
5,1351383278	-4,9796206600
1,6581268286	0,3444211385
5,8532027858	-4,0477311951
0,7302630466	0,5062649430
4,8178306202	-4,7672606060
4,0824546803	-4,1369002888
6,3697661018	5,9118631728
6,5007732350	5,9837148550
2,8983749325	-0,1373290760
6,7891984212	5,6155297505
4,7731616601	-4,1095871538
5,6617444080	-3,8968179124
4,0045596550	-5,0114071704
4,7726472339	-4,4614474261
5,0738839779	5,4577265529
6,1512101896	-4,6166853040
5,6726531409	-4,3684521146
5,0026723362	-4,2416528019
0,9337875915	0,3910838998
5,8403404198	5,8460699625
4,3776991108	-4,0471162336
1,0095248115	0,5128029237
5,3287848581	-3,5892133743
6,4605870121	5,5309072308
3,0890972444	0,4874560414
5,2245022793	5,5048321578
6,0619383159	5,7666635393
2,7666548337	0,0728192333
2,6021118071	0,7850764836
5,6357830537	-4,0389387828
5,3407569784	-3,5716820326
4,0540248229	-4,5859336690
4,9492870839	-4,6499733057
5,6880110812	5,4096940352
5,3770256449	-5,5582994610
4,8634880606	-5,1058317677
5,5191114250	5,2930072591
5,0982191332	-4,6403286829
0,8841359967	0,3073741340
5,1970878437	4,9787404400
7,0089755298	5,4090720978
4,4129583520	-5,0494507492
1,3503731588	0,5447001108
6,4596797956	5,7117289852
4,1714820379	-5,0182367855
4,7350601016	-4,7021560887
1,0603286969	-0,3189068890
6,2820880520	-4,4220030924
5,7162456155	5,2258317963
3,8422531366	-4,2915007824
2,5999226395	0,6035597450
6,8949537574	4,9456978851
4,9778627319	5,5707466869
2,6156232030	0,8977459369
3,3790113585	0,2146887852
6,4362224217	5,9418276222
0,3518658090	0,2348607122
2,0171849159	0,4168621036
5,5041324325	5,5665048568
6,6305073424	5,4909908926
7,2933745130	6,4918103753
2,6011215626	-0,2486082829
6,0464480221	5,7763993696
6,6190283059	5,3162044135
4,5931309801	-3,9445608609
4,8291054651	5,6847817238
5,5447200115	5,4866177633
5,6016475463	5,4968097677
1,7627865574	1,0550813423
5,0599834967	-4,4065412961
1,7817958902	0,6415571419
5,8280801584	5,8973226057
4,9893637086	-4,6020268260
1,1549058257	0,7914815559
6,2741206494	6,2255134085
1,3245102510	0,1216166744
4,8532628901	-3,8528013658
6,2493385085	5,3389792431
4,6075800909	-5,0536956665
4,5929732876	1,0834071633
4,3723176249	-4,6598620229
5,3875505812	5,6380212381
0,6013520281	1,6572115066
2,5807578258	0,5183888633
6,3142060996	6,3254414825
5,2756508177	5,3767328153
0,6075842265	0,9654927142
3,3677054896	0,3100984244
6,0092995060	5,1020092009
2,2225242953	0,8337741945
2,2035888582	-0,0068334452
4,4894510263	-4,9615159534
1,8433017357	1,2360097797
6,7317108737	5,5406418230
6,7591567245	5,8520631249
2,3498639496	0,3563290902
4,3369785212	-4,6753150807
0,8914343013	0,6359957100
7,1667001838	5,5174533970
6,0953351261	5,7921817125
4,9879196087	6,0027996745
1,5023338954	1,2039661683
1,2190762919	0,1035907142
6,1737700666	5,9945649241
6,9361250071	5,4884625452
0,8061211959	0,4230360052
1,9693047419	0,1965816144
1,7831031128	0,3485311595
3,9413677788	-5,0149754240
4,2981488933	-4,7892781428
6,0728838473	4,6409599218
5,1864028147	-4,1810462182
6,4361339843	5,3440449685
0,9864812647	0,5969193793
4,6810565376	-4,8358359597
5,2501283102	-4,1045315954
2,5673358279	0,0110837850
6,2755744097	-4,1768704411
2,1242635905	0,2861558270
6,3605970969	-4,7970576675
1,1706420468	0,6339915379
0,5872429820	0,8683671226
5,2983122592	-4,4536292135
5,0394998989	-4,7785533824
6,5079804146	5,6691628294
1,5298057281	-0,5253458769
5,1197920567	5,3493370321
6,1061811886	-4,1600396760
5,0295114814	-4,4117940103
4,2953172406	-0,4478708186
5,0333725611	-4,1356809109
6,1909404708	-4,8385471538
2,9919133786	0,8644518948
3,3007329266	0,4271677112
6,3215959595	5,4266542825
5,4268160875	-3,5091593781
4,0740636946	-4,7368873356
4,7892067286	-4,7558196424
1,1832286237	0,1280691964
4,4145053593	-3,8102563640
6,8681328519	5,2663353827
6,5278776488	4,9591110673
6,2672742118	5,5130703449
1,0338911311	0,5562866680
4,7364412963	-4,3657004050
6,6553051461	5,6856720388
5,8176261110	6,5275992566
4,4612489999	-5,1790692431
2,2384733253	1,1403802510
1,8970994732	0,2882997019
4,8533162270	-4,8565587854
5,0292435032	5,8942113112
5,2426953873	-4,3600706949
5,2801940582	5,5983057071
4,7703735030	-4,8193980623
4,9896470484	-5,1175303682
1,3864158084	0,4963685195
4,8418615901	5,2074721919
5,2057322291	-4,7488041247
1,6479041160	0,6074953937
6,3300921818	5,5730928381
6,1173323969	-4,0511668808
3,8580689835	0,8224538000
1,7354437688	0,4245850515
4,9125543092	-4,4417289317
5,3960349149	-4,5429949574
5,4677233250	5,3934351267
5,1220048443	-5,7739595461
6,7782984822	5,1709110237
2,4697465817	0,8771171814
2,2022804948	-0,1068010768
5,6917010280	-4,3835057319
2,7171933945	1,3711473499
5,1551159719	-4,8540465194
5,9687292219	5,7824559857
1,6106494179	0,5094325654
4,5682132869	-4,2909093054
5,7864615638	-4,4004592699
2,6403744245	0,6031912144
3,5443816047	1,0086310394
4,3618019971	-4,8115497591
2,3627467943	0,1451264940
5,0300493748	5,3874435710
5,0581842440	-4,4386440556
5,8084646258	6,1066226431
6,0143793030	4,7925569091
4,8275532021	-4,1291401335
6,3529781525	5,7435058150
4,6996440927	-4,5531879350
5,8073941782	5,5641286867
6,8866492128	5,0975105024
2,9312390828	0,9294809728
4,8679456749	-4,4677088069
5,8956610776	6,3505107989
2,2384549306	1,2242654064
3,8071814346	0,7539605411
5,0278835542	-3,9040961468
5,0552668122	-4,4475591376
2,3227465418	0,4506711306
2,8017232772	0,7133533041
5,7582867549	5,0249547874
4,4099650208	-4,1340251645
2,2100538489	0,3935685410
5,6957313620	-4,7620498234
5,3134719287	-4,6011638429
5,6252531735	5,0340396352
5,1840224319	-4,7550499006
4,7466343847	-3,8304646688
6,5596060147	5,3665828613
4,6950531900	-4,8158961180
4,9039875949	-5,0156756323
6,1271389171	5,2518620833
5,6971022372	-4,4610203521
2,6758610609	0,6121060121
4,8145035381	-3,5830020777
6,3924904689	5,3339450740
1,5910144880	0,5019438898
5,1868179826	4,2882774215
5,1772227567	-4,0514934497
1,3975225403	-0,0093600005
5,6824777227	-4,5988863209
2,4887450745	0,0272514546
4,4021132400	-4,9693130645
2,3884977016	-0,5269042051
5,5050871708	6,3765322689
3,5241082187	-4,4313726647
1,9823759482	0,5893369096
2,0949087407	-0,1008347892
5,5728142508	5,8228067331
1,3831557803	-0,0920093572
2,2128159498	0,7997187502
5,1844590422	4,7386390649
2,4180566651	1,0535019195
5,1831318725	5,0149721114
6,0615059324	4,7786684855
1,8334189067	0,3973637359
5,2719657170	-4,2030184826
1,2115109993	0,2404277474
2,7352434498	0,6485432877
5,1687040878	5,6920127481
6,1330997722	4,8896962337
5,0446177907	5,8144420655
6,6572860537	5,0927315985
5,3473772818	5,2404143748
4,5342935997	-4,2129271084
5,8089570870	5,9553656455
4,8271196030	-4,3031033878
2,8680447397	0,7262700555
4,4064902383	-5,1245196986
6,5086567069	5,8147479521
1,5946272661	0,4222272645
4,3799612998	-5,5300578017
5,8188615326	5,6807205339
5,4543015272	5,6405706965
1,9277581284	0,7583500771
5,7928824977	5,1968495136
4,5770762262	5,4117128852
0,6386989229	0,4250312353
2,3239289925	0,8490646637
1,5067653892	0,2415396157
5,4517832904	-4,1418195143
4,4025831417	-4,0483236243
5,9875014768	4,9283739199
3,8537749339	-4,6791962542
1,7388085863	0,4887518189
6,0039528529	-4,4487601185
4,7323337331	-4,5981536661
2,3208806473	0,4777109722
3,4802027358	-3,6321553831
5,3973915808	-5,2245193102
6,4155090012	5,4049105061
6,3096085453	5,2801772648
1,8644860670	1,0283605138
2,6018350611	0,8829373763
1,6977581024	1,1829909823
5,5979839363	-4,0679667821
4,6773571072	-4,8452333111
6,7876996848	5,7322587138
1,9903866682	0,6182625028
5,5017829382	5,6076991398
5,1476197620	-5,3384053487
5,3591316042	-4,3841121216
2,3385811570	0,9729011081
6,4575601358	5,4228141545
3,7022316022	-4,3151794953
5,4176410881	5,0673197379
5,3196434224	-3,3995753397
5,7160162397	-4,4907971475
4,7772014822	-4,5031302240
6,4447137805	5,8110934786
4,4264477304	-4,5377993158
5,5657155065	-5,0099682331
4,6118836725	-4,3109889632
7,9363045685	5,1901315718
1,5741841306	0,9497631364
4,6773947450	-4,3079239186
2,5008212889	0,0763390328
4,2185103436	-4,4007935198
4,5176900723	-4,9160450655
1,4083213348	0,7989150344
5,7337319085	5,0419677826
3,0006309073	-0,1336584825
0,5836128166	0,8083937803
5,8751628835	5,7785255400
5,7171371881	5,5794157818
5,1893577161	5,7502700686
4,1167446251	-3,9470048117
1,4950890762	0,4978242335
5,5484195769	4,5364782247
5,6665397532	-5,7568939834
3,8882853541	0,7452708221
5,7444428268	5,7545335132
5,5757662821	5,4578816405
5,4041633115	-4,2678053101
6,4615169157	6,2515703181
7,2671655140	6,1252554319
2,4929099209	0,9570856155
2,1729787662	1,1284630214
3,1728632867	-0,1838300205
4,7320552246	-5,3738581219
5,4578238480	5,9494075492
5,2367964574	-4,0590733237
5,5899388732	-5,0213481457
0,8070438678	0,5548191564
5,4344606725	4,9583328958
4,9984150341	5,4413036790
3,2323417826	0,4202045346
6,2800749875	-3,9619839879
2,0705719265	0,2228508471
2,3207748690	1,0668530599
4,4766806634	-4,3214630834
4,7737300015	-4,9953308245
6,7054891039	5,2713438854
1,3260793627	0,9554746576
4,9978077750	6,0524928845
7,1279221410	5,1069543013
1,6366100815	0,4182464955
3,7501618168	-3,4588740928
6,8047002654	6,0910642864
1,6965273154	0,9718837977
5,6311729242	5,3133212053
1,5121764461	0,6547634005
6,2174423741	5,5292443236
5,2706767432	-4,0439701307
5,4136433871	-4,3602266333
4,2908493693	5,9351250571
1,8486484938	0,9580364022
3,2813976133	0,8106111419
5,8323237722	-4,4368598485
5,6981242301	-4,1083248414
4,8881915975	-4,2842711682
5,6395104440	5,9232650205
1,5600356125	0,5680306039
5,8472660987	5,4242929043
4,1535309847	6,0773242534
4,9178794620	-3,8941545444
2,3064589086	1,3756938925
1,8130115303	0,6030128837
1,3860315652	0,1844230269
7,4401948629	6,6512779910
7,3049847735	6,6077614516
6,2160241627	5,8225776648
2,5389555703	0,3463689556
5,6863587115	5,8108841140
5,6847334307	5,9120231992
5,6899557291	6,1691497604
1,3518372767	0,4990953827
6,7044110645	4,5905503372
5,7413342636	4,8657396050
4,5554252606	-4,0281872344
6,0249248508	4,8736356653
6,0856990512	5,6871274849
5,3498956759	-4,7109368890
1,3794117760	-0,2962005834
1,9573459152	-0,1755495628
5,9096285315	5,3674412089
2,4149224205	0,4171239135
6,2858869902	5,6378449406
1,8251274795	0,6563148977
1,2430006584	0,5533640241
2,4987431482	0,2606267436
7,1116498083	5,9467119421
5,0501298511	-4,7795340081
4,6993006809	5,5941090137
3,2043378884	0,3028751112
1,6515382982	1,1950981570
2,3146834542	0,9611507173
5,5738751920	-4,7588582195
7,2103489788	5,6754618908
5,5397028268	6,0701117797
4,5890860767	-5,7522101901
1,8671494706	0,7572977582
7,2357709642	5,4677273640
4,9963706571	-4,3957069933
3,4854829189	-4,4706868104
5,9461176031	5,0877788004
1,7266129533	0,0273460008
4,8571905698	-4,5593099059
5,1777468474	-4,5717723599
5,9440079498	5,5121282575
5,9800298200	-4,5190225729
6,9403490800	5,6815290588
0,7823507255	0,2572970142
4,4002524286	-3,8029720470
0,5994937693	-0,4577387871
2,2977245375	-0,4799831668
5,4367625567	-3,6969170432
5,1122030990	5,4844445701
6,2568169879	5,5549932370
6,6314679350	-4,1995524108
4,6489665728	-4,9146514179
4,8721891040	-5,2109758760
2,6192863939	0,6712767212
5,9534999359	4,7552133073
2,1017398089	0,0566315169
5,9350798961	5,5339146310
1,3468521133	0,3362816870
4,4270245202	-4,3753650250
1,3598813971	0,4469480182
0,5979889028	-0,2927084916
5,0530514134	-4,2539585132
7,2121660914	5,2392056375
4,4918413984	-4,1666270908
5,6411462575	-3,8604424548
6,3705491140	5,8348537293
6,0331217955	5,1763513381
2,5727184119	1,0558588445
1,9185258749	0,3723961704
5,9603114326	5,3202050622
5,4820632166	-3,9075107045
5,2702351963	-4,3093849931
2,7766446157	0,4245254562
5,6467621804	4,8707595670
5,0644404042	-4,6951046316
5,5540514984	4,8382845887
0,8068516868	0,1847570376
5,2521885818	-4,1855988526
4,7599812347	-4,5796007764
6,7828112934	5,6402368300
4,7144929572	-5,0566287728
1,8297298016	0,2642475192
6,0584080143	5,3309678152
5,2198731386	5,9371902589
1,4471813592	0,3984565302
1,9968609962	0,5049176505
6,3062597331	5,5088756232
2,5763552655	0,2350802299
6,9358671406	5,5701412084
4,1568836224	-4,4236961390
4,0561762838	-4,1140656294
6,5236740137	-4,7705332706
5,4986759682	-4,2694071748
3,3423647361	0,0236180254
2,8469606069	-0,1319243290
4,9017005517	-3,8194186779
5,8118929304	5,9865208110
2,6006546898	0,4068106105
4,9778623118	5,6544379710
5,3350630115	-4,6669734728
6,5731059648	5,6845757856
2,4810651814	0,4773901773
6,1138897991	-4,0457583337
2,9655646078	0,4806105123
6,4014306617	-5,3785947011
3,2810919564	0,6555054694
5,6907645711	-4,3142727486
2,1989984131	1,0298544063
1,6770579048	-0,0606448662
2,1580052749	0,8753747336
4,3414099467	-4,6772344050
5,6265376040	5,1821481838
5,0754243144	5,5550613033
5,1394254057	-4,3378054728
6,4538010736	4,9927649892
6,6119444365	6,6542433542
5,7901945509	4,3479449869
2,7361078975	0,5095637822
6,5661739129	5,0183563261
7,5050385920	4,9760203660
1,9464180787	0,7032084725
0,1363235157	0,9729509914
2,5088559586	1,1136899664
6,2259772359	5,9190729114
2,1959433688	0,2591425670
5,4677252857	5,9161972127
2,2238811296	-0,1055746272
5,0395567099	-5,2398704906
2,2670906459	1,0019182782
5,0414092556	-3,7316896036
4,7575982182	-4,5545735304
1,3801252722	0,0218948115
7,2101873421	5,6421213669
6,9261207857	5,1789895627
4,5383221624	-3,8345661595
3,9928772614	-4,2279208008
6,2598779601	5,2034045750
2,3300338739	0,4540951807
4,5798061290	-4,6903163303
2,6957366741	0,9830863134
2,4472697338	0,7495038675
6,0463638008	-4,8454735194
6,5560415353	5,6429814205
1,6461001376	0,6722107839
2,3144078773	0,7150435126
6,2582454801	-4,8523732611
3,0254378973	0,0582868694
5,5374582113	5,5076524868
1,7307821086	0,0879160290
2,0810149026	-0,1885569141
5,8239198326	5,2044343277
1,4658405444	0,0343580133
4,5465805317	-4,0349396230
6,1428661161	-5,0803624625
2,1331509770	0,3981039066
6,1127140675	-3,7429432551
4,0881350074	-4,5225255954
1,4374250166	0,2670118313
6,5520195261	5,4652371305
4,6454030577	-4,1670637288
5,4269854996	4,6678800064
2,5814302470	0,5642091074
2,9088501852	0,6632660435
0,5479881042	1,3060357272
5,3455888094	-4,6868849164
2,1218679934	-0,0027491700
1,0720306546	0,2407272692
5,6510496119	-4,5631243318
6,1052663523	5,2492651596
5,7146868854	-3,9296685723
2,4431858244	0,7181097810
4,5810632041	-3,8798180641
5,2456982814	-4,1595381055
3,1110801324	-0,0140856947
6,3132265270	5,7219483801
1,3096518091	0,0130037827
5,2592069164	-4,7470605671
5,2983589490	-5,1186269470
3,6533949120	-4,7027700337
4,8983655248	6,0161454853
2,1525901974	0,1983235167
4,7420834096	-5,4330535521
5,6085951988	-5,1703437882
7,6561537929	5,3487665094
6,1442855767	6,2138389365
5,3467086717	6,3631238245
3,6994798356	-4,5276617128
5,6281025302	-4,1493249999
3,7915805846	-4,6692444122
0,9701367107	0,5998157294
1,2518964468	0,6148129447
4,6893481952	-5,5447873077
5,5701133804	5,4133589801
6,3853497096	5,3823886232
1,7932552467	0,4295644461
6,9780231453	5,8928414339
6,1577367009	-3,2694393074
4,5793508037	-5,5806097569
5,8567260680	5,5951370844
5,5157764139	-3,6077448475
3,1647389260	-3,8254367723
3,2335791308	-4,0793407869
4,9104222468	-4,1620462469
4,6188928215	5,4467077975
6,7479030025	5,2608152838
0,7758319191	0,1131250510
4,7003344264	-4,0600774845
2,1494840258	-0,0145973511
4,7393076609	-3,7985918761
2,5912695719	0,2251463213
4,8752224220	5,2716313394
1,0260658571	0,6681647064
3,9190652217	5,5157788695
5,7357124859	5,4396956371
5,3271429804	5,1550540395
5,4037893923	5,4715115372
2,3570327063	0,0668249356
5,3687858904	-4,3272383341
5,1497330458	-4,4722483060
2,2455299576	0,5122397580
2,3484161108	0,4687594566
4,5347708402	-4,5016771403
5,1187759172	-3,9554277163
6,7842316486	5,5313223621
1,2907652148	0,2291856936
4,2440687784	-5,1806855310
2,6914083239	1,0191156393
3,7235481044	-4,9512074117
5,2296446576	5,3290522865
4,6246621652	-4,4342115074
4,9375113571	-4,5448329370
6,3261937846	5,6394293579
2,2470061348	0,8642060537
5,1215602422	-4,8189314608
7,1526691769	5,3818168881
5,4241168906	5,5550223167
2,1115471438	-0,0165451675
1,4046286250	0,8875888847
5,7066933857	-5,0643283636
2,5877301784	1,3570798072
3,4640848803	-4,3898783865
2,4562276805	0,0768300917
5,1270257801	-4,8930130070
6,1742044123	5,5406089152
6,8642916032	5,6863632834
2,3156742715	-0,1666053746
5,8664279479	5,6102166388
4,5611669405	-4,6123172431
6,6505126068	5,3089701955
1,7788513665	0,2614667272
5,2258508441	5,5769126634
6,1373678407	5,4626918662
6,8479860418	5,5547316569
6,3545803584	-4,3126382146
6,7360599984	-4,7187863520
3,8588310586	-4,6732465249
6,7170346714	5,3813147829
5,0582643647	-5,1354716035
2,7602642512	0,0912589021
0,4192812731	1,0499457730
0,7788832305	0,6034379732
5,2284336882	5,0349980928
4,7700518040	-3,9573826365
6,5386050525	5,1286824044
5,9054796356	-4,1343411876
6,4358934940	5,1833786267
4,7204104393	-5,2619558642
4,8864390122	-5,3820627813
5,0852041102	5,9419412724
5,1445057416	5,6249371052
6,5062398375	5,9141269965
5,1182642067	-4,6303770241
5,1563565718	-4,2465789523
5,3757168146	-4,6240009618
4,8756610662	5,0968415625
2,4100377204	2,6422286071
6,9176245018	4,8993868180
5,8649307904	-3,9685438455
5,5095353747	-4,5905023067
2,0122988305	0,2416040435
3,1005709369	0,4707869530
4,8745626503	-4,9408096188
6,4268517119	6,0062597907
1,4845098259	0,4884531144
5,6837182574	-4,5959500692
7,4101006575	5,8127925217
4,9051847215	-5,3557729377
4,3432532236	5,8276646745
5,6975761938	5,3405535731
2,8316877860	0,6482861777
5,7457137196	5,1717554009
1,4168192979	1,0749702514
0,5167313862	0,8506468126
4,8631338866	4,7352902689
1,9435562347	1,4631927365
3,8594292872	-4,5181702389
1,7671061862	-0,4119228405
2,1406317431	0,8420053181
6,5533102040	5,9363598116
4,6131262613	6,0734713409
5,5255404133	5,1651636236
4,6017805625	-4,7343730966
3,2385177432	0,4721386203
5,9777306111	5,8943832803
2,3773808081	0,7597727914
5,9619528425	-4,6573350827
5,6945308446	-4,9266892034
5,6435761609	5,2136855742
5,4160436008	6,0470272799
5,4261735226	-3,7060278426
6,4213653939	5,5888884663
5,1388959544	-4,3926647830
5,4105452503	-4,8082033705
2,7690071661	-0,0408825447
5,4527118576	-4,1170659950
4,5211996821	-4,6892179079
5,3488571096	-4,5767257512
6,1450456098	6,0907048250
4,2704021735	5,4277688076
5,0844171633	-4,0356092749
5,9385877732	5,5694949690
5,5632535788	-4,9348042039
5,1827451566	5,4552434012
2,7074114375	1,0784790149
1,4948357987	0,4569242437
1,7671403187	0,4377596817
4,4969101387	-4,9931868850
1,0714613721	0,1856847624
1,4181556701	1,4086483651
4,4126926479	-4,0429740223
1,4714572670	0,9780269375
5,0899552919	-3,3962359713
6,6262109787	5,2636131869
1,8786212243	0,7476705699
4,2787576193	-4,1046549870
2,9306224478	1,1373289192
7,7959175648	5,6750924173
2,9523808784	0,1450840485
5,8720923684	5,1529017998
0,5089068739	0,6684399404
2,8701168343	1,0214197126
5,7225490767	-4,4850313759
5,7020791204	6,0898494941
1,5625211514	0,8951847583
4,9928237337	4,9348628880
5,2572974521	-5,7791501415
3,7360315610	-0,0341578554
5,7786627796	5,7665503128
5,7700915683	-3,9746595971
5,1523186488	5,0037762902
1,5267545107	1,4657219992
5,2338903952	6,5027161967
5,7376115711	5,5876903621
2,0829405518	0,3901289826
5,9420061046	5,1367112056
2,1725609106	0,2896556573
5,5968333972	5,6476724780
6,2481555500	6,5252973466
5,4373772309	4,7563197624
2,3790112145	0,6256509127
5,6490306651	-4,4968580923
6,4952690452	5,3954167104
4,5468061208	-4,5927575593
1,0589165019	1,1000717096
4,7883255562	5,8770626035
5,4922696236	-4,4853740591
5,0025780502	-4,4899634588
5,1202402834	5,3525508016
4,5676367545	-4,9219237990
5,3125901396	5,8797363954
4,5452999309	-4,7241385221
4,7749995771	-5,3879516483
2,7229061910	-0,1887794691
2,2522969678	0,1660046862
6,2250346385	-4,5812011414
1,6700964015	-0,0867461462
6,3514102863	-4,6868153523
2,4184690320	1,7486557343
2,2431421582	0,8987494083
5,6795313146	5,4455574729
4,6403916004	-4,5914568366
4,3403993887	-4,5166879348
5,9058483205	4,9325860452
6,4072245812	5,4684528033
1,3264343156	-0,5943027048
1,8867043822	0,1712818741
0,9205354683	0,0612794184
5,9628392419	5,5343429981
4,8891185440	-4,8414864243
2,0266600672	-0,0571560367
1,7612784096	0,1755265114
5,6177277604	5,7324115324
1,4855982556	0,7759645635
1,0224359213	1,2472752989
3,9966469636	-3,8159430742
2,0132377414	0,0110731741
5,6361959161	5,1887064281
2,0005459582	0,6269125436
5,7427946564	-3,7670155572
4,1419447851	-4,3202460919
4,7194525703	-4,6272954435
5,2875958704	-4,9784701555
5,5900198302	5,5696848815
6,0512690213	-5,1697376649
3,1031995431	0,9271029030
4,9712517065	-4,4974572415
5,5750002073	-4,4653297187
1,6657283287	0,7995785519
5,2400560281	5,6675738025
5,0564761446	5,6614383565
6,1884314491	4,9699717923
4,9769862131	4,8447246073
2,2990092632	0,1524850910
6,0469724479	5,1698500027
2,4138652875	0,5513959337
3,2006405603	1,0312978980
6,4472955938	-5,3485811695
6,0226151531	5,8676435257
1,5634390038	0,2148294213
2,2080275698	1,3218615412
4,9705604014	-4,6041389484
1,6155682992	0,9227440835
2,2593447873	0,3709916141
5,3945376087	-4,5539377872
5,6546608960	5,4186601697
4,9930687085	-4,2849236502
7,5784710338	5,5297457343
5,3011975895	-4,0046714362
6,0430018610	5,9961910268
5,2811888040	5,5873788400
1,4003681516	0,5082411014
3,2930738291	-3,8709072581
6,8394018018	5,4312373056
7,3781471798	5,7856050940
4,4292552178	-4,0982548482
3,2796843462	0,7308313757
5,0700761023	5,2149643097
0,8821952985	0,9324288820
4,7724182681	-4,8737159943
3,6384071117	-5,0389134792
2,6486425663	0,3977711709
6,8532316913	6,5793029168
3,8003316396	-4,8310143495
6,3484401370	5,8082697990
4,6553283258	-4,3746466160
4,7074821170	-4,6679743069
4,9946838171	-4,9496612236
3,9666354212	-3,8832893644
7,4842650529	6,3231642876
6,6618534375	5,9873174609
4,8843794315	-4,5979127191
1,5846287376	0,0716764120
5,8051638335	5,6027247202
5,8590425704	-4,0786432700
5,0617824800	-3,7346327441
0,9892861584	-0,0223512705
6,8142695347	5,5913325364
4,7214416047	-3,5793500377
4,5539422096	-4,6758633282
5,9111341931	5,0871047942
1,4404923346	0,2283118016
5,9836438641	5,4150942711
5,0309705837	-4,7866731802
6,2080538335	5,9011251039
4,9716755150	-4,2343032454
6,8555055705	4,2753608723
3,1715859249	0,5112455026
1,8620352456	0,2014717161
5,8304971834	-4,3040702012
1,4522805578	0,3705585588
1,7542566249	0,1658442983
5,5912412437	5,7401761997
2,4596377545	0,4487684478
4,2983173650	-4,3638713030
1,2585286423	0,2897475247
6,7286558858	5,6757415724
3,6758751406	0,4075520335
5,8261163649	5,3985271987
5,0954431030	5,5438557092
0,9861757922	1,2021854797
6,5616493500	5,6819784896
2,0751645739	0,4322021912
4,4380144772	-5,4793854035
6,8123619737	5,2611652785
6,4334439810	5,2028446540
5,3751592041	-4,6480830055
1,4946109656	0,5612689253
1,8887237726	0,6132139030
6,2093315356	5,2516373909
6,9391580933	4,9412542699
2,0401192727	0,1971177121
4,7531669930	-4,6986990152
5,2557591848	-5,0049391852
1,9427985834	0,1673233678
1,1785107710	0,5437611794
2,2901597958	0,0673043173
4,9200566322	-4,0432624672
1,4111530385	-0,2704973520
6,2140190602	5,2705702407
5,9512493976	5,7587926427
4,2052504769	-4,4923413183
1,4286021011	0,3600215919
0,9127621111	0,4256627010
6,2556181773	5,9606627702
6,3314723055	5,8080099915
4,9567517770	-4,2751968664
5,5269444390	-4,4649500509
7,4043576670	6,1767514876
2,4551379616	0,3355287292
2,4025635526	0,6894081665
4,6779302197	6,2511348614
5,5453890813	5,4532867807
6,0748353820	6,3624964789
6,4758475321	5,5982366535
0,9261786507	0,5505839478
1,4723470465	0,1410788367
6,0697123019	5,1784290951
5,2792495844	-3,9612047013
2,1484775276	0,6647219091
5,5238723623	-4,5078013158
2,4464732117	0,2315549343
6,8707498736	5,5723902512
6,5367041471	5,4616233292
5,5113502294	5,3070764272
0,7663510248	0,8786706000
3,0770795119	0,1522985130
1,4573842373	0,0797625597
6,7116310298	5,7875100654
5,0954363071	-4,4476113168
5,9294921997	5,3115486779
6,4797685934	5,5331025715
5,2914292855	-5,3082464395
4,2242046485	-4,9295497004
6,8539374403	4,2455122417
3,1091142494	1,0019655937
4,8922768286	-4,9099199630
2,1615645767	-0,1235448713
5,1937815893	5,2214922351
5,2029043934	5,1917446868
6,1549749520	6,2309315711
2,3159278318	1,4854927576
1,6115920190	0,3606052326
4,3200932367	5,3152184107
6,7785459911	5,4452154750
4,3331083209	-5,3848317277
7,1466672932	5,1861870486
5,8630225464	5,4149318857
5,3139343789	-4,9419348708
4,8464718788	5,1327362540
5,8801306441	-4,6170593631
1,3610141189	1,3798877264
4,0919027747	-4,7001685532
3,4914879810	-4,0528196897
5,0417913053	4,4838359749
4,7878405831	-3,6847676291
5,9004392969	-4,8122757374
7,3251401302	5,0359848605
0,7823674205	1,1989677878
4,2743575106	-4,3871018840
4,3439097949	-5,3514732223
6,0061874432	5,7299320123
0,2193266714	0,9435227529
2,6322194364	0,4459965848
5,7823990786	-4,4135792028
5,5489907548	4,9072691594
2,1735817689	-0,1470856968
7,3123323547	5,1053246168
5,6783254915	6,3020256245
4,8005307270	-4,8677563058
1,7958400517	0,2112932562
5,3042987263	-5,0491152131
1,7566226026	1,0039522140
4,4569183940	5,3534164638
4,5064004847	-4,3660254965
6,0530455068	5,3835529662
5,6824133950	-5,1031808484
2,9373903652	0,8280921889
1,9305015385	0,8474299034
6,5772916948	5,2069212653
1,5401370158	0,4118420115
2,0722355267	0,3364219181
5,5988033310	5,3728693900
3,4989188350	-4,1796356458
1,0623017345	0,4253678305
6,6256692801	5,6990999632
1,3392182408	0,7163174422
4,3818773946	-4,7766904250
1,7993622125	0,5565237415
6,0932918775	5,2642346513
0,9138914418	0,4851226332
1,0936731414	-0,1730864670
4,0042853730	-4,0446506874
4,8906655975	-4,3734155905
6,9112619394	-4,4164648302
2,2107290411	0,4069255034
0,2170431877	0,2737809453
4,2432103464	5,4479689498
1,3069010286	0,2469840833
4,4063310118	-3,3882061711
0,8466740139	0,6996569731
6,3629335161	5,1249518078
7,5915890350	5,7468799345
4,5128624125	-3,9326976595
5,8303919814	5,7634393143
1,3704676981	0,2615954381
5,1496027209	-4,0831153126
5,9364419655	6,2493593230
3,0984541367	1,0580736841
1,9438328299	0,6487808207
0,6450597443	0,7435255902
5,4988593917	-5,3176403175
6,3703759968	5,6716311293
4,3359421654	-4,7512508325
4,0681619662	-3,8586519704
1,4879924913	0,5125713747
6,7072812395	5,0735847263
2,0776030253	0,1385207168
4,8438801041	5,4605715384
6,2594618272	-3,9426340384
5,2764667978	-3,7405893668
1,9481963762	0,6936639026
5,5891894867	5,0997290048
1,4436132136	0,9350499763
2,9758614208	0,3933326948
6,4730001827	5,0628194184
2,2120401554	0,0744546491
6,0633270235	5,6677156575
0,7272798105	1,1511011117
6,7656243225	5,6294803151
6,1708270790	5,5202638478
2,4261663798	-0,2739052854
5,8579067500	-4,4754058382
2,6635197559	1,0599332593
5,2797440691	-4,3048334610
3,8737869214	-4,6232247987
4,5561424905	-4,3052051295
5,0423530872	5,6299334333
3,9042706316	-4,0638143577
2,2641966308	1,1048602916
1,1367572932	0,7680766826
3,1913510969	0,5414475481
1,8543442464	0,8584599783
2,3244515708	1,2225146277
3,7168389426	-4,7666072081
5,0159522799	-4,5673993483
6,4207147890	4,6740268911
4,0055050029	-5,0123914499
5,1833261347	-5,0476137136
5,6417891527	-4,3204097099
5,1122414481	-4,4552181598
5,3645687238	-5,1277490975
5,2728078483	-4,7571802435
2,9456791360	1,3801650764
6,1177980447	6,0326412194
5,8011612389	5,2313975207
5,5761750584	5,1317453863
4,2257207931	-3,8197923214
1,1965289477	0,8620173499
1,5267104311	0,1031477234
1,6944587519	0,6441397951
4,5457897786	-4,8520325828
2,1410222434	0,0693869632
1,9758274258	0,1641431957
3,1650871520	0,2900518733
6,7885644091	4,9103062717
1,7608912635	0,5282017304
2,4435460252	0,0228570924
7,5051517953	4,9766243154
3,2723242261	0,6921688090
6,9661545215	-4,2486376115
5,0060985901	5,4875211115
4,8014123843	-3,5424347805
5,5679989376	-3,9206859688
4,6725583693	-3,6630015345
4,9863407977	6,2870681415
0,8722170060	1,0071544346
4,6040014282	5,2353689097
4,0359068588	-4,4109801677
5,0278357277	-4,5991617125
2,5270015409	0,5885691269
1,5376362372	-0,0049784257
6,2267226854	5,7782934552
4,2248641590	-4,6871304264
5,3111261302	-4,3832639604
3,0436952212	-0,1294414486
5,6462303645	4,9551994906
5,6995301701	5,9522950669
5,8506436967	4,3379069369
4,7637360395	-4,4631723626
2,4737783061	0,9124445305
2,3583126464	0,9391038831
5,0388198535	-5,0112182902
5,6356562375	-4,8054852766
2,0394115523	0,7229699067
6,7472803875	-4,1865895645
1,0894643898	0,8304739992
5,1488596309	5,0440796786
5,4840117574	6,2628004052
1,3645078228	0,6523293598
1,3060955134	0,6196490700
2,4907047788	0,7669211703
2,7830069745	0,3839617544
2,2635825826	-0,0992937034
6,7744876057	5,8883237308
4,5792924789	-4,4409300322
5,3900646338	5,9982191035
4,1917518050	-5,1054388955
4,9803126739	-4,2672833168
5,7963911274	5,8800282570
4,5686486800	-3,6339852124
3,3873708508	1,5054538802
5,5258870657	-4,6450836794
7,7012660611	5,3896429883
5,6153592640	5,4340732493
1,6766951374	0,3981619135
7,1162693090	5,6401041050
2,8006830463	0,5753787550
5,8736478816	5,5695223420
3,8936381296	-4,4460279683
4,4195531494	-4,2464104725
4,7215521771	-5,1549842290
1,9700225124	-0,2244943771
7,0122191082	5,4474065660
1,0696088018	-1,0498217647
4,9130215012	-3,8955366630
6,0931099352	5,0182520415
1,6844165792	1,0666248554
4,2310244399	-5,1794038806
5,2361554794	-3,6084612276
4,7941528277	6,0619701225
2,0278451656	0,6939838999
2,3893641435	0,6462219130
5,9284992813	5,7663891895
3,6838869804	0,2851855677
4,5913717267	-4,8233083151
5,8370741329	5,7788422447
4,4958336798	-4,2622106838
1,5562387666	0,8862496141
5,7501306921	5,5498341732
2,5594898250	0,8739551466
2,0154275990	-0,2235729056
0,2896639872	0,3978922452
4,5596589132	-4,5386491375
4,4233517704	-4,2230379332
2,5456233906	0,4793643331
2,0398693123	0,8784065942
1,6684944691	0,9138492889
5,6476995684	5,2077574471
4,3045073119	-5,1857087969
1,4582137037	0,4056366257
1,7740873627	1,0890383418
1,6899464525	0,9065937884
1,2645273102	0,2578106731
5,4788118442	5,8269313031
2,9828203369	1,1218170551
0,7842527958	0,3308587547
2,4654345310	0,0692587767
6,4995281276	5,8998200878
4,9983729164	5,2202400846
4,4143922842	-3,6348688691
6,0486405794	5,1239602524
5,6116326344	5,2196729341
5,6312298854	5,1908270546
6,2623076428	5,5272822800
2,7037742069	0,5116790022
6,4614010290	-5,4379611711
6,0570250921	-3,9854490263
5,0726454237	-3,9219932733
6,0503816619	5,3391219745
5,1908785969	5,2825792458
6,2373356649	5,0199342475
4,2850607429	-5,6629563041
4,9102347378	-4,0921380044
4,1008381954	0,7981282806
1,2309834999	0,0461944695
2,9336562295	-0,2390519103
5,2347716802	-4,8641846065
4,3342019334	-4,4583445538
1,6519804575	0,7533211230
1,8889617788	0,7606448640
5,7512459417	6,0391399660
2,3908050352	0,7969160040
2,1665788284	0,8274520281
5,4720657637	5,1000407426
5,2480111487	5,4688053453
4,1799977303	-4,7797327575
1,7285457853	0,9531424902
2,8367701303	0,8003541870
5,7222351782	5,4165094026
2,7052428133	-0,0625100201
5,3030108180	4,4442546228
6,7197281346	5,2233722326
5,9462170463	4,8553890062
5,9114585839	5,7115003611
5,3110481478	-4,5662907051
6,9456560788	5,7861507484
5,9082238492	5,4930352945
4,1468713434	-4,4591001837
6,6081280514	5,3773533325
6,7023211392	5,0969787444
2,4247093283	0,0562310296
5,0496543671	-4,1779366216
6,4011610243	5,3239517045
3,0530457617	-0,3350840014
2,4974854970	0,5407683123
5,8131222343	5,6164904272
2,9182910022	0,9795596999
0,8754618560	1,2115966002
2,4533858417	0,6123000316
4,3089940545	-3,7031902757
4,7540771022	-4,4526980127
5,7329203933	5,0348615247
4,8869520612	-3,9563934983
4,3382542783	-4,4477260914
1,7164980543	0,6488494586
5,2826952642	5,1578462397
4,8779784632	-4,7636278942
1,7885415923	0,1523894805
5,6696817331	-4,1984214523
5,2870810341	5,8953321103
2,2701013786	1,0501443160
1,6177136788	0,7225944621
3,2136475023	0,4743568240
6,1521615121	6,1400789093
2,4731317491	1,6222289626
7,0781299500	6,0125862379
5,3310620419	5,6199340463
6,0284091352	5,4892130407
5,7901637201	5,8627660699
5,1817744375	5,8199186636
5,0496190414	5,3587618730
1,5135260506	0,2073714175
4,1359144932	-4,3914522637
2,3544251270	0,7655046078
1,5173790030	0,6213511465
5,0966928961	4,7992270508
0,7673326168	1,1411439293
1,8653383150	-0,5528455247
7,0421733531	-4,8529919479
0,6738588279	0,4708667074
5,5482491394	4,6637158388
5,6891207549	5,1792070167
5,4583510637	-4,2501332177
4,9355179688	-4,1521768433
4,8942537067	5,6044962055
6,2057933932	5,7357099287
6,0518551094	5,5426414682
4,9320638072	-4,2856331633
4,9581912487	5,8842012538
4,5416228935	-4,6122836179
5,1808051906	-4,0722986825
5,7693950945	-4,0318577490
1,7911483472	0,8055842866
5,6376282742	-3,9815821284
4,1451605804	-5,0029948378
4,7113793742	5,5122750437
4,3816357418	-4,3370503499
2,0854590161	0,5694713759
6,0027375747	4,4768738571
3,2240674580	0,8345333458
1,9409694551	-0,3105285849
5,5743659786	5,6849158993
1,3565486013	0,8595155504
4,1348263570	-4,3919193977
4,4046762800	-5,3406015449
5,0096618594	-4,2869424993
1,7094653268	1,1741809493
2,0434175433	0,7430892441
3,5497910698	-4,7226404916
5,1689104782	-3,6407202914
6,5489448107	5,0667559636
6,1598869119	4,8955773917
5,9859805751	5,9433060882
4,4327592912	4,5767738771
6,5371147141	5,9639920753
2,3842902847	0,1559174951
5,3035607091	4,9747172038
1,8610253041	0,3717850552
5,4247605529	5,6211086018
7,3971266163	5,8214174845
2,2895641848	0,2748344144
6,2841354754	-5,0471659058
4,2540298717	-4,5556607592
5,9967387671	5,2634292168
2,6528028668	0,8480303107
4,0809960457	-4,6245147412
2,1455781287	-0,0177179998
0,4248141955	0,4198276581
2,0971093221	0,6806375639
5,5147955841	5,2093695034
5,5293104442	6,1919497202
6,7997257460	-4,1087515405
4,3379580239	-4,5112384209
1,3498477028	0,9787386785
3,0408576706	-0,4023672115
6,3368114743	-5,0526391235
4,2379612094	-4,5119179447
4,6972316537	-4,7667295873
2,2648752165	0,1352351439
1,7005291038	1,1266117799
6,0160286450	6,0091010663
2,5119734344	0,3142288537
5,4246681245	-4,9954991741
6,1492994231	5,1891048322
5,2977550347	5,6498036574
5,2862846376	-4,5133134145
6,2970490831	5,1704351289
5,6285052859	5,5683852704
6,5412870981	4,9833121441
1,9526880602	0,3244704001
6,1563042043	-4,5163429487
5,0034708577	-4,1426908021
1,7220974866	0,8684171704
2,4233393897	0,8653600690
1,0118028514	0,7154085976
7,1156935956	5,7835300910
6,1062312461	-5,1763721315
4,3302078239	-4,9307414176
6,7476171390	5,6304432611
2,8649760847	-0,5028038998
5,5820659458	-5,2670505107
4,8398889192	-4,9313321409
5,5320623045	-4,6534036421
6,0762799895	5,8536260039
5,1589015494	-4,4393929211
2,6964234717	0,6123127165
5,9111256647	5,2842418557
4,4628019310	-4,0718058372
1,4405944443	-0,1076740257
5,3669978983	5,0442737206
5,5568333872	5,2374177493
1,2930171529	0,0681873451
4,7523143325	5,8369809578
5,5157050980	5,7930793762
6,0141536136	6,4595424116
1,6316785039	0,6128736933
6,7352804136	6,2645548282
6,3315863137	5,1334690348
5,0245510585	-4,2880794827
0,6927556988	0,5262827276
6,2626331143	5,0445050514
5,9113027249	5,1035750822
3,9653099344	-3,9478415581
6,4840442869	6,2651765215
5,3974554090	-4,5854672834
6,1890050897	5,2773532632
6,1868127906	5,4502128143
4,5965392162	-4,3847728503
0,6618078300	-0,4350142080
4,8465594482	-4,7924872973
2,0217091345	0,3498986425
5,7440456653	5,3843649374
2,3346526634	-0,7175209295
5,3035778258	-4,2670912613
2,6135544882	0,4712150646
5,4567415304	-4,0122068081
2,3749782541	1,0550587861
4,4052416714	-3,7347674173
5,3465216853	-4,4424876772
5,3598558421	5,8734226557
4,8652340069	-4,4827208187
3,3944554949	-4,9315477556
5,6783397239	-5,1941799910
1,3042988083	0,4603335835
4,6683939964	4,8704051307
6,7278468138	4,6014703189
5,6472460764	6,2861575522
1,8553453674	0,5719391156
6,0418855851	-3,8981148154
5,0604605308	5,1897982019
5,6562204871	5,7657120831
5,7191908585	-4,1957356071
7,0270313087	5,6464117958
5,4975887345	-4,8444934056
3,5483609458	-3,9500992501
1,9167886172	0,4292610338
5,4514173824	-4,5633895521
2,6263522775	0,7953393705
1,1097546659	0,3090981603
1,6825866081	0,2905238926
6,9104719546	6,0641167680
3,9650375901	-4,9191038653
2,7144891779	0,4245759074
4,8004589994	-4,5170532396
0,9896223453	0,8685148965
5,8850052652	5,4231463337
5,9950775416	6,1329001671
5,3364118700	-4,7929525289
1,4318914145	0,3335314798
3,9875899979	-3,7526231498
4,5834023202	-5,2154442547
3,8279144627	-5,6983743304
4,0918291053	-4,6618413942
5,3214259094	5,0973783394
4,7185256819	-5,1292987178
2,4823046744	0,1898391756
0,3274039580	0,5397092798
5,8530168968	5,2882050139
4,0695198224	-4,2698333433
2,7237546731	0,6019591618
5,3857904016	-4,4173894674
5,0068821116	-4,2248368774
1,3880156113	0,9389600636
4,4974805779	-4,6379386726
4,6793737425	-4,0218548822
4,8487475641	-4,8972612656
2,5095802516	0,5120036852
6,5515647293	6,0318496932
5,3558343575	-4,6744683778
3,0210853357	-0,0063470989
5,1183699174	5,0540305347
5,2917388578	5,4759221042
5,0411905818	-4,6391609389
5,0829404729	-3,9822687859
4,2424952447	-4,3908569967
6,2640593419	5,2095385454
6,4224540041	4,9284175682
5,7058637658	4,7745254308
5,0750736591	-4,1247958474
6,0252809280	5,5623574018
5,0730573101	-4,9433117090
2,0589854961	0,6651523092
4,7457572867	-4,1983724880
5,4528852538	5,3070065508
2,3714496973	0,3146782383
1,3702426856	0,4497023413
6,1730039778	5,2476945046
5,2165029214	-3,9812029529
6,3983351449	5,3181613869
5,5265319501	5,1801736592
5,0578532330	-4,1947546238
6,3003249108	5,8041378013
1,4342460765	-0,3427785651
2,3588267325	0,7735209278
5,6340965873	5,4909239239
6,6872802461	5,4153335481
6,6443893582	5,2378585426
5,5340082126	-4,7996284034
5,3121394326	-5,0630705413
6,1599526424	6,0853503016
5,2889600272	-4,3683824288
5,6179414491	-3,8515087089
5,4159317249	5,3266105686
2,0910217555	-0,1772739479
5,8001527458	5,5396277976
6,1089819958	5,2208118357
4,5846061530	-4,3804619462
3,3005813818	-4,4651228576
5,7943455749	5,4974934372
4,3864365122	-3,8283084696
2,4285093624	0,9631401983
2,9063260293	0,7023335485
1,9129544218	0,5716716069
5,9555454172	5,8590825510
5,6472555362	-4,4513616661
4,7651111366	5,0193419569
6,8856927118	5,3258428489
5,0779054008	-4,3666265112
4,0712052307	-4,4137267407
2,0739434188	0,0185616096
2,7723118409	0,5625101732
2,0187446728	0,6050445300
5,1896774296	4,4773223333
4,5130243456	-5,2223292945
1,1757811101	0,8576056798
4,0830880666	-4,9015123737
6,1184678564	5,9010895261
3,7138329461	-4,1637019195
4,4166722744	-5,1915268766
4,2948565747	-4,0245760268
5,5610580457	-4,8970044383
1,9474089248	0,8569182215
4,1594477333	-4,2975554848
2,5137239209	0,8205525377
2,2774427051	0,3705524244
5,7896993915	4,8291112189
6,8471260014	5,5562086720
1,0155931100	0,4201488174
4,3502335637	-3,4481375754
4,5001316919	4,8895852090
1,6643371607	-0,2758654356
4,8713035003	5,8334616809
3,7617927281	-4,5305140757
5,0972642569	-4,1747996088
3,9979124356	-3,6044907087
7,1338828636	5,8246194213
5,8035648720	5,4006400105
6,3662036986	4,6728515333
5,0806102678	6,6451821032
0,7141082002	0,6051664775
7,5985474056	4,9205772913
0,5578056789	0,2555969384
4,6852351810	-4,2965590587
7,1717822947	-3,9251611445
5,7587385934	-4,7805143952
4,3871430370	-4,1200919551
4,7036330569	-4,5021077876
5,5804033009	5,5287287618
5,9931535387	5,2015679767
1,1243210793	0,2826159951
7,6625583929	5,6112488162
6,8204722943	5,8411705896
1,5850252818	0,7012324673
5,4168361887	-4,7286319374
4,5006194195	-4,0571831186
3,2666606930	1,0462685047
7,4987315361	5,9530404820
4,8985548450	5,7880908188
3,6782070488	0,8029900865
5,5158760087	5,7604141786
5,9644626754	5,2653219549
4,6079937267	5,9837418026
6,2417686806	5,3010629585
2,3635556350	-0,1201258110
5,0266352370	-4,3503833319
1,6853320734	0,8601359771
3,0008380384	0,4836160209
1,7351166801	0,3204661938
1,8217257921	0,1420584053
3,9073557106	0,6480849352
1,2800286531	0,4822339214
1,6675035516	0,8413934278
6,5278594466	-4,4629043435
5,8830087332	-5,3722073337
4,9083223976	-4,8732585834
1,3308262344	0,5404266586
5,3547113682	5,0682052279
2,0819563206	0,7858015237
4,1125180511	-4,1841544619
6,2245819542	4,8761296769
1,9810809056	0,7304711096
8,1027389089	5,7359880173
5,2134783489	5,6510368103
2,2077392048	0,5473750368
4,7557904984	-4,8451279804
6,3114220349	5,0084249497
5,7509903571	5,3850159579
4,9180922592	-4,3120381752
6,6960248300	5,5229881922
6,1117466057	6,0229888734
1,1888175678	0,4979242552
6,3854320737	-4,6853649047
4,6099569631	-4,2030180280
6,0802442339	5,5294504351
6,6956225081	5,5633379592
6,3636867692	5,1481716332
6,7670827078	5,8163655537
0,8670162919	1,3011169133
1,7571359975	0,9394373550
5,2841815043	6,3505385611
5,5453073606	6,2897153647
2,3067775173	0,3612683067
4,6689110696	-4,0894853486
2,2922611616	0,3002128708
6,3482203368	5,6047869027
6,7656854787	-4,3975201958
2,2789520213	0,3916000333
5,2526611751	-3,9312379413
4,7342205071	-4,7784858294
6,5404936084	5,5742278078
1,8486384314	0,6562763673
3,6245864590	-5,0720895568
6,1839121846	4,9670925969
1,6163288666	1,0297791709
6,3112432122	-5,2556806007
1,8876973982	0,8817773211
3,8119914922	-4,3109435231
5,4655960407	-3,7345671926
4,5831737371	-4,6904992551
2,3481232531	0,1798312223
5,7298897932	-4,5287537431
2,2214589555	-0,4005910803
6,0858451512	5,6530049040
1,2693584501	1,0057801157
1,5278507149	-0,2229027993
1,9016168373	0,0909839333
5,8656647251	5,1051976544
5,6500056412	5,4848069862
6,1243658788	5,0857974338
7,5045044765	5,1877337499
2,4968408737	0,4164663465
2,1521516100	0,5580790823
1,5902843487	0,6255877580
5,2842194125	-4,6732240486
1,8096788436	0,1668023301
1,4586139857	1,3029661709
7,0587042961	6,6840677813
5,5012491135	-4,5398658439
6,0168067127	-3,9931213049
6,2962807881	5,7520193223
4,8840894623	-4,0225308896
5,0105987813	-4,5100650906
6,3491968700	5,0274839080
2,0139570042	0,8188387500
6,0736283414	5,3929464367
3,3906895092	-4,5919524979
4,8300701197	-4,1138203602
1,3700529161	0,4160535566
5,1106381992	5,0572320120
5,7124720030	5,2209056174
7,0113081028	4,1264391016
8,0435897868	5,5687627206
2,4430702336	0,9121243002
2,2296498568	0,7479959855
2,5489891270	1,0188375217
5,7464060796	-4,4654597800
2,7971331473	0,4124009928
5,9861477176	5,4509818555
0,8314308890	0,2302585601
5,9036984518	5,6381416003
5,1797175366	-3,1209108825
6,7363544090	5,2189372119
5,6994419489	-3,9672547201
4,6064665349	-4,4763700289
2,0063040635	0,7053165957
5,8007158028	-3,7171548385
5,4854239638	-4,4929875149
5,9154915026	4,8302024506
4,9770645813	-5,2357015571
1,6395745388	0,9947310451
5,1941661313	-4,5928727802
1,1454600366	-0,2669658484
5,7290018481	-4,3483344781
4,6260736348	-4,5263779493
7,0127735160	5,6187542792
6,1964116555	5,9862944851
4,3919772562	-4,5062273897
4,6643006628	-4,8921099000
5,9568710121	5,5053182474
5,5920882873	5,7346931760
1,5326636641	0,8085655436
2,9576853969	0,4421519672
1,5535002192	0,0505637011
2,6375118632	-0,1577381833
5,5102681154	5,9271960782
6,0355942885	-4,4272757209
3,6799019107	-4,0768317392
4,7125322241	-5,0800096886
2,3012488395	1,3456137297
6,1235730285	5,5079066695
4,9774286500	-3,7797681264
1,6750044343	0,8785935509
1,3481419284	0,3722899438
6,5760640554	5,2376194176
6,2825679302	6,0752764757
7,4325139126	5,6660597116
4,2228465583	-4,3365213075
5,7662192003	-4,2248977111
6,5642393475	4,9420914024
1,1893100914	0,7128308589
6,5440839858	5,7357282235
2,0024151915	-0,1898146567
5,6832558130	-4,6432892198
1,2761354954	0,9293225217
2,0067168205	0,6582739562
4,1979113211	4,6500790469
6,1017038235	5,2571076511
3,1744177651	-4,6892296482
4,7177599032	-5,1842552562
4,6575081984	-4,7078068528
3,4421528296	-0,1143815851
5,8532799647	-3,8112303985
6,2353252729	5,4686783831
6,0075315317	-4,7257607885
2,0876208000	0,4935561232
5,5189237322	5,1769881194
6,4553004666	-4,0895459603
4,8548350164	5,2837716337
5,0119769208	-4,1505178612
5,1994506454	5,9055310482
5,2966730663	5,9221528674
4,4420541085	-4,4080394086
6,5911731945	5,0130923483
5,4692890677	-3,9943513971
5,7123069468	5,6333113702
4,4430513191	5,6985247298
2,1842213369	0,4175597757
5,4312499659	-4,6978069230
5,3569678357	5,4389243800
2,0702036707	-0,2739143399
2,8535419528	-0,0190099799
1,0102455592	0,4682533457
6,2131547529	5,5931019520
1,4721844018	0,2687150613
0,7907424747	-0,0083517254
5,8091102324	5,4350340793
2,5129891934	0,1847621761
5,0926226668	-4,0332552576
6,3795003185	6,2976723183
3,0420696365	0,8274308654
6,6127120456	4,8225574248
2,5403122357	0,2423611061
5,4849774686	5,9506841566
4,9894625015	-5,6034923340
6,4148276929	6,0476817789
7,1264071640	5,2379691981
1,0924433835	0,2740129872
6,2431367409	5,2887485229
6,5676229520	5,6324066035
6,2694721908	5,9989088751
5,1683339395	-5,1620396065
2,2187503112	-0,2766001345
4,3133704206	-4,6058405851
4,3387199506	-4,8768705622
4,9615046596	-4,6040351859
2,7951515946	0,3119152489
5,0829046360	-4,5879229710
5,0484922825	-4,3881074655
2,0922921289	0,4854471421
1,1378247782	0,8830598969
4,9462897432	-4,6640022784
4,5111281978	-4,3363799020
1,4662206993	0,2259501544
4,7287617728	-3,7734177682
2,2413046773	0,6743228217
2,2083252788	0,7833681976
1,4050176533	0,7396439442
1,8788834878	-0,1064257042
5,0899536627	-4,6091691855
5,2000197973	-4,3291119419
3,5180635119	0,0566470725
4,0972041646	-4,9358033365
5,0738389245	-3,8259802393
7,0836572272	5,2878442607
1,5829648641	0,9975306903
2,3469194007	0,5489484788
3,0939795233	0,2909486150
4,1925652167	-5,1831531304
6,0827621713	5,6460433274
4,7754308129	-4,4622461830
5,6961346987	-4,5619089038
2,2777965077	0,5460647049
2,8053657681	0,7170498380
4,1599160544	-4,3365644728
5,7987219998	-4,2922148851
4,2499959295	-4,1314195095
2,0675137498	1,4189845204
6,7840095206	5,8217967329
5,8239553071	5,8915464080
5,2440014921	5,6659529954
2,6119758205	0,4909975272
2,1715301354	0,2732419235
4,7898479759	-4,2444301223
1,5710321442	0,8879373397
4,6015054963	5,0888806846
6,3383975059	6,1724861627
4,9639512022	-4,7910933787
5,9533834121	5,6223289177
4,9110314703	-4,2817790450
2,3819653525	-0,1959971315
5,7715620966	5,1773425005
5,8865187488	-4,6571980898
0,7272954208	0,0311838825
4,7434620360	6,4864857813
5,9096636819	-4,4563968983
3,9411957208	-4,1962040160
5,2053066219	5,3556488576
2,6034215781	1,1220414160
2,0148138034	0,3912067868
6,6750864561	5,2542488563
6,4252799708	5,5344437042
6,0106302677	5,4569275625
6,3871282685	5,4229562133
4,7699704572	-4,5137450743
4,5277910994	-5,0935120488
4,7996891714	-3,8016717904
6,2315322084	5,6813969224
5,8707310477	5,5245142882
5,1569877225	-3,6897147244
1,9136528395	0,7326151742
5,7105635572	5,4999825383
6,0150874360	-4,0054363115
5,5264414863	5,7843662184
4,7713552602	5,2017905649
6,2019859591	5,3832380451
5,1530427976	5,0389346070
2,4552910587	0,4374862360
5,6722684494	-4,4039535222
1,4086638062	1,4614747399
4,6794835647	-4,8081052900
6,6140398446	5,7311091446
3,9680786811	-4,1572667462
1,9989049028	0,2768801065
2,6254129294	0,7621437732
5,6547486876	-4,8841694863
1,5821711588	0,4259544059
3,4215487531	0,7031040503
3,4712188289	0,9168008409
5,1711300083	5,1261003536
6,5251276416	5,8901349900
4,2715444164	-4,4118155716
1,3682651224	0,4806491087
0,7848494277	-0,0058210032
6,2128944701	-4,2191454839
5,6106725258	5,1235459144
5,9257222311	5,0569704530
3,8032708049	0,9417695317
5,6764195173	5,3562325881
4,9913374374	-4,2481672711
5,5194741094	6,4791458873
6,1339270771	5,9700693559
7,1315867780	5,1590953945
4,2202652624	-4,3560375988
3,9463653547	-5,0283956961
6,5255625797	-4,5977157701
1,2965047755	0,3668921236
5,5633085129	5,2537042107
3,2211465001	0,1929741969
4,9536647158	-4,9664593245
5,9005941426	5,6392328601
1,1826309001	0,1700990047
3,7676392871	-4,9979698520
1,9290015465	0,7532776587
4,6797044481	4,9305923469
4,9962411207	-3,8524324989
5,0400032587	-3,9621578162
2,4877615159	0,5901306356
4,4475633734	-4,6911371779
1,6877892831	0,3149424710
1,7139593421	0,6803823778
2,7947931419	0,6955676341
4,6803807040	5,1078513003
5,7444214903	5,1720878899
5,8319809558	6,4104035461
6,4219339144	4,8609692268
5,5957531403	5,0554906563
4,7241333334	-4,4819317988
2,9408906022	0,6733821077
4,2499494262	-4,7033054242
6,0605624995	5,7179343842
3,9231453087	0,3007335687
5,5627085024	-4,8631141646
0,7280741367	0,0329141342
5,4426488866	4,8788731985
6,3708814259	4,7613046757
5,7251164017	5,6747666462
4,4634907631	-5,0334941963
3,8580382896	-4,5434538108
4,8482976062	5,0974519915
5,1441563081	6,2475285506
5,2388400990	-4,3996335570
2,5548482011	1,0784155259
6,5782099260	5,4657109387
5,8906892669	4,7623187902
2,3245903513	0,8632016275
3,6618838858	-4,3026572791
5,9684231470	5,5298370338
2,2452581513	0,2365663738
1,8325311578	0,8528395385
2,9011947517	0,7941694107
4,3393141275	-5,1013961436
2,4352473017	0,9382915185
3,1261053845	0,7562430956
4,8435354313	-4,8934921701
6,0255300268	4,9944053499
5,8481189596	-3,7050973542
3,8527621386	-5,0432135470
6,7963909406	5,2141320128
5,2496776822	-3,8900354962
4,1733237114	-4,2499541678
1,9614706108	0,6782668758
1,1350087929	0,0898287016
5,1270985928	5,7581123845
4,2594270993	-4,9570522652
5,9235812444	5,1188678019
6,6440849908	5,7645699988
2,7334685837	0,9179633534
7,0531948859	5,2027889845
2,2714752584	0,8213947350
2,3526508163	0,0800510704
5,4749293855	6,0851290563
6,4783483003	4,9773900843
1,6723982182	0,3274503596
5,9333801487	5,0202320088
5,6332460363	5,3720692071
1,3647833116	0,5621067410
5,8758924331	-4,2168592582
5,4677881991	5,2492787980
3,9050295483	-4,7817274822
5,2067537544	-4,6439673694
4,9447090247	5,4997891741
5,3726375042	5,4425918366
0,7745384973	-0,3971329468
2,3919477543	0,9887948293
4,1919703181	-3,7458347559
4,3173211857	-4,4533755384
5,2539474365	5,6657821592
6,3661316546	5,6397357375
5,0355322586	-3,6864039020
1,8421629922	0,2866100523
1,8706230407	0,2290288500
2,1428197718	0,7986301158
4,8809485099	-4,2536975217
6,2017881222	4,8746317696
6,1395699509	-4,1802258345
3,1931872285	-0,3770264311
1,2091688862	0,7537723163
6,1640083525	-5,3920761239
0,7426839911	1,1494221187
6,0223422754	5,9366297189
6,9697328354	6,1172202399
6,4574056970	5,1752821528
3,9666875270	-4,3613822214
1,8207452625	0,2404903437
5,2881304380	-3,9943994703
3,5923960079	-0,2108908399
2,5318564148	-0,3930715106
6,4460303894	-3,9529033879
5,4798124423	4,9879536641
6,2283056134	5,3877459647
5,9175045540	5,1134339844
3,0315350051	0,4645128845
4,6215719479	-3,6972888762
4,7948047047	-5,0376685827
0,7311638998	0,5266794149
1,9513085857	-0,5021080159
1,6360886396	0,4659329442
5,7594357076	-4,7793603616
5,5342074563	5,5934707086
5,2222410595	5,7269379472
1,2865513930	0,8983493684
0,9697590711	-0,2302259924
5,2153371777	-4,2871614733
2,7802017497	-0,3515762628
5,3572303783	-4,7450879547
4,7323000786	5,2675314560
-0,0330640226	0,6665112570
5,5291308906	6,3037049664
1,6383495631	0,1480199644
6,2913722657	5,1431217569
5,9180116508	4,8808410318
3,0173261371	1,3707717549
7,2824342564	5,0537004569
6,1445785602	4,7668761053
0,5091514769	0,1819141112
3,6466928959	1,0786399533
1,0221889124	0,6682373834
4,6522085226	-3,7487963802
4,4462841800	-4,5475733447
6,2475564509	-4,6885614080
5,7954946392	5,8218378165
4,5692721786	-4,4792174895
4,8946863655	-4,1977913251
1,2849660326	0,3815781555
1,2523657671	0,1801501801
1,8506902838	1,0204624677
4,4347513816	-4,4347302749
4,0087010289	-3,8891006341
5,8183463671	5,8942736307
6,5288503856	5,3439396046
6,4453633910	5,4472849494
2,1379041311	0,0268811646
8,0431096565	5,5736264248
5,4662625296	5,4633946437
6,1906779680	5,7999674165
4,1374032661	5,7296779239
4,8124151958	-4,5564408780
2,8566061035	0,6843168786
6,1210873184	-3,8526644733
4,5715202966	-4,2764255063
5,4369330785	5,4708062539
4,7113281289	-4,9202950691
8,1058921042	5,5930082159
4,7989636004	5,7843811122
5,3206780950	6,5112145759
5,1254799517	-3,8729098662
4,4066060043	-4,3032258285
2,0021055071	0,6056682656
4,7427407991	4,9468966851
2,7565554784	0,3869003746
6,6403871117	5,2861867484
2,2320710216	0,3721460547
2,7938089353	0,1592569586
6,3425936563	4,9074607145
3,1014933873	0,3111765182
4,9478931668	5,2276578922
2,8292501194	0,9865322999
1,7303041048	0,1895580717
2,6247888015	0,6881746564
4,9704729619	-4,4743843993
6,7285062935	4,9227150326
6,8611063692	5,7646220781
6,9477705753	5,0690548097
2,6776650050	0,0888196268
4,0797643681	5,5458340417
2,2254842847	0,9375350494
4,1896756821	-0,2011806883
1,1552111353	0,6053562324
4,9578703225	-4,3678425867
6,3429206555	5,1724280072
7,0231873388	5,0234544589
5,1869706511	6,2023290815
4,8136686553	-5,0932409918
1,7572212717	0,4205103151
2,5643455449	0,1861168608
4,0295148138	-4,0662224015
2,6610240739	0,6611391330
4,0870518901	-3,7511536738
4,4887023152	-4,9817000582
4,1747042000	-3,4180371894
6,2246190574	5,3788211864
3,3059056386	-0,4990289596
5,3351446035	5,9493526046
4,2188649453	-5,0207581837
4,7410478157	-4,4003647214
6,6276102219	5,3929850969
1,4207641189	1,4304423606
1,4976261749	0,2952195065
6,0613614207	4,7786054715
6,0020250633	5,4698856896
0,5388590769	-0,0125267871
0,8799586325	0,5012733588
2,3925853542	0,9232731261
5,9979503081	4,8871520010
2,4889807819	0,9007170418
6,4131741833	-4,1867663716
6,4726439506	5,6989065229
5,4653577153	5,1329359618
7,3302585250	5,4355235851
2,2145170166	0,5933489594
7,0663661726	5,5335502586
4,7520921226	-4,6302496281
5,9412263004	5,5288003592
2,5103953271	-0,0473771509
2,1427100531	0,6310186812
2,1667318086	1,0450902973
1,7758512744	0,4405852249
2,5829464874	-0,1062955639
6,0375792328	6,2588970220
1,3277564269	0,4870638443
1,2710447566	0,9026009463
5,6140428228	5,5737080200
1,9892045251	-0,2204027700
3,0436385222	0,8745371192
3,9199384565	-3,7844093658
5,2173869466	5,3582896579
4,8661356655	-4,1989056251
6,6718494160	5,3480739748
6,5828978664	5,8543163554
4,7560298639	-3,6525693327
2,8644885601	0,4192169600
5,8013144478	5,7762052090
4,3685823477	-4,1023896525
4,3092578792	-4,3037825391
1,7405676552	0,1327880654
1,5673431039	1,1363110104
6,0060369327	5,5880030841
0,3693519636	-0,0048954767
1,6617775201	0,5027202669
4,9608961635	-4,3246559357
5,4897606602	-4,1110346712
3,9833117088	-3,9943240419
1,3608519316	0,4150654646
1,7761966750	0,6957929367
7,0277781234	4,3494962114
6,8932998456	6,2370685940
2,6353343430	0,1034397038
4,2705385720	-3,8613467481
2,5486149087	0,5498590504
7,0078050938	5,5414801028
6,0859259625	-4,1643267412
3,4298817337	-0,0549571189
2,7616842553	0,3775011948
4,9728344864	-4,9027288626
5,6275306372	5,8425317777
2,6121169249	-0,0631121276
4,1258286216	0,8546914719
7,3787437214	6,1375372253
6,5022183169	4,3669168467
5,0878787817	5,5081203776
5,3119781099	-4,1280132316
2,2529501244	-0,0277465050
5,3039282765	5,6283809315
5,4099480574	-5,0186654583
4,4123938284	-4,2902332786
0,9649751775	0,4377899461
3,0557920823	0,7265592990
5,4594498365	-4,5196481702
7,1884652648	5,6717630964
4,4991601671	-4,4963990757
2,6046384934	0,6236202482
1,8548068043	0,2135122088
6,0881834093	5,4573418283
1,3016284517	0,2385710715
5,0671520315	-4,5041427116
4,7647658634	5,0962805858
6,0923325498	5,8489153952
6,0231113148	5,8104955125
5,8095198744	4,9791025092
3,6660458298	0,1228847326
4,8522481058	-4,7981645425
5,6788242279	-4,9560345206
4,7596126698	-4,1858140891
5,8485009352	-3,8548947248
4,9292708362	-4,2437476901
1,8382034526	0,2496660373
3,0014678668	0,2614255552
2,0023650228	-0,0903760534
2,3855290857	-0,1153853032
5,8302849159	5,8632291119
4,7282267476	-5,1826338854
1,4770313118	0,8169588193
5,5238369915	-4,0950336270
7,9162498790	5,6726853529
6,5619260314	5,7885493489
0,9429508106	0,7901051662
1,7276430960	0,8925857533
6,6652525822	4,7866116362
2,9698550155	0,3030194716
4,9497533409	5,1461125233
4,7276636677	-4,4797624928
6,7900938300	4,9374854862
6,1345712161	5,2499197081
6,1977821789	4,9713647114
3,9532341072	-4,3648267228
0,2474707398	1,2046672850
4,5979134475	-4,5682997952
3,9897681582	-3,5711418736
4,6311293485	-4,2002706214
5,1688814709	-4,4230884708
4,8382253140	4,9763700693
5,0759583610	-5,1448119971
6,2802653617	5,5373645596
1,6474114093	0,5619351126
3,0618964156	0,1132700183
5,6042189060	5,6763434933
5,5582537927	5,0162840166
0,8316540540	1,4770690156
2,8286106729	0,3101136084
6,6252319315	5,5846654777
1,6251386740	0,9542019554
4,7646590771	-3,3218525431
3,5820421699	-4,2222051687
5,9943165833	5,9161545343
1,6728688515	-0,1751635345
6,0759627831	5,8399376463
5,0628324699	5,6547008612
0,4587265171	0,0342179077
2,0441122148	-0,0479834512
7,0566236453	5,6424432796
6,2554958538	5,2457892466
6,1649909229	5,9809703426
4,6246541523	-4,6590825858
4,6693686913	-4,3280683302
2,3902121854	0,8267601284
6,5183925431	4,9879961802
4,4608303797	-5,2506800817
4,6807798187	-3,8009667055
6,8558848943	6,0672740895
7,1505656480	5,6611715944
6,2839829491	5,6766659979
4,7663680601	-4,4551954022
5,8230828220	-4,6080297411
0,7701195213	0,6939041471
6,1745292010	5,2357584295
2,5440832750	1,1009840818
5,0955790599	-4,8664803386
3,8644806118	-4,2902154218
1,2581183694	0,3709165175
4,9789979067	-4,5907225750
5,9153734492	5,1606275540
2,6076789309	1,1918433926
6,4230406222	5,8342568355
0,6015261399	1,7643844562
1,8481671951	0,2334922365
2,2880636594	0,3893578329
5,8939890180	5,3580873140
1,2705964067	1,0536641657
5,1173753855	-4,6904159674
4,7319514735	-5,3533439053
5,2895617303	5,5190050416
3,3143938962	-4,3068284509
6,2658469924	5,2171931264
5,7605600409	6,1357100397
6,0337347676	-3,6088960911
2,0756173933	0,2456844644
5,8898212894	6,3424593608
2,1708425758	-1,3243370196
4,8593547232	5,3458120062
4,3461108380	-4,6085632710
4,9589278672	-4,7624014355
5,3494709150	5,1043445631
6,9940834278	5,9563011138
5,8258270015	-5,0487777516
0,5360731562	0,3160493594
3,1227566988	0,2442907287
1,2293554547	0,2929934590
6,6306684614	5,4638694572
5,3475521391	-4,9260462026
6,2768048298	6,1117031477
5,0787330483	5,3945468846
5,3082663223	4,6444134326
2,4972921688	0,3877596436
4,2814430599	-3,9937471119
6,0342500114	-4,6064540656
4,5718209857	-4,4781796671
5,9099389371	5,5827426273
5,3658635567	4,7860528412
1,4332769192	1,2752024354
6,6323033868	5,8596475706
5,7849673940	5,4173914712
4,4563550997	-4,8504667653
5,9964534376	-4,1154088283
3,0505711829	-0,1132403083
6,5652431718	5,4372876538
1,3942260271	0,4496861528
5,8021754816	-4,0500929474
5,6338659690	5,5835621098
4,3005626441	-4,4871319200
4,5874184675	-4,9458317617
2,2217928773	0,1558445415
2,0972128122	0,9073375901
6,1929536256	5,4793329598
7,0626200598	5,4097974283
5,4031613650	-5,3963609905
1,2648185826	1,1036861369
4,2607269791	-5,4766083430
1,9019848081	-0,7671394200
6,7550353127	5,4948343807
5,7550850243	5,5868073085
6,3970290093	6,1629863975
4,6155054553	-4,7338371510
5,6417272648	5,5587549459
1,8340358291	0,9759193740
4,3233794183	-4,5014629331
1,8297162613	0,1819154930
4,0436468170	0,0317236678
2,4279645061	1,0835022417
4,3388095847	-4,6916835010
6,7368983062	5,5382374164
1,5051827315	0,5119599537
5,8545645720	-4,1018805893
5,6243421216	-4,2777242842
6,6462381893	6,1259567345
4,3957091267	-3,7409235904
7,2411710124	5,0729805358
2,5424572867	0,1353451684
5,7529918890	5,6201970976
0,7216183454	-0,1153163382
3,9186495648	0,5913144920
2,4236292055	0,3161681880
4,9725335412	-4,6595338048
1,3141715781	0,2842224640
7,1394125206	5,2709553393
1,4862855544	0,3779301347
1,9765258175	0,6754756628
6,8564756781	5,5252974159
2,2744119032	0,6423310688
6,1556098579	-3,9625796587
5,0524663022	5,3902063081
1,9591788996	0,2238477905
2,5258414617	0,3770351515
6,6885728885	5,7910255333
5,7632975391	4,9434958587
5,9147101571	6,2411367376
4,2924832966	5,7231699268
5,0907520231	-3,9750802051
3,3325114478	-4,1380898792
2,4960792784	0,9865259549
6,7779394247	4,6846914579
2,5797347195	0,4255117107
2,2865787002	-0,1013948014
6,1982807906	-4,0960018350
5,9958174169	4,3731808821
2,3067788891	1,1945079486
2,3810690399	0,4387817559
2,2737669949	0,2952036387
5,1047508287	-4,4822355899
4,6644422133	-3,7906124432
7,1836411639	5,4216270652
5,9498094223	-4,3341361583
6,0570293979	-4,5283576782
5,7068861039	6,2067478161
6,9717433969	5,8093488224
1,0263043704	0,1917075217
2,3524583606	-0,2220731646
2,6540386580	0,3936909712
6,4223802436	5,3998979906
3,8571885258	0,3155786149
3,6669520249	-4,7590525009
5,2579861642	-4,0397656142
3,4260299204	-4,1945121546
5,0226059180	-5,4196932679
6,0804546377	-4,5340454006
6,0900463154	-5,2269980144
4,8965311715	-4,3985642405
5,2916791168	5,3481752778
5,4927923267	5,7287678763
5,0810327460	-5,0954802945
5,1287540224	-4,4996432309
5,2290556801	5,7455213022
5,2306377284	-4,5343118531
1,7390275633	0,9381257456
2,2648938624	0,6904254588
5,6034518019	5,4811906078
1,5229750633	0,0706964430
5,4632647184	-4,5709795756
6,7609881823	5,6834404749
5,9014045099	5,0177227347
1,5240131674	-0,4700988209
1,4248453455	0,8921962739
2,2036875465	0,0901061787
6,9218812812	-4,3418368764
5,9262821661	5,9877477455
1,3961640247	-0,0073281543
5,2201025219	4,7064379611
5,4796237176	-4,1947408709
4,2071587944	-4,3119191585
5,2364181615	-4,2778236284
5,1352188142	-4,4968245144
7,5315927046	5,7131738035
5,2851376141	6,0527579306
0,3140349467	1,3230171379
1,7566319473	0,7529872566
2,0010145340	0,0467123292
2,9660326976	-0,1809367953
6,2376674579	5,1460258647
5,1985301567	5,1793604025
6,5098842476	-4,6785081648
5,4369338124	-4,8682862929
5,8771437210	-4,1963002810
6,5168253419	5,7796490088
3,5697569413	-4,4991258391
5,4758210972	5,6787568111
4,3625379641	5,1981463656
2,9520022848	0,7509282819
1,7250197270	-0,4561391616
1,9419364408	-0,2709421312
1,4355050724	0,5133866808
1,4088645223	0,0831421832
1,1363724901	0,3337539078
6,8474460509	5,1133215585
4,9566256644	5,7543449838
2,0332851870	1,1621198400
2,6491877620	0,7751537468
1,9541874242	0,6616722259
4,4188797913	-4,1356554548
1,4539514026	1,0839890295
6,7821867393	5,8679800512
6,0162717569	-4,7011586095
6,0003095668	5,9004431951
6,0552191128	-4,6747739831
5,3023973797	-4,1721945642
6,3073728205	-3,8761518113
2,0728438273	0,2315667731
4,4508561757	-4,9320341945
5,5725573548	4,4661694740
4,7932193931	-4,8260488745
4,7230496839	-4,0367798324
2,2123375838	0,1411398419
4,1595662342	-4,0141436861
5,7610197883	5,2218372769
4,6983776931	-3,7201782372
2,3299876884	0,3065215034
5,4336472335	-4,6492375162
1,2521032027	0,2360254518
5,0737721915	-3,7262411474
3,7347717846	-4,4089058222
1,8328844405	0,4928488358
1,5326944587	0,0164941921
5,6641302821	5,4642291962
1,1028628358	0,3355698519
5,8457340600	4,9634148346
5,6029645696	-4,9997354713
3,8106412439	-5,0714862968
4,7356736542	-3,9173118617
3,9047791287	-5,0077040775
5,7859514529	-3,8318207351
5,0009984013	-4,6545850892
1,5864554666	0,5705976126
5,3846450213	-4,1422787581
5,4177831080	5,8639174324
1,5874344894	0,3757460936
2,6224477476	0,6204580359
3,1545129493	0,2784467030
2,1687511910	-0,2573768150
7,4687401674	5,5532661756
6,7434282605	4,5272210466
5,0190015643	-3,9608686806
1,6801087476	0,2212126792
6,5203528050	5,6314205887
2,0162493432	-0,1020352330
6,5084131748	6,5433043702
5,1452864587	-5,2971992619
1,8279466441	0,8742626165
5,6066065931	5,6222274567
5,5734118525	5,6400599484
3,4737692055	-4,9027909623
6,3389216351	6,7338578143
6,2925406569	5,4167799904
1,4403203143	0,6600920647
5,0082457693	5,6640875390
4,8525369199	-4,5868969213
3,6582995691	-3,6086978975
6,0475037393	5,3508268195
4,6667311446	-4,3222725823
6,2886063939	5,7073936053
5,4534670741	-4,4257350337
5,5463649525	-4,1115027275
5,0650194558	-4,8837554619
6,2091238803	5,5469574079
5,0991615268	-4,6049356506
2,6423738790	0,1585223748
2,2388938952	-0,4960721390
5,1882507982	5,3724501515
1,7890672754	-0,4631955836
6,3583036145	5,8045062096
1,7718476395	0,1327969041
2,9571995960	-0,4187935673
0,7227081439	0,8017390965
6,7651501072	5,2990827736
5,3740416281	-5,4696909096
4,4041539200	-4,4084449582
5,8498182526	4,8159195253
5,8087513913	-4,5187611439
2,5743609546	1,2139394174
6,6877924513	5,1973966114
4,5297045027	-4,9656376028
2,3502126608	0,1656261332
6,1782500792	4,5390075217
1,9163920972	0,6729693518
2,5066012274	0,6515884687
5,1609720106	-4,8242726839
5,6818277255	-3,9703434285
4,8934462080	-4,2124675412
5,2395744798	-4,7900397973
4,4192902561	-4,4228202928
1,3663524569	1,0288697545
5,2843812340	5,3634853655
2,4715487881	0,6849721542
6,2815419293	5,6897917334
6,8297298899	-4,9191669921
5,6942438780	4,9703122460
0,9546319497	-0,2742398033
6,6702073071	4,9773135091
4,9514889909	5,6635985869
2,6579215445	0,8541686185
5,2792954074	-4,6951958117
5,9812521783	5,7925430654
5,9344784458	-4,7365560391
2,3616695924	1,2547596260
5,3046297459	4,9972040332
4,6369552134	4,5078207858
5,8985533542	4,9109592806
6,9986979574	5,3071867005
2,6919751412	0,9806079137
5,3815654540	-4,6841239384
6,0548933957	5,3111158857
5,2665411720	-4,1060050120
5,5167897404	5,1704572151
2,3814398112	1,2607530587
7,0925595238	5,5277907469
2,8236816545	0,9380928645
6,9364620311	5,5503987994
4,9959036234	-5,3175276516
1,0688143292	0,8680903340
3,1664998812	0,3522114232
4,5082878141	-4,8490358840
6,3730885813	5,1534825858
5,3152010736	5,3684643741
4,9745244579	-4,3895595088
5,4394567799	-4,6910992848
5,7791200295	4,8318125872
5,1421607949	-4,0735755034
5,3228196201	-5,3499251640
1,8694486455	0,3594622808
5,1379070991	5,5255887135
5,1755249419	-4,8379868275
3,3850918584	-5,2219184416
5,7244015005	-3,8024093841
6,6213711463	5,0808284782
2,5999746917	-0,1748286646
4,6051426184	-4,9818030900
1,8587352161	0,1930759040
5,4898968465	-4,0256499548
5,7409450158	-3,7441829126
7,0924121539	5,9665071446
4,9558666419	-4,6273926649
3,8562329935	-4,0894384337
5,1065020234	-4,4258630370
5,5130593707	5,0339963409
1,4487156495	0,3229707335
3,1521910765	0,7466851179
5,3647565490	-4,0063396119
2,1997340971	0,8678956243
1,9742726840	1,0557031672
3,0255176907	0,6156977502
1,7244167372	0,1885813547
4,5876882068	-5,0284750925
0,5722862220	0,7627249000
1,7713506400	0,7523555844
6,3071650378	-4,4426172050
5,1231659747	-4,6771441557
5,9998607369	5,5141257082
6,2555116910	5,7028050390
4,7094992262	-4,6142909294
1,5952940899	0,0905280495
2,1625551353	1,1233164802
3,5625477370	-4,4955857141
6,8593587633	-4,9375845722
5,6061208438	-4,5654726441
2,1474542244	-0,2235548780
2,3718300904	0,4508917130
5,0958079087	5,0470908144
6,3362951333	5,6839674875
4,9494704846	-4,1275029771
7,0821239086	4,6447268429
4,6822201628	5,4337177556
6,1790561352	-4,1350552067
4,6383106419	-5,6788304161
3,2222135493	-4,1394510644
1,8082257841	0,7755367435
5,5984871244	-4,2880287955
2,2014479338	0,4860237716
6,2012650559	5,9162785773
6,3792249839	-3,3225783304
3,6563645969	-4,4554165553
5,0607987931	-5,3379802699
5,8870513671	5,0270882504
4,0867582170	-3,8730338069
4,7429064885	-5,3666193544
4,3198729610	5,4896925257
6,0986777454	4,9550808780
6,6364165002	5,1763338252
2,0810859032	0,0908800435
5,2387854942	5,3565278377
5,9504431913	-5,4258837871
4,8463051151	-4,2973344370
5,3840762999	-4,3295377890
5,4859413328	-4,0716349526
5,5923163331	-4,6065039277
5,0749531742	-4,6138433690
5,6776526559	5,8249044364
5,1430994611	5,6764362879
5,3709194012	-4,8407928547
5,9833615214	5,2091230968
3,5297567178	-4,5491581215
5,6798983767	4,4978005087
1,7581638273	1,5474407492
5,6240865635	-4,4096616306
6,2286644022	5,5664450363
5,3196818609	-4,5195656956
1,0962359791	1,1822264191
6,3102073272	5,7596640316
7,2272335408	5,6751563166
4,4059438792	-4,2570955147
2,2303846307	-0,0066249739
2,2625300538	0,6536371921
6,1827314800	5,3874767541
5,9853417882	5,8788600124
4,7766608026	-3,5020939839
5,3774202359	5,7695061007
3,2399374438	0,1575094004
1,7985596422	0,4931192556
6,3022177022	5,8529059129
4,0921631875	-4,2252904617
1,6112189891	0,8230612156
5,3107392775	-4,3170769396
7,1351123892	5,4957150333
6,6131447600	5,3370262673
3,7440487423	-3,4541761920
3,5546774143	-4,9786996685
2,4636586916	0,3331507484
1,4820443460	0,7784807112
4,4883986670	-3,9798789771
5,7117313618	5,7117953721
5,2620512217	-4,4582048339
2,8805876920	0,2933731860
2,8554538533	1,4384484095
1,8810624169	1,0841801941
3,0641715353	0,7066033632
6,6516405365	5,0892148143
6,0322593209	-4,1578958031
5,9879549594	5,2027057401
6,0369760259	4,9734241630
5,1500552486	6,1154016465
5,1424239701	-4,7740390432
7,6014966507	6,0271202596
6,3714099666	4,9007656628
3,1587811845	0,0941853057
5,6441795335	-5,0672115717
2,2898899584	1,0552573965
5,7968732912	-3,8862672032
1,8244899787	0,8823747225
0,4023401142	0,1655903007
4,5093239362	-4,9742290652
4,9278655375	-5,0225640050
5,7000960915	-3,7765318390
5,8210114129	5,3119666540
2,3992545742	-0,7581355392
5,9018799485	-4,5233696505
1,9437479825	0,3434018988
2,3351105005	0,7896236647
7,0091734163	5,7327880051
5,0600438786	-4,9810323709
5,0003749609	-4,9157551320
5,0269845010	-4,6463359550
4,7132776108	-4,4129722073
6,4457284834	5,4257644180
6,6082396489	4,6951928103
5,2911962529	-4,1979156531
1,7123390250	0,8451947385
6,8900410210	6,1985340058
5,4256944493	5,9685456209
1,1341189727	0,1546677406
2,2470516490	0,7758348758
7,1092659511	5,8704379146
1,8851206645	0,3194375079
5,0905811332	5,3385761970
3,2079682519	-4,3641944719
7,1998644074	5,2609055575
1,9184517382	-0,1684932974
7,2890880522	5,4288855444
3,4043794882	0,4595810666
1,2744467832	0,5278567069
4,3919532038	-4,7844852828
6,2913144617	5,7831901422
1,2229293733	0,7429041466
1,9627450639	0,2518094475
4,0699457397	-4,7102650892
5,2742649547	-4,1074345512
6,4239780746	5,8711832181
6,6246726553	5,1629543395
4,4471184427	-3,7150522695
2,7113614941	0,4194504322
5,2672816743	-4,3411581003
4,7035807563	-4,8560754975
5,4841062325	-3,5378309259
2,5700726743	0,2237095078
5,8752738144	6,1523716088
2,7259866850	0,1908040825
6,1538846860	5,7434095663
2,4483557059	1,3000058063
0,8677885849	0,3431472306
0,9944172082	-0,0409717256
1,7179004993	0,7365718659
6,2630483668	5,3601687464
5,6739931271	6,0879565731
1,0331965075	-0,4340891667
5,9963870377	5,3202656728
6,0962959930	4,9481774444
6,1270524733	5,3751869519
3,6281264786	-4,5243130313
0,5315716417	0,3674077416
3,7790037217	-5,5505795388
4,8454215387	-4,7587572793
6,1883777005	6,1667090112
2,7958809006	-0,1342853406
6,4595971472	-4,8689352972
5,3866965272	4,9211448966
4,6410590383	-4,2339240485
5,3286887386	5,2215198112
4,7328845082	5,6280284098
4,3623040748	5,8041921406
6,1871147029	5,1272468154
6,0504719944	5,5659641214
5,0152114635	-5,1269352575
6,5262889188	5,3619877367
2,7450829362	0,6673485553
5,3008685576	5,4818564738
4,9643514836	-4,2650664280
4,0345711265	-4,9128030991
4,8871442242	-3,6717240229
5,1141619423	-4,7813337469
4,6981690207	-4,2659352965
6,3969634142	6,1188728790
4,7837486412	-3,3238267538
1,1389769659	0,4719432215
2,0295684833	0,3038939567
5,8546912012	6,2904471867
1,4837288465	0,0339051215
2,7971102109	0,5620321045
4,7694682412	-5,4313096923
0,7724597627	0,8034811984
4,7315421158	5,0516896807
2,4685997187	-0,0600480591
5,2842127892	-4,3402360334
0,1480692096	0,8031457815
6,2210102114	5,4167143419
1,8638419879	0,2280876320
5,7290732424	-4,1411353726
5,9211580020	-4,5610227633
5,8080212144	-4,7078797558
2,1917999184	0,7800103165
0,9799827638	-0,1806932323
6,5119330581	4,7608372265
6,4033330989	5,8686134839
4,3080359374	-4,2830676595
3,9879643787	-4,5979647302
5,8176269334	5,4467166958
3,2192155243	1,0139066577
5,3349398955	-4,1659585798
2,9525855298	0,7231453997
6,1360874153	5,9047215475
6,5094246772	5,9387594330
4,9536333692	-5,1144318241
5,2961684604	-4,3634259550
5,9143431410	4,8961013086
4,8414869350	-5,1834779878
4,7031737637	-3,5972484618
5,8909960251	5,2413071507
5,4666180306	-4,1542649009
4,7171426602	-4,5964941611
4,2236924079	-4,3927950564
4,9922197140	-3,6019781451
5,4436607092	6,0890194301
5,9702996377	-4,5417033096
2,6468018667	0,6484687510
5,6175732423	-4,3181834764
5,0112221401	-4,7949631682
5,0081659369	-4,7691768590
4,0032260535	-4,0603486188
4,4408217135	-4,1210418418
4,8145239046	-4,7004839863
5,2412228476	5,8474568900
2,5450456463	0,5767349599
2,3021840940	0,4431992893
3,3311963649	0,3784648557
1,8997380347	0,5554456949
5,2732730909	-3,9773749767
4,2499418898	-3,6616803819
6,1379732458	5,2544154851
2,2895348739	0,8531839229
2,7322952667	1,2457591558
6,6332742226	5,7213961869
5,2842259748	-4,7912037064
7,6747212744	5,1698924814
6,7961804533	5,2729853246
5,4258190703	-4,7589261007
5,5343999321	-4,6194746118
4,3026639680	-4,4984589542
2,1298918441	0,2854559255
1,8319765407	0,8785960621
2,1661956097	0,6542487039
5,1529163094	-4,2711443709
6,3359675808	-4,2653000191
2,0810906226	1,1359926993
1,6078925861	0,8775295492
6,5610834539	6,2016912123
2,5710475638	0,2298524249
3,8772437827	-5,7312671885
2,8054864672	0,5698056024
2,1180267764	0,8557133502
2,0442518142	1,4656125934
6,1214350949	6,2721688479
2,0134057446	0,3309314827
5,8225904607	4,9947792970
6,2313846036	-4,7126734702
7,2036769469	5,4047748387
4,7247490753	4,9357475817
6,3334701610	4,9976637624
6,9419606868	5,8097918313
5,7387945693	-4,9168673695
5,0955778175	-4,6718994717
5,8880731333	5,3811693280
5,1453433948	-3,7486501184
6,0569815568	-4,2667848909
4,5007033852	-3,1554474511
3,5625766980	-3,9906638913
1,5340457228	0,5239251439
6,7248577139	5,3788972492
1,4399910518	-0,2408600565
2,1599990950	0,6078512822
6,6904753909	4,8112372492
4,1340355994	-4,3873800611
6,4568297176	5,4183841170
6,2636178525	5,3752783439
2,8701589306	-0,5296125294
4,9669712195	-4,7421537009
6,2008570124	-3,9237410910
5,2913740447	-4,7056809108
2,4661824254	0,3394363194
2,7064619112	0,2513975182
6,8636088556	6,5460050657
5,9057830868	5,4665946289
6,9219827317	4,4760735026
3,9030642995	-4,2210897371
6,8368147541	5,1520051349
4,9240605401	-4,1712353114
5,3231401878	5,6913709712
5,0699939275	5,7051351445
4,7733258810	-3,7833996708
2,1266612906	0,1874430473
3,7631426028	-4,4194234796
5,1979495774	5,0497482490
1,7227902449	0,3290445604
4,6636164089	5,5589097665
2,4623128513	0,5257034404
0,8854909413	0,1140711719
4,5103921077	-4,4893630421
3,8578860344	-4,0456536580
6,3845199395	-3,8420770007
5,2521899872	-4,2787498482
1,8117593643	0,0337315783
4,3486129765	-4,9415409721
7,0981992413	5,3141995052
1,9118122670	0,0834013628
5,0606035916	4,8857489444
1,7799579430	0,6885769192
4,0547320173	-4,3771366763
4,8697924392	5,8759042166
2,2823478600	0,5751599819
1,1990217868	0,7516835160
2,5612382192	0,4297202427
6,4493883961	5,5888997818
5,6016222478	-4,0263934361
1,7082570522	1,1658967110
5,0115303427	-4,3854914151
6,4249989138	4,9368964162
5,4439550734	-4,0391054531
5,1448100464	-4,6151309363
5,5965220150	5,4149932800
6,0619596301	5,6201409800
1,1703849040	-0,2264506800
6,3513263777	-4,8383709985
6,8999190796	4,7822788875
6,4969987962	5,8336335174
2,7516448213	1,1405062009
7,1513096717	5,2321608658
3,5571531735	0,1456225411
5,8014130075	6,6859001002
3,3342766099	0,6454875947
5,4408183209	-4,5675308344
4,3383802744	-4,2719183181
5,2649089905	4,6680051746
4,7997187203	-4,5017117647
2,9151646477	0,0650406630
6,0714791001	5,2931610700
5,1746326165	-5,0198688136
4,7456409049	-3,7631377522
3,6662927339	-4,9778165601
4,6234676678	-5,1729809894
5,0821053871	-4,2750035674
0,9663919392	1,2845672952
2,2459408404	0,3159765339
5,5458614502	5,9798114871
5,9989998503	4,8412778805
6,6709554411	5,0592658958
2,0010862483	-0,2857380701
5,1757000713	5,3306878510
6,8211890814	5,5655529286
6,5148571032	4,9622851124
1,5091610626	0,6980776336
5,3563997118	5,7938652576
6,4412546910	5,9121556842
3,5431255860	0,2728484871
2,0943500708	-0,2587191312
6,1366377183	6,0266439589
1,0366492296	1,2863882628
5,5273962492	5,2527534395
1,4251564142	0,0943604389
2,6737359538	1,0548195287
4,1456000071	-4,8610636897
4,7302190295	-4,0322937146
1,8392095274	0,5665739949
6,6267422113	6,3562075813
6,3178657780	5,1515294329
5,6055606679	-4,2471876944
4,9613946784	-4,4755690123
5,4108293902	5,6681169547
5,8839744568	5,6350761770
2,0462246935	0,9334580562
1,9758121553	0,0066907052
1,1124070375	0,7265227057
5,7711050817	-4,1477718171
2,4031525883	0,0429675148
0,9094876249	0,0842756926
4,9798290424	-4,9227222779
1,1554601592	0,3521143267
6,1774538509	4,7318741708
2,2558316196	0,8889664833
2,1620865687	-0,4214529656
6,0648349436	-4,4700509064
2,5126565365	-0,0281924932
6,4130207374	5,6897414443
6,2977132788	5,0305977242
2,7606815873	0,3822072759
2,3029559836	1,2440568344
6,6464307902	5,1783836033
1,7643139579	0,2392773724
6,9976151652	4,7357440370
4,6358973854	-4,2707674865
5,5752425192	-4,7736800659
3,0369111031	0,1118002844
2,8587167226	0,3610223513
3,0932630513	-0,1872860141
6,1359528439	5,5070340175
2,5491518544	-0,2367475974
4,6845132732	5,5699046748
5,3029844198	-4,4468856002
6,9763025662	5,4574055321
0,5128589747	0,4223065436
5,9377199067	-4,9014804484
2,6578613171	0,6497557155
5,0452589506	-3,8962411641
6,8491333884	4,6108134079
5,7221933395	-5,0410084749
4,9763101331	-4,9397494481
5,1311509961	-3,5985325549
7,6259999722	5,1342516594
6,5050770875	5,9205716983
5,8908425646	-4,3548837593
2,1354971326	0,0777656399
4,6553018565	-4,4661021657
5,3358871276	5,6084220641
5,2402992898	5,5534251012
1,8432022922	-0,2980819115
5,7092068637	-4,9380452804
0,9665314988	0,4753015709
5,6217707867	4,1918262895
7,1467807735	5,0172930044
1,0619698675	0,3377819530
1,6189159806	1,0929667790
4,2779923841	-3,9715394893
5,1338313690	5,2513761222
5,2214758238	5,0318636938
0,6515483958	0,1360684677
4,6695788007	-5,5157244865
5,3130902054	4,7355292537
1,4657288728	-0,2771752971
5,9834662192	5,4008432949
5,3609932156	5,0138676378
6,1313027816	4,7663845608
2,0281928320	0,9379687341
6,5040324519	6,0428478908
-0,5364565114	-0,0363638591
1,5601304292	-0,2986370400
4,7269921852	-3,7371407491
1,3087497828	0,2379753239
6,1385701992	-4,8618657049
5,7675308701	5,8105582002
4,8408775177	-4,4859154099
5,8929723950	-4,5588713957
4,6158696315	-3,6810463845
7,2828532464	4,6905351595
5,0018782538	5,9169007849
5,7752361564	5,6870061635
5,5991608655	6,1927041191
5,4323514584	-4,9946708318
1,3826299592	-0,2773381235
6,7611920436	5,9019494493
5,5603737674	6,0441496269
2,1736243676	0,3238052112
1,4162363637	0,7128132186
4,6624255911	-3,9810559852
5,1232993960	-4,6674728696
6,3968536565	6,2083210542
4,6195585601	-4,6082036861
6,1968319043	5,7873479785
6,7085630683	-3,7140475399
2,5808842183	-0,1461999747
1,8206271006	0,4410058299
5,1142299851	-4,5832466080
2,2299736227	1,3060354028
6,5544646031	5,5936152344
2,5722491202	0,7510658223
1,9733049428	1,1616562144
2,0315677588	0,3666965583
1,6516994319	0,3625667102
1,0000702004	-0,2906670553
6,5280361078	5,3483629752
6,4037600031	-3,1095549196
0,0979671936	0,0008676564
1,4622151003	0,9526819480
4,6755673930	-4,6775172556
5,9545335727	5,3821676454
5,9202547771	5,3329351445
2,3163985324	0,6051649708
6,2776892611	5,5791280847
8,1424382899	4,7442738412
3,2865729454	0,2590202995
4,6755586304	-5,3081291587
4,8897519002	-4,3875527305
2,3545307000	-0,0646461634
5,9063803800	-5,0318396677
4,3975777228	-4,6053765776
1,6444502117	1,0261452018
5,5969846689	6,5415195978
5,3083924371	-4,7141486118
5,7566321829	-4,7551097835
4,7411736518	-4,9481521830
1,2471080895	0,3785861883
5,6974756529	-4,3902625258
4,0155560711	-4,9309651096
5,9680301026	5,2726526856
5,0721511165	-4,1276775686
5,5961425602	-4,6032263779
6,2284890320	-4,3462026212
5,5978240310	6,2982687930
4,3645780466	-5,1987258408
4,8866953261	5,0182526454
6,4330633317	-4,3145486224
6,4532579585	5,4971720275
1,3219867525	0,1666438357
1,3088712903	0,3600576808
6,1568126843	5,4148117963
1,0866425573	0,8931814642
3,9736659621	-4,6834555824
2,2743591110	0,9108530671
5,1628535002	-4,5858990931
6,2865855483	5,4090360441
2,1804214627	0,6081220674
2,7416051312	0,2926884847
1,6986085956	0,4604238405
4,4537640109	-4,7533323681
3,1354961320	0,3347148546
6,7510323786	4,9742442144
1,2611104866	1,1344266013
5,6987422832	4,8036141533
5,0318929281	4,8358592582
5,0089939456	-5,2595291750
3,4447597603	-3,5849744211
7,0810325803	5,0919223490
1,9814147556	0,0452679552
5,7949540178	-4,3289186699
5,4024120564	5,1073681465
5,5198776430	5,1263368870
7,1660663008	4,9983751535
2,6255606027	0,5563091958
6,2881762969	5,1074475509
2,0037079247	0,3751093188
4,7072576357	-4,5345216564
2,7060654853	1,8425810654
4,7467007484	-4,6832357937
5,5212320320	-4,3366847005
4,7190652510	-5,0272195243
2,5627647075	0,2137803262
1,8198903461	0,7118595965
5,0327459868	-5,2655671802
1,1971788743	0,4427216872
3,9928001385	-5,6530233458
5,1009572590	-4,9561524129
6,7687974665	5,2681096391
6,1844217743	5,3584903302
5,4650371629	5,1363361822
4,1512241737	-4,2373829587
2,8793750703	0,2384433357
6,3698065731	-4,7028179654
2,0358831215	0,7851230013
3,2826058640	1,0657775246
1,7584775833	-0,1316767786
4,3797650440	-4,6495548773
1,1934641299	-0,5269376316
6,0523016260	-4,5230214400
4,3805122405	-4,4052238148
5,6168639859	-4,3219106954
5,3785329411	-4,5118767694
1,9433503423	-0,1785439057
5,8450866853	5,3340735853
5,1631817395	-4,9144763984
3,1892074024	0,8078148157
6,8252513783	5,3232105519
6,2617383803	4,9472583776
5,5561900035	-4,5589633110
5,9820900568	6,1520008319
5,0011978694	-4,3430864533
6,2940205437	4,3017607187
2,8322913396	1,0854278201
6,4303406754	5,8244524419
5,4486567008	-5,1532572232
3,3128936318	-4,3441861841
6,4078905223	5,5422755252
5,8837460834	5,8650229120
4,4889119231	5,8730762588
5,8362902514	5,8155421430
6,5259192030	4,8749684688
0,9681993181	0,0437468372
4,3419332462	-4,0760117649
1,0824991905	0,2155975130
1,9191640747	-0,1145642463
6,2824211564	5,5100178037
2,1655900363	0,9186626470
7,8565508342	4,8039052499
0,3208165040	-0,0827233436
6,0844831692	4,8239730518
6,7516286432	5,8472127908
2,7932831242	0,8469142154
1,2207023542	0,4255903261
2,1424378539	0,5826929138
5,1284719501	-4,0856982249
4,0199646115	-4,7936883484
1,8003078351	0,6460424619
7,0712119432	5,6654175046
6,5771447964	5,3150720602
6,6460138135	-4,3036798786
6,4234242764	5,1995686698
4,2714461267	-3,7781044491
0,4851711020	1,3144159386
1,9415499119	0,3445526791
5,8118957086	-3,9242424770
1,3106997298	0,0908492895
1,1620858337	0,3536944737
4,3156886555	-4,5408705276
5,9581234336	5,7882747726
1,9816086755	0,5552303579
4,3791166644	-4,4374476944
6,0395147947	-4,2959442037
2,0418715563	0,6233799726
2,3679059586	0,4886352205
7,0517862814	5,9302481296
2,7769346751	0,7026777065
5,5341097875	-4,3829393525
2,6477849431	0,9214337110
3,0527214691	0,5680460920
7,3473628635	4,7961380016
7,1255588397	5,9026497945
2,3445320924	0,6375839320
5,0806006422	-4,5144555420
3,5465543175	-4,8354831538
2,5940838515	0,0060837564
5,2549666660	4,3579798506
6,6000668170	5,0778990641
4,9975400628	6,0157629575
1,6429710482	-0,0756095045
6,2573738047	4,8706426301
4,8846883321	-4,4398974236
4,4585058476	-4,2732043888
7,1616251429	4,7953016011
6,2325111986	5,2296635892
2,7049913084	0,2266115741
5,3453394024	-5,7721179103
4,5464157017	-3,8072554667
5,7717838278	5,4260558830
3,5016482852	0,5768599747
4,3412725833	-4,5832948269
5,2374773973	-4,3545463039
5,6328652421	-3,6378875564
7,1200336197	5,2569427021
5,7844647738	5,4856682995
5,6567762528	5,3283457086
6,2653024408	5,5972311884
5,7673194749	-4,1011291246
1,6968531725	0,6931880778
2,2769465449	0,9595451383
2,3441487434	0,3758583274
5,3089958909	5,0078517292
1,5225089777	1,2264127204
7,2981703555	5,4773759425
2,4689493559	0,4329260890
5,3533752146	5,0911215426
6,7810087488	5,3319880234
2,8254008044	1,3157207594
0,7534598072	0,3070441505
5,6080105778	5,3004043568
2,8306234153	1,3187882476
5,2750134731	-5,0531655090
1,8982887489	0,4325577591
4,0513730672	-4,6439318190
5,8189064429	5,7207252815
5,0815401881	5,5626601152
6,5993371654	-4,6263810836
7,4986852395	5,9040611720
1,8029939259	0,5454755348
6,8896723968	5,7023961288
1,6873152172	1,4306492349
6,2069170679	-4,0883416839
2,2846973365	1,3000381823
6,3792862607	5,3531676248
1,9015021434	0,7166101324
2,6527142085	0,5257224337
1,6008124799	0,3710317469
2,7609318872	0,6635131865
3,6377903536	-4,1324427992
1,1212103697	-0,3003764148
1,9790063351	0,4361277428
1,2054181141	0,4859490811
1,1785117832	0,3670332657
2,2695565313	0,5331597575
2,1136039918	-0,3427843054
1,1386507867	-0,0534662576
4,1628762495	-4,3135058463
5,0999911773	-3,7571809273
0,9908080609	0,6591396613
5,5576734449	-5,3744807335
2,4301109496	0,0309866988
4,2955848425	-5,9961054260
6,4804952126	5,6711368508
1,6707389545	0,5923300149
2,2732042675	0,8013648181
6,1783240647	6,5025874297
4,2015759069	-5,2730038119
5,0724523309	-4,6720193669
4,4389380078	-5,0313575708
5,7186173186	4,6915365355
5,0438690306	-4,6385001151
4,8145563912	5,8250944823
5,3807772812	-4,9814900697
4,4704634809	-4,2473026814
6,7316617657	5,8510824067
5,4609204021	5,0381058020
6,8637062577	4,8598667702
6,5142365889	5,1368333411
6,3271203421	5,7117725975
5,5380242104	-4,3616842048
5,4060041515	-5,4061405553
5,8010506397	6,0761229407
1,7352366329	0,1334505937
4,9546778189	-4,1095855149
3,9542156354	-5,4035539899
5,1796833576	6,1771875515
1,1949331758	0,6473999408
1,9323190756	1,1675183557
1,9543530540	0,7191586931
5,6816090511	-4,6927775736
7,2541529805	5,6056700333
1,1689124912	1,4143171926
6,0078611055	6,2612974449
5,1943190154	-4,0765932519
2,1274320537	-0,0406953673
6,9298596854	5,8596079200
5,8462881594	4,9313529759
6,4078827021	5,7952136643
6,0489914631	4,8793903584
4,5961646913	-4,2165311683
4,8357605472	-3,6703122503
2,1040594868	0,6591292915
5,7745353753	-4,7209838506
6,0674950256	5,2699153032
1,2586001385	0,0447327099
2,0065484508	0,3035834267
2,5629213588	0,1673111564
4,5110734680	-4,5329435932
1,6609362876	0,5670510556
4,9020402212	5,7440310150
5,2504094054	5,3772189354
5,5079062438	6,2196410541
5,9851862287	6,1227246351
2,2148750806	0,0121485402
4,2493285542	-4,9539481937
2,3751523935	0,5563363786
2,5504096687	-0,0892530238
4,0095853888	-4,2027695175
4,6320035751	-4,8219656393
6,1991242471	6,8223082379
1,8639449205	1,2998005666
4,9841063656	-3,9924573167
4,5413930875	-4,4681670422
3,9537810468	-4,7000151680
5,3216039698	-4,2257101059
5,6135868719	5,4757063730
3,5465965944	0,6022488125
4,6635367867	-4,6833163635
1,9581296616	0,0264425572
1,6933557744	0,4384460797
6,1929595394	5,7495181350
6,2383772371	5,7438776695
1,9993166271	0,5630959973
6,7684062951	6,0890346587
5,7979819580	4,9739878169
5,0335598561	-4,4394837559
2,1952389785	0,5901931927
5,0718649308	-3,8085580702
4,3191508388	-4,2429099665
5,8990354167	-4,8289786481
5,1714960562	-4,6056225195
3,8689465530	-4,5244013863
2,3818056083	0,6143655577
6,0660639230	-4,2102281051
6,1923331560	6,9887447082
1,6368344566	0,6027428239
2,3841389448	0,6710732573
3,2024292437	0,6762677818
6,0362174398	5,1214950340
4,4692005982	-5,0051683292
5,8527054323	-4,4099992317
1,9227901081	-0,1710874946
1,7560103511	0,3680332281
5,7596961195	5,6172004017
1,7341766601	0,8086186451
5,3018945163	6,0394131731
5,3994442576	-4,3320782089
5,9179806028	-4,7575811157
1,7019215223	0,1767608951
4,8080755097	-4,6877540284
5,7072350527	4,6980827459
5,8646133074	-4,3929694327
6,0991428099	5,1512541043
4,4368901436	-4,6017605339
4,7934851101	-4,6541147373
6,2111164705	5,4437262166
6,3104164824	-4,7377066928
5,3604595686	-4,8877331147
7,2731393474	-4,3106472186
5,0647899742	-3,8867467915
4,5690825248	-4,1130583421
5,8939736538	4,9531740924
2,4929254376	0,0791370518
5,8834687439	-3,9286773677
5,3503358581	-4,2308568630
5,1267614923	-3,9437547571
4,6346808184	-4,8500197293
6,4237649120	5,1104084082
4,5795569645	-4,3103239234
6,3942697731	5,7728293159
4,7165632313	-4,6308572732
5,4890867425	6,3461463626
5,4259415436	-5,3941904682
2,9357648437	-0,0434687137
7,3172368000	5,2860401541
5,4277386511	-5,1648214152
7,8479165575	5,6363883914
1,7927874019	-0,3360155016
1,4614438611	-0,4285688485
3,5960633517	1,2997174417
4,2648260977	-4,2552815186
1,4944460752	0,2912531565
5,4569239032	-4,4740605841
2,5718448772	-0,0172972553
4,6050790798	-4,2418002991
2,5031942747	0,4826172236
2,0711240032	0,9459995446
4,8260341153	-4,2366762285
2,2208544009	0,5568630378
2,5240510571	0,7811520373
5,0469291119	5,4965934894
1,0207744808	0,1172353391
5,1237451126	-3,9636041687
5,5075048985	5,5912619702
1,9809718786	-0,2338757590
6,2365909286	5,3294525103
5,3577705605	0,9564408026
4,5620433951	5,7005372736
6,7667089397	4,4948724352
5,1711696912	-4,2846783468
4,1704176363	-4,8015193611
4,3683284453	6,0320200610
4,8536184225	-4,7606481139
5,3836673246	-4,9716882661
5,6022067644	5,7931129817
6,4111282611	5,2261166492
2,0317828681	0,9877291530
4,5338989077	-4,9705009230
7,5636254379	5,5892602124
6,3986645322	5,3044407007
6,2923499673	-4,6217897093
3,3205456790	-4,3917861327
6,4720048665	-3,9199391742
5,3105838089	-5,3328003767
5,3454008209	-4,8033555452
7,4940760765	5,2398843254
5,4920378452	5,3144513641
6,0816422115	4,9410766189
5,9149798094	5,1838760417
2,0027090883	0,6160495820
1,5206505329	0,9619192030
5,2863127140	-4,8555742788
2,0904341667	0,6167935468
3,3045277136	0,6992858626
2,4556491843	0,7594165611
2,1091331210	0,2090637320
6,2659257979	5,6580239543
5,0802523312	-3,8380915616
6,4845134936	5,6228417776
5,6271092200	5,1863647011
2,2543228071	0,2277746610
5,0946475627	-4,8311006301
2,6245988676	0,0832443409
6,1977922612	-4,7640606418
1,1336589160	-0,0143675099
2,2450380756	0,8648890924
6,1006990095	-4,2441954868
5,0716174548	-4,1821182780
5,9872912503	5,3209203615
7,0744794163	4,7972164500
5,6685956076	-4,4264763254
5,7314938230	-4,4228837931
0,8962835534	-0,1214807682
2,0670515754	-0,8145069088
5,1113552831	-4,1796343199
6,2810391200	6,1485682058
4,2268179069	-4,4940254116
7,3076453369	5,4438928449
3,2387234283	0,5659507957
2,5160602185	0,3350456149
5,6854216620	-4,4687584904
3,9347345654	-4,3987344776
5,1981124329	-4,2829805843
4,9331451685	6,0289464106
5,6096007064	5,1291637672
4,1532355706	5,6122240138
5,3473790741	5,5670451750
5,6236222253	5,2262877570
5,0559530907	-4,8854923347
1,7075325183	0,2755551168
5,1422181938	-4,4816134784
3,1225160763	0,5016426744
5,4800766214	6,0208475175
4,8965103814	-4,6957237293
2,2148559300	0,2648250371
5,5423057662	5,7088670575
2,7951977280	0,7928099857
5,8313668114	-4,2331027653
2,4019233981	0,1598669645
6,7346020834	-4,1302605553
3,4492663086	-4,4706217423
5,4169970656	4,6740242425
6,9756596869	5,1403713736
1,2228052802	0,6913335077
7,0203188788	5,2188089659
5,6747672764	5,5024924350
5,1147899057	-4,3019795252
7,4123782115	5,8600788293
1,6553394163	0,0408385988
2,3189183209	0,4343697147
2,5555545332	0,8193707793
3,6220779621	-4,3079520465
5,5617478974	4,9734379962
4,4631247809	-4,4858450532
0,9326249016	0,3199218787
5,8100547244	4,9768530224
6,0781902326	5,4821567695
5,4845263889	5,1078692642
4,9447153433	-4,3660594488
1,5984679822	0,9665877170
5,9160929838	5,4181934687
6,5203296469	5,3457234626
6,2254391738	5,2390751435
3,1004064150	-0,1775033994
2,1641547429	-0,1202605122
1,4059839495	0,2955649746
1,8381282253	0,5119713941
7,2338254237	5,3584305385
4,7687802083	-5,2248721102
6,0372232147	-4,8939120530
5,9358250428	5,4933163632
5,8645279412	5,7153058320
1,7572556875	0,3648947423
1,8222877038	0,8301336225
5,5676849446	-4,5884948656
5,8720992131	-4,4409767678
1,4835710113	-0,0236461546
5,5216453162	-4,4175841637
3,2374519615	0,4536701905
5,1429959984	5,7228447087
5,5841804460	5,5074488452
4,2196017175	-5,5007051683
6,2776087998	-4,9374625065
6,2337781707	5,5418876829
5,7606961728	5,7175539427
4,2748765002	-4,9180258801
4,5902884468	5,2948118908
6,4979753893	5,5978006943
5,8069690920	6,1667712369
6,2465666637	5,6264145633
5,0914748305	5,8132751046
2,0871321171	0,3489594830
5,0462330913	-4,2733003315
4,3895098535	-4,1252160035
6,1102087485	5,0843402045
1,7936971215	0,4600444356
5,8156746836	5,5843836187
2,9165811580	-0,1303530762
1,2715287460	0,4711984801
5,5452657851	4,8618853994
0,9221334655	0,4930652293
5,1338074669	-4,5664960977
1,3844213310	0,3444875320
1,6414026000	1,2771546079
6,1398707029	4,6577570793
2,5815368092	0,6557365981
5,7746653678	-4,4807265715
5,4560118381	-3,9706063582
5,9107436224	5,6966929198
1,2649775647	0,8233404407
6,1819427258	-4,5876874436
4,4655581302	6,4360054946
6,2761732281	4,8399544019
5,3815437432	-4,4601320599
6,2761636401	4,8412275359
6,2320938362	5,0421136134
3,5127940910	-4,4418081615
5,3734798097	5,1704595233
1,3640730052	0,2787395209
6,4882371923	5,1964826276
5,8574152995	5,5290545872
5,2160880216	-3,6235663223
5,2599344241	4,6141726407
5,3259029257	5,6173313353
4,7865873360	-4,0308123829
4,3989308154	-4,2430895598
2,4089314583	0,6662019241
6,9405486580	5,3896974059
0,5982999971	1,4204455033
5,6794825691	-3,7782600583
5,0634253648	-4,7140477673
1,8820865380	1,0576708029
4,9251143125	-5,7677841744
6,4443960759	5,3132760621
4,7241925124	-3,6806582333
2,1730089139	0,9064924141
5,9495464986	5,7380077260
6,6766940100	5,2179725112
3,3126169209	0,4103764633
5,8344212251	5,2665179851
6,8378105118	5,6983039831
1,0768831299	0,4058376964
0,9385686518	0,2429381043
5,3193099837	-4,7961713020
5,2213169629	5,5207505854
5,3645209229	5,3808841027
3,0541010329	0,2635045509
1,7079382569	0,0096903373
5,3119422019	5,0381571741
5,8479723616	5,4928209614
1,4834124605	-0,4181737434
5,7815325762	6,0869151051
4,5737133460	5,7138244243
7,3480453313	5,8068218940
1,5065112501	0,1492054105
7,3515355570	5,3893047128
3,3784441769	-4,5250039486
1,7323138285	0,7082972211
4,5471380243	-4,9009007530
5,3846389459	-4,2836363147
4,5711493392	-4,8831623341
3,2837662202	0,0118985912
5,9757938283	5,4528648159
1,9708307427	0,9545233774
5,2722480695	4,5401955047
2,1500093520	0,2009683079
2,6351353508	0,7509219648
4,7147436650	-3,9458438758
5,1356992496	-5,0869904236
7,8381110850	5,5504170499
2,5936518269	0,1993960381
5,9475536905	5,5952087240
4,2233776880	5,8188215707
5,5925263203	6,2312547728
6,1491467833	4,8619729078
6,8941928917	5,8518604080
6,3609624201	5,7142530314
5,2394145663	-4,9120413643
2,5085064740	0,7071405574
6,3366482678	-4,3775332230
5,7126014306	5,9535988311
4,6814690190	-4,6900894789
1,9022512919	1,0160547751
3,2658976786	0,2288863710
2,1374413183	-0,1407089194
4,5747518647	-4,4330546461
5,5376607573	-3,4038340564
2,3374349627	-0,1602975693
6,4570149517	5,5525793834
0,3623878321	0,8534752723
1,7509467401	0,6523564027
1,4855517693	0,4729073258
4,1657523886	-4,3288649161
4,6427411812	-4,6686945258
2,2294983167	-0,0091447129
1,4293701876	0,4089457720
4,3888872062	-3,9284248628
5,8625048723	5,5155155268
5,1468328143	-4,8096386677
5,0365422200	-4,5429360360
0,5831256663	0,6977486622
5,1781244612	-4,6229600952
4,9247727587	-4,0883364500
4,2162415503	-4,4091923652
5,5275722855	-4,7050680520
2,1358350676	0,2408781602
4,6740915610	5,2823463662
0,5978122123	0,6654320608
4,7931517769	-3,6075329426
6,5029833663	-5,0157936881
5,7644875891	-4,1527870955
5,7109978686	6,8392471593
5,8004677915	4,9633273866
6,5460026615	6,8977010620
5,2217547175	-4,3991167165
6,0897578339	5,0940366465
2,6782362293	0,8710136042
2,8172574505	-0,0235577155
2,4114071528	1,3682297562
5,1072605589	-4,6282204861
2,7522039489	0,0638105217
5,3094129804	-4,1135903289
4,7978033262	-4,0896064805
4,7621039549	6,3949313296
6,2113455395	5,5667842380
5,9182408830	-4,4279931664
6,3532553787	5,7291599148
5,5789081747	-4,5121277959
2,2868329976	0,3348665395
4,9829107198	-5,3754071407
6,3151384538	6,3380834279
1,8023573493	0,1747471142
2,2794288988	1,2788584481
5,8732536156	4,8633981112
1,8142691278	1,3274968693
6,5829651202	5,3571117905
4,5424456692	-4,0509536613
5,0194803294	-4,2786892714
6,8921531924	5,3536031956
1,2553833075	0,7958638660
5,3892873842	5,5787494119
5,4439411152	-4,7234482520
5,7770518747	5,3212904209
1,0081404763	0,7776343862
5,3120700653	-4,6598345556
1,9128020141	0,8920924955
4,8296477998	4,6097826274
1,4934846909	-0,3612253053
1,1942746598	0,9882167008
7,4921249685	5,0924213280
5,2044147341	6,0011885391
4,1622307229	-4,9939841860
7,6606741151	4,6881963270
0,9258315752	0,0912566275
4,3147839709	-5,1574635052
1,4387286023	-0,4763324160
7,7262787431	5,0504097424
4,9880052767	-4,3176578822
6,8157990421	5,4941702166
2,0060168576	0,3022924487
4,4811600398	-5,4945399218
7,1322791978	4,8798215580
6,8192842477	6,1871154517
6,1722033325	5,3377242064
5,2720528629	5,4324176573
2,7005128560	0,6013455307
2,1111800673	0,0113456551
1,9575249397	0,5460902147
2,4605171299	0,1750016138
6,2538496151	4,5826627563
2,1915269867	0,6990471463
5,5372788974	6,1673613344
2,1326783867	-0,3537252047
2,7118637305	1,0409118961
2,2354389185	0,3593794389
4,0249379477	-4,4574796286
6,3846068000	5,2471669174
1,3580408784	0,9696356817
2,7225427160	1,1579184186
5,0371393246	6,1403103665
5,7411937929	-4,1808982795
6,1900601088	5,9425515945
1,8207985841	0,6393046755
4,3980561897	-4,5580333670
2,9114182605	0,3611270015
1,0375649949	0,0194624214
6,0734023322	5,5183873318
0,7476848316	0,5638950909
4,0644837910	-4,0762955132
5,1685849913	-4,5308267915
5,0051098668	-4,5613574991
4,2143732201	-4,7401514671
4,0239877441	-4,2442810809
3,3883389082	-3,9152716197
4,9347635385	5,9043508702
1,5345579245	1,0037011351
7,9353677809	5,5710242103
0,8191987691	-0,0814876431
2,5790274706	0,3281612667
3,9443310021	-4,0578010083
4,2625564885	-5,1866318751
1,5585773341	0,2487761120
4,6792311772	-4,4540135811
4,8878417716	-4,0950273235
3,4328454574	-4,0868250160
1,5036933161	0,2903846315
5,1605280610	4,9964431079
4,7072780939	-4,4000356918
5,2385160547	-4,9206716116
2,5679045965	1,0603884105
4,3670183680	-5,1247505144
1,1738041569	1,1330296567
5,0224285817	-4,6614044844
2,8279417800	0,7094537297
5,7499217784	-4,5370681683
6,1596240425	5,0682746907
6,1110718351	5,6602844140
5,5614910399	-4,0671057252
1,8153094591	0,4207148559
1,1941578164	0,6437901517
4,3590289023	-4,7803253071
3,9141464260	-4,8706559444
1,9272692593	-0,2990085884
6,1293060561	4,8320178750
1,6051611058	0,8034913127
6,6375748195	6,0364448689
5,5209503051	-4,6277535452
2,0214900542	0,5390818877
5,2108468627	-3,9349392859
4,9387015137	-3,9972880028
6,1050768005	5,7691048819
5,6928695444	-5,0786929409
5,4455334236	6,6435668448
5,1259002853	-3,8904778043
5,0821752440	-4,8227925744
5,0796199219	-3,8783478035
7,2048624908	5,4248866198
4,8654123781	-4,3082071522
5,9802893139	5,9671172893
6,1473565519	5,1655471149
4,9449522334	5,2592986652
4,5928646375	-4,1879760378
1,0307552176	0,4750279830
6,1763681377	5,4805722221
1,4952019118	0,8305387850
5,7526989088	-4,8727965903
5,7024987664	-3,6055307216
5,4788185046	5,5870423006
5,7538524492	5,6034610863
2,4823222883	0,2673541605
1,3612533275	0,5937960883
1,9474191396	0,7641778400
5,4212526151	-4,8492807231
5,6027836840	-4,3459344335
5,7328935075	6,0534464450
2,9396703368	0,7861593466
5,8677014368	-4,3996760327
1,8593982635	0,6986092794
5,1760433173	4,7373873042
1,4385772872	0,7514198622
6,2901460452	5,9975583230
2,4384031103	0,7787191710
4,5276566483	-4,3955597728
4,8336404663	-4,3887689131
5,2950252274	-4,3527059401
6,4870271505	5,6260910604
6,4675919729	5,6778012746
6,5915688504	5,4958344002
3,3848347455	0,9877426514
5,7608858109	5,4762620205
5,7371162908	5,9335538159
4,9580256326	-5,2068244718
5,8396398722	-4,4044290257
6,1294757443	5,7862606297
5,3366317188	-4,3543710322
6,0804117155	5,7867914785
5,2046889103	-4,6647145271
2,8685889247	0,1057051306
7,4000370771	5,7261270603
3,6740995819	0,4792101893
2,0465883829	0,1389833105
2,3318114264	0,3129094353
6,0027797955	5,6825856061
5,9075774362	5,5022382789
6,1468566082	4,7408762474
6,1126516704	5,7521230667
5,2016405937	6,1011484855
5,0607985783	-4,3334804876
5,4040557192	-4,3849901100
6,2938827316	5,6026132155
2,0790252299	0,5350728475
6,2495620526	4,6003243320
5,4679767455	-4,4527282032
2,1942459552	1,0257613281
6,0126719308	5,5620160841
4,3353507484	-4,6846448239
2,5333786724	0,2161563328
5,1881043249	5,4848533405
5,2415784300	-4,6814981351
7,4836006268	5,4411320424
4,7913474925	-5,2460142632
5,2830587237	-5,2316573310
3,4337713791	1,0654964139
4,9374618371	-4,5077751878
4,3118578332	-4,6431464547
4,6367052270	-5,5490414565
5,2028858200	-4,5054041625
5,0622614109	-4,0165300115
5,7537196337	-3,9242251863
4,4265949379	-4,2103671825
5,7906751577	-4,1243119311
4,6562275992	-4,1209117912
6,2254993453	-4,0469989645
1,9886160496	0,5392636293
4,9906539359	-3,7538266393
5,1037269450	-4,0364814396
5,5131797203	-4,1355353307
1,9898817143	-0,0185927525
5,3213559688	5,4381655935
2,4302124902	1,1077394398
1,1682566551	1,2537268214
4,9346810203	-4,6798104305
2,7811427663	0,4627862605
4,5298139865	-5,4165454788
5,7599445313	5,7723892951
4,9958019678	-4,8400474612
2,9499719389	1,2040116374
4,6778656113	-4,3425167899
4,7381336483	-4,1445114904
4,9142914546	-5,0405778455
5,8203871739	-4,5741557756
3,8158965801	0,2903435512
1,2387566163	0,3858602819
5,3658242225	6,5307204743
1,5492370162	0,3638432658
6,7280271597	5,6875296609
6,0812877148	5,5753032028
4,6808031135	-4,9663764257
6,0973994577	5,8769957858
1,7953126508	0,2765333129
5,4648532402	-3,9947738811
1,4920357283	0,4986190500
6,5555315357	5,1408591247
5,1445930537	-5,5574851571
1,5210649452	0,0337375073
0,3623689427	0,3815889607
5,9397145695	-4,9621599711
6,4368680738	6,2071596814
4,7033203783	-4,3300560096
5,4180109030	-5,1421978170
6,9959149072	5,4625884605
5,2545371512	6,0389473683
5,5913255908	-5,1363517809
4,7513667197	-4,0355241411
3,5034073096	-4,6388466548
2,4387224983	0,6517691941
5,8338206021	5,2275868746
6,2877231430	5,7456964587
4,4694812008	-5,2151517414
5,4901452968	-5,1674587605
5,3177838311	5,6997437999
6,4858608518	5,2764473810
5,0354182517	5,1966933795
5,0546290334	-4,1878785640
5,5618232792	-3,5758607950
1,7718570243	0,9735785669
1,0410936993	1,9445486701
2,6875672382	1,5843895382
6,4147912735	4,8007331529
4,1108838790	6,2757021120
4,8117781869	-4,6814579222
5,6566577854	-4,0010956528
2,6197379617	0,1451433725
5,2210162219	-5,1945492867
2,9514743655	-0,3009001854
5,5204576721	5,3582797045
6,8670530651	5,9303119677
2,1424264398	-0,6693156129
2,8987143761	0,2422762406
6,9114276896	5,6741916967
6,1187208061	3,9106109964
5,4861165992	-4,5294410418
2,6124330562	-0,0275614590
6,5814971401	4,8856032824
5,0292123959	-4,9610537979
2,1284558884	-0,2294436943
4,9993440740	-4,6043339194
4,8926084645	6,1075073805
2,1201089727	0,5653797535
1,7966434335	0,2562877441
4,9530611284	-4,2137865514
6,1652277706	6,1792113057
2,1271587383	0,4498119102
1,3840130114	0,1894956807
6,4149110660	5,9877706443
6,3707525148	-4,4785701283
2,0368230372	0,3343887388
4,5026166485	-4,5563330836
5,6622103703	5,2729787602
6,8420807991	4,6025571831
5,8529021772	5,5003428437
1,8562108291	0,8467158524
5,8238640529	6,4317345259
4,7318362956	-4,0775747607
7,2629285937	5,1763128701
1,8294505308	0,4101246104
3,3549659156	-0,1454544906
1,6562130815	0,3354970320
4,8491672447	-4,5676605083
2,1477312585	-0,3681513710
4,6623976221	-4,0454841524
4,6053911775	-4,4121446217
5,4846047143	-3,7608432820
5,7025873506	5,6420897036
2,7325044421	-0,8594432847
2,3981970292	0,7939131716
3,8763515924	-4,5242125601
2,0490166657	0,2498031902
6,4914494442	5,5578488023
6,3223669954	5,6988514859
5,3214526738	-4,6259178797
2,7042744010	0,8215371726
5,3083679753	-3,5009082899
5,0308612329	-3,6531198029
4,0175512077	-4,6021859475
5,0277190461	5,8312263244
1,8635570474	0,5322026309
2,5884600617	0,6719166902
6,6429359673	4,9080283407
5,0675679811	-4,6170078803
1,9608794143	1,2234158886
4,7353327126	-4,8772852362
4,1263665460	-3,7834960460
1,7788774302	0,7564496624
2,3818702786	0,2075857946
2,4854233265	0,7419789906
6,4601814667	5,6087341352
5,4016724507	-4,4437744770
4,7646173087	5,8600764486
2,0447574064	0,1226216932
2,4167563505	0,6418542086
4,8011784891	-4,8043680804
1,5475750953	-0,4547491197
3,6034629605	0,9550582739
5,1770034603	-4,7788246529
5,7812327467	-5,2160901465
2,2726571759	0,2366516712
4,3840980995	5,6247972011
6,5866914531	-4,2631267262
6,5592902475	5,0482499060
0,3920569515	0,6501030376
2,4166204612	0,9037460700
6,2263985555	4,9842484174
2,0505852301	0,8365072992
3,4736744080	-5,2609932698
4,8736820748	-3,2023659880
1,6625214177	0,1614797895
6,3921129517	5,7815470169
4,6391273506	-4,6082806026
5,7494747141	5,9154041972
1,4787965720	0,3622585124
6,0229862327	5,3921601016
1,7170152761	1,1641094564
2,1196639655	1,1125114537
5,7127457843	5,3480970736
5,5170032140	-3,7789258056
6,4532836319	5,6448734124
4,9817876553	-4,6170211970
1,9529224315	0,4141211966
1,1451982861	0,8016959036
6,4642295850	5,8999212776
5,4035446202	-4,6912452698
4,8404949264	-4,2166455924
6,4210662227	4,8767981525
1,3225249669	0,1322623494
5,6455538684	5,5899949311
4,2446589641	-5,1335406388
1,9360279496	0,0461522097
2,6978973585	-0,0873801906
2,2198813364	-1,0488322961
2,1202497902	0,5746090444
4,4782703368	5,5027731284
6,3365879081	4,5343735483
6,2871159860	5,8202767072
5,1894674865	5,9651199655
5,2194024654	6,0800636283
5,1889307918	6,1851199795
2,8080229204	1,2211416229
5,2946803822	-4,8450431414
4,8945364362	-4,3708300146
3,8375892401	-4,7261874445
1,8165245332	-0,1024605990
1,9724378550	1,2725049019
1,6362665870	0,8731848491
4,7200022502	-4,7892705940
4,4702909693	-4,7086167981
4,0962421139	-4,5851814831
5,6963222528	5,7354462863
3,2736982698	0,1828848909
2,5160699498	1,2727594329
6,4917795097	5,4011402178
5,8044856267	-4,5226736931
2,3698740962	0,8939701316
4,8602178590	-3,7073079083
5,6097494332	-4,0716973331
5,9611801532	6,4921752568
1,8728583074	-0,2319789164
6,4488140607	5,4906745875
6,1336739484	4,8364667731
3,0288834063	0,2770890900
6,2400273138	5,9285929604
4,6899738364	-4,1959418457
3,9967808628	-4,3375893723
2,7520327778	0,3491534474
2,0993103240	1,2591710706
4,9054135549	-4,5502791068
5,7817310415	5,9915983949
2,9918336227	-4,0970583908
1,2613497090	0,8378978395
2,5643915828	0,8961133285
0,9342594264	1,1466240756
5,2830427935	6,0069352906
3,8688897082	-2,8913557245
5,4198217919	5,2426137317
2,8532962371	-0,0530787444
5,4144400898	6,0167322580
5,7633707493	5,8189512026
1,0748986731	1,1641128638
6,6581743933	5,3886208852
6,6314191501	5,6369653941
6,7497262452	5,2160910055
0,9112957962	0,4364072247
4,8212125209	5,7993296817
7,0444739679	5,4953132381
1,8307134878	0,8056690584
2,8734677905	0,7921016560
6,4929572466	5,9562524203
2,2272407014	0,3637453321
6,6886838243	5,5468694992
5,4190255422	-3,5813062245
5,5678514823	5,8899972839
3,8026393224	0,4488766601
2,7293784053	0,2483908431
5,5880452996	5,9570750611
1,9885394015	0,1298217217
5,8164799122	-4,7235227180
2,3982383860	-0,1352835484
6,1463345326	5,6006054800
5,8956310498	-4,3879899782
2,9894790201	0,3772880605
5,5804525027	5,6285705671
7,3116902103	5,5609492641
2,8785419259	0,3313963506
2,4616633305	0,6031748678
5,0068915650	-4,5318862195
1,7453533698	0,9832943004
1,9396447165	0,6849333324
5,3027740983	-4,0326226077
5,9702926853	5,0719119452
4,5458534317	-5,0617372436
1,2224811662	1,1593068207
5,1871243515	-4,3215576996
6,7938503110	5,8248549298
5,9766382832	4,5617154005
1,4616425097	0,7005618396
6,4471813193	5,2036907258
4,9227119039	-5,0632555539
6,1148746874	5,7178158100
5,0406972358	5,7956839939
2,4549599900	-0,0037072619
5,2949126858	-4,9797271227
5,6919850902	5,1634572380
4,5542492633	-3,8596580344
4,6033921748	-4,4047564887
1,2005814400	0,8311783491
5,3429931408	5,1679566949
6,8605567840	5,4288002745
6,3863573910	4,3315089653
1,6385256308	0,4324727286
2,3769446402	-0,0088709592
5,6613056703	5,0839776567
5,6502830065	-4,8136150669
1,9166982624	1,2940734573
1,9758954686	0,0837814227
5,1401968090	5,5466840865
5,8353114102	5,6942197774
4,8037829557	-5,0120390454
6,2713228570	5,9207465490
2,9721917550	1,2581212421
0,5273876152	0,6545794724
5,3762000869	5,2494021401
4,7162074147	-5,1770532457
4,2791329849	-4,4870382107
6,1020249269	6,0152543404
5,2402258482	5,4596935793
5,8959296115	5,6273166365
3,0829597136	0,1790989517
2,3839660173	0,8314126715
1,4879696308	0,3974611443
2,1193093145	0,2022639738
6,9448214204	5,2238701972
4,8599235743	-4,8809379014
6,1770024515	5,5736893384
6,8623740598	6,0914010781
4,8382633100	-4,2378943563
4,5430923899	6,0938067323
4,2723311832	-4,0466997829
1,1282350218	0,4727875399
4,0181584464	-4,3877606289
2,9295022519	0,6934689254
6,4889503354	6,2229518305
4,3024722770	-4,6228989488
7,0042766132	4,7521596657
4,7861276237	6,1798812079
4,2596216201	-5,0246314281
5,2519732811	-4,2739261747
5,3144185133	5,9072086095
5,5293425338	-3,9092982366
2,5136609640	0,6708701427
5,5390881364	-4,7641243346
4,6120235849	-4,6594866460
7,0521838683	5,9336924671
4,4830082653	-4,2211154871
1,9414114222	0,0729930331
5,3986118084	-4,3823159155
4,3777693974	-4,4730914155
2,1099243670	1,1078015155
4,9421474341	-4,1155263048
4,8593075651	5,9661047546
4,8967297032	-3,6254114243
5,7313585433	4,6660180545
1,4632222750	0,1068232718
5,8308406580	-4,9469280845
4,4872840277	-4,8471144900
0,8767953143	0,2248768741
4,9995860178	5,0174464597
2,0818183004	0,2752820297
5,0194672022	4,9859538264
6,3540634784	-3,9515580147
5,6738110485	6,0992159374
4,9054454293	3,9872614519
5,6537368524	4,6972176640
4,4678280727	-3,8172450399
5,2189090719	-4,3108969898
6,7453199594	5,3061582848
0,7709560185	-0,0780455249
5,6065386875	-4,3286449039
6,7420818260	6,0665586483
5,8887771427	5,2326542168
6,3264001388	5,3765216774
1,6286250796	0,2702271144
5,8615076479	5,8607209890
7,5628561550	4,3751008012
0,8879890152	0,9693448666
2,4993133672	0,2191316689
6,0104804533	-5,3375016254
3,0125829026	0,6626383851
6,0093608774	5,7412395778
4,8531414511	-4,4342003763
4,7181506923	-4,2326231903
5,6914981815	6,1966765923
6,0419849150	5,6378387021
5,4375921038	5,7397198515
5,7554833603	5,8421816542
1,9643334179	0,3245614038
4,0104649438	-5,2656809087
5,6623198942	-4,8536635801
2,5073020375	0,7332187534
6,6862057515	5,0873528860
4,9006126934	-4,3361753563
6,8997392676	5,2055313416
2,2629035854	1,2892392543
5,7810522393	6,2223277789
4,1819823905	-4,8691990016
1,7909299464	0,2567769522
5,3212593621	-5,3720308735
2,5654737251	1,3705381753
1,7910258458	0,6470580526
4,0752707262	-3,9361639983
6,2805858565	5,8460256885
1,7504294806	0,9616475494
5,6002320850	5,3468775334
7,0917230683	5,4828618765
4,1717166774	-5,2754189017
2,4647210447	0,3856802969
3,5710322401	0,3534335362
2,4271296269	0,1636000866
2,0353408906	0,6863850184
0,5726626248	-0,2566938290
4,4964424197	-5,0714599241
5,1504855871	-4,5535276861
-0,1230965685	1,1777775420
0,8365359879	0,2798157085
5,8696314882	-4,2821565799
1,3144647448	-0,4372502680
5,9064031307	-4,4191504408
6,0551370483	6,1071179633
1,2399490790	0,9193733706
2,3686424269	-0,2722574361
3,5328978423	-0,0183602790
1,3240019741	1,2067735859
4,9195564642	-3,3374219534
4,5246183125	4,8329110627
5,7354281376	5,7460036965
2,2948165614	0,2323670656
4,8264552606	-4,7216582886
5,9061554812	5,7108061431
3,0870031648	-4,9693961046
5,1328079283	-4,5693967264
5,2988785726	-3,1654806356
5,2562413697	5,6862587909
4,6681666567	-4,5446951309
5,7784066039	5,8743623884
6,6562456696	6,2823289771
5,2532026458	-4,0660028913
5,2571212032	4,8859377859
5,5122151646	-4,7133005094
6,6484359690	5,0529232100
1,7034532589	-0,4148425732
5,1468830707	-4,9074613743
1,1806685013	1,2120872208
2,5418639868	0,3534832144
6,7023362602	5,7222335809
2,4282469937	0,6430568723
1,7355844618	0,4656318817
1,6958372635	-0,0362094770
5,5760104397	-4,7941067079
5,7281230303	-4,0713507527
6,9327250103	5,6850338548
4,2101006799	-5,3372664840
5,3648996113	-5,0298512599
4,8732970700	-4,3736263174
2,0502856545	0,4127584538
5,3504669270	5,1657352413
3,8065306331	-5,3656019195
3,0563104383	1,0997401956
2,2688107136	1,1133695556
3,5166835432	-0,0636334379
3,5909758457	-4,1340231676
5,0120754304	5,6820210277
6,1222302564	5,7112044538
5,2017760153	5,8054955177
2,1917150621	0,4266576440
5,7466924017	-4,2575419889
5,0848211173	5,8117429945
6,1729256915	5,2110062981
6,0586869559	-4,3820660248
0,5848814949	1,0737574543
4,8424680618	6,3608293833
4,4505834670	-3,9542113787
5,8006058125	5,0923120985
1,7959718766	0,6722986441
0,8108924051	-0,0383657228
1,9511745362	1,0020665304
6,2716906950	5,4999156100
5,4164205164	-4,7237172136
7,1552837974	5,8109111472
5,8664847833	5,9961790089
2,0852527244	0,7237676234
1,9203624778	0,5079487233
5,3259526733	-4,9499005122
2,1103745540	1,2567621154
3,2878596739	-0,2210961106
1,5751801433	0,4346202015
4,3414480023	-4,4968310599
5,1066877998	5,9553941094
5,4268766255	-4,9026069119
4,2815983639	5,8793428663
5,5733070294	-4,6894730579
2,4299229090	0,4779241358
2,2178938575	0,9737130736
4,4605698955	-4,7394759206
5,6317630747	5,3236952793
5,1629507837	-4,6940643913
2,3786299481	0,7037921614
6,4261450026	5,5076588259
3,1491558270	-0,1877175391
6,8616183292	5,7073252025
4,7649881984	-4,3566840645
4,4978984624	-5,0293780994
6,3469988141	5,7042536737
1,8036793378	0,5402781149
2,2307197149	0,0693183814
0,5708895179	0,7003002711
2,0345325211	0,0968247908
6,1791972524	-4,8361664072
5,0674957743	-3,9304269662
0,5457825382	0,8103768881
5,6866191537	5,3265542221
6,5572910217	5,4502748894
6,2660943597	5,7206131049
5,9615141755	5,6219399006
2,5053680524	1,4390646041
2,9206062668	-0,2938914965
5,5082802314	-4,6100458418
5,2644343591	5,3815971713
2,0191295070	0,4563248371
1,8110117861	-0,2162969454
5,3470418517	-3,8377670132
2,6213489706	-0,3359109205
1,9868449542	1,0089025614
5,2885170581	5,7122827132
3,1924795278	1,2300757697
5,8877890403	-4,1708753393
5,1868648795	-4,5551935271
2,4551428278	0,0493785034
5,4930667311	-4,6349173799
5,0402945566	5,1194547575
4,8060533296	-5,0257028631
5,0190764075	-4,5423514819
6,6461040742	-4,5928622336
2,2626169695	0,1185941132
5,4605655935	5,5511051107
5,6630724756	-4,6154110010
6,5584794012	-4,2688752615
1,0194156749	0,0348884715
4,9926755198	-4,4307910280
5,5760764727	5,7927034263
4,2623654578	-4,7308961925
3,0224118280	0,7875603583
7,0058869851	5,8034523786
4,3104876313	-4,1851552787
2,4364685937	0,7659397508
6,3797109517	6,2624109582
3,1783459493	-4,6853262696
3,8961280026	-4,6457727329
6,3731767939	4,9203517659
2,5922743881	0,5760496101
6,1571631064	5,8683321854
4,7620352862	5,6382255265
1,6565342281	0,8993566066
2,8576418632	0,3680511414
4,0178575592	-3,8292368661
3,5297101391	-0,5112479262
2,3626754655	-0,4726577211
2,7336845370	-0,0702634412
6,5326631497	5,7738283960
3,3068524176	-4,2152486650
5,3005377062	4,9724584395
6,0584679757	5,9334269209
2,1966328450	0,1421839713
6,6447646008	5,7118312940
2,7327344565	0,5885079423
6,5653024008	5,2703002519
5,9656918412	5,6219367047
5,2005794045	-4,4963465198
5,5050840484	5,5240031216
4,2968561562	-4,6546313089
5,5933513717	-4,7678313646
4,2186150949	-5,2827577114
5,8059453949	5,5289886239
1,7003110253	0,7458251604
7,6916580786	5,6692264432
5,6096474631	5,7603726862
1,9934291065	0,8333861069
7,2996152683	4,9703205356
2,0005781209	0,9240288472
2,5672924557	0,1489599101
4,8443220163	-3,7633132809
5,7423368348	5,6946582520
6,0837707403	5,1166416614
0,9103232871	-0,2704378378
5,2451112695	-3,7001271780
4,9375634839	5,4958270097
0,9226877746	-0,2366129207
1,7939420253	0,3058656052
6,0605153208	5,5317841085
6,5657756667	6,0969255319
5,2648414232	5,3586499864
5,3137057764	5,7207946854
0,9766845450	0,2800573256
4,4236893105	-4,5635090571
6,6360167367	-4,2658905189
4,9410239923	-5,4058755986
3,4935212965	0,7775066317
7,5328730501	5,8394282284
5,6242714350	5,6666217594
4,0235754303	-4,0325311906
5,5060405131	-4,5144094141
4,4910201532	-5,3395757322
1,8751345129	1,1131227853
3,8298569051	-4,4834534514
7,5736481059	5,0852761898
1,2906687328	1,0867809713
4,1190306600	-4,4002204336
4,6596650238	-4,8278158639
4,2766029394	-4,5165936469
6,1900114000	4,8366375877
3,0843356578	0,2641430214
4,5548333032	-4,4643865495
6,4713570233	5,4211528513
5,7315152066	-4,0969200271
3,0597467138	-0,2740700359
7,0187793437	6,4657877498
5,0164894212	-5,4324169957
5,0280351817	-5,2560275928
1,9621505876	-0,2487773053
3,2076202239	0,0807737100
5,7194237516	-3,8957341051
5,9850801213	4,8674412328
4,8115225793	-4,8582336164
5,5226169897	-4,1380173359
4,9191790626	5,5148683302
2,0316331541	0,6707033977
6,9545564902	5,4645707887
4,9744089225	-3,9570226542
1,7342255547	0,2125458815
2,0031657477	0,6398111620
5,3519092976	-4,8591400203
6,4153408874	5,1078263585
3,3606096970	0,5914949239
5,8474347858	5,8483569652
4,7899814523	-4,4811032711
5,0787273045	-4,2956054683
4,5190093755	-3,9166634031
6,4805393762	5,6420204115
7,5314561335	5,0493861601
5,9379335300	5,6270053312
5,0278626113	-4,3504067446
4,0799566505	5,5787840898
5,5729208684	5,5871160791
5,7972347977	5,7338304567
6,4310723050	5,4643372409
0,8825232959	0,8471351669
5,9784328123	5,8863535190
5,1755309755	-4,2667591341
5,8509989971	-3,5295569686
7,0223489062	5,9633852119
4,6893126845	4,9096133426
6,1318676108	5,8986817889
4,4525200467	-4,5835876530
4,8144184815	-4,0948102213
1,5437147300	0,6332506317
4,3286187851	-3,9814187954
6,0287837085	-4,8083935192
6,0089985434	4,9608922125
1,6558596767	1,1393509549
1,4703139753	0,5197081429
3,1808802178	0,5758655589
1,9467225433	-0,6299551332
4,3637140413	-4,5981054715
5,4969389132	6,3138754281
1,0138442585	0,0523307335
1,5801518052	0,6901003721
5,6424740308	5,4855945857
6,3640894870	5,4451274584
5,4973852075	5,6781028036
1,9741007725	0,4491900068
5,3909055774	-4,1234482014
2,4389156428	0,1330419537
6,1844914080	5,0894316993
1,4482408801	-0,2020774308
5,0930102871	-4,4384570029
6,7584540052	6,1990048625
4,9715520096	-4,7354016531
4,9843548959	-4,4467481313
5,9136498244	5,4072242631
5,1678877473	-4,8990064876
0,6833228445	0,1669829230
1,5726404031	0,6199663007
7,2005543535	5,1105255221
1,5235367565	0,7886590846
5,6115454932	-4,9110864814
2,7225508334	1,2855184588
3,9994531023	0,8426125363
3,0938662570	0,0187894091
4,2976483619	-4,9694955913
4,1197825768	-4,1166996502
5,3031557549	5,4867074567
1,9105328612	0,5185400385
2,6755149090	0,3188469864
5,6843404809	-4,5651131451
4,3112334977	-4,4575310488
1,7503023012	0,5907042105
1,9397107574	0,3005588908
2,0449826690	0,1956731431
4,3896832164	-4,3227683354
5,4579569662	-4,6688521956
3,0625099793	0,2678069015
5,7076940127	5,1699414985
3,0419493486	0,5032884729
3,6562204693	-4,8805171516
2,1717524452	0,7987692162
4,6728975572	-4,3022581383
4,7463307353	-4,8470318561
2,5226414804	1,1030721394
4,3569785188	-5,0489248645
6,1249389977	5,4445186632
5,4129747246	5,3743808840
1,7167031551	0,5577827280
6,7145190340	6,2194809288
4,9968278084	-4,1013684178
4,7386613608	-5,1613646077
2,3464948790	-0,0179190025
1,4034915761	0,4948487387
4,9666500083	5,2155416541
6,1891109906	5,6716500743
6,1829629705	6,3154632738
4,0614728306	-4,5552812381
7,1562116605	5,2376372257
5,1704448668	-5,0978396107
5,8646932388	5,6767646242
6,8551521500	5,3305733973
5,6075096450	-4,3302369788
6,3870867185	5,1330072241
4,8044427007	6,4344582084
5,1455571444	5,4824277140
4,6095473557	-4,0095090882
4,5123246954	-4,5043291076
4,8548937775	6,0285580757
4,7465592632	-4,0373192801
5,8762167666	-4,3055965123
5,6580628313	4,8831334875
2,0239722838	0,6964377814
1,6669908390	0,0028839804
5,9024800182	-5,1987606815
6,1780366301	5,6694938840
6,1169215858	5,1990849536
5,8129821989	6,5707630051
4,5604357320	-4,2401446234
4,2058129534	-4,9943888590
6,4555138925	4,8152325699
4,3113992985	-4,3288709744
2,7008640118	0,1984047190
5,9512625416	-3,9909549064
0,9561625986	0,7741910967
5,4864311143	-4,8639575975
3,8858352766	-4,8757389618
0,9277984601	-0,2011709439
2,2174300505	0,7585346110
1,0344789940	0,7525904292
1,5390365092	0,2445810317
6,3402506736	5,9631158628
3,1911774192	0,2084119604
5,6058260915	-4,5777851851
5,0704377458	-4,2115615392
0,3849370466	0,2624265452
6,0426396200	4,7607447205
7,7398139846	5,5783293968
4,1906945647	-4,7992726001
5,0744211033	-4,0710662630
4,5001040937	-5,2551955457
0,9306476932	-0,5329963256
6,2231509783	5,2907992930
5,4843595513	6,1107871512
3,6504709580	-4,8178125279
2,2621698852	0,3023342324
3,6362850321	0,0731411750
6,4910437217	5,4714002372
2,6211348010	0,1837490436
5,0324290812	-4,4476573392
5,7428860275	5,2149758577
5,1361526246	-4,6203877699
1,7535747232	0,7420378387
5,3684464311	-3,9512170624
4,5866957852	-4,3865069221
4,5944336630	-4,5192178648
6,0680398523	-4,1888376743
4,3808920530	-4,6710621023
1,6704336494	0,5361288658
1,7145878156	0,3562277993
2,1995352895	0,3029251425
6,9212599229	5,6066454634
5,0343447284	-4,1843205053
5,8188608960	5,0675495521
1,3148500999	0,5025489300
5,5415891534	-4,5879666772
6,3733823181	-4,4960175408
1,7778153596	1,5048326255
7,2103987287	5,1301012123
2,2362772808	0,4956994222
5,0522718332	5,2096347553
3,5869300703	-3,9071215160
1,9095179572	1,2070180767
7,7443497403	5,5691953188
6,2737603501	5,9618816433
6,1122172159	5,6297973223
4,5861756977	-4,2656949147
4,0289950233	0,6302471448
5,2765621574	5,3476328630
1,9425635469	-0,0087082026
3,5217019002	1,0254507468
5,2086824099	-4,6714883092
1,8458864271	0,9119815654
5,6744859169	5,3968622537
4,2592974138	-4,4436833887
5,4635727391	5,2063407293
2,1432704759	-0,2260860554
6,2628459385	4,7568257069
3,6947258413	1,2504657067
1,3229395469	0,6636990499
5,6246157572	-4,0907043223
6,5366582573	4,3443243135
5,8532110742	5,0511304643
1,6037989725	1,2635490360
4,2294216600	-4,3451494085
5,1229718936	5,1901728030
5,0248910900	-4,4602090607
5,7078431127	6,0590517390
5,6681617335	5,9945125431
4,9445222558	6,7192557444
4,2468086228	-5,4064384150
1,6774832027	0,4440565070
2,0717208839	0,2847331474
6,5715093482	5,5128184177
2,0597092608	0,3773916544
2,5736038015	0,5440109563
6,9054850004	5,5628903556
6,5787291199	5,3689264773
3,9499403361	-4,6443997226
3,8849622146	-4,7329194339
4,1888026114	-4,4034278042
5,4313517971	-4,1209819255
4,3385482443	-4,6495615836
1,9433339533	0,8373875849
6,2877448451	5,7670365628
2,2433039808	-0,1703153555
2,1651291595	0,8082886443
4,2952943014	-4,4442610172
6,0173061546	-3,9453738614
2,6070487290	0,7110329150
2,3784540840	0,6197059278
3,8468094759	-3,8778806396
3,7563755215	5,1695849549
2,3466528657	0,9964211994
4,2481221429	-4,7171367110
1,9409726334	-0,2578226955
2,4576051764	0,4121092006
3,2674021654	-4,3247560867
6,4218219816	5,1886637424
6,5933019811	5,6791350778
4,0628502603	-4,9630701761
6,4784610508	-4,0227730234
4,4812382096	-4,5375697439
2,5931121305	0,7727338946
2,0221513381	1,0283964756
6,0342926346	5,7006032658
5,5750673033	-4,4016035406
6,2330004698	6,0816221498
5,8702817195	-4,4717797380
6,2697763375	5,5322981401
5,8423664354	5,4786493465
1,4023175783	0,0440304237
5,7328012832	-4,9788342212
5,4380756617	-4,6673100340
5,4171716206	5,7396242567
4,7149609655	-4,3443937151
4,6904344279	-4,6697532961
4,3090568190	-3,7863538382
4,5256423764	-4,7182318675
5,6119869402	-4,2860832493
6,0076501306	-4,1324822397
7,1898972518	6,2324684125
5,9720153976	6,3603803885
6,6899384004	5,8358717496
5,1651347433	6,3403794040
5,2400947597	5,7509136614
5,6448990834	5,2136377447
7,1548705063	6,5496190972
4,7524587144	-4,0653591526
4,8046655363	-4,6253778324
6,3977701983	5,5792797322
0,8934600153	0,2088288586
4,4912653428	-4,9030336406
5,0020196312	5,2351449202
7,2051667908	4,9932814101
1,6941525354	-0,2021303651
1,5601313691	0,4744642996
5,4288646113	5,2767226700
4,9872086794	-4,2894204041
2,4919711982	0,0027751302
1,9444105366	-0,0951563491
5,7397789494	5,0794984735
4,3954530418	-4,2164820791
5,0768788840	-5,2975370385
5,0538874810	4,9530686387
2,6855856065	0,2191073744
7,1562419773	5,1171958582
2,8070897546	0,3450062071
6,9968847120	5,5026219043
5,9242615843	5,6913697159
5,2059661437	-4,7181718545
5,2561489388	-5,3306231623
1,5577400332	0,1840027891
3,0471645812	1,4705629287
2,7447429686	-0,1556708176
6,7414901597	5,0274268278
2,8890302147	-3,8257097363
5,6971442434	5,5076257657
4,7125293647	-4,4238189377
3,1058695041	0,7682242859
6,5348521737	5,1903972948
1,9178029223	0,7707024482
4,9843717344	5,6254403844
2,2285394762	1,0830908820
6,6921851845	5,4961439687
4,7835790227	-3,8217697000
2,3671946994	0,7412393484
5,4539763145	5,8169579924
1,4184089351	0,6847423236
5,6493837607	-4,2573714999
6,3051035774	-4,3737100837
4,0984374499	-4,7700800841
4,5586094476	-4,0349028293
6,0333865577	5,5926395818
1,3775915315	0,1005236689
7,2755230488	5,2615087839
6,9246363600	5,5098257281
1,4050588650	0,8755214527
6,4949928415	5,2213628286
5,9623802963	-4,0844013154
6,4471040180	6,2369037042
2,1376423875	-0,6201175794
7,0836457392	-5,2436096113
3,2661504345	0,5033336228
1,9763873250	-0,6024093957
3,6679960735	0,7235966460
3,0989471117	0,7108562512
5,5423092827	-4,5268798668
1,8358666958	0,4198221843
4,2081189035	-4,7943832402
4,7073529021	-4,4878516728
3,3118353563	1,2500151388
2,1303746181	0,7583904205
4,9531158785	5,0192443579
5,5458171252	-4,0253613047
5,6420197491	-4,5652671100
2,3667904057	0,2327217867
3,7040748201	-3,9532232635
5,2362164108	-5,2245462907
4,6395093134	-3,4261522498
5,1774250767	5,3367029478
4,8729696354	-3,9832667266
6,9857527215	4,9543709828
4,9143809974	-4,5440113751
2,1434963647	0,8282523290
3,4030260658	0,4947706348
6,3664957751	5,1637654748
5,0398000462	-3,5000429140
4,7230040183	6,0681923368
5,9639966556	5,3933827543
5,2437429325	5,9020358421
4,3774230707	-4,0031386854
5,3157281599	-4,6531211138
5,2433216551	6,5273119455
3,4454716848	0,6857840834
5,5359061079	4,8022032349
1,4586038575	0,7895226873
6,8559917995	5,0866431651
6,0833166434	-5,6880668951
1,1289068398	0,6749832717
1,9469868096	1,1645132400
3,2550096925	0,1541586974
6,9139298867	5,6421308599
5,2256727841	-5,1696927919
3,9813213083	-4,6589372431
4,7442314862	-4,5624773040
2,6894573461	0,4879787211
2,3458977376	0,4275657578
4,8474488828	5,6903912798
6,4158460438	5,6803754409
4,9861460434	-4,3469004152
3,5359955460	-4,2788801305
1,9267862426	0,3543297582
5,1151698716	5,1345986270
4,6024451039	-4,3107626131
4,0763760347	-3,6170721385
2,6688902619	0,3455347451
3,8923820832	-4,5847867678
1,9261020301	0,3730662957
5,6833536422	-5,0754721399
2,8776789194	1,5628523536
4,6082333391	-4,8488767692
4,8961072341	-3,1978451785
5,5062072782	-4,3504538955
5,9692679244	5,1201225645
4,2803606681	-4,0933048894
4,9885459348	-4,8643271983
5,0383947346	5,6183073342
3,3179311144	-0,2164637606
4,8374697739	5,0947921054
5,7776992263	5,9747464444
4,7173451309	5,3855759960
6,2941383610	5,3740676519
6,2026073737	-5,5564432600
5,4995168670	6,2972713812
2,1928150883	1,4462800053
5,6546942222	4,8651753335
5,8834277562	5,2787863598
2,2493977051	0,5714500316
1,5392153453	0,8312975723
6,5876279224	5,7446503793
6,3967810184	4,7835946004
4,2287122080	-3,6563121947
4,3589931904	-4,3762586044
6,4522894745	6,0649650951
2,0332739625	1,1372464180
2,4827461823	0,5281391585
1,6474181213	0,5883249054
5,6365663834	5,9120794216
0,4521852789	0,7560248493
5,3161686191	-4,0932314844
2,1692122768	1,2198075644
6,5288299903	5,2790780021
4,2776174792	-4,5941303118
6,9995705130	4,8339690383
6,1206480515	-4,0090557778
5,9162198127	6,4282427880
6,5973526009	5,4481948874
6,6476541914	5,1815606000
2,4114374768	0,8553356805
2,1400059487	0,9787431494
4,3017564879	-4,5231659940
2,1275774540	0,1507470070
7,1466863801	5,2762673193
1,9661427388	0,8300331637
3,5296434423	0,0996547154
2,9692010751	0,6140487742
2,3969448783	0,2853057100
6,0428323620	6,2222379628
5,3835352139	-5,1859618299
1,7502602852	1,1031453586
4,7858777028	-4,1870447394
0,8933843572	-0,0681413694
1,9979469630	0,7242223721
5,3694408019	-4,6984409907
6,0575014276	-4,7680024638
5,9994053133	5,2733542427
1,0484670101	1,0421747537
5,8882447089	-5,5504514071
5,2175572246	5,2466048600
5,1936971563	-4,8605883615
5,5687424151	5,2641290234
4,8075791184	-4,7399837189
5,3646773433	5,3767166145
3,4438424832	0,1674503566
6,0790969558	-5,0112158249
5,3354514130	5,8239295590
2,0357074013	-0,1347684591
1,9240263326	0,2227575149
1,9969475903	0,7431294369
6,6128986472	6,0540619549
4,3820402682	-4,3421036881
6,3573701317	5,4208054999
1,3287677358	1,2137192855
2,7583287113	0,2681169021
6,9755657746	5,0295153713
4,4033697232	-4,1386073481
1,9212775070	0,3273143121
4,0314266732	-4,2981512050
1,4836494569	0,5569009034
6,8313562459	5,5340799356
4,5184193047	-4,9925574584
5,6085603461	-4,5376313804
5,5519875601	5,9733849355
5,7177695946	5,4608345663
6,2211516230	4,7399136377
4,0114382292	-4,9806119417
6,5170942110	4,9304900331
2,3014242014	0,7782755636
1,2940512835	1,0067102717
1,1804711712	0,2686841120
1,7467934484	0,7292716488
6,1547707260	5,7361978888
5,4074925637	-4,9250744267
7,2055572537	5,4737964961
6,1072655995	5,7211146968
4,2986447394	-5,4251876260
7,2255684112	5,8016308887
4,7552934607	-4,7873286995
1,3312278720	0,1425017353
4,0427415293	-4,3267316392
4,8606418647	-4,2462866825
5,8331400626	5,4986848243
6,0419522465	4,8896626012
5,4121986982	-4,3523275093
6,0339500042	5,2591626626
2,3399884364	0,7424481630
1,1785987826	0,7689149212
4,8571664010	-3,8886259902
5,3339788540	5,4061098351
6,6428200901	5,0678443881
1,6293359427	0,4512907650
6,3551931473	5,2607234558
7,4103727116	5,3883451474
3,9507168518	-5,1728220331
6,0016290140	5,4326693469
6,3761891708	4,8363567532
3,0294754873	0,2399285464
5,3403440227	5,4640800576
4,8408641337	5,5218763432
0,5787199021	0,0200996609
4,2234311948	-4,6707645563
6,8029393333	-5,3001521177
3,9479144844	-4,4698755075
5,6186187952	6,0708178771
2,5876369837	0,0327499227
2,4620320873	0,4792255589
6,7320630075	5,7480837455
5,9295955512	-4,4528403175
1,2799095940	1,4121536941
4,8098049538	4,7800728365
5,7220426417	5,0681244642
1,6994833603	0,9890887650
7,3334264644	5,7964021179
6,6476667533	4,6106847978
5,2723167761	-4,5819563543
1,7169071909	1,4590348205
6,2542944452	5,6232793396
6,7634142423	-4,2258027303
6,0041769051	5,9236796813
3,5929558165	-3,9434424014
4,5021896128	-4,7537941437
5,2141013698	-4,4148439589
5,3774710087	-4,8784803758
4,6251921875	-4,6619303934
5,7918177653	-4,2100651085
6,8315411462	5,2298114424
1,7530779235	0,9273501074
5,6074453938	-4,0130839729
4,3258554662	-3,9773067968
5,3530273287	6,2984571079
5,5561926129	-4,0892684136
1,7827056418	0,8979008813
5,8577381666	-4,7062687128
1,7271330681	-0,3841233063
4,6920780023	-4,7502359167
5,2852055669	5,5653531936
4,2883191508	0,2112209957
5,6933129894	5,2272875615
4,0367140394	-4,5399913560
2,0262966831	-0,0137374897
5,8748562891	5,2977008037
1,3326017627	0,2692741389
6,2100853379	5,2412677482
5,4692898547	5,7643220087
1,4025120771	0,7817152423
6,9255595863	5,6087840069
0,6215464888	0,5023940935
2,4788047939	0,3914495542
1,1423792998	0,5106208454
0,7097129131	0,5224259418
6,9629409854	-4,8879261380
1,3024688388	1,2397401931
5,4578890403	-4,3583921729
1,4048599857	1,0835616217
3,2956285073	0,7023874197
6,1813426215	4,7014740236
4,3527318283	5,3965058983
4,5644506927	-3,6991745706
5,2165057302	-5,1635563528
4,1370754601	-3,9804813318
6,0119652030	-5,0501632121
1,4882283355	0,9020629877
5,3906239526	-5,0818236540
6,9768326937	5,7984686599
5,6257469716	5,8377734842
6,0525950236	6,2062425707
5,3769374904	5,2889397098
1,6583535933	-0,2034247704
6,6362895756	5,3467208558
6,4529548686	-4,5806042632
2,5446786424	0,6561303640
5,9763844081	-4,3818046923
2,3125361476	0,9439079372
1,6451676227	0,2623459565
3,5115536393	-0,0839874045
4,8930726146	5,5658620817
1,1208206484	0,1541755866
5,0806802507	-5,5865652521
5,0572214660	5,1611021341
5,6193307522	-4,5739575781
1,8500773892	0,7657211011
4,3897751258	-3,9877901954
1,1749896439	0,7541785041
5,5013179175	5,2481534691
4,9000829340	-3,9570311047
4,0844925099	-4,1853644475
1,4293063172	0,7088678987
6,1821149156	4,9731982298
6,2406650366	5,7320821651
5,8363806524	5,1645892090
2,2891797650	1,0126090883
4,7850658528	-2,9552093789
1,2452695485	0,3532594170
5,8710527357	5,9744894056
3,0086094284	0,3736819945
6,7807503581	5,8543328512
1,1479670854	0,6474144352
4,7617258626	-4,8868685918
1,2216987370	0,4827532375
3,2361523026	0,5725475055
3,5648963370	-5,7285709356
4,9866633047	-4,2345454096
4,7777681381	-4,1330772112
1,7872433988	0,5058641860
2,7007129564	0,9161372841
2,8712089951	-0,1929105728
6,7374757168	5,5553282462
5,4123859740	-4,7904817913
1,1163184113	0,0081771155
4,9310960257	5,8586204691
1,4261843035	-0,0728305724
6,2687635148	5,8690325374
5,9835745193	5,0980203691
5,8183883362	4,8959124560
5,7588402321	-5,3048463304
2,6658665205	0,9588935028
4,3288119181	5,9491406768
3,9857762324	-5,3170280931
3,8207107099	-4,9266950732
4,5450459802	-4,5345214565
5,9676037878	5,1520587925
2,3158246419	1,4291524040
3,0554956400	-4,4811658417
5,9449679829	5,0255933559
1,6334464282	0,2575711740
5,9726429691	5,0370321102
8,3506827396	6,5677536024
3,9964962703	-3,9506170048
4,8896832948	-4,5031096500
5,0125963696	-4,4829159288
1,4504642550	1,1472511591
5,4092792794	5,6903203342
2,3230359537	0,7532463371
2,9863193619	1,2296202098
6,2661855468	5,3949616904
1,8846696992	0,2863852078
6,5918059066	5,5953931092
5,6042701999	4,5216165331
4,7722977406	-4,7791925864
6,0051804619	5,0543686791
2,7168464036	0,7989872496
1,8899868455	0,4276423124
3,2971261405	-4,6033026036
5,8132101916	6,4439025937
4,7593426620	5,8905159636
4,3145852049	-3,9993630807
1,8931570902	1,0045682358
3,6377514747	-4,4522911762
1,4885823203	0,4461514477
5,5631826873	-4,7916835141
7,9693442493	6,2713007758
0,9384147201	1,0824540943
1,5557337869	0,5073237389
5,1852474285	4,8899740459
2,6190433220	1,1371050206
2,4085432217	-0,1100242619
6,6489880197	5,0781295867
5,2399936021	-4,0844224453
2,5998642815	0,3281568691
5,3183435499	5,4244682208
6,4949498605	5,2789667446
2,5443120194	0,2008250412
1,0480564569	0,9248016735
2,3329093258	0,3903519063
1,6429307812	0,4013448894
5,0469924916	5,7818593319
5,4078424710	5,1072841776
4,5132731234	-5,5061766708
6,1363247160	-4,4896451105
6,8118846297	5,6963303681
5,9117374964	-4,4573648116
5,8191284586	4,8555923506
1,3320426445	0,5850066227
5,1413221391	-4,5821265360
4,0344592799	-3,8436406908
6,7718908534	5,0014694983
3,1635690965	0,1508781497
0,0994890697	0,6567144978
5,7486885050	-3,9720451601
6,6547535571	5,5548138772
2,7312824196	0,0525915790
2,7191849689	0,9055927963
5,2806228116	4,8861970227
4,7865678431	-3,9011983042
4,6269311960	5,8608442940
4,8884121997	-4,2721181329
5,1741005763	5,1951707221
2,9580025843	0,4634369076
5,4730110088	5,4658290539
1,5747424560	0,9044749558
5,0726890694	-4,2882632935
6,6646201531	-4,3219020261
6,0695934132	5,3278346109
1,9035747800	0,7293055196
5,1964078679	-4,1846467667
4,7262623249	-5,2045407708
6,0517261284	5,3128513092
3,5888828481	-3,9671167894
3,4462350294	1,5560165411
2,4515189409	0,5228449024
6,6575010495	5,5131201714
3,7919159799	-4,7640054239
2,3891447607	0,6744891566
2,1632287415	0,5640813885
5,6810437376	-4,2267706597
0,9321457269	0,7414535895
1,1081180582	0,4837891925
4,9758718397	-4,7838388350
1,5557782491	0,6520693558
1,4971882490	0,6145377386
2,8537315531	0,7688485258
3,5195678767	0,8587894520
5,0445780426	-4,2713117120
2,3488511997	1,0470909647
4,3755807186	-4,1991745772
4,4319620373	-4,3943322469
5,4811155151	5,4352610600
6,3312128737	5,2300734630
1,5045661828	0,8307736328
4,8435187352	-4,5192552584
2,3110744790	0,3512696799
5,1536386183	-5,1304311315
3,9066560732	-4,6871495681
5,8345558205	4,7657472593
6,7673903218	5,6405097289
5,4706178402	5,5389155895
6,0487811634	-4,9837428861
7,3438457429	5,6470361155
1,4736622512	-0,0184146805
4,9755438509	5,4790835044
1,6363383791	-0,0230995250
5,8089743771	-4,1917082115
2,4302085632	-0,1663798475
3,2722291556	0,3143029016
6,6343601764	4,8263266885
2,1996993532	0,4224411050
1,3400598231	0,2640176625
1,6434286076	0,7520940715
5,9661492573	4,9917902939
4,2876012992	-4,1240989401
4,6644381833	-5,3444697829
4,9187021291	-5,0315341787
1,9801804350	0,2389946480
2,6665131755	0,4642380986
5,3080457476	-5,2168839169
4,3307839967	-4,6318539607
3,0481278019	0,9387693123
5,3529892594	4,8733901982
2,6199101642	0,1216031011
5,2236458327	-4,7095443828
5,5517986874	4,7872183134
7,5063657357	5,5267568771
4,6558495419	4,9999588541
2,2179936976	0,6293448271
6,2450676767	4,9975714147
6,0550480172	-4,4847467405
4,8196084452	-5,7161086114
5,5416688850	-4,1436828941
-0,4150788152	0,6872791904
5,2032278219	-4,4600673694
5,4671123644	-5,0792118292
5,3073073471	5,0033116161
1,3145103693	0,5613647855
4,3776006873	-5,1231081730
2,8910005595	0,1776085669
1,4605271742	0,3439147506
2,4953252484	0,1659244023
5,6915808237	4,5111813621
5,7071120958	5,4834310076
6,2626883953	5,7190404228
4,0843947282	-4,4807114203
4,4879969788	-5,2259727178
4,8364813447	5,2492949718
6,2662545505	4,6759590080
1,1161055483	0,7581640912
2,3384360278	0,8229035301
5,7385177319	5,2912765916
3,0823337536	0,5876558689
5,1614918410	-5,5392219182
1,8548904939	0,7509496535
1,3435563318	0,6436565395
5,2635649769	-4,7488044282
2,7246998181	0,3711484539
5,8802472790	5,2766923084
1,6721651967	1,2624386601
4,2206846061	-3,1558423082
6,1232305669	-4,5406647813
1,1902844102	0,2864046739
4,5390545558	5,1515202228
4,1320755908	-4,5834771472
5,9458069563	-4,5090529436
1,9921892728	0,3984003213
2,8251209039	0,1377725746
2,3362962756	-0,0320369795
4,3488957272	-4,4336588144
5,8198894571	-4,0957351840
0,4545903127	0,6105118553
4,7632063907	-3,7958181033
4,8525078968	-4,4326815053
2,5685253605	-0,0391311238
5,5025981975	5,4992031581
5,1361357916	-4,4965447355
3,8703339035	-4,7171371987
3,1889477557	-4,2231312455
6,8623221443	4,5980934605
4,7386930865	5,4429381839
5,7795158897	-5,1932259316
4,8147447127	-4,6003054145
5,7098350018	5,4783609555
0,7534332948	0,4263574157
6,5695098214	6,0081991071
1,0848138967	1,0958193876
4,6514307692	-4,2034020946
5,9958645110	-4,7285951693
6,6557493691	5,9399100257
6,8916715709	5,6089468465
4,7111980401	-4,5436976520
5,2711642028	-4,6397730710
4,0036205063	-4,2045661876
4,4737464984	-4,1157229185
5,2911581236	6,4572631126
6,5035842610	5,0252009642
4,3299024817	-5,5167545955
5,4225037471	-4,5765789175
4,6826850221	-3,8919290729
8,1037747549	5,3826716971
6,7155520067	5,3467615382
0,8046703947	0,1006559320
6,3956651546	5,9587488685
5,0961525868	5,0494274194
2,0794260223	0,6616297252
4,7792797421	-4,6667683823
5,7202051357	5,6842366553
3,9640896901	-4,4693642102
2,5250995098	0,8980750677
2,7149152567	0,9202795181
2,3411013097	-0,1162465752
2,4425425498	0,5590329110
3,7792712158	-2,9447314437
1,5936245016	0,9258845042
1,2696927491	0,6566758446
5,7061760760	6,1411765488
3,2867438027	0,1270883444
6,4141888500	-4,1997980611
6,7946237061	5,3896506328
6,2905513203	5,1164299771
4,3375533618	-4,7590614615
6,0390416519	6,0091580932
1,1830793223	0,6453041149
2,7767591730	1,2138193136
5,5978924460	5,6184480910
6,6023177703	-4,6109129627
3,4466863655	0,1603087361
4,5540005022	-3,8379965651
5,5505929799	-4,9790403116
5,2698080187	-4,0623447601
1,4469814512	0,9986315683
5,9233804279	5,4800182898
5,3643148338	-4,7691415655
5,0925866845	5,4767874152
5,0275423052	-4,9708853857
1,5717141489	0,6739221149
1,7817635874	0,6015603283
4,2752234304	-4,5188077660
5,3565164732	5,7335005240
5,1400068288	-3,7503586090
4,6671764878	-4,6205870568
7,0633213904	5,6843213314
1,9164799805	0,4280878227
1,5595979092	0,2227763065
4,2553022803	-4,7467514588
4,6293679548	-4,5141029696
6,5377609772	5,7961651613
5,5853437901	6,0970645365
1,5550872662	0,5529522921
1,8186069075	0,5236304066
6,7043233133	5,8028171161
5,2670654261	5,5523402924
2,3014969656	0,5737516795
6,3639053606	5,2216920507
5,1116624342	-5,1416874381
6,4825062924	5,0939763917
0,4851519949	1,3716114518
1,9981886407	1,0470969321
6,7046256675	5,4829035407
4,6166223479	-4,3523297228
5,1404716885	-4,2891774581
5,5829908709	-4,4655607861
4,0943651989	-4,8947946260
5,4242256742	-4,0034313188
7,7521562363	5,7396062356
1,2122858451	0,6236530206
5,3776197832	5,4348240193
4,6404991091	-3,6429745606
5,5631166724	5,4828764581
2,0844613099	0,2621462305
5,5728596434	5,4626394223
7,4540376674	5,8115650080
1,4616677595	1,2148971298
4,4719553573	4,6714670049
6,1262025171	5,2306530988
5,1481927558	-4,9009660924
3,1677196982	0,2047383557
4,3057219641	-4,4865047722
2,0819801534	1,0954101443
1,3831843202	0,2452582039
5,5420239519	5,4158984228
3,8721783684	-3,6286786555
5,2090135324	-4,6289608303
5,6940806958	6,0398603949
1,8638977237	0,6645292143
1,8751266098	-0,4648595592
1,7228014579	0,4038433139
6,6540346045	-4,9276135301
1,3830866435	0,1705562136
6,6621578709	5,6572005220
5,3449971283	-5,0133089626
5,5998670785	-3,9132010871
5,1189588662	5,7833378340
0,7876051524	0,6125798945
3,8731826425	-4,3257648974
4,6633640942	-4,8536806276
4,7936600723	-3,7994800527
4,7574144969	-4,4877186833
2,6839096778	0,9255926753
4,8528456467	-4,1495043983
1,7216127974	0,7811699501
2,2661355998	0,5411613987
6,3295740576	5,6408647011
4,5773434392	-4,3832391968
5,5481342414	5,4876534563
6,4705477433	-5,1649742602
6,5607554826	4,6901210172
1,8684065074	0,3525849464
4,9809753807	-4,1999608751
5,7797567825	6,2512865592
6,0133756748	5,1442796814
2,9041329181	0,5941366086
6,5176638150	5,6991922831
4,4868571052	-4,3501595389
5,6720399423	-4,9732219252
1,4858632061	-0,1758308968
4,9777601662	4,6866867438
6,2812164821	5,3060363180
6,3355017082	5,7990550215
2,4136129816	1,0998400073
0,3932584764	1,3516745780
6,3800123434	-4,2910501981
5,5975071822	-5,0482448657
0,6188410006	0,2470138025
5,1367237302	4,5224448420
4,1171530908	-4,6914327278
6,0642476401	-4,8463086202
0,5873028641	-0,0160452091
5,1035246499	-4,0146669164
6,7046057844	5,0863570657
7,1388067648	5,5709243122
7,2351694389	4,6732783245
0,8141872006	-0,2056682464
6,3353175820	5,0715175828
3,4726442870	1,4638292160
2,5532896569	-0,3960752130
6,3761998572	5,8300087219
6,2915939731	-4,1131320966
5,7166692219	-3,4802768522
0,7895921434	1,0187680560
5,4617408336	-4,5957511204
4,9525467020	-4,5462639289
5,7666463845	5,1527950842
6,6088439095	5,1450894826
5,4721755331	-4,2850718409
4,6791238305	-4,5641881483
7,7921206350	5,1833094698
2,2493810604	1,1355299006
5,1178441016	-4,3475991436
2,0970350127	0,6347928464
5,4157758674	-4,3493426392
1,1780059836	0,7211499755
2,5822407380	0,1202977161
5,0043363360	-4,4481582020
7,7739865677	4,8548480591
5,8311564572	5,1929792502
5,1073556000	-4,2828792123
5,8831125711	5,7646801268
1,2567619548	0,9206005103
1,7800313597	0,4669053660
6,1299204456	4,8358702619
1,4370805578	0,1854740630
1,9069684830	0,5443010122
0,9681462357	0,8732192873
1,4816180726	0,4348975612
1,3641273932	0,5593800323
5,2591535574	4,7071094360
5,2023831897	-5,2482006621
5,7787940121	-4,7242639851
1,9930726356	0,7145261741
5,4288326799	4,9379206778
3,9624472058	-4,1521975495
5,9747231544	5,7441115958
4,0948823836	-4,2157939969
6,3487835627	5,5193210593
4,7462973161	-4,3720513849
4,3096806591	-4,3599410768
4,7794035510	-3,2807974151
5,1544174368	-4,2217813298
5,2653173968	-4,5852368557
1,5847738792	0,4628137619
2,1677111282	0,1644538620
6,6315849331	5,0170746976
1,4648331114	0,8467484027
5,8426738420	6,2959278424
0,7590271144	0,7050332968
2,4807457049	0,0951231463
1,5588149300	1,2280035011
1,0790706986	0,5129462554
0,9442092670	0,8864213285
6,4656412750	5,2740203720
1,4331408168	1,0281663819
2,0551396226	0,8463572580
4,2633343120	-4,3194503790
5,3508867107	-4,6402003491
6,6244816684	5,1179645261
6,4227244731	6,3229308513
6,9879020950	5,2682803889
2,6472422848	0,4506924816
5,5791113833	5,4819249834
2,2959610534	0,6847557732
1,2235504418	0,2647889065
1,5787727727	1,4160739265
2,2673275835	-0,0119213986
2,5760432663	0,3625347109
5,1143993550	-3,9873230243
4,6079098025	-4,3862159190
6,8213584085	5,6098898145
5,4064010575	-5,0737365276
1,0263878676	0,2041322341
5,5643558828	-5,3169015418
6,4062345220	5,8434711529
5,0510555884	-4,8595639593
0,8701593007	0,8136040855
4,5615749309	-4,7292509536
6,2286831067	5,6523729131
4,9069556987	4,8381108837
2,9250019429	0,7706244815
3,0152667985	0,8185090216
1,8810657829	0,8252233321
6,0751996579	4,9630131145
6,1345563583	6,0927936761
4,5276586482	-3,8932233819
4,0810600327	-4,2931935388
6,7446259812	4,8924407849
5,9035293802	5,5609815094
6,9417104913	4,8721118449
1,5504725933	-0,1454857024
1,8985097276	0,5017522615
6,4563335888	5,6397904345
2,2890217340	0,2052442748
0,8100735455	0,5732669538
5,9491752709	5,8478329426
2,1530569765	0,9070670750
2,7105835976	1,0139300811
4,8690534633	-3,8325426014
4,9918374153	-4,2930243850
5,2350768561	-4,4565477210
3,8706571041	-4,9351431527
5,5528599228	5,5225303913
2,8710205547	1,0312297242
5,1642442789	-4,1388930243
7,3275634048	5,4935821735
6,0432086514	5,8846147336
2,2765257722	-0,0624832963
3,1458988064	1,0651689527
5,3601250147	-4,9048707576
2,3744553928	0,6747262495
1,3553473950	0,7751509650
7,2439598001	5,9662808035
0,9598499421	-0,1945078905
4,0956775432	-4,9429988669
6,7163191821	5,5864475430
5,1004219177	-5,0504087064
5,4292895605	5,4174075010
4,3768023518	-4,1379767091
5,7339515910	5,6865678884
3,3057196437	-4,5921777327
1,7815993789	1,4441949272
5,4223707978	5,8743859244
1,8572066365	1,4374442442
0,3600280171	0,5220586596
1,6215195196	-0,2843315406
3,0780501823	0,6296424413
0,5640914067	0,5419932690
2,0917543191	-0,2135004469
5,7803759733	5,3562560913
5,7291038614	-4,3732768178
7,1775370080	5,5826991552
4,9242555476	5,1232750849
5,7668310345	5,3918897416
6,3977394136	5,8390513501
5,6490413261	6,0365425969
7,5547979499	5,4917164870
2,6822493090	1,7811205831
1,4235149323	0,2664892008
3,1235280955	1,0683066973
5,5768384508	6,1538455300
4,9965236314	5,2679970602
5,8752207257	5,3765476803
5,8579714059	6,0999517412
2,6872621433	0,0469932636
5,4692650778	5,1972604721
5,5980799447	-4,7516359602
6,8207390318	5,7301761003
4,5082097337	5,8467423881
4,9444326306	-3,8407558333
3,1070170676	1,1164188417
6,7490148132	5,3061431105
4,9652883216	-4,2801353321
6,3345507901	6,0383313376
4,0308218502	-5,4294771812
5,3715859020	6,1859168855
1,4015733664	0,8780813706
4,3832682555	-3,7662005656
2,1793270661	1,0182488030
5,8576968104	5,7509178168
6,8728464430	5,8880963873
4,5090346221	-3,8892252369
4,4248263916	-5,0419937774
6,4369536897	-4,1269728060
2,2250760895	0,4121391910
2,0738810887	-0,1342608666
4,7330398380	-4,5629790021
4,8066313897	-4,6183864049
1,8398991517	0,3610602108
5,7220770553	-4,4921941899
2,1153777524	0,3445717513
6,7736738374	5,6639022877
5,6975709465	5,8228920752
4,0963563481	-4,5510693784
6,4294137989	5,1700648933
5,8807754722	5,8109735397
5,5481780173	6,1563371625
5,1490198396	-4,4401065518
3,1629445235	0,1868996577
2,2745007561	1,0526284460
2,2509170936	0,2147909711
2,5254787092	0,7176069062
6,0601007823	-4,7728644288
5,4037326229	5,5578290050
2,1241890123	0,6248863205
3,7287261010	-4,7362321076
1,3387723771	0,5447826907
2,2637426976	0,6014467819
1,8631257700	1,0050770392
4,5736010740	-4,4033674245
5,4925445016	5,3169269644
1,4174508436	0,5884780062
6,8195359544	5,1898526866
4,9882107603	-5,3219039014
2,1942622097	0,5531070788
3,0701750173	0,5066628130
6,2743149409	5,5366612771
6,3124693075	-4,6876117502
2,1595419028	0,2684428950
1,2261214664	0,4465538869
4,9036483275	-4,5883490317
4,8102135193	-4,3749863590
5,5403792940	-3,8133498400
1,6681128117	0,0350185298
4,9444385853	5,9335436772
1,9371761204	0,3339209850
2,3604614449	-0,1621755044
6,0326032165	5,4944107757
6,3832520854	5,8454030124
5,9070454638	6,0468686376
3,5393595048	-4,0278922301
5,2944878036	-4,4724127816
5,4333204920	5,1519851329
5,7977428794	5,1091315647
5,3839775114	5,9858446244
5,3239549952	5,6798418790
4,9386890958	-4,2337489038
2,8686394495	0,4052182485
1,8017825446	1,3275189647
5,6999326218	5,9518686255
3,5711001447	1,4417706353
5,7915209392	-4,6256816067
5,4987464548	-4,9530559577
3,0353184961	0,2662981237
3,2293969579	0,0591855860
6,5535806355	5,8068078165
6,8573169050	5,2045931458
4,8218736789	-3,7904860524
3,0525630623	-0,2071232476
5,9075698802	5,4167359212
2,5190008274	0,0588192144
2,2093858981	0,5794960598
5,0018337493	-4,9809091683
6,1639140668	5,4135295801
5,7033939047	5,7853593214
5,0511869745	-4,7370921684
4,6724598977	-4,9079781383
2,9554891451	-0,0354969694
6,0256844680	-4,7527504828
4,2859978501	-5,1865980304
1,3296403181	0,6508987914
5,5383725243	-4,1837018438
5,3041480026	-4,6226106507
2,5837379296	0,6532993226
5,9529669058	-4,3391867766
5,8389710668	5,9218896526
5,9542176145	6,5142461106
4,4271280429	-4,4377464698
5,5916748957	-4,7518456265
5,7882184247	5,6451198543
1,5349181407	0,8396910229
5,8089407269	-3,7642244246
6,1852782031	5,7931186969
6,9447778730	5,9141887859
1,7193683260	0,3685760220
1,6275217969	0,5910533225
1,2627229495	0,7315689680
6,3737136161	5,2078285318
1,7657143663	0,4927518959
6,6202594645	5,1098699136
1,2816006437	0,4588954649
0,8627553071	0,8150541410
5,2482562322	-4,8701076207
0,8415209346	0,1543758110
5,1141540523	4,7793051189
2,6563037438	0,3567446615
5,7871235885	-5,3516872111
5,7433554764	4,9452901450
1,3973286581	0,5823884207
5,7560366120	-4,4620262821
1,7916833910	-0,0454107395
6,5464016695	5,0053966064
4,8582515238	-4,6658049992
1,7533064438	0,0881866480
5,5135858006	5,1885306129
5,6701632983	5,3832616144
5,7374091499	6,3814550144
5,6417884390	-4,6256051810
4,2226692055	-4,2660504916
5,0405455856	5,5434418873
1,9712382087	0,6254928183
7,3184093573	5,6834549861
2,4124295980	1,1021494849
5,1390604086	-4,2665795190
2,1459220527	-0,3384175539
5,0024302592	4,5291743561
4,9702029134	-4,2247470710
2,0975106495	-0,1306572260
1,8520820290	-0,1833466604
5,7023842552	-4,4549414398
1,7383487369	-0,4521179892
4,9324667689	-5,1336583559
4,6487872745	-3,5906172065
5,4057072854	-4,1278380277
2,4995101410	0,8903545895
4,6341434734	-4,6997369971
3,0911782632	-4,7390810291
3,0142014885	0,3789654284
3,2427224994	0,5004556496
6,3855440201	5,3536139586
0,5927831964	-0,0333160675
7,5225899802	5,4270431190
3,1560442157	-4,3054468485
4,8796266077	5,2697588029
4,7072398115	-4,6386593023
2,3022219084	0,5759535881
5,5787180091	4,3987906518
5,7515548840	5,4593499055
6,0535359260	-5,3168037038
7,2813247735	5,2301135805
1,7068655017	0,2179118324
1,8799297662	0,3735936911
4,9741813337	5,8347160689
5,9361898887	-4,6273020698
4,1805034595	-4,7846614824
2,3957582863	0,9097296003
5,5245160049	5,4553665755
6,4419668745	5,2375314281
5,4927844628	5,5567081626
6,3030088281	5,6441198254
5,0456070920	-3,9532716493
5,7227507075	-4,6247336733
6,6992513997	5,8173649492
3,0321684705	0,4788016398
5,4020640267	-4,7915575117
6,6409619426	5,6891313540
6,2100413993	-4,8661940317
6,8248662753	4,9045192880
2,1090552284	0,2395216834
1,4751275634	-0,3201454511
6,1215958565	-3,9171622224
2,3341859188	0,4913435299
5,0394625731	5,4306366542
2,5000527784	-0,0781566684
2,0298032974	0,7126385972
1,1676876100	-0,2026974656
4,9358944378	5,5181098149
3,2035949381	0,6689918338
5,8815471773	5,6111981280
3,9966052366	-5,0595082783
1,7863781702	0,3249759359
5,2371162262	-4,7764416430
6,3058672763	5,1001011217
2,6034245043	0,4465529665
5,0785114111	-4,2725468633
6,8813655822	6,4222683665
6,8554606675	4,3578239728
4,8360086540	-4,6575656975
1,6947408972	0,5178476736
5,2779415590	-4,7704122443
1,4019620991	0,1423828109
2,1079890990	0,3257628134
5,4244165009	6,0641229277
5,9292530095	5,7198289369
6,5592334102	5,1143731805
1,4584395907	0,2641519430
5,8714844692	5,0111171561
5,3117919612	-4,2529751365
5,8832825744	5,6877061207
6,3621655015	6,3421697464
2,2334033232	0,5487597679
5,3103976290	5,8807512600
5,8667132472	5,6342055637
2,0958415271	0,5058375374
2,4392212387	0,0800855231
6,1810646994	5,1525336647
4,2030139421	-4,5826193163
4,7332298735	-5,0331784622
5,0174555375	4,2054238719
3,0880672874	-0,2794707008
3,9549612440	-4,3694666084
4,7983357044	-4,0214763505
4,7945796671	-4,3741679466
4,6377674878	-4,5444758186
5,7499669037	5,9934288983
1,6273868580	0,4602804906
6,0973126218	4,4994035846
1,7605963434	1,3369497405
4,6988722740	-4,9972830216
5,0594439594	-4,5961528301
5,6154102949	-4,5023451259
7,0108788786	6,0428908993
4,8254973294	-4,1699323509
6,3199930150	5,1505348007
5,9467995389	5,5893828747
4,9354093382	-4,9164650463
6,8123340805	5,1558876562
4,2400461749	-5,2162075755
1,9315565029	0,6393827225
6,3616110165	5,9458807213
7,1396586879	6,2135758147
3,8596357142	-3,8906777964
4,1728314881	-4,3062177543
2,5106998230	0,3817891980
3,0455309243	-4,2843529136
5,0539057929	5,7352378879
8,0079811213	6,1299679745
2,9063392015	-0,1751050440
3,1415712749	0,6076901370
5,2125080023	-4,5175785322
5,8436109018	5,2641738688
2,1121792603	0,3054331709
2,2778427220	0,4301187860
5,0299525977	-4,4764918284
4,2683255427	-3,8752890007
5,7330038776	5,3287256118
2,6181734748	0,6997038573
1,8624427065	-0,5185959194
5,7289874574	-4,3485133312
5,6957777758	-4,1875655681
1,4535305612	-0,4137443645
5,1501320725	5,6269041754
4,8479174957	-4,7278699473
1,9552496588	0,5192001581
6,5150754969	4,7866582591
5,0305219029	-4,5184649499
2,6490160769	1,2884178462
6,1751095577	6,0442392056
3,2212354626	0,1021487810
3,9295747567	-4,1203280259
5,9024337764	4,6408672899
5,3827776696	-4,6411747299
6,4122283372	5,7287344066
6,0237788892	5,4878910088
6,1469501678	5,0620701666
6,3360796171	5,4784879665
5,2952520198	-4,0731730746
6,1440826361	5,1188234859
5,0167710263	-4,5200940467
1,9304498549	0,7206864230
0,9357772556	0,6238792164
1,7933905348	0,7860088553
2,1787683904	-0,1504443197
0,5761857046	1,0276149781
5,5107094860	-4,3779182224
0,9799233292	0,7936034538
2,3139260450	0,0621125588
5,9179508112	6,2226715289
4,5430836947	-3,9196297602
5,0109707468	-4,1545744796
5,2689954809	5,1513514079
5,3234682430	-3,8800972686
4,7955256250	-4,0334572807
4,7846554048	-4,6527936852
4,4642631375	5,9390960811
2,2191960685	-0,0472330197
4,2743157097	-4,5091197751
5,4788588547	-4,1634271059
2,1523759165	0,0329675180
6,8954133029	5,3289130705
5,6560415760	6,3265291965
1,2988174638	0,2272141533
5,1558309734	5,1238871355
3,9460877137	-4,2176170851
5,7797704380	5,8417511094
5,1171819639	5,3895923590
4,9634210914	-4,4050280157
5,4529844365	-4,2920168358
5,3618058809	5,3648458696
1,4052816177	-0,0578007054
5,4433436739	-4,5246396206
7,0385736151	5,2662974520
1,9864814027	1,2929832963
5,4604233095	5,8815754745
5,4457567497	5,7721636216
1,6282572963	0,4683622140
2,6537253574	-4,9308959763
6,0653107718	5,7558648098
5,5870793386	5,2668609451
2,4489988510	0,4701858799
5,0828824662	-4,6738749329
5,9169876369	-3,7353455853
1,4615877155	0,2454989719
0,1127082870	-0,5089018872
2,0014281004	0,1464297510
5,2131077562	-4,2571664836
1,2415042641	-0,1580624825
4,1158187928	-4,5825498126
6,8504107991	5,0514238814
1,6888336252	0,1333968603
6,9858386529	-4,1610750527
6,8091952377	5,4545560197
4,5435661196	-3,5097793600
1,7881112084	1,2111106649
1,4913832341	0,9624681759
5,3384809598	-3,8340050976
5,6847289954	5,4928422706
1,7092918207	0,3308256917
5,7877937724	-4,6385359743
6,5347597484	5,8241177163
5,7491547437	-3,9615300918
5,7643502905	6,3988757686
0,5906717816	0,4593768255
4,1874362754	-4,2327939957
6,2559166490	-4,8822998140
3,9007056886	-4,6042306680
2,2392276813	0,0451778155
6,1255582716	-4,1760116244
5,4223387856	6,1111698831
0,4981076852	1,4602785925
2,7453604285	0,3556521193
1,6148371310	0,4188749085
3,6556615801	-5,0838978851
5,6476881004	-5,1231635795
6,7355450177	6,1321296386
5,8924386273	5,8575462994
6,6243907035	5,7981404405
1,4341636577	0,4097568500
1,9594249169	0,5870420289
1,4669480610	0,0320363323
6,2915478356	5,2843197227
6,5168764326	5,9448641638
4,5811236624	-3,5993691031
3,6028833363	-4,8112526130
6,0985994382	5,0566292206
6,8755475342	5,3372384165
1,7937798782	1,0352747567
4,2481300285	-4,4996587305
4,6925294459	-3,9099366087
1,3168658618	0,4775853308
5,4853990999	5,4314463531
3,0355785631	-0,0294110079
5,7851040283	-4,8953697111
2,1594944494	0,6633580361
5,2680287801	-4,2305711333
1,9325713765	0,6649882222
0,8234503881	0,7750419866
0,8366613673	-0,2963078694
6,6973275129	5,1315763705
5,4147661412	-3,9234914550
1,9332181932	0,0413866930
0,2032393093	-0,5970177926
3,6064120263	-4,6672989578
6,6622891941	-5,0481946223
5,3544533279	-4,8387192756
6,0459822103	5,1448578033
4,4043993850	-4,5066335472
5,6425967298	5,7613384065
4,8989713923	-4,9133028030
5,5370341476	-4,7573306162
5,7292893176	-4,9375028142
6,3393143500	5,2445767694
5,5184944384	-5,0229127715
1,0251252361	0,9171951997
4,9850172910	-4,2099359511
5,5211206600	5,7078738765
6,1221108277	4,7514663608
2,6608005338	0,5619598558
5,9246272376	-4,6625136961
1,8646034785	-0,1019308958
4,8821665558	-4,8186993106
5,2394883631	-4,3105673805
6,4670695203	5,2079646216
4,6041377876	-3,7122497849
4,2964014120	-4,4348471244
0,5291684017	-0,4052238016
2,6687429748	0,5141421913
5,7508388165	5,5432176749
1,8788192946	1,2652744684
3,9314949167	-3,9339853055
4,6493368587	-4,5963090127
6,0107221943	5,4213945924
1,4623514482	0,4695658582
1,1618949608	0,0342573011
2,3168088587	0,7045859997
5,5641411053	5,5433399006
4,8488650005	5,4253008135
1,9560114887	0,7598237277
1,8237655527	0,4810073778
4,7454715620	-4,1581165331
5,5814165278	-4,9120165179
5,1574491481	5,4406016388
6,1823033083	5,4362288898
0,8412120242	1,1245780726
1,6895805107	-0,3677917833
5,9956055284	-4,1902793744
4,8301883178	-4,5874916806
6,9677554573	5,2152555997
5,2139480770	-5,1479706323
4,7631084093	-4,3126033864
5,2862414076	5,0624459227
7,3127696519	5,8400542379
2,5735640736	0,1345215535
7,5900572087	5,4412013743
5,2090963087	-4,5517708958
1,1291118643	0,4724288553
5,3845987683	-4,7639899569
5,0383588960	5,8366153004
1,4257585894	0,8640149507
6,6387011000	4,9184226180
6,1159813867	5,9696330541
2,2519630518	0,6825777813
4,9499872494	-5,0025012496
4,8467753167	-4,6190594099
5,1699804307	5,5763763721
5,5404166883	5,5614928066
6,0051257858	-4,6212875450
6,3667085729	4,7813646744
4,0655312266	-4,6757101632
1,9248114340	0,2638177342
4,5701871459	-4,0518207354
1,9582165083	0,4465788691
6,6041674761	5,5580135376
3,0973021209	0,5297264491
4,0735199595	-4,9744078614
1,7541606863	0,8138546492
4,7355647152	-4,4682916874
5,4420362096	-4,4793633642
2,0307994110	1,5400417323
4,2352242369	-4,4014921339
4,3061795124	5,7480031380
4,7811139103	-4,4721176559
6,0266993144	5,1159592324
2,1579425036	0,2965515178
1,3979788880	0,9181780767
5,0299719638	-5,2232099300
5,0362123892	-4,4840583751
5,8158175588	-4,9076745623
1,5388633293	0,5004854092
5,9039980966	5,5830659078
5,6882793580	-4,1979256540
4,2079115857	5,0154558696
5,3963560404	-4,5308500655
7,2162901994	5,1134409694
6,0345920081	6,2984085288
5,3277112917	-4,4235535766
4,1480434785	-4,7683785342
3,0320077413	0,9012041404
6,9639024146	5,7277359962
6,6706925106	4,8672737844
6,3156296581	-4,9170035035
7,2566723781	5,6589282519
1,7776926449	-0,1277087255
6,6107198644	-4,2050096398
6,6302963850	5,8930803681
2,1677095904	0,5325097611
7,1178988690	4,9482046717
2,1274216705	0,0494737071
2,2507505113	1,0140750067
4,8271065100	-4,9678875769
1,5318832315	0,0395434467
0,9278035615	0,5973490249
6,7456161376	5,2231216681
5,2945352753	-3,8258371333
6,3291952127	5,5242474649
5,3689507155	-4,1759304052
6,4232715145	6,1307625718
5,9134203394	-4,1127257048
4,9862907044	-5,2099153328
6,2838181019	5,1816127622
4,1795722342	-4,2852427082
2,2146503766	0,4910862850
6,4726870442	5,9236839336
5,1787760437	5,4671277291
5,9125370447	5,0352834076
5,4869505572	-5,2761284260
5,2873602005	-4,3289425559
1,4667380584	0,7875599817
1,9441523710	1,1763420218
5,2687091474	-4,9173134844
5,6052810258	-4,1602630831
0,9464565336	0,6402834986
6,4101756598	-4,4007043302
4,8017363887	-4,1379582338
6,3238186695	6,1394670086
0,9615348252	0,9063135009
6,5439437861	5,6434375145
5,7421003288	-5,0959217775
5,9315574422	5,4177639299
5,4421811551	-5,2454371627
2,3576949929	0,8467426830
4,8592286227	5,2274602460
1,2304745205	1,1378888063
6,4627439602	5,1392404736
3,9526268397	-4,5223080688
5,8394751663	-4,7696040141
5,2927540010	-4,6252062568
5,2299855033	-3,8365469284
4,9800841469	-4,2510101761
5,0835256043	-4,9853448415
5,4219591405	5,2475514756
4,3604559261	-4,5415869141
2,1281660692	0,6841260572
4,6743296656	-5,3932833841
5,6103452076	5,7004181882
3,7079341140	-4,2844746643
5,6294285737	5,3148179603
4,6715957849	-4,5465148289
1,2329027850	0,8491108624
5,9429758419	-4,1653658925
2,2793833541	0,3279803896
3,9935100206	-4,5387121541
5,7750811065	5,5543784091
1,7359760181	0,0214921242
4,6996226609	5,3971680103
6,6596009641	4,9779973420
0,8299446968	0,1306026398
3,3170693963	-0,4771237339
6,1684830296	4,7608574956
2,2756990094	1,4935959015
2,0995302045	0,9749411246
5,1744755416	-3,8909534514
4,9720930975	-3,8008013071
1,8576622833	0,4183602339
4,9221344773	-4,0037832939
7,4669341118	5,4601779807
1,8648423252	0,8148051206
5,6183568665	5,3160914794
6,7444336661	4,9605370665
0,2002213663	0,8439950500
6,5261358251	5,5040219820
3,1515127703	-4,8005644335
4,2175165237	-4,6417025318
5,1878006950	-4,5687032212
1,7202742351	0,5637195148
5,7372855719	6,0174950478
6,4747958233	5,1220239284
2,9912472485	0,0228004550
7,1595616494	5,8082304030
1,7022595174	1,0731506358
6,3858392464	6,3600902982
5,7666238893	-4,4016660975
6,2963225561	6,1988361717
4,9228829306	-4,6352527291
1,6363445832	0,1102486340
6,7199979282	6,1791112530
1,3673330262	-0,1929210592
4,5496001207	-4,2625989817
5,1797995051	-4,3371036740
4,2062338836	-4,6588701270
4,9611131863	6,1315437548
6,6145893022	5,3362646856
4,6332993518	-3,7412941668
1,8126278084	0,3708489520
1,3988378426	0,6556372255
6,2100368199	5,3065007148
2,1651727572	0,3894691997
4,7369853651	-5,2821399920
6,2111474283	5,6285866956
0,8781678822	0,1606068469
5,6821381129	5,9561522231
2,5643266314	0,3890407724
3,0126895739	0,4065278203
5,2739261828	-4,4892785870
6,0583965681	-4,5487831981
1,1621981758	1,1098260081
2,0344819204	0,6845916404
5,5582791744	5,7047798654
4,7766563697	6,0207130871
6,0711542039	-4,7694197188
8,0916657895	6,0659233983
5,8703002141	-4,7318492251
3,7721742975	-4,7535778676
-0,1243841422	0,2221028959
5,2367309589	-4,2307864319
5,6369306742	-4,6048752458
5,2650944259	6,1776963768
6,3180504642	5,4128956583
6,8138328203	5,9177178801
6,3315445201	5,0755217698
5,0438695581	-5,2924305782
1,0182214158	1,2690589435
5,5388657175	5,7195947142
5,5167720231	-4,1696779234
4,8887148941	5,2839551291
5,7189567554	5,8221947680
5,2127903236	-4,2055185835
2,1232570566	0,5721351411
1,0549930162	0,9969185760
6,6257436983	5,4255388242
5,9569568813	-4,5807419373
5,3400265889	-4,7279462410
5,8708097099	-4,4159772408
5,9817447028	5,8998866200
3,5190160332	-4,6521409541
7,0675691332	5,8673535237
5,0575657395	5,5625867743
1,7531354221	0,5344157800
6,1906317440	5,1396109497
6,0751688069	5,6571215586
6,0303467833	4,9799241955
1,1586342210	1,5408632599
7,6034191553	5,2329315107
2,5268935843	0,6622538931
4,8245469037	-4,8826615477
7,1839364576	5,4996825961
6,5190629831	5,7259604171
5,6409695115	5,0767981585
5,9385186552	5,5771605118
4,4328647803	-4,5003451010
6,0156818688	-4,2332242813
6,3560105458	5,1593241193
5,1345237463	5,6235695554
1,7257915973	0,2032580748
2,6574353541	0,4476844215
6,1401259131	5,2949097369
6,0313786182	5,2980428807
0,9977563730	0,3814887976
0,9724436329	0,9195716802
3,4440812702	-4,5499041091
1,8991529316	1,3100225186
1,2292341646	-0,2203171382
5,5774867183	6,2452198166
1,3602733201	0,0823759030
2,8974645389	0,3589364048
4,7507579748	-4,9030272872
1,5440633256	0,5173858690
6,4169407672	4,9707533206
5,8777883419	-4,2905482927
2,3784049478	0,5171796182
1,9370010103	0,7340022341
2,1496311368	0,4437889409
4,9130503142	-5,1302456738
3,5395930234	0,8986185612
6,1267416426	5,5710486044
4,7076762053	-4,7193336464
5,4058144415	-5,1772854419
6,2260548212	5,1801782717
4,8244496129	-4,1801801290
2,5910385252	0,1920361177
2,0112164450	-0,2385243571
1,8065028387	0,4185155728
5,5023540863	5,4185031910
6,3283991075	5,3690618122
4,7440193800	-4,2540991097
5,4997674960	-4,3741209992
6,9278813368	5,4674137067
5,4162159408	-4,7816773006
2,4412678778	0,3474932286
5,6464478693	5,6792926868
1,3927080315	0,5764876803
0,7648478035	0,7246834425
1,5053916884	0,2867022880
6,2777478311	4,5180675455
1,1284050348	0,4812850973
6,1034920696	-5,2914609555
7,4911771553	4,9906202874
1,3862648144	0,6648658628
6,3477905444	5,5537760889
1,3975018266	0,5638682435
5,8895462870	5,5822318423
1,1770147455	0,2627416552
4,3129705652	-5,0721283937
1,9458837588	0,4463849725
5,9180974954	-4,7102055185
5,7156360543	-4,2683605262
5,1912991548	-4,6884027632
2,7698335637	0,8156712441
5,8347331333	5,7752531217
2,7561541462	1,0815020172
4,0205589635	-4,0738661523
5,8992220802	5,0428653788
5,9630536027	5,5124375751
5,0005521164	-4,7647256767
7,8079799934	5,7310712260
6,4263095201	6,4339599975
4,9238916704	-3,9983458483
6,6036698610	5,7203081755
3,0208994175	-4,4968126456
5,9435842771	-4,7312879636
2,1590880992	1,0681433441
6,1798527123	5,3671927224
1,8376417914	0,1914053176
3,7507300408	-4,3418000124
2,6419943852	1,4350597519
5,5819593629	-3,8776166431
1,0752561981	0,5743423617
4,1796788100	-4,5866501665
5,0330920182	-4,7939106441
5,1482047574	6,0828828943
1,5944109669	0,2257641128
2,4683783170	0,3873473470
4,7432322711	5,9393885859
5,4042413251	-5,3714219887
7,4286302687	5,4744702660
0,7696152180	0,2029017804
4,9693717222	5,1687648990
6,5388736279	5,3020731579
2,3077246108	-0,2625168366
1,2650080935	-0,2406229650
2,7279516154	1,5456160552
5,0010063466	-3,6565228926
2,8763295722	0,6632120918
4,6051807351	-4,2953916325
5,2835284523	-4,6549361542
5,8362005099	5,9544683988
0,8277317301	0,4189664094
6,3621958011	5,1100252498
5,2900680356	-4,5178212447
6,1757108359	5,2661697346
2,1865025821	0,6950741611
5,5991802119	5,6412350961
2,3149160654	0,2460792473
1,1500745854	0,1030050731
4,6309416466	-4,4888445889
4,3532012851	-4,2894199628
6,0059586437	5,4785347897
5,6276645657	-4,0576384541
5,3955566875	-3,5072658997
4,9048070578	5,5090581428
7,3851409738	5,5337726456
2,2466192107	0,6189894134
6,0709799517	5,2239019233
5,9057277175	4,9686364176
5,3149573913	-5,2349757343
2,1918659060	-0,0480444027
4,6905197944	-4,7278219664
5,8806650553	5,7851369632
5,6961429471	-4,6119495152
4,1752807321	-4,7627313265
6,6461661498	5,7848628102
2,3619105166	0,1979588155
6,1044849024	5,7925125743
5,5213434330	5,6143970763
5,8778391807	5,5949471082
4,6870368120	-5,0958180627
6,5307939080	6,2846078539
6,7714096665	5,2760191600
1,9294984903	1,2082081814
4,3793560890	-4,5359001843
4,9102192521	-4,8506528615
3,7433601226	-4,4959481767
6,0355534481	-4,4102720335
5,6698295254	-4,0018132363
0,7876841669	1,7295443255
2,6554374556	0,0313762452
4,6082256046	5,5867100434
2,4980920439	0,8497394323
5,8174228323	-4,6017820516
5,5576918252	-4,2262464628
1,2659564966	0,5734444999
0,6129481929	0,7519922728
3,5521760869	-5,0165964183
7,1555779783	5,5555289482
5,4657071548	5,3148657033
5,0041560341	-4,9899495788
2,5194252606	0,9317629409
5,3550613122	-3,9379126100
1,2570660917	0,5795035200
4,6659722139	-4,4746312646
4,2413159379	-3,6172129259
5,1606385588	-4,6106965722
5,9776392122	-4,2814724840
2,4398197145	0,6914108738
2,6442970862	-0,2680308894
1,2488232671	0,2306482944
2,7263504570	1,3136279602
7,7508071766	5,0359027828
3,2846695413	-4,6673343631
4,6329693831	-3,7369991118
2,0052187216	1,0242580117
2,2286411895	0,6540661211
0,1504693307	0,6727151917
1,9847366820	1,1010022931
7,1357131180	5,1293884525
0,6780878186	0,8722459670
5,7499177230	6,2220925233
4,1123435240	-4,8712767542
7,0940657616	5,0627129406
5,7522383144	-4,3500484222
4,8643212554	5,7414783054
5,7775670408	5,5446100223
7,1582473325	5,2947369661
7,6660021208	5,6561343855
1,9271464658	0,7469373037
6,1634939090	5,7052336371
4,5929539827	-4,8863326150
6,3871763540	-5,0161572183
2,5118242247	0,0101778914
4,8694763468	6,6498216775
5,5736173123	-4,8644552558
5,5125487080	4,7565837250
2,2952146352	0,2057312779
5,6142468586	-3,6154589570
1,0196651355	1,0133660716
6,3374448356	5,8245869668
1,1720460980	1,3506106490
4,9138183043	-4,8335067730
5,2796908292	-4,2053466039
7,1740922135	5,4233645665
5,2602185857	-5,0417879036
4,4074081831	-4,0134702046
0,7135971877	0,4013505464
5,7162343748	5,4041965108
4,9116605751	-4,4990824242
0,6941969644	-0,6504316920
4,5852646787	6,2924856373
0,9777556239	0,5201207583
7,3925440545	6,0231641759
6,8074079260	5,5892796990
2,4938677988	1,0664123381
1,8951592446	-0,0669454167
2,9986502155	0,6473731867
7,3154350967	5,2786665148
1,8860031355	1,3212505006
1,9989101881	0,1060790256
1,8804483296	0,3675596675
1,8524952698	0,2976885628
5,2753541628	5,4869473356
6,8538369396	6,5575814654
3,3393694617	0,3864771089
2,2087991125	0,3691267559
1,0546747053	0,8884355848
5,8944125995	5,2786059802
4,1908206474	5,1412334470
1,8532041843	0,3145652530
2,4926022320	1,4024252032
5,5435246777	-3,8979924401
6,3672097084	5,6139077230
4,6739531292	-3,3157274733
5,7141718405	-4,5270938020
2,5363470025	-0,0961633898
6,2414378390	6,4151119314
3,8879943764	-3,9890701506
4,1861446847	-4,5132857528
4,7682246964	5,9886191212
4,1030997622	-4,2185078820
5,6542582455	-3,9643267694
5,9394149416	5,6782361732
5,6981982712	5,4412427785
5,9597071226	4,7003863253
5,7804648351	5,6187087279
2,3375438441	-0,0860900851
1,5454072335	1,4702490463
5,3301803292	6,0876611348
4,8398519383	-4,7767042622
2,7644136266	0,0371300765
5,3195487796	4,8850300987
4,7761915222	5,1899177575
2,5237002909	0,5794379481
6,3810504151	5,4207782350
2,8528147031	1,0594032315
1,5845289538	0,8506906012
1,1524540030	-0,0284271854
5,4162491496	-4,2972725586
6,6662025179	5,8966321444
2,4850060016	0,6234627536
6,1639155555	5,1503357680
6,6089321922	6,4798482330
2,3112360086	0,5035445622
6,2516254059	5,3896041963
1,8439085906	0,7928257878
5,8326041514	5,4435409614
6,3170724489	5,8344521869
1,3182546488	0,9771423234
4,0572978968	-4,1674982669
4,3359935144	-4,2821260124
4,8645772335	-5,3910671474
2,3768411056	1,5246539956
0,9451242340	0,4118794329
2,2576258862	-0,3941514748
1,3005611408	0,1439583175
4,1253572315	-4,2698467041
5,2260028317	5,7009041986
1,6505786690	1,4923575771
7,2358619139	5,4356233283
4,8366773888	-4,8840202883
5,4814042203	5,8289724383
4,5854812565	6,7508458879
5,7320678272	-4,5777311065
6,6358544449	-5,1976210431
1,5891565130	1,1238614540
2,0941334798	0,2317273007
5,4021343010	-4,1216882069
2,2604059618	0,7062542473
5,5594657860	5,1023854597
6,6072355438	-4,5089803677
1,5445276547	1,0422161915
6,0649463819	5,5553479530
4,5769837850	-4,7881837522
5,1850171881	-5,3634324142
5,1082864976	-3,9108788818
3,0101089067	0,2913511413
5,8690580996	4,2132085143
7,0405943704	5,5788255832
4,2408097243	-3,7222800724
2,8297594642	1,0156802088
5,7458282798	4,9259373522
5,7341558779	-4,4752673741
4,9488188647	5,9600468384
2,3714692793	0,6758674395
6,5794284299	5,7427159416
1,8510158987	0,9730165770
5,8737403421	-4,6414749806
4,8442002143	-4,6581203593
5,7041776548	5,1825014352
5,6047795704	-4,2939397922
3,5729648972	-4,5119948097
2,1585501008	0,3964796012
3,3673931373	-4,0396387989
5,6174698296	5,3646022044
6,1915134293	-3,7292001915
2,8465604065	0,8974603801
5,9075520170	-4,2468512190
2,7777721355	-0,3522911922
5,4472539200	-4,4279349234
5,9712741190	-5,3078942166
5,7444190727	-4,2211485544
2,3250396893	0,6253265701
2,4709810935	0,6499963420
6,2664940961	6,0113650046
5,3241639571	5,5572985065
5,8640942532	-3,9026258610
1,5137037319	0,7432773751
3,7190385506	5,4438978519
6,4544244246	5,4490352578
5,4403099913	-4,7940960330
6,7069740707	6,0479137558
5,8841792700	5,8128064071
2,2932359318	0,0573614568
4,5053189466	5,0034112494
1,6781440795	0,1872733175
5,7354905132	-4,8215437058
2,0046559986	-0,1394754164
5,4278493672	-4,6960134889
5,8184254472	5,5525434519
6,4382283959	5,2809642033
4,8973995767	-3,8474083571
2,3916714068	-0,0399142283
1,5921576274	1,0772256382
3,2823615888	-0,7375721690
1,8052190156	-0,3934286713
2,1045389179	0,7418235067
4,5220415074	-4,9062428892
5,1567424066	5,6582266261
4,6525612222	4,9757711029
6,3025666033	5,1458031105
5,1078468024	-4,4539241023
5,1655507936	-4,5030189853
1,8598693296	0,9352315889
6,5740260647	5,6995698441
5,8822799791	-4,7460445344
4,9358447062	-5,3015868362
4,5047164065	-5,1401578589
4,8966004882	-4,0970542105
4,7384414577	-4,1205130603
1,9348073630	0,7961232268
6,2061343974	5,7547885710
4,8852478603	-4,6388940093
5,9914574464	5,5659933861
5,1157772569	6,0104791520
3,4761824194	-5,1497688493
4,9724491597	-3,9086701510
5,5091345265	5,7276165198
5,6020193243	4,9276875180
6,0949576964	6,0667813996
3,3229398977	0,0657113587
5,6348497009	5,9774323409
3,9740914141	-5,6133045644
4,4587389233	-3,8116516302
6,0526427025	-4,6626751034
4,7965065265	-4,5836663594
5,2294314235	4,7311775991
0,7210261509	0,7640957636
2,3822114270	0,5544532708
2,3969116788	0,8006971414
6,0805507818	5,7740603464
5,3196327981	5,3603893867
1,8250815847	-0,0386057984
6,3769903906	5,5407585818
4,0048778312	-5,1908345779
1,6136916619	0,6192025835
4,8844923818	-5,7808290776
5,4899915314	-3,6939847019
1,9498598383	-0,0333026923
6,3311804019	5,1950694668
5,0706290221	-5,9257279286
6,5711663699	5,0233085268
5,1029044832	-3,8336146216
5,4971687423	5,6789527296
6,9385396306	5,7491198721
5,2526277230	5,5721706927
4,6913473840	-4,1214453128
6,1120695514	5,8085788289
1,2227234818	1,2011958807
1,5196975808	-0,1286965479
5,0453856308	-5,0706454431
3,6659656636	-4,4304236178
5,7613613545	5,3881325401
2,4283438511	0,8200569620
6,0278342861	5,5675233601
4,8437746345	4,8708637664
6,5528427804	-3,9476506482
2,6182912966	0,4566147933
2,5551190222	0,4367401115
2,3197549762	0,0822181963
6,2154629106	-3,7821587224
5,7503670167	6,3286229093
6,1679472232	5,0357414201
6,1226993185	5,2203214556
1,7253078555	-0,2361641516
3,7674168484	-4,8118804810
1,8547485999	0,9659142811
6,0161087520	5,7413888169
4,7875092980	-4,2109786999
5,0620221049	-4,8208033024
5,9115887286	6,0835058374
5,7821716669	-4,4174356367
2,5706095418	-0,5406940435
4,9179009237	5,2186396378
2,4541711040	0,5289455796
4,7909585708	4,8423849369
6,0008126221	6,4140388421
5,3232310059	6,0852252244
6,2953836888	5,8680465746
1,0757954522	0,6069007855
5,7544244145	5,2753194914
6,6996748041	5,3502144997
5,3429317112	-3,9748499627
5,1243158444	4,9644189036
1,8361957181	1,0016331886
4,4376432380	-4,8911309579
5,5027305445	-4,5157099583
1,6100190016	0,6334796027
4,9060003812	-5,0855634556
1,1039588195	0,3420607453
5,4979320021	5,0606172829
1,1968322896	0,4316511025
5,9289047399	-4,1324188794
5,6311116127	-4,6467735209
5,1347284918	5,2310934720
2,2682960111	0,7066267225
3,0803013409	1,2615497093
5,2104174955	-4,8085374668
5,4406374676	-4,5012545741
5,0145290628	-5,1152868644
1,1167810707	0,2272946971
4,5405764882	5,5292827680
5,2722993424	5,2791859499
4,8776696125	-4,5575229694
5,8950561717	-4,7640687370
6,3711851670	5,5580672372
6,0541149453	5,6838254967
5,3170699689	5,5756686035
5,1352023652	-5,0230968685
4,6329471045	-4,9012857176
4,7775640693	-4,0353057277
1,2491009148	1,2252247531
1,1432701337	0,9918441679
2,3700046117	1,2803685032
2,5405216556	0,3130624344
6,1083238939	5,6476049727
1,9059107362	-0,3427890822
5,4620320828	-4,1711738157
1,7177454155	0,8242452427
6,2504252123	-4,0119624525
6,0964326123	5,5529407366
4,7000721491	-5,0534049195
5,7917040184	5,4014672822
1,9742478269	0,5863937631
7,2455772859	5,3512744237
7,6528500610	5,5306861468
5,4760573271	-4,1846543378
5,6580013592	5,6702331494
1,1934235478	0,6922926782
6,0019633060	-4,2674357134
5,4524071034	5,7962753631
2,3338768777	0,4190033806
4,9614023969	6,1214577256
6,6754566248	-3,9293473617
6,7210912913	4,9753562253
1,4938798410	0,7944399650
5,4257658967	6,1545759733
5,9165748192	4,8576934781
2,1878552583	0,3511453192
6,0773542105	5,2783423473
6,2254308741	6,5072603241
1,8788998220	0,8868402970
4,0953078707	-4,3108352990
4,5092799900	-5,4268760171
3,0443263416	1,1980770925
4,7820838450	-5,3256084593
2,2355556878	0,3874147069
3,4150993233	-4,6453418448
1,4698556427	1,0471968922
4,3098854471	-5,2986138507
6,1622082324	5,6069755709
6,5667414636	5,2794164700
4,9669535930	-4,2039225896
5,1658494674	5,4915929851
7,6274281243	4,8267014297
4,2181182814	5,8098866762
6,1656753452	4,3633821909
2,1934739366	-0,6533989844
6,4221210270	-4,1538630218
1,7509655713	-0,4335341402
5,2634563697	5,3731157171
2,8681614193	0,6476931091
1,0681446490	-0,0619533115
1,6392115763	0,7970352578
4,3790182287	-4,6979858956
3,5491755005	0,3216028638
5,6144764675	5,0118528991
5,6906236004	-4,8049969967
5,1712094209	-3,9738274800
1,4384418765	0,1125243482
6,3562013064	5,1413270825
5,9940998966	-3,6300841719
6,1730366004	4,8263221590
1,2871700258	0,6148128280
2,6277409485	0,2953519134
4,0380368832	-4,6405746048
4,4159574995	-4,4754932002
5,3528415837	-4,8689147560
5,4650191819	5,6568090916
2,6495424798	0,6053972755
2,6319258611	0,8159802929
3,8491344585	-3,6882629832
6,1582126786	5,4137543467
4,6300569742	-4,3132875391
2,5615374890	-0,3389132519
1,7105950937	1,0357680788
5,4176369016	-4,6262883211
5,0696057137	-4,4078550349
4,4881670175	-4,5681568140
5,4138895375	5,8789187004
6,0736616582	6,0589543800
2,9491274033	0,4609762686
0,4851957807	0,8283873707
5,9997315182	-4,9972390663
5,0839557252	-4,8601408959
5,7434194532	-5,2043860016
2,8432721794	-0,1019525552
4,3495156461	-5,0015210659
4,9674978718	-3,9192668569
5,8440464880	5,4287403445
6,2806756324	-4,4843625031
5,2052707935	-4,3243001420
2,9652789283	0,7679200395
1,9805166318	0,5148365574
6,4588241695	5,5524968001
5,0076007679	-3,8426946861
5,9562573240	5,9603721190
5,9436690487	5,7181843856
3,2978062987	0,5717931740
4,5069318321	6,1169735212
6,3167291653	5,8195621425
5,1172421456	-5,0055586041
2,7733473075	0,3231998817
0,5253970651	0,5518944367
5,7790953209	-4,6456279653
5,6540460728	5,5737440336
5,0043455240	-3,3340432994
0,3865130899	0,5607487288
5,3622062736	5,5977265275
5,7372228108	-4,4752825226
1,7306899015	0,4815386178
5,6249556818	5,6588071974
2,8529196847	0,6060807864
1,5555355120	1,1181334971
4,5138341809	-4,4572642362
2,8694391191	0,8213685884
6,2424129793	5,5838055139
2,1029712519	-0,0852343131
6,6430868598	5,6291428863
2,0547889705	0,5136332019
3,8370739368	0,4167944741
4,4461346237	-4,3192862184
0,7007414017	0,8738618033
1,8756463272	0,0563167397
1,7064310405	0,5163759314
1,0802976215	0,2211417632
1,3743890193	0,6719646696
5,8619776936	5,4000452790
6,6024032504	4,6694485354
6,3099032565	6,0646595298
3,5471104725	-0,7486194366
0,8886175580	0,3032308010
2,9871603999	0,5636294385
1,6833392884	0,6881445469
2,6160101247	0,6710145486
6,5114315490	6,3054375638
6,0624809544	6,0610232657
6,6010366380	5,4014778998
7,3679324725	4,8263740836
4,4544691408	-5,0470312439
6,4593974264	4,8731928246
7,8170825446	6,2256396282
5,8711737308	5,8720721979
5,5156792906	-4,9059148181
4,1700642660	-5,0463064307
5,6865111310	5,5441123472
2,3229740656	0,0241846836
6,9592969320	5,6114198915
2,3167553967	0,6989520339
1,9527154949	0,4709663700
2,5514876375	-0,0614630927
1,9451815538	0,8904573463
5,5916189788	5,7608032838
4,7951860775	-4,2356487286
0,6891203132	0,4189350510
4,4483290865	-4,7669129182
3,2226581928	0,7267619197
3,5783402147	0,2454413823
1,9074875644	1,1588067361
4,4135307812	-5,1595404738
6,8262654788	5,2764913458
6,0556955122	5,7548540979
7,4984081889	4,7686565180
1,8911080774	1,1007067283
1,4419175573	0,4553901888
-0,1605234719	0,3509657926
1,9965574220	0,5830957265
4,9656775085	-4,3947282797
1,7307881959	0,4759131120
5,1644971915	-4,7779271050
5,4671965541	5,5804142697
4,5077834475	-3,6454137654
1,0794725742	0,3857401144
5,8528185585	5,9122665250
2,0587237898	-0,3125873144
6,4325182632	4,7963953090
4,4679267195	-5,1092303449
3,4443151390	0,7417504348
4,7554080409	-3,6198493873
5,5941014308	5,6618158846
5,7853051995	4,8792173901
5,6405995860	-4,2378202099
5,1090339746	-4,3027228985
5,6626687873	-4,1811899812
0,9077985853	0,7642341335
4,7800640637	-4,2975322420
1,6717405671	-0,0939132326
7,3727394207	5,3187862764
1,7724226651	0,9929349382
1,5767762486	1,2236726775
4,7777611317	-4,4789544414
5,2204407342	-4,5404502980
2,1296300151	0,4457309849
1,6502121531	0,3026387455
3,2918524014	0,7985797241
4,5864390181	-4,6945604991
5,0130759628	-4,7617612841
5,5398440337	-5,0232524467
2,3004700212	0,0847216682
4,7984821015	-4,6513302937
2,5678820526	0,8910702045
2,0509038776	0,5704383192
6,2206535721	4,9039169887
1,4600097758	-0,4357641717
1,6084831033	0,3355917489
6,8945512427	6,1853212874
4,0672005346	-4,4409383270
5,0507640742	-4,7724751130
4,3872720668	-4,3669397523
4,7166553725	-4,8942723576
6,6394060587	5,5765872461
4,2079320831	-5,2490874774
3,4463569421	-3,8194744031
3,5179540474	-4,5808998947
5,2653907864	5,7867073841
5,9097750565	6,4780703672
6,3010409092	5,5788847753
5,9752424564	-3,9744716830
1,0438189380	1,2760912707
4,9775692428	-4,6468375372
1,9628522138	0,6582502938
1,6561109607	0,3365892280
4,9613038439	5,2193593744
1,9582969024	1,0021773755
1,1561830263	0,9612668321
6,2847223657	5,6062537486
3,1592192808	0,1278477828
5,3762236991	5,2217261162
1,7169702621	0,7685188805
5,0830311984	5,2875885254
5,5850770650	-3,4703536323
4,8717608646	5,6602305560
6,6123713543	-4,8509839624
5,8403966722	5,5478695082
2,1154244851	0,5130505456
2,5436536574	0,7208761916
5,8139772709	5,9267603043
1,2113355860	0,0604578980
1,4474326898	0,9288560207
7,0114537512	-4,1650326420
0,9965121342	-0,0242271484
5,1429703665	5,3448867604
6,3832135738	6,7541208467
3,5169594233	-4,6470982317
5,4309021203	-5,0248891537
2,6150851374	0,5649672145
2,4437689728	0,4025488230
1,2100820296	1,6161580642
5,3141012093	-4,7784272278
5,3145875997	-4,8997486065
2,6623207900	0,6753427154
5,2045441693	-3,9511866010
4,5990009349	-4,5227294753
1,3532168806	0,1953924267
0,5860562966	0,7486350633
5,0127260914	-4,1937714903
4,5775380646	5,7493303803
4,2695297415	-5,1922875120
4,2205711175	-4,2622069088
6,9096175336	5,8144944776
3,3688355559	0,6340806428
6,1934214675	-4,8006376108
2,7423428902	0,2286652288
1,6877075114	1,1278199448
5,1995395334	6,1467898622
4,3072702102	-3,9489290580
2,5611368566	0,5047624396
5,1053894961	-5,4209723828
4,9140421202	-3,9694608430
1,0325221466	-0,1393974421
6,8834987886	-4,5325571695
2,7552870734	0,4166618021
2,3353021631	-0,0339460562
5,0808104234	6,0259812844
6,2146288266	5,1512899746
1,7526658033	-0,0476593958
2,0085849659	0,1620601462
5,1502029356	5,8576951244
2,4626285387	0,2909045795
3,5031803659	0,9439104279
5,4011842309	-4,0520525432
2,2759376521	1,5663672178
1,3287594353	0,6224326878
5,5674121965	-3,6958704824
5,8392897383	5,4522968269
5,1453191919	6,3110626528
4,7106092147	-4,8992728492
5,5140400151	-4,5674880526
1,5532699897	0,4053555672
2,0395133527	0,2289506954
3,2597322156	-4,6885760059
4,9071574665	-4,9964247742
5,7844125921	-3,3461438072
4,4034563249	-4,8486285257
2,0928703660	0,3810109484
4,4349789027	4,9623459014
6,9465849772	5,5276568451
5,6922635191	-4,1147077501
1,9822284634	1,2877206912
5,8312858814	-4,0944648301
1,5244996648	0,5934243568
5,1800450173	-4,5651073912
6,2059434179	-3,9993119917
2,6509690767	0,7251730086
5,2877363159	4,9654669056
2,5887845850	0,2228981020
5,7559616728	-5,0957247785
1,0737750871	0,4434286327
5,3387613009	-4,9492541134
4,0718428711	-5,0786038053
6,0753813862	5,1114796094
3,4207102788	0,9989601279
6,8153680109	5,8838520487
1,9614916561	1,4756139599
4,1851689872	-4,1806821282
3,5438185115	-4,4766738159
5,2853374725	-4,1315306824
3,0405880135	0,4358099017
1,6885282515	-0,0515634676
4,3490567204	-4,2518901855
6,3753372984	5,4884115136
1,1378640747	0,5123193003
1,6362422659	-0,2292499525
5,1093905373	-4,0906633511
2,1550467538	1,4783396226
5,0704376115	-4,9355260043
5,4348404896	4,7021521358
2,1637851781	0,6325278203
1,7668691859	0,6736303517
1,9374913958	0,2432012642
7,4474210534	5,5646210717
6,5923306550	-4,7849309241
4,9646142817	-4,6221943277
2,1371959230	0,2439924605
6,4460737651	5,1120716601
5,6000614128	5,3205784860
1,1940473025	0,8339590417
7,3715072319	5,1934488552
1,3985162674	1,3083652256
4,4137795744	-3,8420449246
1,8980135442	0,8845317160
2,3773527015	0,5159543783
6,4249407028	5,6900526995
5,6579786388	-4,7411575428
6,0219280724	-5,2101952967
1,5651447827	0,6749122192
5,4357490016	-3,7446741004
5,4346916504	-4,3222315561
5,5634841759	-4,9266025921
7,3059676465	5,7807519619
6,4290828896	5,4310266180
4,5011311621	-4,5107646290
2,3288247763	0,8681530604
5,6389230789	5,2391018141
7,3002054161	6,0004704110
2,0678633751	0,4924714606
3,6172715956	0,3163912703
6,0190409686	5,2389951841
6,0603957672	5,5951394774
7,2667516556	6,1156913523
3,7598553221	-4,0753936989
4,9411305598	5,6653235594
6,1451439278	5,1224936495
6,7480290789	5,9011174448
5,8870016994	5,1365038356
6,5951644291	5,6392676694
4,7893662152	-4,3331062579
6,3511614794	6,0885790885
3,6406003807	0,6907984642
1,1836615244	0,3350725484
1,3610048639	0,9114856747
5,0142600397	-4,0627619784
6,3775437034	4,9352143636
4,8369125837	-4,1747313350
5,7485991619	5,7022986692
4,6343641049	-3,8811789110
5,9767865651	-4,2503471699
2,2285323227	1,0667273810
1,4322519309	0,5094256067
5,9558259482	5,6374704734
4,9986538347	-4,2852631722
2,4129784626	-0,0938537849
6,1917631318	6,1880619267
5,7682063900	-4,5403975735
4,9590518915	5,9420278600
5,9968634201	5,5766869381
5,1618766980	-4,4393280530
1,0814625659	0,1545200865
7,3993072461	6,1984227395
5,2461620653	5,9619124284
4,0789994273	6,0924227712
7,3219461118	5,3020966310
4,1761473190	-3,9597068699
1,0723627828	0,6022035936
1,8116066263	-0,1045495218
7,0890322893	5,7540356475
6,0046500927	5,7349259913
4,5355100737	-4,7654181987
2,1516893046	1,1175316149
4,8657020127	-4,7198719007
6,4522946153	4,6564896847
2,1628719346	0,7370747356
4,2898719571	-4,8577264447
5,3769694008	6,6986560612
2,3041176533	0,5740624197
6,0538515613	5,2478036352
2,2962103864	-0,2049085201
5,8493487061	-4,0545943956
2,5461799088	0,4703579251
1,7630785722	0,3647084135
2,9725294773	0,7999720767
5,2907697839	-4,1997357408
2,7390369071	-0,3839933107
5,9172154833	-4,2198768905
5,8680605200	5,4067763366
4,7313829983	5,5286172222
1,5649430130	1,5692997497
5,6490846475	5,7958718564
5,0230073328	-4,5306347651
5,1363036825	5,0944486941
5,3974643926	4,7518935411
5,0358548613	-4,8082189622
1,5398822884	0,4831515803
5,3515958654	5,1999946599
4,3433376863	-4,0866917168
6,0191411362	5,5138196169
4,1211756900	-4,2951195833
5,5607655646	5,2973010462
5,4954101760	-4,5009998868
1,3157432707	0,4757484297
4,1699750094	-4,5889135961
1,8109286000	-0,0832805785
6,8629637812	5,4348337747
1,6147739515	-0,1072515755
5,6694983743	-3,8710792440
6,0877126784	5,8875562342
5,5782845178	-4,6013280483
5,4991236987	-5,0156463810
6,8662988454	5,0834093208
4,9387510143	5,3334237255
2,3264287190	-0,1321923480
5,1200177970	-5,1710082104
5,3251956347	5,2691288043
2,2488002075	0,2378277411
4,0601651642	-4,4315602324
1,3939386007	0,2811831317
4,8823112100	-4,2313502416
4,6920679027	-3,3376964571
5,4022496181	5,6972685835
6,9615008303	5,5440355863
5,4045812119	-4,8879134224
4,3438784094	-4,6751454553
6,8763790453	5,3163529278
1,5261683229	0,5456162786
4,9715327422	-4,2928576813
5,5514472971	5,6049835725
4,5796758203	5,1164083661
5,4707317980	-4,5770922416
0,9966902211	0,4441132926
1,8402889910	0,3851215181
1,4121272934	0,5003134814
5,2425813599	5,0593538161
5,4723524635	5,1777383102
0,9597806468	1,4486954465
2,2042250614	-0,6871607138
6,1460294090	-4,2372465280
7,7440358206	5,4741803852
2,3496577704	0,4315055523
4,3689162757	-4,6216427552
6,3268749021	6,2729592596
5,4760835187	5,8515222168
5,0501366846	-4,5828433281
2,4865549944	0,3586721528
6,2868889201	-3,2467951550
6,9024457993	-4,9165330974
5,8627423753	5,2577224690
5,0976982587	6,0067768341
2,5528455053	0,7082547041
5,0077835039	-4,2092928002
4,8430675104	-4,1284190707
4,4117358154	-3,7051162054
5,5770129852	-4,1023084585
5,6421843339	-4,9582573263
5,5132740369	-4,6008261238
2,7697698641	0,3811844483
2,2117700090	0,9624242727
4,8758093472	-5,0966463806
4,4251780225	-4,9410707007
1,9105721230	0,4631385578
5,6888058473	4,9975825003
5,5417986743	5,5509746571
5,8211077257	5,5545345746
5,1231912637	-4,2851836518
6,5595777996	6,5592361489
6,1748845230	-4,7201366698
6,1125344541	-4,2543355019
1,4304211348	0,2350425493
5,8154354290	-4,7312431822
2,2774353003	0,7364404249
7,1753465844	4,8810481493
5,9601141794	-5,3651076921
6,4248829591	-4,4654705033
1,4884444343	0,4956664844
4,4931659882	-4,5372775995
5,8069264350	-3,6439895382
5,5830299322	5,5229381822
0,6205771751	0,5566084460
4,3069973079	-3,6647079718
6,6901324476	5,5315826155
5,0810154679	-3,7942851464
6,9210979931	4,9505028912
4,9252712034	-4,0692323736
6,0687216511	5,5859065676
3,3529160265	-0,4116462617
0,5901869277	0,7689637581
5,2991968833	5,6262681687
1,6347019056	0,3029950110
6,0002989943	6,0989533713
5,8244262477	5,8210679710
5,2595643448	-4,0348618173
5,2330318643	5,2151262074
6,5503170914	-4,2653318280
5,2397263775	-4,0271462235
5,6776382170	-3,8886318836
6,2396182949	5,6541099096
1,7388413323	-0,3990330884
2,8335947361	0,7584026904
2,0242116582	0,5733407422
5,1964981267	6,0513108451
2,2855011726	-0,0200687505
5,1592971832	4,8523501999
5,7841961430	5,6272147104
4,9055374364	-3,7245412477
5,6431059644	5,2821606988
5,0962329911	-3,8696635574
4,8588838167	-3,8720746453
5,0306806018	-4,7895200952
2,0907564363	0,0321361063
5,5034162022	-4,4660902819
1,3968431367	0,9438858617
8,5551334074	5,7072996942
2,0807901180	0,1543645903
5,4530235657	-4,3432700576
5,5861040175	-4,5533407067
1,2655192207	0,9450871185
4,9997236416	-4,6761880276
6,8200569750	5,5903181672
1,8544576825	0,9317857686
6,1472798449	5,8964588343
6,0671028296	5,0500777877
6,9069744790	5,4534716227
6,6648882073	6,4481154453
6,0755143041	5,7578783088
6,5514351234	6,0566916522
1,4320134322	-0,2514894812
5,4945651949	5,8183086325
1,3711286736	-0,2007570961
0,9004736497	0,6961574515
5,3387530340	5,4299805649
5,5828519021	-4,7909904202
1,5533679118	-0,2883833522
1,0728059200	0,3259103258
6,5968299877	5,4880496198
7,4429974848	5,1051840203
4,3501593241	5,4262186060
6,8215531793	5,4314712767
2,4875586972	0,9703781068
1,6124992353	0,3578070453
5,1864813727	5,0338171053
5,2193652255	5,6184974115
5,6680785735	5,5915302229
2,0572448497	0,5073684979
5,1289935621	-4,2252530126
4,6865725655	-4,9756765383
2,6902697075	0,3521864918
5,4639074073	5,0103494515
2,5178154589	0,1103622568
3,2691631338	0,1786708688
6,0171818257	5,1066917315
5,6785754464	5,4421738023
4,7562134465	-4,2355974303
4,8282915313	-3,9588204735
5,9149249270	5,1646212432
5,3071759209	-4,6417051454
1,9148991651	0,2433774486
4,8674897096	-4,2177083017
1,3369913581	0,8677300369
7,7115285763	6,0471028024
5,9941642222	5,2833367854
5,6446978990	-4,3230961754
6,3566448713	6,2941034133
1,1022413595	0,4420010776
3,8706335888	-4,2099013456
5,6706399295	5,9482512040
1,7671141033	0,2712496865
4,8577643321	-3,6918841821
0,8564924477	1,4108370836
1,3287624423	1,1623696920
6,4913086836	5,9380664874
4,6550521707	-5,2715852742
6,4765874199	6,6631433741
6,2346308312	5,7881616342
4,9737256319	5,8748472426
1,7954612883	0,6174078718
4,2683898648	5,7815542642
1,3634546837	-0,1330734607
1,0574915290	-0,5218341471
6,1646767439	5,4919801686
6,1064880161	-4,3030894733
0,9166911301	-0,0698219721
5,4805635465	-4,1460431892
6,1243003112	-5,3494677849
6,1538475681	5,2113603362
6,1832018586	-4,4988449728
4,3162296404	-4,6666112941
5,7671812410	5,2381100893
7,6617618079	5,5426009421
5,3390177540	-4,7727593244
4,6029755971	-5,1363963241
2,0746367817	0,8598177872
5,7889134454	5,5185025666
5,3053106234	-4,9744558286
5,7538210455	-5,2273588226
0,9082784669	0,5338699138
5,7613916906	-5,2429595189
1,4537198728	-0,1638296928
3,0960348160	0,9456998894
5,4972666528	-4,4940066820
6,8322317922	4,8458660990
4,7720311746	-5,2693225107
1,7886699168	1,0476828481
1,7075666536	1,0908984462
6,6819022247	5,7477379997
6,1363684514	5,7375928251
1,4563122823	0,1381277820
4,1145243807	0,6767928183
4,6087899660	-4,4381549379
5,4846658966	-4,4538140742
5,3903365728	5,7512043890
2,6160720477	0,7042643641
5,8531831355	-5,0448732092
5,8706884180	5,6866587162
6,8892949271	5,2578637920
5,0281513547	-3,8684187647
3,2989679186	-4,2724911630
6,7924649531	4,9930944953
5,5555127605	5,3509980921
2,3411735194	0,6816294659
2,4724908220	0,7663166345
6,1717588934	5,6827917688
6,7741846167	5,1874336686
6,5414230599	5,9938656065
2,9730051045	0,3603845484
5,4349495064	-4,4597027233
6,8490620983	4,9808710871
5,3425659837	-4,7943730185
1,6979295525	-0,3697031731
2,1714685082	0,1066185862
6,6256892698	5,2367418537
1,6181476746	1,1974200131
4,8498537339	-4,7792806125
5,2767095306	-4,1722395031
4,9383466358	-5,1169631314
5,4114411791	-4,6703239420
5,6771168134	-5,3420581601
1,1426338566	0,5181480277
2,0079283216	-0,0665994054
4,3520042565	-4,4306100097
6,1516646655	5,3911424118
5,5552608177	-4,7586881551
2,6289698263	0,8888451408
6,6584125426	5,2054674336
6,0178027674	4,8929699064
5,7684338619	5,8424599935
4,3644709638	-4,5571925002
5,2617147430	-4,6540816471
4,2750219155	-4,7963447719
5,7641266074	4,7906916177
0,8637103292	0,3433959940
4,7707533780	-4,4314612964
3,8262573805	-5,0818437350
4,9559612072	5,5505940981
5,1736031178	-4,6576008730
0,4284949160	0,8294698320
5,1947638345	-3,9697486932
6,1518588549	5,9624408811
4,0183296663	5,2553152315
2,0769481946	0,4264945201
5,7152595271	4,6013124596
4,2134986052	-4,9445988712
1,9418355872	1,1239148592
6,1318926666	-4,1294550926
4,8828725888	-4,2769412869
5,4220107209	-4,4300137014
1,4674687338	0,4103998720
5,5446995949	5,8343826743
5,2741248192	-4,3498574386
1,0227678615	0,9795129135
4,1688515768	-4,6491082847
6,6900218649	5,7494142112
6,1556556223	5,7643703935
6,0178432767	-4,6822457660
2,0401599127	0,3913655366
5,7996726274	4,3306011507
6,1534425758	5,6178341470
2,5588330326	0,4528420905
2,4270976824	1,3407923913
6,6015267798	5,5493474864
2,8142466733	-0,1982269357
1,6469366016	0,5084527845
5,4938312971	5,9126256235
5,3445155652	-4,3996580478
5,6927337509	5,2403949155
5,2098571919	-4,5919210416
2,8486243481	-4,6336517238
5,2829013084	6,2268840622
2,1973165302	-0,0352558809
1,6873624602	0,1909319366
1,5835502115	0,8160476262
1,7282381271	1,1345802713
5,2919921776	-5,2546417631
2,2460272985	0,1164303701
5,9668395666	5,2982042708
6,2706863358	-5,2383065891
5,1718293540	-4,3403043597
4,6288283204	5,7539914844
4,9277999620	-4,8912441289
5,6174603726	-4,8405631832
4,7794438758	-4,9320306372
6,2383798273	-4,2404405669
5,7363274871	4,7812695052
1,2754068439	0,5113422158
6,3251936333	5,8886405222
3,3822641976	0,0793027928
4,8547415642	-5,0505738878
0,6374308856	0,5341437473
6,1664902480	5,3071192583
1,6071846716	0,2089352707
1,3310012942	1,4079451245
5,0872064371	-5,0006833272
5,5451740944	5,8078101134
4,1571159747	-4,6638667485
5,8249337708	-4,4944864658
1,7834130100	0,9747570457
1,2723455006	0,7621441078
6,3429721528	4,3945218719
2,3290892009	1,2357826969
5,9815676433	5,1449085035
5,9117888569	-5,2356161310
5,4071497723	6,6797259563
5,1707932121	-4,0032908003
2,4866369794	0,3374892622
6,2973713642	5,8077006670
5,3474403603	5,5881634459
2,4551972168	0,4476955667
6,2492321706	5,3669329222
4,5278869321	5,3664188731
3,7771375701	0,0362934829
6,0753528597	5,2671762622
5,3762825197	5,4174224442
5,9393309718	5,8922898535
2,9487361548	0,6381463452
5,6553214601	5,5148464270
4,8050537322	-4,0595498970
5,4620507182	-4,4731360677
6,9632132124	5,8220777232
5,8960814031	4,5857918487
1,6110348196	0,8031255201
4,3694575170	-4,4558440145
2,5079729138	0,6946907906
4,6123975672	-4,6880777120
6,5813613587	5,1792261589
5,7911946623	5,1482302473
3,0505707988	0,8488087241
6,4338228793	5,3885520245
5,6582354627	5,3733202857
6,0971738217	5,9313861663
5,8228642051	4,9498937088
1,9779204253	0,8964183656
0,6261614983	-0,1712910550
6,6040741566	5,9300329905
1,3612066139	1,0123811521
2,1260275293	0,6687196666
4,4445099546	5,4767859320
5,7473084627	5,4293253433
5,8355797111	-4,2892233138
5,1514958380	-4,4556303304
2,3455469123	0,5116113933
5,4722313306	-4,3636624104
5,3700079606	-4,2449114502
1,7634737105	0,6373664730
1,6828833811	0,7976510483
2,9199272759	1,2993723056
5,2318341663	6,3173340297
6,0272898387	5,4516703043
4,6662717977	-4,7291952350
6,9217705290	6,2000304660
6,4981883461	5,2882011410
5,6103751126	6,3500001695
6,1241511530	5,3816736206
4,3615442784	-3,7828171856
4,4275947172	-4,7458115860
5,6629508134	-4,2539897912
5,2747505507	4,7759298102
1,3061830975	0,8339486002
4,7304694593	-4,3931411363
6,7086888467	5,7334544784
6,0681982660	5,6950216420
5,1995991109	-3,6060677188
5,5116121200	-4,7669010503
2,4220657818	0,5085472383
4,2002465040	-4,8064650458
4,9244967489	-4,1371626437
1,5599610670	0,6968672101
5,3680831322	5,5280672663
3,1844663560	0,6190096108
1,5599440077	0,3231333761
5,2041413998	5,0181581229
2,6383962033	-0,1716452388
4,4359132645	5,1926299923
6,4299189438	5,6232981267
5,7994844890	-4,4039004034
1,3092758482	1,1721559993
0,7291178216	-0,1081617892
2,9441133018	0,1464966651
2,1492174815	0,1656887527
3,5282489742	-4,8326616642
6,1072549330	5,3908393110
2,1566039401	0,8192030607
6,3920477718	4,9024423975
5,8901523267	-4,4593208849
4,7905081024	-4,6040010102
4,3631482889	5,0923684132
5,5760781431	-3,9636148954
5,8439720563	-5,3867294490
2,2436707559	0,6256612190
5,4103293510	-4,6147008753
1,4747800862	1,1142078331
1,9473806485	0,6979787631
5,6587291188	-4,5497658059
4,6518410745	-3,7541409112
6,3277783151	5,9589777744
2,3043759399	0,6668818437
5,0337520737	6,6323469699
5,8784013096	6,0355204940
6,0048695926	-3,8219973739
1,9650404260	1,3519419545
1,2303888011	0,6348632784
5,8209734934	6,3056014187
4,7707360044	-4,4041333626
1,5810509812	0,1368728611
3,4727385500	0,7536440097
5,5234212337	4,8730338497
5,3725848888	-4,8858485944
4,9972989912	5,4681690214
5,5950672523	-4,3300378194
1,4306917964	0,7282070319
4,9874428639	-4,2843494348
6,3114189723	-4,4434255843
5,5876086050	-3,8835850717
6,2298763629	5,6348500765
3,1987157774	1,1023154683
6,1766906244	5,8660593593
1,9474092515	0,4921537291
2,5433204114	0,2928549017
5,5145088343	5,5713884661
6,2771620106	5,4098369269
4,5802002526	-4,4246246296
7,4196483714	5,2266087858
0,7984594360	0,8070264105
5,7093102031	-4,0465187917
6,2790300703	-4,4112957727
4,6263600187	-4,0443824933
5,3230510406	5,5644881007
6,2297948626	4,6140763062
3,7886513829	-4,2172135377
5,4992984878	6,4600504773
6,4492309956	4,5971816975
6,7251049664	5,2948238784
2,6067074968	0,2936254389
2,5143597482	0,8997843906
2,6953860644	0,9454703550
3,6382816839	0,6765812394
6,3447017643	4,6714561701
5,4267976247	5,5365168603
2,7150244052	1,0601023476
7,1718237746	5,4613333005
5,1654343368	-4,5875296590
4,9929486545	5,5534821171
6,4096513346	5,4075693931
6,7525238961	6,1066529709
5,6989630908	6,2536028755
2,5049966759	0,4746285937
7,1556329086	5,1391134219
5,1604492138	-5,0516423867
1,0727229079	0,3752654242
5,2046804644	4,5843095124
2,8627190377	0,1418179836
1,5249811166	-0,2089034039
5,6499848091	-4,6981612637
6,8908181511	-4,9300333910
2,2663339021	0,1364413914
5,9458868119	5,7302752858
4,9880098839	-4,8961591291
6,0565920604	5,3164671384
2,6758577496	0,4305747549
5,8238028450	5,5969428134
4,8598226856	-5,5188801926
5,2189468500	-5,0891972708
2,5127839961	0,7327265773
2,1129695877	0,6342995391
5,1485103102	5,7716943435
4,9407300989	5,0505022906
6,9274544062	5,5210608911
6,0068405097	-4,6584964210
5,6097584453	-4,2753585195
5,2550058210	5,3454281613
4,3382415378	-4,6038860706
5,1859497256	-4,6631883503
6,0157026434	6,9430353483
6,9569752428	5,3442309137
5,2221519642	5,4653552276
2,2411544534	1,1261118543
5,4911210651	-4,2941821591
4,5557648337	-4,3370928627
4,5558402144	-4,5049626095
5,7685194368	-4,2200543753
5,5840622710	5,2446793787
6,7113820915	5,8436465032
4,8339672835	-4,3447056402
2,6240847622	0,4588465139
5,8213422939	5,6167635767
4,7591345683	5,9089261718
5,1687808137	-5,5192805326
5,2475542880	5,5916156925
2,4862275784	1,1052901646
0,8551799936	0,8026406243
2,2238228573	1,0147606415
5,8465793190	5,3925510283
4,6435028510	-5,0774280183
6,8332789720	6,2392827985
1,7401287170	0,3159659157
2,2055712049	0,2091268527
5,7654545181	-4,5314923713
6,1737093420	5,8811025603
6,2874072070	-3,8510114827
2,0488093307	1,1007443947
5,6090350460	5,5105059350
4,9202696319	4,7960201582
5,1461407424	-5,2535633869
5,4874084849	5,7790850598
5,8433978414	4,5471277782
6,7946531528	4,5725658818
7,1653162874	5,9168819037
5,4531652246	5,5439247148
3,9460555007	-4,6213970885
5,4878881192	6,0374363550
1,9345704802	0,4676295828
4,5494060570	-4,6560888370
5,9085285956	5,4983481805
2,4550816199	1,0346348107
6,4319378547	6,2529519950
1,0848128243	0,2094381431
6,1836610112	5,9496121291
1,0250337400	0,1319492318
5,8742259334	5,8457710748
5,8983532159	5,8251295231
4,6480624539	-4,7387038938
4,8112803972	-3,9338807187
1,6505063285	0,4711933517
1,4054526048	0,1531953027
2,1791383026	0,5081907917
4,6097990400	-4,1488103545
4,9152742687	-4,6890412665
3,0460413497	-4,6756550646
6,3179342402	6,8673630107
2,1849293687	0,7221452851
2,9775379178	0,1523250615
5,3761576698	5,6977278068
5,5667760193	-5,0079634926
5,7726819947	-4,5291138016
5,7183755072	-4,3649682311
2,1498823175	0,7844633550
5,7557716668	-4,1796195883
1,7708025159	0,6604716641
5,6836035401	5,7781459495
5,0929440650	-5,3222691090
4,8512009477	5,0917744042
2,3851086796	-0,3772166613
7,1437812056	5,4529150468
1,7053221672	1,1161295571
6,7177130858	5,7420620349
5,4209581441	5,1991484708
5,7523980973	5,1906949111
1,2747682465	0,1281566804
5,7813808008	5,3258175539
5,6576347165	5,7583829002
5,0725025892	-4,4897415598
2,1170261528	1,2310268627
4,8445889134	-4,6674742538
2,7802339407	0,3952603525
6,2643798700	-4,6508582174
4,4241269817	-4,6147267046
6,8460646536	-4,6141984469
3,1928958650	0,1389905313
5,6133780296	5,6385850247
5,4267463631	-4,1220819567
5,8539455207	6,2799546953
6,2065585607	-4,9617163573
2,4734914968	-0,0667563897
2,3293196375	0,4987514627
5,8369736464	-5,0053055031
4,7305659373	-3,9377098271
2,3620797906	0,3986513503
5,4090658341	-4,6239239096
3,0498128190	0,1693146537
5,4494435600	-4,6742033572
1,6128771143	-0,2816825120
5,3637613442	-4,4826290402
4,7292869195	-5,0186845390
6,3332630474	-3,9246509875
5,5676128580	-4,7509337375
5,9502174203	-3,6662815812
6,3204982903	5,4074172572
0,6282836051	-0,4891351384
3,1665039441	0,0858079567
2,8903126689	0,4992842069
6,5195602538	5,7028981190
2,8303643792	1,1812571149
2,5614733981	0,3432103064
3,2049134699	0,6933014569
1,1854332083	-0,1719114921
2,1396249907	0,6718088009
2,0736985273	0,7590945849
5,9082431092	5,8809431497
2,5806221929	-0,0141141197
5,9118524180	5,5427404892
5,9142463244	5,5471215685
4,2381173153	-4,3610316616
5,6116183908	-3,9368580753
1,6370974034	0,4858452850
4,6508510366	-5,1704359292
1,2744791822	0,2702747050
6,0461133483	-4,4238904589
2,8173569104	0,6789607094
5,1708083644	-4,6590426056
4,8822703383	-3,7589293528
1,5693012906	0,4320495272
6,1910019843	-3,2730713363
2,3429527535	1,3986174789
4,9884227433	-5,0419634218
5,3356556230	-4,2663912371
6,4939977410	4,7538816049
1,9499345028	0,7416988069
4,7082775088	-4,0294409425
6,1942295345	5,3127186256
7,1316584478	4,9344898017
4,7768635573	-4,5201257644
6,1651180914	5,8778099316
5,5648632608	-3,4747680462
6,2783129042	5,6565996857
1,8222065941	0,2310902430
7,0942773635	5,2845262318
4,5560646725	-4,2306097187
2,2254317931	0,7293085557
1,3841336185	1,1914455398
6,0465973272	5,5065986552
2,2462179310	-0,0125117790
6,0702787627	-3,6929429330
7,6856014340	5,1046879489
6,1136151335	5,6500955827
7,1869465139	5,7994052586
4,8660752451	-3,8968239263
3,4919855661	0,8351000330
5,0722348605	-4,7876576172
5,3559045570	-4,6230466666
5,7425748909	4,8003409522
5,1509772408	-4,7640434117
6,2052578489	-4,5735790948
5,6709531450	5,8987888071
5,1281178587	5,6377284531
0,7449271262	-0,1908266738
4,7311408757	-5,1077804701
5,8692879217	-4,5978654769
2,4365423098	0,0345742599
5,5876652196	4,9149308313
6,3101236359	5,4198602211
5,1482687577	-3,9047189329
1,7760081705	0,9907087221
7,1411552301	5,7410794629
6,8295401138	4,8997228672
3,2314614340	-4,4576095598
5,4690203227	-4,6300143559
5,5780414905	4,6931568399
1,2076756003	0,2891026985
5,0778943720	5,0652971373
7,5981751778	4,8789686872
4,6980859144	-4,3134265283
2,3383490776	1,0544090467
2,0824441425	0,6635293547
5,2732937603	-4,5337085221
4,9593649908	5,9014131215
4,6860754373	-5,0472648940
4,9624526667	-4,2987391275
5,2993822257	-4,9441727322
4,3017378191	-4,2045266259
4,9120737943	5,6876477835
5,6947969463	5,2327984888
4,4371881597	-4,9661812160
5,6691723744	-4,8079633195
4,2237525580	-4,0725118704
5,5117981095	-4,7464254797
5,5476932180	-4,8860697986
4,7747240712	5,5249169957
7,3483913810	5,2991452380
1,8099430163	0,2574937592
4,9636178397	5,1133113829
3,6304547938	-4,5729727064
2,1891282541	1,0316956846
5,7253113684	5,4270742222
5,3475506720	5,6478539520
5,2852691582	5,9071257823
5,6681410626	6,2701770764
5,7761011745	5,5403449650
5,9126665425	5,3923488730
1,5637872203	0,2823971886
4,6425707427	-4,5917829858
1,7802493308	0,4938431465
5,4180650873	6,0093575899
6,3660575815	-4,9337557932
4,1530802443	-4,8447114504
5,7362592325	-3,5209836621
5,0917707939	-4,6418729481
5,0067804204	-4,3927265136
5,6496989132	5,2798328955
7,1451124013	5,5976219317
1,7378310074	0,5084567048
6,1777081799	-4,6175088959
2,2694424362	-0,5377759581
2,8565999204	0,3069857674
5,1833864954	-4,1467931898
2,3740794797	0,8340333225
6,5758207110	5,4152610812
4,8989490911	-4,9219041606
6,5779202321	5,8836631300
2,2426774516	0,6372293883
5,7980809846	-4,7585602775
4,2572705238	-4,6659573041
4,3694867077	-4,8871741678
5,7521148830	-4,9620804565
7,3540896119	6,0352133704
0,5037458428	0,8426221388
6,0793292067	-5,1525760317
5,6762145663	5,4732696183
5,3222206686	5,2441157590
2,1129092744	1,3666142405
1,7235570642	0,3232169542
5,9198183329	-3,8422396828
5,1738261917	5,9634632525
1,2508605770	1,0635764572
3,8530086881	-4,3849588623
4,8544784881	-4,4929537774
1,9748207814	0,5970085363
5,3271324180	-4,0426371996
4,9367722273	-4,4569581972
1,4847121331	0,1651310797
3,9168174981	-4,2282143246
4,7799557372	5,5900830960
2,9786470841	0,7658196713
1,4818322012	0,9264376256
2,0908518851	0,2799646900
6,8909868232	5,2236687042
5,9421461933	-4,8961536211
5,4817549782	-4,4125226567
4,9628797545	-4,6718044033
2,7683109759	0,7117385902
5,7772954964	5,4477272191
2,3106593358	1,0442045615
5,3072609863	-4,3668160877
2,2459786848	1,1449791101
4,0037155256	-4,3259114551
4,7569496769	5,7539249577
2,4054091937	0,9996266212
4,1579097390	-3,9169532780
1,3596142368	0,5395355060
6,9560942030	5,1131392458
6,0393537771	5,4981400800
5,5805928684	5,5541561034
6,0190393869	5,4077817321
4,6245070705	5,0004537371
5,1391059897	-5,4225640187
1,2741981407	1,2186473297
7,2340079056	5,8758886020
6,3425964032	6,6463922476
1,6204405377	0,9274455996
4,8920333710	5,3058844396
2,7421674318	0,0656962389
2,2032192480	0,6772840146
2,9647116827	0,1815082680
1,9053147642	-0,6216535928
4,7480088604	-4,5187715195
5,9131147261	6,0315839576
5,2634895431	-3,9241652878
1,6757023645	1,5103171166
6,2123173664	5,0776718283
5,5351856671	4,8502651349
5,8007571228	5,4604961996
5,2845749484	-4,0635298980
5,6558601207	5,4234103268
5,1649218143	-4,5536917634
5,1367764116	-3,9872411535
4,1345583319	-3,8285973134
5,2153974552	-4,1611899832
5,3298355578	5,7164855770
5,1654771378	5,3976296949
5,3852345575	-5,1328297233
4,9085246086	-3,3994196344
5,0797681449	-4,0733729182
4,8298342063	-3,6991967826
4,6060340499	-4,0962997147
1,0277092699	-0,3471995686
3,5632974920	-3,8908109002
1,2149669777	-0,1414710549
5,4099350445	-4,8942865262
6,9455813532	5,7824644553
4,0160440687	-3,9093303123
3,8159006287	-3,9371762951
2,0344720093	0,5541968958
4,4560949626	-5,0514385252
5,0778447345	-4,4246079545
5,9177684269	-5,4532076049
6,9572122416	4,9619669753
3,2709377222	0,2855627474
6,3531367929	5,6774137031
3,0736592158	0,7406128991
1,5560561177	-0,0660414807
2,2499510058	0,9517674802
6,6748371873	5,1047995496
5,5801342473	-4,6215310025
6,2675859007	6,3584668099
5,4326073582	5,6388528950
5,8153023417	5,1768205902
6,4353552179	5,7054806275
5,5156370576	5,5094675033
4,4714807694	-4,1896768069
4,9788025585	-4,0788335220
3,7082541009	-4,3797706240
6,7537958332	5,5896412603
5,6869587040	-5,0025130320
1,7645132184	0,3799495300
5,7008578317	-4,4788487632
2,5685600326	1,5346283522
5,4291155616	-4,5325029705
5,9245446419	-4,3038630263
5,6051950794	6,0004501040
7,0100635867	-4,7425280841
4,0126516642	5,6664052020
6,9398350795	5,2424295592
1,8699876623	-0,3933967990
1,9703729554	0,1392823850
5,6115053009	-4,9118645216
1,5669352787	0,9577522848
6,0344230653	4,7419425082
5,6014770079	5,4743058239
5,5896030621	-4,0922077419
5,7405343765	5,0462613003
3,5483786601	0,4879541546
5,8243353095	-4,6362616126
6,1698115629	6,5940637697
5,4290106596	-5,7211060793
6,8232807916	-3,8651278907
6,3245256431	5,9816893645
1,9099924591	0,4821646059
5,2177764772	-4,8437283577
2,7215856541	0,1461300444
2,7121612067	0,4875360425
4,8475250355	-3,8220103954
6,2215519415	5,1675120422
2,3058757481	0,7534404639
4,9653456659	-4,0880944425
4,3649400514	-4,9371338243
4,4260782180	-4,9518547937
2,7992689117	1,0426012188
1,7990219582	1,5798166224
7,4337025144	5,2402518554
6,3937070955	5,3511321524
2,3159111225	1,0044946072
2,0978097640	0,8697810183
2,8569923677	0,0138606571
6,1274536213	5,3791721651
7,9011694660	5,1332709536
2,4496124453	-0,7911480778
5,0631474963	5,1660325712
5,3109860064	5,0896457872
2,3030550609	0,4478961469
5,0840421441	-4,4323777585
7,1142242152	4,9457468353
6,9911050923	-3,6466396202
5,7461190332	5,2625698685
1,4597702479	1,1244104717
0,8016802532	0,5954274005
1,3998277866	0,3429187239
3,4094728330	-4,9672807543
4,5623257865	-4,5011693924
6,2624322047	5,5656251470
4,4560421496	-4,4350391295
3,0052513138	1,0513741572
5,7511590653	5,7113452943
5,2392790931	-4,0810360814
2,6922981694	0,2828060690
4,2401792902	-3,9577967372
4,9418329927	-3,7287181518
5,1771594555	-4,5584395979
4,8770728375	-3,9069003040
2,3358397597	0,7632985512
6,1428377605	6,1338132467
5,7607866874	6,1685531943
2,4649170706	0,7359123361
2,6456508660	0,5911190034
1,4542723008	0,1580000066
6,2068288572	-4,0852993477
5,4701412227	-4,2795528973
4,7581395774	-3,9241756689
3,2925689071	-0,4088079558
3,1191559548	-0,5415185908
4,9874636480	-4,7972348933
0,9236608932	1,3922965010
5,8038759755	5,6180074915
2,3460417950	0,3159029260
4,7095660238	-4,7215563328
5,9838128723	5,6390623055
5,7128707105	-3,7360857662
5,3474668042	-4,3213066360
6,1770208367	6,2659153690
2,3161042763	0,5684226032
6,4226053149	5,6723237795
6,1191992778	5,4434952387
6,0886273074	-3,8772374763
1,7608937050	-0,0483010812
2,6363454423	-0,4998496321
0,6350038302	0,0405036664
1,6463207456	0,2731962844
6,5819884789	5,8501352735
4,9451837657	5,5527938898
5,7179196362	6,0142277893
4,8879284058	-5,0880881400
6,6865174525	5,1392336724
2,5924707853	0,8751031956
6,2160735794	5,8762123180
4,4404942630	-4,7525265534
6,0226143900	5,3349208714
4,9944308959	-4,5499462177
5,2862029918	-4,6231788233
5,8506293989	6,9757515262
1,2976028961	0,3514025966
6,9503378435	5,0997839023
6,5425748586	5,6974612083
1,2726241659	0,6313317377
6,4293938629	5,2967941656
2,5270274662	1,0280765151
5,6908306898	-5,5529729892
1,8216963508	0,6556101248
5,7267767473	5,4420361736
6,6909324788	6,0472953400
5,8392408969	5,1961535830
2,9074130606	0,8198226858
5,1955739041	-4,6798730065
6,2778638812	5,1438867917
0,5256906997	0,5891349053
1,9733830541	0,7349989608
1,5775435281	1,4337838974
0,7423671800	-0,1229320545
6,4941006672	5,1548445358
2,1107222396	1,0990844971
5,8239137144	5,6866085226
5,3304041346	-3,8670307769
1,7608341421	0,7172616330
6,2414009465	5,9187433421
6,1180848912	5,8005058709
2,4441523272	1,2024240510
6,4910054671	5,6473015371
6,0743554907	4,3350116310
4,9545572659	-4,6008038569
2,9848366769	-0,5509497715
5,2348164914	5,2740713334
6,1524230803	5,2091625059
7,1917715948	5,6265320683
2,8733044863	0,0728289622
4,5063742502	5,8157176864
5,9753496498	4,9226992434
4,3992462900	5,0577382546
2,0433684218	-0,2120534641
6,5193812481	5,5659739866
5,7556770229	5,5003902140
6,0969966972	5,7369925808
7,2276325003	5,7008319846
2,3719686507	0,5509856327
1,3359791057	0,5324558352
5,5699908365	-4,4891324057
2,1917839006	0,3025539982
6,5336878419	5,4754699888
2,2613129407	-0,0963722238
5,1686248238	-5,1439377385
2,3473596184	0,2825625872
5,8531136117	5,5656312092
6,7245630003	5,1370501542
1,5484150480	0,0301023494
2,0994699434	0,2609091934
5,4769015891	5,6679093813
0,8740249877	-0,1465757584
2,2421076805	0,6264811902
1,6423492982	-0,3447171136
2,1938796015	-0,0310620366
6,2001637528	6,1190478071
2,1344038155	-0,0042450989
1,9660272715	-0,0638578883
2,2834498443	0,3255390393
1,1896800580	0,1741589856
6,2733265867	5,4470117541
5,0761472519	5,2616307782
4,9584688221	-4,9040145743
5,3089597016	-4,5655408942
6,3771896229	-4,4989156945
7,2182142043	5,2374272383
5,6731095289	5,4451556536
5,9545806293	-4,3196067449
1,1396046907	0,6724374089
5,4460823433	5,2327143846
5,6037972998	-5,0451987062
1,7720025808	0,3810517868
4,9251787158	-4,5112674136
5,4097082444	5,0577976840
1,9815558635	0,9932554147
2,9659867867	0,0180799702
5,1709908130	-4,2852715228
2,4264064283	1,2743455874
6,3768194282	5,1109832941
2,1990359587	0,2881111959
0,8037420148	0,4052883327
2,2938768484	0,2408401433
6,1147562929	-3,9751384880
3,2969622486	-0,3848273240
6,0853887844	6,0025240517
6,0385447504	5,8526633128
5,7845855983	5,4345623384
0,8930733648	0,4946288947
6,9073858986	5,2030671752
1,3886897992	0,4642485106
7,3001920769	-4,4977385401
6,9385678284	-3,8186269490
6,0990677623	5,6418437078
5,8310926151	6,0864350800
7,0187526522	5,1358973772
1,8001676496	0,1789103332
2,7109544240	0,1468961943
4,8351108008	-4,4169036091
6,0437692747	4,5242679098
2,4300761208	0,7464658582
5,5925866621	-5,1697981901
6,0428924636	5,0303383378
2,0726759174	0,9294410931
4,0556165311	-4,6169897621
0,4903402349	0,8783847776
5,6794224336	5,9487772402
1,9286029885	0,5781499012
6,9261106127	5,2604328269
6,1262747527	-4,1551262006
5,9208132124	-4,0192742069
5,6441318813	-4,0417489331
4,6170672563	6,0285759656
5,4085946488	6,3578670035
6,6409214094	5,5722182968
5,9525738852	4,8451282647
1,9595819270	1,1362312853
1,5924682030	0,3062336283
6,7094785178	5,3534247958
0,1676973064	0,4857891595
7,0753959681	5,2630125447
6,3717382259	5,3395403330
1,7609465464	1,5757561148
6,2100801993	5,5279874050
5,0073018717	-5,2757367087
4,2616415370	-5,0148465712
5,2027970321	-4,4906092644
1,9038374641	0,9683336530
5,3583407461	5,8840400836
5,7853570026	-5,2264968480
7,6203340105	5,2085858380
7,1150455181	6,1472613366
5,9336541546	5,5333955164
2,1822069659	-0,2314348604
4,9821813993	5,9982575103
2,0008563774	0,5462736581
2,5555735267	0,4400461548
2,8136428437	0,3196470111
1,6640155105	0,8068425599
5,5656386846	4,8131391783
5,9270814896	5,4879941254
5,9170090679	6,0609933702
5,5146581973	4,8398277190
7,7233986486	5,9958461608
1,8016821516	0,1188142469
2,5259369254	0,0374518707
3,1862600593	0,3559515050
6,7135518657	5,5208741044
5,1594100080	-4,3200594645
3,7655151203	-4,4249425676
6,3903502792	5,1850559983
4,5903768689	-4,0520652750
1,5143845897	0,8592724300
6,5833633515	5,6579097682
6,5493014404	5,1550808151
4,6676442442	-4,1610961712
6,0878583441	5,7633077621
5,3534817703	-4,4358884150
5,1582754034	-4,3833936336
6,2344693774	5,2304372640
5,2002311620	5,4756754256
4,4698553999	-4,5173446747
5,5026006887	-4,3227052536
-0,0423857182	-1,0002257744
5,6597179339	6,1887442748
5,4131014404	-3,7906165360
5,9452010323	5,8729701073
2,4386501454	0,8676694018
4,6216550940	-5,6253555064
1,7351033571	0,7700053605
2,3519718178	0,1097255823
6,4928416574	-4,2293030434
5,4116582514	5,2682268341
5,7589380179	-4,4342312339
1,4638620382	0,3982754015
4,4659593678	-5,2489836192
4,4955674957	-4,9663270859
4,6377331079	-5,1814783324
3,5074893605	0,4801720291
5,7917545341	-4,5076884603
2,8694454567	0,7916311589
3,0233378373	0,7432661115
0,9178142530	0,9176690486
2,1382518992	0,9105343019
1,0396064642	0,4701799659
5,2634285264	-3,8167286251
6,0547184408	5,1057837749
4,9569051810	-4,3266051652
2,5833912340	0,4068911863
4,4933282465	-3,7818407869
5,0893277709	5,4437007806
5,9901345577	-5,0261406969
5,2219053317	-4,4664001188
7,1074823881	6,5090449012
4,4748781460	-4,8657321432
4,3482144177	-5,2346893986
3,1575765662	0,6918065563
5,3056369698	-4,3202085593
5,2278739223	-4,2802620959
1,9653348872	0,8931042990
5,6759116290	4,8817917481
4,2445421237	-4,2725002802
4,7864495602	-4,0641886092
6,2484873376	5,7487219502
5,2333946792	-4,3022881355
5,0233826650	5,5343855349
4,9084251382	-4,6081573253
0,4167769141	0,1576100891
2,0810628699	-0,2477912326
5,1352167795	-4,9892057282
2,0103262178	0,6792404239
6,2450676011	5,2972888763
0,9877971477	0,0585002470
2,9959941255	1,3382594316
0,4662886934	0,9170360675
6,2115276461	5,3627699102
4,8185989150	-5,1873962469
6,4422065369	5,6011010645
6,7960469933	5,6147937610
2,1877307179	0,5696370345
5,9191099948	5,5377217060
1,1300643353	0,9664395163
2,6562611665	0,4993123218
2,3389880834	-0,2118802132
5,4698192127	-3,8557399132
2,2481373222	1,0532736039
4,9737007949	-4,3958701615
1,3519916983	0,6848039284
6,3610416426	5,5007435670
2,1129513290	0,5089376287
2,7376800878	0,7683212343
4,9165859259	5,6501604879
0,9669870682	-0,0016469891
5,8173888064	5,3879423419
6,6948803774	5,5323052417
1,4551900135	0,5907264751
1,7867262605	0,8527990054
2,1410229222	-0,1025191170
6,0773387830	6,3374501480
0,7564340770	1,0553298780
5,2655343856	5,5415283619
5,8769353952	4,0891176810
4,9168939892	-4,6253722601
1,0830931901	-0,0266952864
6,8991378804	4,9311775565
4,7785391773	-4,7708236783
7,0417937722	5,4866962489
4,5548061872	5,5970923614
3,4337648983	0,4495499309
5,9746157307	5,7871699932
5,2635854267	5,6690349778
5,9947412693	6,2069698694
2,8475860776	1,1595302148
6,0076226432	5,1966774953
1,9174058032	0,4071801264
2,6556506203	-0,1117818625
7,0699988324	5,2672428869
4,3369816722	-4,4906546028
4,6169801261	5,6389817086
6,2479953870	-4,3729121877
4,7069507358	-4,1160832978
4,2954714588	-4,0696470524
2,2785270039	-0,2813159335
5,1227253068	5,4945026492
4,6263722092	-4,6545236120
6,2611054956	-4,9733236263
5,7988183901	5,9536416596
5,2475065992	-3,9751729602
2,6056698029	0,0949952541
1,3875719638	0,4022747426
5,4628690655	5,1295570690
3,8106279250	-4,2764862672
4,2623825121	-4,1638670961
3,5208415419	-4,2878085907
1,4510819531	1,4460234088
4,4019355878	-5,1563046891
5,8468961383	4,3164800032
5,7003311316	5,5898755718
0,9408316866	0,5699609832
2,8513304287	0,7250606611
5,7851139352	-4,8598531613
1,7213981523	0,2200524260
7,2639602083	5,2403375479
5,8697209287	-5,0415037757
5,1169776630	-4,6462460883
3,6957735522	-5,4035892595
4,5718134774	-4,1331822014
1,7437517640	-0,1157782190
0,6766435676	0,2946300416
1,8441740375	0,8251239087
4,9640751080	-4,8039005738
5,3452279172	5,5091800337
5,9237541745	5,2562714863
5,8202778968	-4,5472369713
0,4391875098	0,3789255038
1,2037854593	0,3067645221
5,6427076331	-4,7774732297
4,2318931682	-4,3410490466
5,9375248524	-4,0452334488
1,3183307899	0,7599014931
7,8021597168	5,9116293253
4,9623866069	-4,4997183967
5,7597888009	5,8567068007
5,7442819428	-4,6624111611
5,9562347034	-4,6593993357
6,1873767084	5,4005176995
1,7429032640	0,5329453556
3,9490797304	0,6631329110
2,0026479285	0,2617571809
4,9889036508	-4,2791064054
1,4162459555	0,6806819357
1,8997281201	0,5090600788
2,0260126075	0,6036455897
4,7006839967	-4,2631268396
1,4224703155	0,6352821519
6,0299766871	5,8722141732
2,1756112062	0,5788966708
6,3859470366	5,6447270117
2,4658644013	0,0002510909
2,1909368229	0,3491964294
6,6670681682	5,7245051858
4,3814920971	5,0072006606
1,2369172105	0,1673739140
2,2974691065	-0,2535572521
6,5016467748	5,0673991340
4,1261829427	-4,4156756359
2,3339376782	0,8737315223
6,7444440878	5,2266330417
4,7295814600	-4,0285559040
4,8531931200	-4,8284667725
1,7369895508	0,7955700015
7,2045026911	5,5419223769
4,2306018131	-5,0843355197
6,1127219413	4,8286298524
5,8975896340	5,8540920930
6,3787446996	5,4327912277
5,5802936705	4,6706507358
6,0664542074	5,2479923629
3,5912255635	-4,6281721131
0,9117670752	0,9080660375
1,5997465950	1,2273140479
5,7180913276	5,5708925513
5,0621938560	-4,6860418580
2,1134663995	0,0319984833
2,1270799829	0,4432726936
5,9505096149	5,4648866656
6,4992241179	-5,0172690355
2,6584410947	1,4748602155
4,7454568877	-4,4799042308
5,7527584796	5,9354032142
5,3678493438	5,0190158561
2,4942078479	0,7253929474
4,7587983882	5,3006689238
6,3111146121	6,0231271198
5,3061394140	-4,3120313938
3,1966632633	0,1751676154
6,5278080601	4,5311765496
2,4684148598	-0,4530443998
3,1934075123	0,6777374288
5,7287092353	4,9394355565
5,3403275747	-4,0344959728
2,1579901645	0,6025013837
7,0052322965	5,4848592369
5,1685102722	-4,1247135903
5,8387685372	5,2739516802
5,4929480635	-4,4785288568
5,3181401687	5,9154188752
4,7940829472	5,3054012613
4,1537800939	-4,2908960302
5,9167736790	5,4376815087
5,5280448319	-4,7897739785
6,0119791899	5,3878068402
2,0520510900	0,7904832325
1,6220658990	0,7266137389
1,1157673649	-0,1136380130
1,1587371057	0,8801571193
5,8180939641	5,5090589151
1,7343798281	1,5276318811
5,3948992407	-4,1855025806
4,6648564131	-3,6234802219
1,5863588979	0,5039593355
5,8651154898	6,2827390017
1,3784947618	0,0841878330
3,7872368943	-4,1855629434
4,7281880458	-4,3151648205
6,9023265541	5,2673330318
5,0930942687	-4,4533553595
1,7075940819	-0,2671542864
4,8722675227	-4,4084099051
2,1645876660	0,3413900333
0,9426043556	0,4180737601
6,3232483622	5,2214428811
1,8187806710	0,9787135125
6,0799881830	-4,6663671155
1,5569586367	0,5663757174
5,3575411972	-5,4313522626
5,6477933401	-5,8502160818
1,1607792159	0,2427617770
2,0862290214	0,9657787192
5,9332158318	-5,0743812755
5,3752116792	5,0287324287
5,8769651949	-4,6753129214
5,8426769971	-4,8855028720
5,6910022391	5,4686867725
1,6056358624	1,3012105741
5,1416335339	-4,2596070245
1,7104638418	0,5517023926
5,9159051341	-4,8626533710
1,7656616649	0,9546652687
5,9009713499	-4,1003326545
5,1676104526	4,9056873597
7,2398521220	5,1060598031
5,2259139706	-4,4730302225
5,9956078397	5,4424657756
4,8373311503	6,6219877486
2,1776266810	0,6154543083
5,7130550514	5,4667933221
4,2230457549	-4,5843235645
6,5997454048	5,3651147409
5,1518616399	-4,0702507950
4,1334070719	-4,0241808483
4,2464391345	-4,6234776514
3,7320307658	-5,4492816198
5,8011749522	5,5667128133
6,3745006042	5,4091958691
4,3373684101	-4,3230415263
2,2978694753	0,5323779291
4,6843889815	5,7864641429
5,3999097917	-3,7662064992
2,9551164327	0,1257387351
5,9835531428	5,9253760379
5,8747957896	5,1598018031
2,4804869623	0,0309863379
1,8176269623	0,5788874438
5,8533072155	5,6952474654
4,7951738993	5,7619368721
3,9095888751	5,6116466762
2,9664882957	0,4196965771
6,1588653354	5,9234312871
6,3439365576	4,7633242857
5,8692268164	-4,3342734184
1,0180298521	1,2944117029
5,9745171502	5,6847366634
6,5637462285	-4,8460263924
4,9585659571	-4,4318290260
5,7954691545	5,3502403312
3,9620247808	-3,8754417375
1,9329932935	1,0039173271
6,0354547419	-4,7880905101
6,8714268419	5,2624152674
6,2471529775	5,3238742211
6,0944206872	5,5058040291
5,8396827077	5,5544720508
1,5401177655	-0,0266891536
1,5909536677	-0,0846125258
2,5734409464	0,3592176881
5,9492705673	-4,2743402677
0,7606851661	0,0186371295
5,9989313126	5,3387258843
6,1257600204	-4,1784559025
2,1044774223	0,7253132206
5,5001447614	5,8715149929
5,8024024208	5,2312045285
6,7637884361	4,9688276411
2,8294059668	-0,2084274522
4,4610305464	-4,3949266869
2,2040187556	-0,2683095411
4,5532886929	-5,1730039165
5,9766770182	4,7136923697
3,2539160144	0,6396606450
4,9724255113	-3,9039542981
2,1123827152	0,7164594613
5,4771745157	5,7960072301
1,7530993383	0,5912352184
6,7015221826	5,1379513670
5,7498343458	-4,0873592243
4,1882336750	-4,7301238010
4,5866879553	-4,6156917493
5,3471838596	5,3044930913
5,0950571049	5,7527850419
1,6713638379	0,6389922182
5,3876176539	-3,8268551569
6,9239259150	5,7336037982
3,1171844135	0,4776153508
7,1628023023	6,3509249118
2,2204506258	0,2652279374
5,2018072864	4,6408008134
6,9108021226	5,3995734962
4,6925797916	-4,0524960650
5,6635263562	-4,8281725164
2,0902182909	0,6941216165
1,7931836831	0,5582018942
2,0148538823	-0,0211695775
1,4398032846	-0,0543377907
5,9790275899	5,4515195278
5,3249862694	-4,2845064983
4,7132100911	5,1052448770
4,5715976941	-4,5428309979
2,2695030832	0,7783157114
6,6715958557	6,1273980278
5,4864483350	-4,9253594628
2,9491877400	0,0289559220
6,6353303158	6,3891300756
2,7221970367	0,9157125896
7,0513322040	5,1546640352
4,8924600943	-3,9200711826
4,5056686443	-4,5691181619
1,4005441706	0,1174496120
2,3611855544	0,3282711656
6,3821434269	4,6624621466
0,8908686721	0,1576327727
5,4342238154	-5,1845978725
6,4654170199	6,0027315629
8,1192172600	6,5787033576
1,6230280512	0,5044829690
1,4631661752	0,2087168675
6,4581253089	5,1642511345
5,3323923030	-4,5705805273
5,9599885313	-3,3720325904
4,4174080792	-4,1641213020
1,1613972502	1,0127097998
6,2862958927	-4,5193224521
2,6592958638	0,3046691980
5,2505447940	-5,2014290730
3,5267943141	-4,4161980591
5,9757756668	6,0775141763
5,0078081637	5,6094311381
5,8527536604	-3,9382965830
6,4737265185	5,5274463622
6,3551409063	5,5414229998
2,0585753408	-0,3692274195
5,5405055326	-4,3440310023
5,3146883456	-4,6587600995
5,9796077402	5,1524717941
6,8260394947	-4,4535623687
5,2738218138	-3,9409169562
3,3741786426	-5,1900574595
1,8932774174	0,3187298536
5,3053668100	6,2581977083
6,4708033980	5,1070599948
4,9187115085	-4,2836403086
5,4328187432	5,4282225412
5,7717067753	5,1977617521
2,5858751240	0,5103780823
4,2115508814	-3,9970496806
2,2100719238	1,1704624081
4,1949541884	-3,9338184688
1,4410407153	0,2455164985
6,0127097761	4,6777662437
6,1053494155	6,3285528263
1,9859211347	0,1168470369
6,8108664392	5,0125307797
5,3635001675	5,3456238044
4,2142523490	-4,3602050887
3,5753357455	-4,7988726412
6,8751181210	6,2819272506
2,5134769928	0,8232992766
4,5740155292	-4,2008822220
2,6050826772	0,4512975517
5,3445334411	5,4213208516
2,4033530610	1,9518577802
4,7926674348	-4,7124825006
1,9893766487	0,4214607979
1,8792029308	0,7497729539
5,6722958942	5,4112271557
0,8443872309	0,6938668353
3,2184218461	0,6659537195
4,8550361665	6,2585009491
5,3661415891	-4,1516023926
4,6812216763	-4,6586932194
5,2425815464	-4,7738228308
6,5974284252	5,8008193796
1,6526568840	0,2655410345
5,1861128236	5,6444507626
6,5329318672	5,7342950190
2,2820717226	-0,0646436741
3,1983641004	0,0978184342
1,6360860284	0,9852895389
0,9216594057	1,1771675428
5,4532165117	-4,2335347045
6,7666936923	5,6885713775
5,7593286663	5,9124084213
4,7389186938	-4,1978946699
4,7464037782	-4,6670189885
5,7338858714	5,4157423851
5,2387018594	-4,7241613668
5,4819531715	-4,4780495844
5,9988410488	-4,6261872699
4,6612335584	-4,7956670607
2,0208515386	0,5901620645
5,4859360048	-3,9870797989
3,9064414293	-4,1848655679
3,4330117819	0,8754881343
7,5595765778	5,7248115440
5,4456854331	-5,1803303604
6,4468785474	5,1301441663
4,0955406835	-3,8387712552
4,9758165454	-5,7681268108
2,6956146227	0,0551492613
6,5208374757	-4,4156062687
2,5138759675	0,6158843372
4,6320662468	-4,9026608834
5,3585157814	-4,3830143196
6,1172297592	5,1998084672
2,4071096057	0,4380406893
4,6348789365	5,8834230699
5,8685559522	5,3056827432
6,8091186112	5,9167387577
2,0736239131	0,4354998472
4,1399700550	-3,5864991870
6,2854400460	5,7120573030
4,4229569992	5,2134009523
2,9287680182	0,7882756300
6,0018250345	5,6514451310
6,3983882862	5,6443635508
2,0470319909	0,9458392341
5,1010842995	-3,8809401488
1,8106223149	-0,3645845779
5,1819218601	-4,4767636589
2,1543246859	0,1189632053
5,0510145941	5,4162880405
2,0593429697	0,4852844556
5,8271359471	5,4383145909
4,9630815309	5,8102441733
3,1831162967	0,6448930504
1,6419729572	0,5995938133
1,9136594713	0,9246680130
0,0852709347	0,0466944020
1,1081501225	0,4921758503
5,8566666557	5,3115109127
2,0811947106	1,0083051058
2,7182149420	0,3568316105
0,1165666766	0,3701461355
5,9094385498	5,5153576203
2,0249843435	0,6075601332
6,0509905641	5,5496426947
4,8289153010	-3,6813370381
5,2687504259	-4,6018117253
6,2515038056	5,4789908724
6,9828249378	5,9053969736
4,8326139647	4,9737398078
1,3245474275	1,0634238740
6,1898509476	4,6845701728
5,7433222565	5,8529266452
2,6242353599	-0,1298839778
6,0218377381	-4,0930466719
-0,2263500780	0,4888023821
2,3962134965	0,3824997398
5,2587615613	-4,3067541136
4,6778743184	-4,3696427052
7,5909873004	5,5148091882
6,2880366232	4,6915378919
0,9167953191	1,3286043634
5,7027853739	5,2617993238
7,2841712295	5,1859297114
5,8324331821	5,5297908112
1,8109027450	0,7090238881
0,5924375447	0,0925606636
7,1952187736	4,4274685093
4,6504108949	-4,4904488234
4,9382349044	5,5817758313
6,1428782111	5,6649256293
6,7913502211	5,0984146279
4,2409680125	-5,1894779082
5,9903269709	5,6016572215
5,3367326567	5,3440840968
4,7021882313	-4,0689155335
1,5994571093	-0,2096392902
4,8498110967	-4,6586034854
6,3848865113	4,8693810647
5,2011893657	-4,5728995680
2,1328037209	0,5426867122
4,1826568639	-4,8201937573
4,9655674204	-4,7916089216
4,5998280464	-4,3012495242
3,5010507652	-4,7131040653
1,9336782736	-0,3640078426
6,1961623409	5,5216644797
3,0604009196	0,5647806156
1,8000816508	1,2937333289
5,7881270500	5,3072059694
5,7382217751	5,5100353859
4,9575814169	-4,4717234881
5,2479190999	-4,8531405764
5,1729310892	-4,6688331479
6,3784392156	5,0497791433
6,4999634623	5,5189069409
6,2296362863	6,1183334852
5,1803245795	-4,8501629901
4,4482316802	-4,5659342392
5,6647048307	-4,5373752334
5,3536853530	-4,1729954756
1,9258053831	0,7282568244
1,4875850130	0,7137748801
1,9262224264	-0,1309883295
2,3462244564	1,0939409229
4,6736677499	4,8782654571
1,5218990530	1,7657111433
5,9380088551	5,5062734754
5,4331701136	5,6383074839
6,4412282470	5,8897042263
1,8139921326	-0,0263587647
1,4494304936	0,5553670789
1,4946095374	0,0463022899
5,7533109536	5,6498460333
6,3976312444	5,5057492452
5,6036982979	-4,2849738808
2,0763090702	0,2092315026
5,4349970595	-4,6756606384
4,1537665510	-5,1524561863
5,4412019076	-3,7489236146
5,1492051009	-4,8452887822
5,1562441853	5,8686866900
5,6796890216	4,9825021217
4,5522775230	-4,7315478096
6,4950393457	5,0448038646
4,5237159903	-4,3455593748
1,8450459996	0,4167928594
2,6265104414	0,4120773759
4,3819802275	-4,0461197057
5,5669625040	6,2135384966
4,7449004394	5,3348947063
5,8890692536	4,6915485604
5,8285271926	-4,9990864038
2,0684439178	0,2497224212
6,2240384745	6,2226198089
0,9419088080	0,4860121653
5,7418718113	-4,4937558519
6,1602295627	5,6905732673
4,3414732265	-4,3667320422
6,5110257410	5,6309480887
4,7597783238	-4,1639471526
2,5732889786	0,9277075290
5,5259713363	-6,1902105183
4,6453624510	-5,0326078650
6,0177440820	5,0807417729
6,5365976541	-4,6994068291
4,7495244827	-4,7673406435
2,1686880980	0,7408312483
4,7513684095	-3,8663192909
1,3848059246	1,8391871292
3,2704164072	-3,8384044996
2,6584517023	-0,0711405898
1,4689143548	0,5853843748
6,8560500433	5,1604573846
6,5359521567	5,3898917457
1,5824473675	0,6582456350
1,9033978784	0,9222454526
4,5094149891	-5,1473558671
1,9559391370	0,6809611198
2,6659150909	-0,3352138852
7,3678435319	5,8814116606
4,5296020299	-4,0418848754
2,0143677241	0,3458414236
5,6595996188	-4,5817653379
6,3184825395	4,9322861245
1,6085212009	1,3590854431
5,5166649404	-5,1835304661
4,9245930710	-4,8606545409
5,2343122031	5,7708708129
6,0839780264	5,1874529439
6,3848832918	5,4066831952
5,5118849771	-5,5936756160
1,3630736375	0,5168916246
5,9052341606	-4,3211402328
5,9015217094	-4,8611270590
2,0664578637	-0,2761021500
4,7204098624	-5,0899816246
2,3696240279	0,0892805858
4,8955664667	-4,4724183746
5,3022306240	-4,4159355813
2,3192433436	0,5693939751
4,9804413022	-4,3394329075
4,5927703869	-4,9247210018
2,9187972646	1,0904459945
5,8408683954	4,4561410415
1,3906856218	0,1102900546
6,0247933296	4,9649705935
5,0381457419	-3,9569787603
5,0980160191	-4,1635387245
3,0416302600	-0,4846269651
0,8330125941	0,4420344699
4,9339194025	-4,3268180649
0,7757694913	0,9035786988
5,3685164719	-4,1285232796
1,5208164872	0,7918264554
7,9550610879	5,5545066683
2,3732011292	0,5381569598
6,7039309841	5,0418765046
4,1128654413	-3,8741287916
5,7952613661	5,1539780840
5,3824772636	-4,6804140678
5,8124269785	-3,9111286783
5,4361054640	-4,5777154556
3,3303062268	0,7075252302
7,9319716638	5,2496277878
3,6028746931	-4,8472653399
2,9973666326	0,1489689238
5,0217468060	-4,8199124229
5,6518516598	6,3150843803
5,5199828503	-4,3150692888
6,4722992770	4,7780734472
2,2354043732	1,0445903570
6,4076763128	5,3068912389
1,7048640326	1,7297831427
5,3173763906	-4,5026484294
2,4823301916	0,5674980412
0,7829141125	0,0094676507
5,7342998520	-5,2714097573
5,0734685838	-4,4607791722
6,4953395927	5,6048624184
1,0509489930	0,1007507421
1,9048486433	1,1548949397
3,9081914108	-5,0732871330
3,2581428941	0,7813928564
2,4049002150	0,6830297553
5,8827250883	5,3018822674
5,4255236636	5,3707116865
6,2708859598	5,3926583328
4,0800797093	-4,0189255671
6,8501194281	-4,9505509409
6,0508696266	-3,9856270517
5,3461977448	6,1956787578
5,7368711685	-4,5148240769
4,5922465191	-5,3391422365
6,0846250091	-4,0292622324
4,4129404521	-4,4564167784
2,4753862401	-0,2407858478
0,9206020560	0,5762197932
1,9883921465	0,0433996316
2,6037445306	0,7575212885
5,6370863201	-4,3917981762
6,8747724054	5,6179181534
1,3002920496	1,0942035924
4,9529045236	-4,5504146418
2,1303559239	0,3818472589
2,5452338506	1,4553394146
4,7946081075	-4,9145062872
5,4942276750	-4,4644305992
6,1156940426	5,6090493293
5,2375623228	-4,2007443537
2,8009975263	0,5578549895
4,8812900757	-5,0563868228
4,9311472313	-5,0548619191
4,9318834095	5,7583503623
6,0670372790	-4,3545348604
6,1256911690	5,8562934806
5,6930565260	-5,3482337667
5,3100110746	-4,8561954282
6,4883625978	-4,3271204907
4,9307080469	-4,7744428669
5,6733483527	4,9896728765
5,6527991848	-4,6437158218
0,7903538317	0,8806145829
5,9278272470	-4,0809200899
2,2880870303	0,7979578954
2,0504055962	1,5996947353
1,6591974756	0,8579152617
4,2096019878	-4,4977460209
6,1786003823	5,9363180973
0,8563268490	0,5801260380
5,3695650479	5,8815879896
4,1311558364	-4,6301846266
5,4030359148	-4,3635739661
7,0181274186	6,0004035203
6,0620939803	5,5102527975
5,1364899359	-4,5971947413
8,0754029523	5,8943470682
3,2578912711	0,5490133176
1,1202685835	0,2510126300
1,3007102316	1,0318450968
5,9806279747	5,0624214208
5,5823488035	5,7994410398
6,7905880325	5,1951012891
1,5952471139	0,5467016700
4,9809555405	5,6367378717
4,2252467900	-3,5343271052
6,4940065075	4,9382964390
4,5826809064	-4,9216395449
3,7296924859	-5,2371922839
6,4075982974	5,9048633145
2,0578149404	-0,2208225333
5,0777594527	-4,0410071034
2,7872775751	0,7307846098
3,9961227405	-4,1847194652
5,6640311257	-5,2393563204
1,0853689915	1,1016322838
2,0927042534	0,4670513534
6,7038781509	5,2828778291
5,3186181562	5,7884613052
2,2833191826	0,6814210477
4,9989848440	-4,2825200201
6,3758094555	5,0662044869
5,6168126266	5,7232667239
6,8625099716	-3,4561983679
2,3889340596	0,1524132668
3,7544770090	-4,4976419640
2,7268876134	0,7929195215
5,2910360416	-4,7059770308
5,2914188589	-4,7581523081
5,3327601555	5,7173738683
2,4913358427	0,3572682604
2,5690665015	0,1890639013
5,0454006435	-3,6563740099
5,4180437868	5,5368528410
5,4312734331	4,5794272529
1,6491810526	0,7148475986
5,6077616307	-3,6229223693
6,8525249295	5,6921930642
5,3924421023	5,4951177008
3,8651160977	-3,8096430358
1,5395819910	-0,6626059651
2,1442050284	-1,0621178188
5,8392173391	-5,0932390672
5,6981337008	-4,5884146488
5,2765629233	6,1158589750
1,3714703230	0,8304033661
3,0048409103	0,1191471162
4,8337017545	5,8617603048
1,2084132199	1,4255831579
6,7000572112	5,1396486556
3,7242537790	-4,3581574019
0,8835772545	0,4039902548
4,8639558368	-3,9512900804
4,3475917418	-5,6197596510
2,6917854534	-0,2797774623
5,7323709230	5,5295751412
6,5515688419	5,3443818792
4,2401018837	-2,9064331729
4,4364167069	5,8742831567
6,6881627575	4,6816844010
2,2593796136	1,2286160029
2,1446545093	-0,0775802793
6,2953940557	5,3905963409
5,3645634068	-4,6143175385
5,8315714268	5,6258923689
4,3078228636	-4,2171076862
6,6856769494	5,1991539101
1,1135443059	-0,5904154608
5,6166409383	-4,6568561761
1,5894702350	0,2517306238
5,1922986946	-4,6112649355
2,1505766902	0,3284396753
6,3549120998	5,4460013911
5,3639573018	-4,5238186631
1,9943144261	0,3224805044
5,9105014532	5,1064731680
6,1403839639	-4,3823279189
1,7197728845	0,5304731224
1,9540018706	0,7632015445
4,3532390300	-3,6299850062
6,2504708054	4,8814715344
4,9222002239	-4,9564000578
1,7150887518	0,1818076162
4,1129122018	-4,5405967956
4,8128891427	-4,7090107575
7,1843493062	5,3620539014
5,4301707613	4,6286346661
5,1580622198	-4,6187284127
5,9761625485	4,8706685891
5,0308271184	-4,6631300509
2,1671237523	1,0345477996
1,4753228840	0,2865952551
5,8691146905	-3,5929069504
5,2137948404	5,8588678197
1,1377578722	0,5276567470
0,9329837169	0,2220973571
5,5517575438	6,0414175642
1,9002536651	0,8179760680
2,4746683834	-0,3160360154
2,3963838068	0,7250548159
1,8750855048	-0,3979006364
1,6953168473	-0,1490035430
6,7624561621	4,7416117252
1,5435895504	-0,0004454444
5,1534479342	-3,9911444033
2,5001606313	1,5430356940
2,1509918806	0,7016227747
6,6259655982	6,2815349266
4,8295109049	-4,3375363063
2,1168007707	0,4728891397
4,0997163784	-5,3463340001
2,4317731551	0,2459182952
6,2199075363	6,1427964370
4,6790133666	-4,2266294569
3,5476242293	-4,7166224334
1,7467108010	0,4074676827
5,2402736376	-4,4012207509
1,8400169541	0,0515226650
2,1630079938	0,7429426585
6,6799325672	5,7413597520
5,9767587694	-4,6697054331
5,2064239172	5,3244626642
6,9760949549	5,1277654757
1,9317761797	0,3862733685
2,2322499482	0,7173451761
1,6394428259	0,1412964762
1,1172642313	0,5074338034
5,9495855364	5,3221991013
4,9040497980	5,3436135645
1,9907031745	1,0730908849
1,6941226676	0,4205507992
5,6688552414	-5,3266884436
7,7121682820	5,3985230489
6,5978311423	4,9513195894
5,1905549074	-4,3454482650
1,3734554601	0,3946160599
4,6985232232	5,5044278897
2,3844398768	0,7540541956
6,7998656644	5,2440248856
2,3186394049	0,9302500779
4,7882386892	5,7932120621
5,7068123893	-4,5581288180
1,6173728655	0,7096943336
1,5845574719	0,2278984927
4,3803882272	-4,9150495954
6,6266230578	5,3678196326
1,0297736749	0,3754904338
2,6231841874	0,2240926930
4,8266994414	-4,5219086931
4,8652746819	-3,9301661238
6,2443392808	-3,9993714873
5,6763188999	-3,6611262367
1,9357328236	0,5632638339
5,3704739737	4,8987820886
5,1093132535	-4,4894610383
2,0886618168	0,6944415478
5,3433722043	-5,4811827926
3,2581359854	0,4408337094
1,8901537990	0,4208057249
5,6093880990	5,5726008666
6,7428211402	4,6204246211
5,1350310922	-4,9069025701
1,3341209803	-0,6338167584
5,1218273020	-5,4405600798
5,6708330679	-4,5107810145
1,7913165424	-0,1295106161
4,7037602840	6,3261715161
1,8788076618	0,4977726099
5,1326042200	-3,8662178154
5,3226962264	-4,5397555539
1,5091974870	0,0382915221
2,3025256861	0,4387648931
2,1810257951	0,7577608060
6,4903197012	5,1445037545
4,5058994355	-4,4674848380
2,6755332693	0,7375997936
5,5576803771	-5,1513592445
4,0164529130	-3,8475475816
6,9179291579	5,4236836773
2,5411841516	0,4509792420
1,6723939127	0,2870505859
5,3687542276	5,3725243330
0,0951370609	0,5601462588
5,3464417852	-4,2394596467
6,0821557870	6,0721347562
6,3834559726	5,5439772867
6,6848756081	5,7259986760
5,7868515245	-4,4415687826
1,8833185909	0,7406473723
3,2260215079	-5,0362166887
2,8451783956	-4,2217022495
5,8787756423	6,2052134589
5,2356352098	-3,8852980069
4,8358934727	-4,6426371084
1,6875902802	0,3361611009
5,2084634556	5,6668048457
1,0269666516	0,4647010481
5,0672488373	-4,2827597586
4,4134402777	-4,5604752058
5,2394367001	-4,6637300072
5,3522450724	5,5027274443
5,7204670346	-4,6576371753
1,3459849591	0,2574984552
5,8254321714	4,9580904702
7,2094664481	5,6996312854
7,6341351872	5,6000062493
5,1957919600	6,1354550901
4,6796510495	-4,3199078662
1,6932934934	0,6390492559
5,7117935122	5,3635899747
2,1632537747	0,3782715800
6,4949348862	4,9589978610
4,0070256621	0,8720286679
2,4501543708	0,6335379553
2,4465822592	0,1603302181
1,8813992322	0,9309408855
6,7948712704	-4,8459358441
6,7008069865	5,2917641650
2,8940562945	0,3736947635
0,5422108310	0,1643398930
5,6295396095	5,5623104396
6,9984081162	5,1719537146
2,0708893917	0,3150772820
1,7726400150	0,3510015684
2,6905133113	-0,0381948142
4,8080816746	-5,2037838575
3,2512992860	-4,6851357227
1,5373859266	0,5722095393
1,0483231807	0,0200573933
4,4262324236	-5,2394968488
0,9061368561	0,6259902032
3,1333344345	0,3378542083
1,7396381861	0,3748890516
5,7055502466	-5,2563151232
5,9390364930	4,9355583841
5,1939847604	5,4648996290
5,2155626363	5,5095524310
4,4001178011	-4,1088046175
0,6218786199	1,8819898227
1,7154126307	0,8664434876
7,1141365811	5,9709731160
5,1093744749	4,8218698969
1,4141079957	0,0830668167
5,3329844303	5,1573943340
5,9431276535	5,3132943160
6,6806561357	5,7305027364
6,0593002116	5,3616246614
5,4415992940	-4,2932949667
2,0155138730	-0,9352960117
6,2661134900	6,1329299018
1,0596000778	1,1426551889
4,5802022161	-5,5695716421
6,8824311252	4,8952065546
5,6695266362	-4,8533977903
1,3927798677	1,3482618557
2,4806561367	0,3544456490
2,1853489623	0,7880177283
0,6405116854	1,1656126601
1,2787458958	0,8242325595
2,2279772774	0,4765352618
1,6846605865	0,4859652021
3,0673879425	-4,5964260032
5,0230680959	-4,6966259642
6,0067187251	5,6745398706
2,1318107711	0,2954476643
5,5473124815	-3,8840382598
4,9948828258	5,1109498239
4,4905629094	-4,4818120842
6,2907862806	5,3683649969
4,8146738553	5,2238192951
5,6662537613	5,6585357178
5,8845465998	-4,0930396379
5,0946488769	5,6929667275
6,9132337036	6,2089912695
3,9140054453	-4,0976780061
2,9696629524	0,6254637248
6,8246647525	5,5097024713
1,4647184442	0,9671732866
4,6447628732	6,3368154126
6,3166352545	4,9856365689
2,8952752835	0,8562095850
5,1877364997	-5,2667001855
6,2705674782	5,7290898659
5,1359552370	6,3029065520
5,0748682609	4,9799371298
2,2612046226	0,5180961023
7,2629047983	5,7083030788
5,3585602808	-4,9760936707
3,1789648274	0,2517455432
2,5262536847	0,2269110566
2,6227132532	0,0226541409
1,7234717225	0,7164650099
4,8177581368	-4,7544404574
1,1726809277	0,7423628101
5,6835507114	5,9342002863
5,1910712183	-3,8407173869
6,3228549718	5,4424984706
3,8372063837	1,2467588936
2,6788589419	0,7574149415
0,8132981128	0,2896393670
6,7806960411	5,1725329299
5,7487738046	4,8907510960
4,7054308475	-5,6073507118
1,9010154731	0,1668311053
5,6602361610	4,9486548289
5,5238758506	-4,9546901139
1,6978274735	0,3144733778
5,0559752856	4,4786316055
5,7403282272	5,4812055892
6,3055302165	5,8168680791
5,1676147159	5,7143711206
6,0538447576	-5,3555774828
1,3044943552	0,5826064983
5,1925289195	5,5923602025
2,2369330573	0,5479979353
5,3788996732	-3,8253030946
4,2558068313	4,6582280912
4,7954737711	-4,8269678208
6,8626839257	4,8575335307
4,3601939895	-5,1803366890
4,6459460434	-4,2383820020
5,5869941908	-4,8234975773
4,6053256731	5,9778105015
5,8910625014	-4,8343419830
5,1862318991	-4,6188720773
6,6997181849	5,2631209846
2,6884679368	0,7360146514
5,7898938312	-5,3854611519
1,0416225268	0,0445777460
5,7513511578	-5,0352087753
5,4708460179	5,7002926769
5,1090992424	-4,5814361545
0,7886853970	-0,0816926023
5,1500182214	-4,5109458223
4,9258778689	-4,5577790022
4,2758758290	-4,5225429487
4,5581676647	-4,1901783626
7,9681080200	5,4990167352
6,4703846823	5,6318108251
1,5496218285	-0,0351328137
1,8355703571	0,6949475886
6,2102298541	4,8652334108
5,6621200929	-4,0488596425
